date,product,rule,nav,equity,quantity,held_contract,return_net,return_gross,market_contribution,basis_contribution,cost_return,spot_return,roll,leverage,intraday_low_equity,low_notional,settlement_cash,notional,turnover,fees
2015-04-16,IC,front,1.0,10000000.0,0.0,,0.0,0.0,0.0,0.0,0.0,0.0,False,0.0,10000000.0,0.0,10000000.0,0.0,0.0,0.0
2015-04-17,IC,front,1.0045963569371288,10045963.569371287,6.486935312281066,IC1505,0.004596356937128787,0.004696541166091468,0.00018293157580630718,0.004513609590285161,0.0001001842289628688,0.00017670612267917107,False,1.0019335864043675,9881195.412439346,9900620.151015854,10104605.464594308,10124030.203170814,10018422.896286879,1001.8422896286879
2015-04-20,IC,front,0.9869862005283974,9869862.005283974,6.474416468621127,IC1505,-0.01752958418286732,-0.01752939077936533,-0.018159695308361805,0.0006303045289964729,1.934035020738217e-07,-0.017649948125241233,False,0.999999740233533,9817807.69687626,9817805.133017078,9868567.12199025,9868564.558131067,19429.24536022437,1.942924536022437
2015-04-21,IC,front,1.054087069272181,10540870.692721812,6.474418150457856,IC1505,0.0679856199690132,0.06798561999508523,0.035788879420868926,0.03219674057421631,2.6072071390404747e-11,0.03479508667202391,False,1.000000000917914,9893169.900950009,9893169.910625622,10431064.560890047,10431064.570565661,2.573277468152071,0.0002573277468152071
2015-04-22,IC,front,1.060483794400957,10604837.94400957,6.474418144514896,IC1505,0.006068497864405664,0.006068497864497546,0.02588816275144902,-0.019819664886951475,9.19898712233811e-14,0.025976587297185105,False,0.9999999999981187,10494254.882101253,10494254.882081304,10614420.082863454,10614420.082843501,0.009696533376057914,9.696533376057914e-07
2015-04-23,IC,front,1.0702990123080591,10702990.12308059,6.4744181445270765,IC1505,0.009255415272655165,0.00925541527265552,0.010655937873929685,-0.0014005226012741658,1.882059183301919e-16,0.010484860207871094,False,1.0000000000000009,10566768.365319742,10566768.36531975,10704026.029983714,10704026.029983724,1.9958932639951854e-05,1.9958932639951854e-09
2015-04-24,IC,front,1.0782754954621163,10782754.954621164,6.47441814452707,IC1505,0.007452574525745215,0.007452574525745301,0.001015050329074639,0.0064375241966706616,9.582112138819681e-20,0.0009975388493228543,False,1.0,10519375.624501802,10519375.624501804,10757375.235494617,10757375.23549462,1.0255725158003768e-08,1.0255725158003768e-12
2015-04-27,IC,front,1.0808652627199271,10808652.627199272,6.474418144527069,IC1505,0.002401767701027957,0.002401767701027957,0.011279902007877833,-0.008878134306849876,1.3785488119370456e-20,0.0111567877288401,False,1.0,10737175.050883694,10737175.050883692,10827298.95145551,10827298.95145551,1.4864554032101296e-09,1.4864554032101297e-13
2015-04-28,IC,front,1.0549416924692407,10549416.924692407,6.474418144527069,IC1505,-0.02398409047345218,-0.02398409047345226,-0.029535652673950644,0.005551562200498386,0.0,-0.02896034544732662,False,1.0,10374089.681338614,10374089.681338614,10472241.860409644,10472241.860409644,0.0,0.0
2015-04-29,IC,front,1.0750382863898529,10750382.863898529,6.474418144527069,IC1505,0.019049957039401155,0.019049957039401093,0.019856388854793225,-0.0008064318153921317,0.0,0.01956939350243392,False,0.9999999999999998,10461364.837926839,10461364.837926839,10716715.889546989,10716715.889546987,0.0,0.0
2015-04-30,IC,front,1.0797775604716464,10797775.604716465,6.474418144527069,IC1505,0.0044084700440845115,0.0044084700440845245,0.004989039049890398,-0.0005805690058058741,0.0,0.0049144247026369214,False,1.0,10736139.143980568,10736139.143980568,10819270.672956295,10819270.672956293,0.0,0.0
2015-05-04,IC,front,1.0808652627199271,10808652.627199272,6.47441814452707,IC1505,0.001007339185494338,0.00100733918549449,0.0048939895428598236,-0.0038866503573653337,1.3769930550004613e-20,0.00481836954686532,False,1.0000000000000002,10621153.477733767,10621153.477733769,10776539.513202416,10776539.513202418,1.4868462017147979e-09,1.4868462017147979e-13
2015-05-05,IC,front,1.0546827157434595,10546827.157434596,6.474418144527069,IC1505,-0.024223691776883327,-0.024223691776883348,-0.037274774774774706,0.013051082997891355,1.3697895099131902e-20,-0.036559630009118105,False,1.0,10475608.557844797,10475608.557844797,10539316.832386944,10539316.832386944,1.4805578985033206e-09,1.4805578985033207e-13
2015-05-06,IC,front,1.041190028330265,10411900.283302652,6.474418144527069,IC1505,-0.012793124616328977,-0.012793124616329013,-0.014283609576427273,0.0014904849600982596,0.0,-0.014188946915239531,False,1.0,10320222.522376148,10320222.522376148,10434690.235171387,10434690.235171387,0.0,0.0
2015-05-07,IC,front,1.024434234172229,10244342.341722291,6.474418144527069,IC1505,-0.016092926077007297,-0.01609292607700733,-0.022326136702815694,0.006233210625808361,0.0,-0.022209575652604285,False,1.0,10230875.551981675,10230875.551981675,10266614.340139465,10266614.340139465,0.0,0.0
2015-05-08,IC,front,1.051947765047473,10519477.650474729,6.538051632366416,IC1506,0.026857293477189792,0.027058342515771005,0.03790645647327586,-0.010848113957504856,0.00020104903858120032,0.03768086969284434,True,1.004995670014033,10217419.665059399,10269971.504121168,10428729.493817484,10481281.33287925,20596151.786999486,2059.615178699949
2015-05-11,IC,front,1.0921735186698587,10921735.186698586,6.505552041109913,IC1506,0.03823930708248646,0.038239808737968374,0.04420361837258876,-0.005963809634620385,5.016554818791704e-07,0.04352120215234412,False,0.9999803675808284,10462963.656759514,10462749.23667625,10838984.564735668,10838770.144652402,52771.536298660634,5.2771536298660635
2015-05-12,IC,front,1.113460100711313,11134601.007113129,6.505679763342021,IC1506,0.019490110021509244,0.019490111984751056,0.022332532326546375,-0.0028424203417953212,1.9632419171392085e-09,0.021904087532220506,False,1.0000000019257096,10813740.8811851,10813740.902627109,11056532.849953024,11056532.871395033,214.4200832642088,0.021442008326420882
2015-05-13,IC,front,1.1152816910268954,11152816.910268955,6.505679750813972,IC1506,0.001635972689473908,0.0016359726896652256,0.009260774042925468,-0.007624801353260243,1.912747883041995e-13,0.009061616706762754,False,1.0000000000131315,10929541.981221018,10929541.981367473,11157500.999689542,11157500.999835996,0.021297684504872905,2.1297684504872905e-06
2015-05-14,IC,front,1.1193672579102805,11193672.579102805,6.505679750728542,IC1506,0.0036632600680668315,0.0036632600680681967,-0.0013463064071977842,0.00500956647526598,1.3067786195042506e-15,-0.00130765909757935,False,1.0000000000000648,11030510.130954532,11030510.130955258,11181702.128361464,11181702.128362188,0.00014574262685584927,1.4574262685584927e-08
2015-05-15,IC,front,1.1163486225059425,11163486.225059425,6.505679750728121,IC1506,-0.0026967336975474154,-0.002696733697547399,-0.008195978147158169,0.005499244449610771,6.476481155151856e-18,-0.00800032677550866,False,1.0,11036235.129135186,11036235.129135186,11256647.559089852,11256647.559089854,7.249560951549938e-07,7.249560951549938e-11
2015-05-18,IC,front,1.144791454376126,11447914.543761259,6.505679750728121,IC1506,0.02547844938110444,0.025478449381104502,0.018731205855614462,0.006747243525490039,0.0,0.018381814688066322,False,1.0000000000000002,11163746.452249454,11163746.452249456,11446092.953431055,11446092.953431057,0.0,0.0
2015-05-19,IC,front,1.1867400774088208,11867400.774088208,6.50567975072812,IC1506,0.03664302600472813,0.036643026004728095,0.025145480996544803,0.011497545008183289,1.3663525985654012e-20,0.024848403846088996,False,1.0,11366983.887662202,11366983.887662202,11843199.645415502,11843199.6454155,1.5641887785022845e-09,1.5641887785022845e-13
2015-05-20,IC,front,1.208338934181238,12083389.341812382,6.505679750728121,IC1506,0.01820015788088769,0.018200157880887646,0.016720024559249192,0.001480133321638453,1.3653850683985307e-20,0.016712640125898126,False,1.0000000000000002,11854909.868966812,11854909.868966812,12115397.286185965,12115397.286185965,1.6203571817641203e-09,1.6203571817641203e-13
2015-05-21,IC,front,1.2666038020287593,12666038.020287594,6.505679750728121,IC1506,0.0482189774734032,0.048218977473403236,0.036814618598440735,0.011404358874962496,0.0,0.03685219777673088,False,1.0,12101865.47230445,12101865.472304452,12529939.199902361,12529939.199902361,0.0,0.0
2015-05-22,IC,front,1.2674625517558555,12674625.517558556,6.505679750728121,IC1506,0.0006779939596903706,0.000677993959690215,0.01632835452920518,-0.015650360569514965,0.0,0.01652420882358463,False,1.0,12393319.925137071,12393319.925137071,12673324.38160841,12673324.38160841,0.0,0.0
2015-05-25,IC,front,1.2967901560721378,12967901.560721379,6.505679750728121,IC1506,0.0231388329979878,0.02313883299798789,0.026887857758797692,-0.003749024760809802,0.0,0.026786198235457137,False,1.0,12302760.863006935,12302760.863006936,12984556.100883242,12984556.100883242,0.0,0.0
2015-05-26,IC,front,1.3703824054123743,13703824.054123744,6.505679750728121,IC1506,0.05674954347520722,0.056749543475207234,0.033460758934842356,0.023288784540364878,0.0,0.033215837706634055,False,1.0,12993403.825344233,12993403.825344235,13541442.28754557,13541442.28754557,0.0,0.0
2015-05-27,IC,front,1.3729586545936627,13729586.545936627,6.505679750728121,IC1506,0.0018799491084482423,0.0018799491084483077,0.01175063139704907,-0.009870682288600763,0.0,0.011930307569807175,False,1.0,13487575.25920954,13487575.259209542,13819885.380876733,13819885.380876733,0.0,0.0
2015-05-28,IC,front,1.2981693601792925,12981693.601792924,6.505679750728121,IC1506,-0.05447308567096276,-0.05447308567096278,-0.059601971190295686,0.005128885519332904,0.0,-0.059912320645039596,False,1.0,12774552.75852974,12774552.75852974,13176343.539934708,13176343.539934708,0.0,0.0
2015-05-29,IC,front,1.3168796951423865,13168796.951423865,6.505679750728121,IC1506,0.01441286132381836,0.014412861323818232,0.009864491039570227,0.004548370284248005,0.0,0.009973227730477596,False,0.9999999999999999,12882547.042391827,12882547.042391825,13176603.767124739,13176603.767124737,0.0,0.0
2015-06-01,IC,front,1.4345804531925597,14345804.531925596,6.505679750728122,IC1506,0.08937851990909995,0.08937851990909994,0.051523564865131835,0.037854955043968096,1.3718720392385632e-20,0.05232049476062617,False,1.0000000000000002,13229950.341080708,13229950.34108071,14137883.007092323,14137883.007092327,1.806590432806843e-09,1.806590432806843e-13
2015-06-02,IC,front,1.4638299893518332,14638299.893518332,6.505679750728122,IC1506,0.02038891307502544,0.02038891307502533,0.03610597155710349,-0.015717058482078154,0.0,0.03795559055748732,False,1.0000000000000002,14091302.340077111,14091302.340077113,14665103.294091333,14665103.294091335,0.0,0.0
2015-06-03,IC,front,1.4446772681656896,14446772.681656897,6.505679750728122,IC1506,-0.013083979236293786,-0.013083979236293725,0.008318815331010468,-0.021402794567304192,0.0,0.008596965020576164,False,1.0000000000000002,14063978.485124053,14063978.485124055,14499078.34685275,14499078.346852751,0.0,0.0
2015-06-04,IC,front,1.414230686932282,14142306.869322821,6.505679750728122,IC1506,-0.021075005403847547,-0.021075005403847543,-0.0013131349520858785,-0.019761870451761664,0.0,-0.0013278700618124528,False,1.0000000000000002,13050393.57996061,13050393.579960614,14001523.959517064,14001523.959517065,0.0,0.0
2015-06-05,IC,front,1.4246137518144442,14246137.518144442,6.505679750728122,IC1506,0.0073418466860486475,0.007341846686048585,0.016478673683435818,-0.009136826997387233,0.0,0.0163340905629612,False,1.0000000000000002,13713972.914534882,13713972.914534882,14233386.385833016,14233386.385833018,0.0,0.0
2015-06-08,IC,front,1.3795424025013998,13795424.025013998,6.505679750728122,IC1506,-0.031637592474198506,-0.03163759247419853,-0.010375376746734897,-0.021262215727463632,0.0,-0.010193350633315723,False,1.0,13511255.933502194,13511255.933502195,13924236.484078415,13924236.484078417,0.0,0.0
2015-06-09,IC,front,1.392267512093824,13922675.12093824,6.505679750728122,IC1506,0.009224152566351673,0.009224152566351583,-0.001620357270858119,0.010844509837209701,0.0,-0.0015574403585557617,False,1.0,13600774.08687221,13600774.086872213,13909403.534246756,13909403.534246756,0.0,0.0
2015-06-10,IC,front,1.4296621593010093,14296621.593010092,6.505679750728122,IC1506,0.026858809016485408,0.02685880901648533,0.0181600687824754,0.008698740234009936,0.0,0.017643416314530702,False,1.0,13792041.07154362,13792041.071543619,14449374.95355719,14449374.95355719,0.0,0.0
2015-06-11,IC,front,1.4649229435499556,14649229.435499556,6.505679750728122,IC1506,0.024663717941717067,0.024663717941717175,0.014400516936966581,0.010263201004750595,0.0,0.014117518999720025,False,1.0,14208664.802780248,14208664.80278025,14572722.641630994,14572722.641630994,0.0,0.0
2015-06-12,IC,front,1.5057888221516766,15057888.221516768,6.57871950075426,IC1507,0.027896264975337592,0.02809645377248699,0.016073183923121362,0.01202326984936563,0.00020018879714933007,0.015801110124763484,True,0.9961211187825398,14685795.846554106,14627388.086757053,15047362.270315561,14988954.510518504,29326116.19857216,2932.611619857216
2015-06-15,IC,front,1.482352976213548,14823529.76213548,6.60433693926174,IC1507,-0.015563833117475556,-0.01556344502520214,-0.018699202061968536,0.003135757036766395,3.880922733890382e-07,-0.01844812309834931,False,1.0000024680205637,14558563.764132299,14558600.348908579,14898555.029765492,14898591.614541773,58438.50072326463,5.843850072326464
2015-06-16,IC,front,1.415200227090066,14152002.270900661,6.604320639662592,IC1507,-0.045301456671280604,-0.04530145642559123,-0.04036946106821358,-0.004931995357377647,2.45689285359678e-10,-0.03997656378911285,False,1.0000000119130794,13958891.935396928,13958892.103990855,14119509.013353521,14119509.18194745,36.41982433766984,0.003641982433766984
2015-06-17,IC,front,1.4514711556187487,14514711.556187488,6.604320560984797,IC1507,0.0256295383751195,0.025629538376311534,0.020599764782051406,0.005029773594260129,1.1919750735366754e-12,0.02028614391388106,False,0.9999999999946578,13697625.016382452,13697625.01630491,14472972.250242066,14472972.250164526,0.16868833947548012,1.6868833947548013e-05
2015-06-18,IC,front,1.3981346627679436,13981346.627679436,6.604320561020079,IC1507,-0.036746505532911145,-0.03674650553291064,-0.033595115026204984,-0.0031513905067056523,5.346732926585e-16,-0.03325691069361425,False,1.000000000000005,13954136.826968031,13954136.826968104,14149096.369929345,14149096.369929418,7.760628619735144e-05,7.760628619735145e-09
2015-06-19,IC,front,1.319543248091805,13195432.48091805,6.604320561020045,IC1507,-0.05621162021728865,-0.056211620217288635,-0.07028530940009453,0.014073689182805892,5.086269244689576e-19,-0.06932659173377509,False,1.0,13142597.91642989,13142597.916429888,13341784.224550253,13341784.224550253,7.111289335171023e-08,7.111289335171023e-12
2015-06-23,IC,front,1.302715439302326,13027154.39302326,6.604320561020045,IC1507,-0.012752752752752672,-0.012752752752752717,0.005952952952952886,-0.018705705705705605,0.0,0.005954496711359614,False,1.0,12383365.224735027,12383365.224735025,13079724.78468898,13079724.784688978,0.0,0.0
2015-06-24,IC,front,1.3285251240547924,13285251.240547923,6.604320561020045,IC1507,0.019812219901445882,0.019812219901445827,0.022382536045261896,-0.002570316143816072,0.0,0.021971995286098833,False,0.9999999999999999,12826647.22079069,12826647.22079069,13200451.764544426,13200451.764544424,0.0,0.0
2015-06-25,IC,front,1.2391818755053132,12391818.755053133,6.604320561020045,IC1507,-0.06724995028832759,-0.06724995028832766,-0.035944521773712344,-0.03130542851461531,0.0,-0.03521065718184224,False,0.9999999999999999,12330266.487424426,12330266.487424424,12663916.76216716,12663916.762167158,0.0,0.0
2015-06-26,IC,front,1.1397736424208396,11397736.424208395,6.604320561020046,IC1507,-0.08022085784940736,-0.08022085784940738,-0.08826106421079566,0.008040206361388271,1.3446151435018231e-20,-0.0835878902898215,False,1.0,11397736.424208393,11397736.424208395,11400906.498077685,11400906.498077685,1.666222715357435e-09,1.6662227153574351e-13
2015-06-29,IC,front,1.0261000769245625,10261000.769245625,6.604320561020046,IC1507,-0.09973345694750269,-0.09973345694750264,-0.06877158419283813,-0.030961872754664506,0.0,-0.06536962151646775,False,1.0,10261000.769245625,10261000.769245625,10365877.379754623,10365877.379754623,0.0,0.0
2015-06-30,IC,front,1.102393188045466,11023931.880454661,6.604320561020046,IC1507,0.07435250502033885,0.07435250502033885,0.054242829926368495,0.020109675093970363,0.0,0.049663863169209455,False,1.0,9981770.095925696,9981770.095925698,11020761.806585371,11020761.806585371,0.0,0.0
2015-07-01,IC,front,0.9918896964184787,9918896.964184787,6.604320561020046,IC1507,-0.10023963575365447,-0.10023963575365447,-0.059203211119099035,-0.04103642463455543,0.0,-0.055480450302155204,False,0.9999999999999998,9918896.964184787,9918896.964184785,10483962.631385662,10483962.631385662,0.0,0.0
2015-07-02,IC,front,1.0128121839557902,10128121.839557903,6.604320561020046,IC1507,0.021093562734705973,0.02109356273470591,-0.07681172929927817,0.09790529203398408,0.0,-0.06857063377996198,False,0.9999999999999998,9673744.584959723,9673744.584959723,9952975.258279651,9952975.25827965,0.0,0.0
2015-07-03,IC,front,0.9780734578048248,9780734.578048248,6.604320561020047,IC1507,-0.034299277498109015,-0.034299277498108974,-0.06254857977516375,0.028249302277054772,1.3536490085401242e-20,-0.06121300302484978,False,1.0000000000000002,9341679.347151635,9341679.347151635,9807151.860292329,9807151.860292329,1.3709922086491133e-09,1.3709922086491134e-13
2015-07-06,IC,front,0.982722899479783,9827228.99479783,6.604320561020046,IC1507,0.004753673292999139,0.004753673292999122,-0.01613683016421776,0.02089050345721688,1.483310017563607e-20,-0.01624500883013913,False,0.9999999999999998,8851902.934346389,8851902.934346389,9563320.345179468,9563320.345179467,1.4507861578749726e-09,1.4507861578749725e-13
2015-07-07,IC,front,0.8607014727943765,8607014.727943765,6.604320561020047,IC1507,-0.12416666666666676,-0.12416666666666669,-0.06350403225806454,-0.06066263440860215,1.3201890196220642e-20,-0.06529436152570489,False,1.0,8607014.727943765,8607014.727943765,8742007.040211014,8742007.040211016,1.297379981224367e-09,1.297379981224367e-13
2015-07-08,IC,front,0.7867859170754402,7867859.170754402,6.604320561020046,IC1507,-0.08587827261287251,-0.08587827261287245,-0.024732205886866563,-0.061146066726005886,1.2799984043471401e-20,-0.023827794066116348,False,1.0,7867859.170754402,7867859.170754402,7867859.170754402,7867859.170754402,1.1016965117960353e-09,1.1016965117960354e-13
2015-07-09,IC,front,0.8654565835983109,8654565.835983109,6.604320561020047,IC1507,0.09998992713964316,0.09998992713964333,0.04935365812711959,0.050636269012523744,1.3448445021616953e-20,0.044526435204328196,False,1.0000000000000002,7793098.262003655,7793098.262003656,8654565.835983109,8654565.83598311,1.0581047149571532e-09,1.0581047149571532e-13
2015-07-10,IC,front,0.9104174605016953,9104174.605016952,6.701069929991877,IC1508,0.05195047071737613,0.05216568480815608,0.0534971885762183,-0.0013315037680622197,0.00021521409078012187,0.05052382782196374,True,1.0456530545995535,8506975.252856076,8922608.633182785,9104174.605016952,9519807.98534366,18625845.174878098,1862.58451748781
2015-07-13,IC,front,0.9507699077259103,9507699.077259103,6.408502227881062,IC1508,0.04432301551200313,0.044327835202514855,0.06551907072804063,-0.021191235525525768,4.81969051191086e-06,0.062231013226074605,False,0.9975687303723756,8311359.881358266,8288244.1013631355,9780188.591988606,9757072.811993474,438793.0396258001,43.87930396258001
2015-07-14,IC,front,0.9648665827327384,9648665.827327384,6.424120998148043,IC1508,0.014826589369603793,0.014826839001855436,0.022033102679604517,-0.007206263677749081,2.496322517660724e-07,0.021236727857238513,False,1.0000643484541816,9523010.020603608,9523630.89733451,9758903.743655605,9759524.620386505,23734.283297703987,2.3734283297703986
2015-07-15,IC,front,0.8783007402782218,8783007.402782219,6.423707642491134,IC1508,-0.08971794028697821,-0.08971793384716331,-0.060420691689632426,-0.029297242157530885,6.439814940059604e-09,-0.05773845727097138,False,0.9999999524813176,8783007.402782219,8783006.985425279,8810500.87149208,8810500.45413514,621.3562234646545,0.06213562234646545
2015-07-16,IC,front,0.9284313573204315,9284313.573204314,6.423707947737273,IC1508,0.05707682430773042,0.05707682431245696,0.0253744665274146,0.031702357785042365,4.7265672160063796e-12,0.023425146078006387,False,0.9999999997651222,8246499.317167881,8246499.314987202,9177423.072953966,9177423.070773287,0.41513474847931775,4.1513474847931775e-05
2015-07-17,IC,front,1.009498551639949,10094985.516399492,6.423707949246059,IC1508,0.08731630365597276,0.08731630365599628,0.05755680402789917,0.029759499628097107,2.3481923351156335e-14,0.054882329035356614,False,0.9999999999999679,9282001.03834291,9282001.038342586,9998629.8971608,9998629.897160476,0.002180135396940841,2.180135396940841e-07
2015-07-20,IC,front,0.9749903925365979,9749903.925365979,6.423707949246266,IC1508,-0.03418346568926933,-0.03418346568926929,0.015500916310323663,-0.04968438199959296,3.247174403401021e-18,0.015235093249277742,False,1.0000000000000004,9524046.35387048,9524046.353870483,9894308.880065035,9894308.880065037,3.278017857155646e-07,3.2780178571556466e-11
2015-07-21,IC,front,0.9911781365686985,9911781.365686985,6.423707949246263,IC1508,0.01660297799446564,0.016602977994465674,0.013698774542100292,0.0029042034523653836,4.1473148440778956e-20,0.01280847656009354,False,1.0,9509914.196382139,9509914.196382139,9900989.536332252,9900989.536332252,4.043592127800366e-09,4.0435921278003664e-13
2015-07-22,IC,front,0.9986296377898243,9986296.377898242,6.423707949246263,IC1508,0.007517822423849685,0.007517822423849644,0.012933246921581418,-0.005415424497731774,0.0,0.012138006875527685,False,0.9999999999999998,9728320.26665651,9728320.26665651,9965997.460778624,9965997.460778622,0.0,0.0
2015-07-23,IC,front,1.0773842972475833,10773842.972475834,6.423707949246264,IC1508,0.07886272996269139,0.07886272996269135,0.02981474334233886,0.04904798662035249,1.3878509917893667e-20,0.0278537638337355,False,0.9999999999999998,9895336.673336914,9895336.673336914,10755856.590217944,10755856.590217944,1.3859491332368634e-09,1.3859491332368635e-13
2015-07-24,IC,front,1.0252237886997038,10252237.886997037,6.423707949246264,IC1508,-0.048414023372287285,-0.048414023372287146,-0.015134748390174108,-0.033279274982113034,0.0,-0.014840990225666761,False,1.0,10165389.355523227,10165389.355523227,10479637.148400355,10479637.148400355,0.0,0.0
2015-07-27,IC,front,0.9431801907719303,9431801.907719303,6.423707949246263,IC1508,-0.08002506265664167,-0.08002506265664165,-0.07905889724310769,-0.0009661654135339539,1.382448993715085e-20,-0.07488246388457298,False,1.0,9431801.907719303,9431801.907719303,9753501.201817557,9753501.201817557,1.4173195950206718e-09,1.417319595020672e-13
2015-07-28,IC,front,0.9277119020301454,9277119.020301454,6.423707949246263,IC1508,-0.01640014166235315,-0.016400141662353183,-0.019663824338682075,0.003263682676328892,0.0,-0.01852151220526088,False,1.0,9036872.342999643,9036872.342999643,9324911.407443846,9324911.407443846,0.0,0.0
2015-07-29,IC,front,0.9896107518290823,9896107.518290823,6.423707949246263,IC1508,0.06672206065641872,0.0667220606564188,0.051652125744356805,0.015069934912061994,0.0,0.04875670277209143,False,1.0,8935634.705719521,8935634.705719521,9617575.541611506,9617575.541611506,0.0,0.0
2015-07-30,IC,front,0.9291251177789794,9291251.177789794,6.423707949246263,IC1508,-0.0611206314586904,-0.061120631458690365,-0.028849249623513564,-0.032271381835176804,0.0,-0.027698559106546394,False,1.0000000000000002,9180763.401062759,9180763.40106276,9471628.897004629,9471628.89700463,0.0,0.0
2015-07-31,IC,front,0.950580302329462,9505803.02329462,6.423707949246262,IC1508,0.02309181415929218,0.023091814159292037,-0.01016592920353976,0.0332577433628318,1.3908779086210163e-20,-0.00942494019675455,False,0.9999999999999998,9262986.862813111,9262986.86281311,9454156.41138268,9454156.411382679,1.2922996006636822e-09,1.2922996006636822e-13
2015-08-03,IC,front,0.9076956280602939,9076956.28060294,6.423707949246263,IC1508,-0.045114204622246246,-0.04511420462224628,-0.025253412623327524,-0.019860791998918752,1.3706971820340657e-20,-0.024181253930990576,False,1.0,8980343.713046275,8980343.713046277,9113699.890072629,9113699.890072629,1.3029577417000837e-09,1.3029577417000839e-13
2015-08-04,IC,front,0.9838037198429637,9838037.198429637,6.423707949246263,IC1508,0.08384759100945471,0.08384759100945487,0.05688303232746424,0.026964558681990623,0.0,0.05329957653699302,False,1.0000000000000002,9082095.246962335,9082095.246962337,9771487.584075445,9771487.584075447,0.0,0.0
2015-08-05,IC,front,0.9618089438247444,9618089.438247444,6.423707949246263,IC1508,-0.022356874216464706,-0.022356874216464786,-0.013419348098621007,-0.008937526117843781,0.0,-0.012938643431837926,False,1.0,9584172.260275424,9584172.260275425,9708535.246172832,9708535.246172832,0.0,0.0
2015-08-06,IC,front,0.9693889192048549,9693889.19204855,6.423707949246262,IC1508,0.007880957469544647,0.007880957469544774,-0.006319459286172317,0.014200416755717092,1.3694701061703718e-20,-0.006034946819502673,False,1.0,9456982.842880348,9456982.842880348,9713674.21253223,9713674.212532228,1.3171685964152857e-09,1.3171685964152858e-13
2015-08-07,IC,front,1.008676317022445,10086763.17022445,6.423707949246262,IC1508,0.04052800381689492,0.040528003816895086,0.029327802369655678,0.011200201447239407,0.0,0.028399531315972837,False,1.0,9743223.269098762,9743223.26909876,10070575.42619235,10070575.42619235,0.0,0.0
2015-08-10,IC,front,1.0701897443444273,10701897.443444273,6.423707949246262,IC1508,0.060984308131241116,0.06098430813124111,0.04849831872834732,0.012485989402893792,0.0,0.04751713397193669,False,1.0,10091645.188265879,10091645.188265879,10735557.673098324,10735557.673098324,0.0,0.0
2015-08-11,IC,front,1.0535651881717778,10535651.881717779,6.423707949246262,IC1508,-0.015534213685474252,-0.01553421368547415,0.004950780312124824,-0.020484993997598972,0.0,0.0049129804421921275,False,1.0000000000000002,10515866.8612341,10515866.8612341,10637146.46731587,10637146.467315871,0.0,0.0
2015-08-12,IC,front,1.0383538477479628,10383538.477479627,6.423707949246261,IC1508,-0.014437967953564335,-0.014437967953564439,-0.012071067970636269,-0.00236689998292817,1.382926679023223e-20,-0.011735166259055685,False,0.9999999999999998,10343454.53987633,10343454.53987633,10453171.471649457,10453171.471649455,1.4570034068128736e-09,1.4570034068128738e-13
2015-08-13,IC,front,1.072219636056389,10722196.36056389,6.423707949246261,IC1508,0.03261488208656038,0.03261488208656052,0.02450941575313654,0.008105466333423983,0.0,0.023762226588646795,False,1.0,10345510.12642009,10345510.12642009,10693418.148951266,10693418.148951266,0.0,0.0
2015-08-14,IC,front,1.0760690874958225,10760690.874958225,6.651486576032189,IC1509,0.0035901706236156627,0.0037909268875203,0.010989137312615003,-0.007198210425094704,0.00020075626390463294,0.010640429413563579,True,0.997658929009763,10667570.062893772,10642378.521651503,10791287.713207973,10766096.171965702,21525480.821986586,2152.548082198659
2015-08-17,IC,front,1.1119108245906748,11119108.245906748,6.667094718065814,IC1509,0.033308025954227105,0.03330826009033569,0.02419429687711681,0.009113963213218878,2.3413610857746648e-07,0.022633573094777537,False,1.0000005073333733,10333991.171907319,10333996.813002013,11038036.374135068,11038042.015229762,25194.662870677716,2.5194662870677718
2015-08-18,IC,front,0.9934232803072615,9934232.803072615,6.667091335627878,IC1509,-0.10656209262737582,-0.10656209257637364,-0.07905094126143625,-0.027511151314937404,5.1002250535782006e-11,-0.07473419753618282,False,0.9999999970472152,9934232.803072613,9934232.773738964,10019571.572168652,10019571.542834999,5.670995444922156,0.0005670995444922156
2015-08-19,IC,front,1.0281454920965496,10281454.920965496,6.667091355314364,IC1509,0.0349520818341893,0.03495208183448351,0.02412150021112996,0.010830581623353553,2.941608146570181e-13,0.022019857203596782,False,0.999999999989485,9621412.876789376,9621412.876681264,10268920.789217506,10268920.789109396,0.029222620143443123,2.9222620143443126e-06
2015-08-20,IC,front,1.0076641874527943,10076641.874527942,6.667091355384469,IC1509,-0.01992062874485867,-0.019920628744857626,-0.03780120872553434,0.01788057998067671,1.0527870693135003e-15,-0.034944335078132216,False,1.0000000000000142,10000903.716730775,10000903.716730917,10119577.942856617,10119577.94285676,0.0001082418279452213,1.082418279452213e-08
2015-08-21,IC,front,0.9610478846959466,9610478.846959466,6.667091355384374,IC1509,-0.04626174407833805,-0.04626174407833812,-0.05777557231705742,0.011513828238719298,1.4147216854641341e-18,-0.05424056868057814,False,1.0000000000000002,9413932.993802736,9413932.993802736,9665148.996073619,9665148.996073619,1.4255643776550642e-07,1.4255643776550642e-11
2015-08-24,IC,front,0.86986874331971,8698687.4331971,6.667091355384373,IC1509,-0.09487471210145126,-0.0948747121014512,-0.08417876071815081,-0.010695951383300381,1.285160635701052e-20,-0.07969499139618286,False,1.0,8698687.4331971,8698687.4331971,8698687.4331971,8698687.4331971,1.2351009104349941e-09,1.2351009104349942e-13
2015-08-25,IC,front,0.782903203680076,7829032.036800761,6.667091355384374,IC1509,-0.09997547366484782,-0.09997547366484776,-0.08044331350787905,-0.01953216015696871,1.2761067660678463e-20,-0.07490233636255939,False,1.0000000000000002,7829032.036800761,7829032.036800763,7829032.036800761,7829032.036800763,1.1100453889412165e-09,1.1100453889412166e-13
2015-08-26,IC,front,0.7200725347469338,7200725.347469337,6.667091355384373,IC1509,-0.08025343189017953,-0.08025343189017949,-0.04136662465510783,-0.03888680723507166,1.3316382205916097e-20,-0.03747332756298405,False,1.0000000000000002,7068716.938632727,7068716.938632728,7423672.882393391,7423672.882393391,1.042543829044007e-09,1.0425438290440071e-13
2015-08-27,IC,front,0.7904770194597927,7904770.194597927,6.667091355384372,IC1509,0.0977741565127217,0.09777415651272175,0.04028184141328111,0.057492315099440645,1.4061408394280577e-20,0.0348687912056207,False,0.9999999999999999,7347134.673633578,7347134.673633577,7761294.388630056,7761294.388630056,1.0125233984581428e-09,1.0125233984581428e-13
2015-08-28,IC,front,0.8537343822396796,8537343.822396796,6.667091355384372,IC1509,0.08002429067845207,0.08002429067845224,0.06525252184474206,0.014771768833710171,0.0,0.059917348971354034,False,1.0,7845833.10701633,7845833.107016329,8369333.12024111,8369333.12024111,0.0,0.0
2015-08-31,IC,front,0.7949039681197678,7949039.681197679,6.667091355384372,IC1509,-0.06890950551338526,-0.06890950551338529,-0.04085527754349794,-0.02805422796988735,0.0,-0.03822653878697446,False,1.0,7803163.722341869,7803163.722341869,7945839.477347095,7945839.477347095,0.0,0.0
2015-09-01,IC,front,0.7164456370496046,7164456.370496046,6.667091355384372,IC1509,-0.0987016472640655,-0.09870164726406543,-0.06912805716777944,-0.029573590096285993,0.0,-0.06261671308599659,False,1.0,7151388.871439492,7151388.871439492,7250328.507153396,7250328.5071533965,0.0,0.0
2015-09-02,IC,front,0.7169790043580353,7169790.043580353,6.667091355384372,IC1509,0.0007444630560209387,0.0007444630560208441,-0.008684161548483125,0.009428624604503968,0.0,-0.007563367108592511,False,1.0,6802833.335379997,6802833.335379998,7178590.604169461,7178590.604169461,0.0,0.0
2015-09-07,IC,front,0.7727158880890487,7727158.880890487,6.667091355384372,IC1509,0.07773851590106018,0.07773851590106008,0.0039073832992375344,0.07383113260182254,0.0,0.003431576712317641,False,1.0,7400471.404476653,7400471.404476653,7737559.5434048865,7737559.5434048865,0.0,0.0
2015-09-08,IC,front,0.8511208824283689,8511208.82428369,6.667091355384372,IC1509,0.10146678170836942,0.10146678170836927,0.03991199309749784,0.061554788610871436,0.0,0.03764755288464672,False,1.0,7670621.946196828,7670621.946196828,8356532.304838772,8356532.304838772,0.0,0.0
2015-09-09,IC,front,0.8492540968488613,8492540.968488613,6.667091355384372,IC1509,-0.0021933260222465334,-0.0021933260222465924,0.02759830800563996,-0.029791634027886548,0.0,0.02763359137862076,False,1.0,8400535.107784308,8400535.107784308,8495207.805030767,8495207.805030767,0.0,0.0
2015-09-10,IC,front,0.842587005493477,8425870.05493477,6.667091355384372,IC1509,-0.007850525985240941,-0.00785052598524101,-0.01738106453132357,0.009530538546082561,0.0,-0.016898157688661763,False,1.0,8312796.18554745,8312796.18554745,8468272.755955014,8468272.755955014,0.0,0.0
2015-09-11,IC,front,0.8646310873137457,8646310.873137457,6.907130254561736,IC1510,0.026162380474118674,0.026361596625255855,0.008786682573978207,0.01757491405127765,0.00019921615113709687,0.00823097024832653,True,0.9889159446362104,8439925.821131151,8344089.632720759,8602934.095138809,8507097.906728417,16785694.023254238,1678.5694023254239
2015-09-14,IC,front,0.7741595885892445,7741595.885892445,6.984547364237962,IC1510,-0.10463595405247339,-0.104634838412288,-0.07173240036221357,-0.03290243805007444,1.115640185414416e-06,-0.06830558173630741,False,1.0000820472196446,7741595.885892444,7742231.0623104945,7753329.925464366,7753965.101882416,96461.71865657753,9.646171865657754
2015-09-15,IC,front,0.7418366901252634,7418366.901252635,6.983974348560592,IC1510,-0.041752241967167536,-0.04175223389923044,-0.061665238229170846,0.019913004329940406,8.067937122257317e-09,-0.05649121705050919,False,1.0000014358670266,7278966.773255365,7278977.425043791,7370875.875682423,7370886.5274708485,624.5870883330617,0.062458708833306176
2015-09-16,IC,front,0.8107823958179259,8107823.958179259,6.983964320516508,IC1510,0.09293919620101354,0.09293919634595213,0.07094897774808365,0.02199021859786847,1.4493848861882814e-10,0.06601401884713298,False,0.999999987764259,7461108.8620994305,7461108.762894196,8022898.952041778,8022898.852836544,10.752068866874964,0.0010752068866874964
2015-09-17,IC,front,0.7960322628988827,7960322.628988828,6.983964405970488,IC1510,-0.018192468158072184,-0.01819246815683725,-0.020575061101540566,0.0023825929447033128,1.2349991316413907e-12,-0.019627467608022586,False,1.0000000001176252,7891879.777810316,7891879.7787466515,8124306.113241014,8124306.114177349,0.10013155547852648,1.0013155547852648e-05
2015-09-18,IC,front,0.8143302496415105,8143302.496415105,6.983964405148997,IC1510,0.022986488859123133,0.022986488859134974,0.012540796631855833,0.010445692227279143,1.1906587761789077e-14,0.011980735607443727,False,0.9999999999986032,7903054.120877978,7903054.120866605,8105868.447203506,8105868.447192132,0.0009478027999421101,9.478027999421102e-08
2015-09-21,IC,front,0.8618491434542261,8618491.434542261,6.983964405158752,IC1510,0.058353344768458104,0.05835334476845826,0.036631217838781836,0.021722126929676417,1.377585215094238e-16,0.035375889532341054,False,0.999999999999982,7982671.315096608,7982671.315096455,8488869.055182515,8488869.05518236,1.1218093121101447e-05,1.1218093121101447e-09
2015-09-22,IC,front,0.8489427772334925,8489427.772334926,6.983964405158877,IC1510,-0.014975203396972447,-0.014975203396972484,0.00737253249489489,-0.022347735891867372,1.7927459947378486e-18,0.007277887636710556,False,1.0,8387741.250595813,8387741.250595812,8517363.629955562,8517363.629955562,1.5450765999958094e-07,1.5450765999958093e-11
2015-09-23,IC,front,0.835338014572243,8353380.14572243,6.983964405158878,IC1510,-0.0160255355556288,-0.016025535555628773,-0.011736154529599516,-0.004289381026029257,1.2723673442661447e-20,-0.011329541465676995,False,1.0,8245268.3767305715,8245268.3767305715,8378522.417581002,8378522.417581002,1.0801670669025043e-09,1.0801670669025043e-13
2015-09-24,IC,front,0.8520436574293831,8520436.574293831,6.983964405158877,IC1510,0.019998662296836445,0.019998662296836396,0.015134439167948517,0.004864223128887877,1.2759075787852522e-20,0.014540693377887548,False,1.0,8350027.842807954,8350027.842807954,8470990.106305307,8470990.106305307,1.0658141036401503e-09,1.0658141036401503e-13
2015-09-25,IC,front,0.8083799119683297,8083799.119683297,6.983964405158878,IC1510,-0.05124590163934439,-0.05124590163934432,-0.033890163934426155,-0.017355737704918165,1.27148943574316e-20,-0.03273577182345189,False,1.0,7979877.729334535,7979877.729334534,8081564.251073647,8081564.251073647,1.0833645092134248e-09,1.0833645092134247e-13
2015-09-28,IC,front,0.8372935246056875,8372935.246056875,6.983964405158877,IC1510,0.03576735667138964,0.03576735667138957,0.019233161696098334,0.016534194975291235,1.2850560291037571e-20,0.018222507440597946,False,1.0,8059494.923553346,8059494.923553345,8369582.943142399,8369582.943142399,1.0388134796812665e-09,1.0388134796812665e-13
2015-09-29,IC,front,0.8260633098421921,8260633.098421921,6.983964405158877,IC1510,-0.013412518350460312,-0.013412518350460369,-0.01936474042439609,0.0059522220739357205,0.0,-0.01866330958616913,False,1.0,8084916.553988123,8084916.553988123,8216215.0848051105,8216215.08480511,0.0,0.0
2015-09-30,IC,front,0.8265940911369842,8265940.9113698425,6.983964405158878,IC1510,0.0006425431180250296,0.0006425431180250555,0.0034020967196482736,-0.0027595536016232184,1.2805562058735318e-20,0.0032964098295926725,False,0.9999999999999999,8174031.939797951,8174031.939797951,8270690.00716535,8270690.007165349,1.0578204978628492e-09,1.0578204978628492e-13
2015-10-08,IC,front,0.8653411256568055,8653411.256568056,6.983964405158878,IC1510,0.04687552806786277,0.04687552806786299,0.0420358917165163,0.004839636351346689,0.0,0.04062230046066695,False,1.0,8648662.160772549,8648662.160772549,8703695.8002852,8703695.8002852,0.0,0.0
2015-10-09,IC,front,0.8858776082076153,8858776.082076153,7.204451892040808,IC1511,0.023732239162009394,0.023933490243816545,0.016258801100378004,0.007674689143438541,0.0002012510818071178,0.015309557174667976,True,1.0014433119952957,8664544.059066733,8677330.036849631,8862810.575135697,8875596.552918594,17415083.767062116,1741.5083767062117
2015-10-12,IC,front,0.9306139589740848,9306139.589740848,7.19406860652603,IC1511,0.05049947120458764,0.05049961758460111,0.04039658229140026,0.01010303529320085,1.463800133737771e-07,0.03843401519308198,False,0.9999806361078836,8984708.604401264,8984528.401318228,9332325.999468602,9332145.796385566,12967.477613696039,1.296747761369604
2015-10-13,IC,front,0.9339520133583259,9339520.133583259,7.1942079143919475,IC1511,0.003586937797409595,0.003586939739846481,0.012888600745364815,-0.009301661005518335,1.9424368726842864e-09,0.012407125166698396,False,1.0000000621959544,9214053.147556264,9214053.728436632,9342110.04843244,9342110.629312808,180.7658868145964,0.01807658868145964
2015-10-14,IC,front,0.9208585552419035,9208585.552419035,7.194207466941348,IC1511,-0.014019412056665126,-0.014019412050501391,-0.011951933730125418,-0.0020674783203759746,6.163828919722181e-12,-0.011405334838755166,False,1.0000000005718457,9208585.552419035,9208585.557684924,9256355.089999525,9256355.095265415,0.5756720429570805,5.7567204295708056e-05
2015-10-15,IC,front,0.9804265930340614,9804265.930340614,7.194207462827371,IC1511,0.06468749999994272,0.0646875,0.03199062499728101,0.032696875002718985,5.718458390703014e-14,0.03044687337348506,False,1.0000000000000535,9208585.552418508,9208585.552419033,9730597.245921262,9730597.245921789,0.005265891331873718,5.265891331873718e-07
2015-10-16,IC,front,0.9753906478100827,9753906.478100827,7.194207462826984,IC1511,-0.0051364837100086325,-0.005136483710008718,0.01736425007337883,-0.022500733783387544,5.3790681006050594e-18,0.01707546570763907,False,0.9999999999999998,9555634.120425314,9555634.120425314,9707863.550338734,9707863.550338734,5.273781411574419e-07,5.2737814115744186e-11
2015-10-19,IC,front,0.9618655377799681,9618655.37779968,7.194207462826985,IC1511,-0.013866351969316959,-0.013866351969317008,-2.802773270401402e-05,-0.013838324236612992,1.2379981856486077e-20,-2.6959685337946127e-05,False,0.9999999999999998,9395634.946452042,9395634.946452042,9544986.693380332,9544986.69338033,1.2075318522875023e-09,1.2075318522875024e-13
2015-10-20,IC,front,0.985606422407297,9856064.22407297,7.194207462826986,IC1511,0.024682124158563967,0.02468212415856395,0.017159311892296192,0.007522812266267759,1.2345743770796302e-20,0.01627699411269745,False,1.0,9561965.022992603,9561965.022992603,9738942.526578147,9738942.526578147,1.1874945471390674e-09,1.1874945471390676e-13
2015-10-21,IC,front,0.9321966262032695,9321966.262032695,7.194207462826986,IC1511,-0.054189781021897754,-0.054189781021897775,-0.06559708029197082,0.011407299270073048,0.0,-0.0627387574559346,False,1.0,9281966.468539378,9281966.468539378,9351318.628481029,9351318.628481029,0.0,0.0
2015-10-22,IC,front,0.9591605157739449,9591605.15773945,7.194207462826986,IC1511,0.028925109588195275,0.028925109588195285,0.03882817805766506,-0.009903068469469775,0.0,0.037475010204476966,False,1.0000000000000002,9328009.39630147,9328009.39630147,9595921.682217145,9595921.682217147,0.0,0.0
2015-10-23,IC,front,0.9939517030641762,9939517.030641763,7.194207462826985,IC1511,0.03627253907773542,0.03627253907773547,0.026091326392847405,0.010181212684888061,1.2419823418996454e-20,0.024974512872794064,False,1.0,9598511.596903764,9598511.596903764,9889157.578401973,9889157.578401973,1.191260423638596e-09,1.191260423638596e-13
2015-10-26,IC,front,0.9877646846461451,9877646.84646145,7.194207462826985,IC1511,-0.006224667052692534,-0.006224667052692531,0.007023740590619635,-0.013248407643312166,0.0,0.006797203228251281,False,1.0,9712180.07481643,9712180.07481643,9808294.686519798,9808294.686519798,0.0,0.0
2015-10-27,IC,front,0.9932898359775962,9932898.359775962,7.194207462826985,IC1511,0.005593590677348992,0.005593590677348817,0.00650983248361247,-0.0009162418062636528,0.0,0.006218388005704956,False,0.9999999999999998,9555634.120425316,9555634.120425314,9959373.043239167,9959373.043239165,0.0,0.0
2015-10-28,IC,front,0.9616353231411574,9616353.231411574,7.194207462826985,IC1511,-0.03186835472375937,-0.031868354723759304,-0.026442043051250103,-0.0054263116725092,0.0,-0.025242551967519566,False,0.9999999999999998,9592468.46263499,9592468.462634988,9660381.781084076,9660381.781084076,0.0,0.0
2015-10-29,IC,front,0.9758223002578523,9758223.002578523,7.194207462826985,IC1511,0.01475297004518672,0.014752970045186635,0.008989436514348973,0.0057635335308376615,0.0,0.008523315694647371,False,1.0,9575490.133022716,9575490.133022716,9770884.807713099,9770884.807713097,0.0,0.0
2015-10-30,IC,front,0.9760812917265141,9760812.917265141,7.194207462826985,IC1511,0.00026540843409028625,0.00026540843409026565,-0.003540253612503584,0.003805662046593849,0.0,-0.0033774184200826562,False,0.9999999999999998,9569734.767052455,9569734.767052455,9797935.027773328,9797935.027773328,0.0,0.0
2015-11-02,IC,front,0.9595346145620121,9595346.14562012,7.194207462826986,IC1511,-0.0169521507119903,-0.016952150711990327,-0.02189628231964385,0.004944131607653523,1.2085864026336011e-20,-0.02096550867540725,False,1.0,9471318.008960985,9471318.008960985,9622108.597381836,9622108.597381836,1.1796785770457063e-09,1.1796785770457063e-13
2015-11-03,IC,front,0.9577216742813796,9577216.742813796,7.194207462826986,IC1511,-0.0018893953934742136,-0.001889395393474143,-0.00244871641074855,0.000559321017274407,0.0,-0.0023542369778113414,False,1.0,9517648.70502159,9517648.70502159,9566281.5474703,9566281.5474703,0.0,0.0
2015-11-04,IC,front,1.0202249487184205,10202249.487184204,7.194207462826985,IC1511,0.06526246206544273,0.06526246206544281,0.052265556924371175,0.012996905141071642,1.2426982852729068e-20,0.05027239490758806,False,1.0,9609734.560545774,9609734.560545774,10151314.498347389,10151314.498347389,1.1901590823981678e-09,1.1901590823981678e-13
2015-11-05,IC,front,1.016742952306412,10167429.52306412,7.194207462826985,IC1511,-0.0034129692832766123,-0.0034129692832765525,0.0011931289312611115,-0.004606098214537664,0.0,0.0011640082058450574,False,1.0,10047717.91088268,10047717.91088268,10153328.87643698,10153328.87643698,0.0,0.0
2015-11-06,IC,front,1.0494622078473492,10494622.078473492,7.194207462826983,IC1511,0.03218045963998639,0.03218045963998649,0.024114117513868525,0.008066342126117964,2.4699873646271064e-20,0.023418012904644403,False,1.0,10169731.669452224,10169731.669452224,10474478.297577577,10474478.297577575,2.511342245270498e-09,2.511342245270498e-13
2015-11-09,IC,front,1.0580952568027415,10580952.568027416,7.194207462826984,IC1511,0.008226164687817228,0.00822616468781705,0.013292111108064362,-0.005065946420247312,1.2305459049286946e-20,0.01301892746597555,False,1.0,10367140.722232198,10367140.722232198,10638218.45943152,10638218.45943152,1.291411422243982e-09,1.2914114222439821e-13
2015-11-10,IC,front,1.0638793996028544,10638793.996028544,7.194207462826985,IC1511,0.005466561505615974,0.005466561505616119,0.004244064293290548,0.0012224972123255715,1.2305787734224061e-20,0.004137172247408394,False,1.0,10532607.493877219,10532607.493877219,10647139.276685424,10647139.276685424,1.3020695632803836e-09,1.3020695632803835e-13
2015-11-11,IC,front,1.085605906140592,10856059.06140592,7.194207462826984,IC1511,0.020421963754395422,0.020421963754395457,0.01483094400865565,0.005591019745739807,1.2335725585426441e-20,0.014476548545810486,False,1.0,10615772.532147499,10615772.532147499,10784404.755076163,10784404.755076163,1.312372432948905e-09,1.3123724329489052e-13
2015-11-12,IC,front,1.0818649182599218,10818649.182599219,7.194207462826984,IC1511,-0.003445990722332759,-0.0034459907223326706,-0.0002942345924453612,-0.0031517561298873096,0.0,-0.0002888868357392438,False,1.0000000000000002,10634477.471550848,10634477.471550848,10808289.523852749,10808289.523852749,0.0,0.0
2015-11-13,IC,front,1.0689876440188817,10689876.440188816,7.456406406003928,IC1512,-0.011902848519898535,-0.011704165050593239,-0.015504803356359627,0.0038006383057663895,0.00019868346930532307,-0.015013439723005062,True,0.9982911316123995,10521958.167925606,10503690.576009613,10721789.859606512,10703522.267690517,21494867.527960103,2149.4867527960105
2015-11-16,IC,front,1.1009918139077475,11009918.139077475,7.469170234899956,IC1512,0.02993876502495918,0.029938932516030855,0.021235319794601564,0.00870361272142929,1.6749107178525856e-07,0.02005256960715518,False,0.9999671920508056,10477814.451543203,10477453.238708263,10956140.113386195,10955778.900551256,17904.588622192092,1.7904588622192092
2015-11-17,IC,front,1.0827663781659729,10827663.78165973,7.469415291097337,IC1512,-0.01655365236285189,-0.016553649076715107,-0.00929067007956225,-0.007262978997152857,3.286136783613829e-09,-0.008870492366090832,False,1.0000000576592496,10798383.673718628,10798384.298033597,10857541.44282412,10857542.06713909,361.80096981399606,0.03618009698139961
2015-11-18,IC,front,1.0720104210380608,10720104.210380608,7.46941486041648,IC1512,-0.009933774584071409,-0.009933774578279823,-0.017030905037884552,0.0070971304596047285,5.791540705015047e-12,-0.016135146228030584,False,0.9999999997471222,10681263.253106443,10681263.250395566,10754762.29533294,10754762.292622063,0.6270885553169947,6.270885553169948e-05
2015-11-19,IC,front,1.1107916230011963,11107916.230011962,7.469414862305329,IC1512,0.03617614269605918,0.036176142696084664,0.026711259753819716,0.009464882942264947,2.546749921950504e-14,0.025465859964341364,False,1.000000000001759,10768804.7952633,10768804.795282839,11069672.825916959,11069672.825936496,0.0027301424561088083,2.730142456108808e-07
2015-11-20,IC,front,1.1118373410819178,11118373.410819178,7.46941486229219,IC1512,0.0009414169670241002,0.0009414169670243127,0.011787885308521316,-0.010846468341497002,1.7598207435248966e-16,0.011355656840212447,False,0.9999999999999993,11038002.506900916,11038002.506900907,11107916.23001197,11107916.230011962,1.9547941398911917e-05,1.9547941398911917e-09
2015-11-23,IC,front,1.0989899475187752,10989899.475187752,7.469414862292195,IC1512,-0.011555101711767435,-0.011555101711767388,-0.008342514712600457,-0.003212586999166932,7.093877169193515e-20,-0.007953862728294014,False,1.0000000000000002,10963308.358277991,10963308.358277993,11008124.847451745,11008124.847451746,7.88723752975784e-09,7.88723752975784e-13
2015-11-24,IC,front,1.1160799687236997,11160799.687236996,7.469414862292195,IC1512,0.015550661990593406,0.01555066199059343,0.007383845798330711,0.00816681619226272,0.0,0.0070142997709246035,False,1.0000000000000002,10924168.624399582,10924168.624399582,11131220.804382319,11131220.80438232,0.0,0.0
2015-11-25,IC,front,1.1399820962830347,11399820.962830346,7.469414862292194,IC1512,0.021416142417347128,0.021416142417347076,0.016581448266630983,0.00483469415071609,2.3806569247360937e-20,0.015885106110149483,False,1.0,11133312.24054376,11133312.24054376,11357394.686412526,11357394.686412526,2.6570035061013186e-09,2.6570035061013185e-13
2015-11-26,IC,front,1.125162777196247,11251627.77196247,7.469414862292194,IC1512,-0.012999606866727742,-0.012999606866727798,-0.006329445682086251,-0.006670161184641547,0.0,-0.006096652773535216,False,0.9999999999999999,11248938.782612044,11248938.782612043,11286883.410112487,11286883.410112487,0.0,0.0
2015-11-27,IC,front,1.0595514370458723,10595514.370458724,7.469414862292194,IC1512,-0.05831275392336488,-0.0583127539233649,-0.06611434185719217,0.007801587933827279,0.0,-0.06324040395830366,False,0.9999999999999998,10354102.882109439,10354102.882109439,10584459.63646253,10584459.63646253,0.0,0.0
2015-11-30,IC,front,1.0633757774553658,10633757.774553658,7.4694148622921945,IC1512,0.003609395708202845,0.003609395708202839,0.004551222400812079,-0.0009418266926092395,1.1890870115996789e-20,0.004376284550685172,False,1.0,10340657.935357314,10340657.935357314,10644214.955360867,10644214.955360869,1.2598988519130216e-09,1.2598988519130217e-13
2015-12-01,IC,front,1.0662739104219352,10662739.104219353,7.469414862292194,IC1512,0.002725408108791516,0.0027254081087916254,0.004992835267342862,-0.002267427158551237,1.1903231729727562e-20,0.004797257167539648,False,1.0,10521417.775024785,10521417.775024783,10631068.785203233,10631068.785203231,1.2657608294830425e-09,1.2657608294830425e-13
2015-12-02,IC,front,1.0875766816091925,10875766.816091925,7.469414862292194,IC1512,0.019978704326384156,0.019978704326384142,-0.005335126653216757,0.025313830979600896,0.0,-0.005115570517763457,False,1.0,10383980.541558608,10383980.541558607,10776871.763315177,10776871.763315177,0.0,0.0
2015-12-03,IC,front,1.102156979420387,11021569.79420387,7.469414862292193,IC1512,0.013406225103706149,0.013406225103705992,0.02261613691931548,-0.009209911815609486,1.1845137256563271e-20,0.022232394347179163,False,0.9999999999999998,10787627.720716877,10787627.720716877,10997966.443239026,10997966.443239026,1.2882495070698496e-09,1.2882495070698497e-13
2015-12-04,IC,front,1.0928949049911447,10928949.049911447,7.4694148622921945,IC1512,-0.008403589145815848,-0.008403589145815824,-0.007975277182900071,-0.00042831196291575333,2.3553522171267465e-20,-0.007772263691613879,False,1.0,10788822.827094845,10788822.827094845,10886522.773493627,10886522.773493627,2.595967885099526e-09,2.5959678850995263e-13
2015-12-07,IC,front,1.0964204688061465,10964204.688061465,7.4694148622921945,IC1512,0.0032258946390004706,0.003225894639000444,0.012378687224910399,-0.009152792585909956,0.0,0.012055907674325406,False,1.0000000000000002,10832444.209890632,10832444.209890632,10974363.092274182,10974363.092274183,0.0,0.0
2015-12-08,IC,front,1.0800773890874513,10800773.890874512,7.469414862292194,IC1512,-0.014905850614491567,-0.014905850614491598,-0.0269899446821265,0.012084094067634901,1.1844858083501722e-20,-0.026056828062292148,False,0.9999999999999998,10706061.710420648,10706061.710420648,10790615.486661796,10790615.486661794,1.2986944852855231e-09,1.298694485285523e-13
2015-12-09,IC,front,1.077388399737026,10773883.99737026,7.469414862292194,IC1512,-0.0024896265560166997,-0.002489626556016597,-0.004131396957123083,0.0016417704011064862,0.0,-0.004034229498631858,False,1.0,10682757.136050295,10682757.136050295,10751176.976188892,10751176.97618889,0.0,0.0
2015-12-10,IC,front,1.0711140912527006,10711140.912527006,7.469414862292194,IC1512,-0.005823627287853461,-0.005823627287853577,-0.003336106489184748,-0.0024875207986688294,0.0,-0.003262695832943474,False,0.9999999999999998,10683952.242428262,10683952.242428262,10756554.954889743,10756554.95488974,0.0,0.0
2015-12-11,IC,front,1.08646348478526,10864634.847852599,7.758997531675218,IC1601,0.014330306787960989,0.014529856087895204,-0.008459154586701302,0.022989010674596508,0.00019954929993424152,-0.008096367314675446,True,0.9905284187770553,10737387.288333125,10634482.016914053,10850668.652295584,10747763.380876511,21374006.70591777,2137.400670591777
2015-12-14,IC,front,1.121770153367208,11217701.53367208,7.833190229165536,IC1601,0.0324968754830508,0.03249782015548052,0.02176699098583702,0.010730829169643503,9.446724297456917e-07,0.020619419260153427,False,0.9999768403627888,10778729.553229641,10778469.755331779,11168509.09903292,11168249.301135056,102635.21000020628,10.263521000020628
2015-12-15,IC,front,1.1237128269377372,11237128.269377373,7.8333716472110275,IC1601,0.0017317928852875752,0.0017317952012514382,0.007981595784194124,-0.006249800582942687,2.3159637211352185e-09,0.007680388333335619,False,1.00000000231196,11207048.122252082,11207048.148231873,11279741.811138202,11279741.837117992,259.79789786507433,0.025979789786507435
2015-12-16,IC,front,1.132987538950389,11329875.389503889,7.833371629100586,IC1601,0.008253631880243306,0.008253631880474831,0.004352675467300277,0.003900956413174554,2.315570028056673e-13,0.0041636770522979205,False,0.9999999999966491,11254675.021864524,11254675.021826558,11353062.169526028,11353062.169488063,0.026020357421998597,2.6020357421998596e-06
2015-12-17,IC,front,1.1688957144982868,11688957.144982869,7.833371629126835,IC1601,0.03169335435159648,0.03169335435159691,0.025837274260884162,0.005856080090712748,3.3676083023991806e-16,0.024816054400085052,False,1.0000000000000167,11376562.284413291,11376562.284413485,11654803.644679876,11654803.644680068,3.8154582426841444e-05,3.8154582426841444e-09
2015-12-18,IC,front,1.1730630682049823,11730630.682049824,7.833371629126705,IC1601,0.003565205736496546,0.003565205736496473,-0.002262431309475974,0.005827637045972446,1.652964683034163e-18,-0.002187591122630783,False,1.0,11563309.864051677,11563309.864051677,11677677.089836927,11677677.089836927,1.9321433342156524e-07,1.9321433342156524e-11
2015-12-21,IC,front,1.1883224761385212,11883224.761385212,7.833371629126705,IC1601,0.013008173513542332,0.013008173513542338,0.01191169400074797,0.0010964795127943688,0.0,0.011584064670226324,False,1.0,11647283.607915916,11647283.607915914,11888864.788958184,11888864.788958183,0.0,0.0
2015-12-22,IC,front,1.1985058592563858,11985058.592563858,7.833371629126705,IC1601,0.00856954515491104,0.008569545154911007,0.008971654581410582,-0.0004021094264995747,0.0,0.008737173495485528,False,1.0,11795177.664273828,11795177.664273826,11944951.729822729,11944951.729822729,0.0,0.0
2015-12-23,IC,front,1.1775750902633593,11775750.902633592,7.833371629126705,IC1601,-0.017464052287581744,-0.017464052287581747,-0.01089281045751633,-0.006571241830065417,0.0,-0.01060635566739343,False,1.0,11767604.1961393,11767604.1961393,11830897.838902645,11830897.838902645,0.0,0.0
2015-12-24,IC,front,1.1802384366172622,11802384.366172623,7.833371629126705,IC1601,0.002261721036666442,0.0022617210366664892,-0.0026927784577723086,0.004954499494438798,0.0,-0.002603791449684034,False,1.0,11602476.722197311,11602476.722197311,11801131.026711963,11801131.026711963,0.0,0.0
2015-12-25,IC,front,1.1900144844104124,11900144.844104124,7.833371629126704,IC1601,0.008283112538827186,0.008283112538827162,0.0051875647118167,0.003095547827010463,1.1367290073781103e-20,0.005040603427816759,False,1.0,11754757.466667533,11754757.466667533,11854084.618924858,11854084.61892486,1.3416112665254332e-09,1.3416112665254334e-13
2015-12-28,IC,front,1.1444555950154114,11444555.950154115,7.833371629126704,IC1601,-0.03828431501619323,-0.038284315016193185,-0.02485057531793889,-0.013433739698254295,0.0,-0.024224472929061713,False,1.0000000000000002,11429202.541761028,11429202.541761028,11548583.125388917,11548583.125388918,0.0,0.0
2015-12-29,IC,front,1.1621903483837543,11621903.483837543,7.833371629126704,IC1601,0.015496235455167762,0.01549623545516767,0.009723477070499748,0.005772758384667921,0.0,0.009341922518465662,False,1.0,11413222.463637607,11413222.463637609,11594643.350568183,11594643.350568183,0.0,0.0
2015-12-30,IC,front,1.1767917531004464,11767917.531004464,7.833371629126704,IC1601,0.01256369469682661,0.0125636946968267,0.008986007387236778,0.0035776873095899227,0.0,0.008686032375211594,False,1.0000000000000002,11610936.763556767,11610936.763556767,11777630.911824582,11777630.911824584,0.0,0.0
2015-12-31,IC,front,1.151348962049043,11513489.62049043,7.833371629126703,IC1601,-0.02162047021860103,-0.021620470218601008,-0.016423036983784722,-0.005197433234816286,1.1364959525428384e-20,-0.015935822659716825,False,0.9999999999999999,11496256.20290635,11496256.20290635,11591823.336781697,11591823.336781695,1.3374190643844486e-09,1.3374190643844487e-13
2016-01-04,IC,front,1.0780599370869335,10780599.370869335,7.833371629126704,IC1601,-0.0636549190366037,-0.06365491903660365,-0.08572050619131855,0.0220655871547149,1.1339935327996324e-20,-0.08269698556911609,False,1.0000000000000002,10780599.370869335,10780599.370869337,10966720.280777385,10966720.280777387,1.305622276959184e-09,1.305622276959184e-13
2016-01-05,IC,front,1.0495151308703956,10495151.308703957,7.833371629126704,IC1601,-0.02647793989420455,-0.026477939894204477,-0.014240248793815006,-0.012237691100389473,0.0,-0.014023152010738782,False,1.0000000000000002,10418384.266738515,10418384.266738517,10455044.445962828,10455044.44596283,0.0,0.0
2016-01-06,IC,front,1.06759455259042,10675945.525904201,7.833371629126703,IC1601,0.017226451709210222,0.017226451709210278,0.026253172115241065,-0.009026720406030787,1.1423019979873701e-20,0.025526362388130774,False,1.0,10498284.657355608,10498284.657355608,10713859.044589175,10713859.044589175,1.198863230911229e-09,1.1988632309112292e-13
2016-01-07,IC,front,0.9964048712249167,9964048.712249167,7.833371629126703,IC1601,-0.06668231979337857,-0.06668231979337867,-0.08854337872740078,0.021861058934022112,0.0,-0.0853953161864297,False,1.0,9964048.712249167,9964048.712249167,10359163.977222318,10359163.977222318,0.0,0.0
2016-01-08,IC,front,0.977518564833151,9775185.64833151,7.874228474987488,IC1602,-0.01895445008066665,-0.01874983225529405,0.01697192922813586,-0.03572176148342991,0.0002046178253725424,0.016741872787145118,True,0.9959924451435184,9488563.731841965,9449389.139123984,9913142.13121329,9873967.53849531,20388219.79406506,2038.821979406506
2016-01-11,IC,front,0.9013572116773365,9013572.116773365,7.905911850418549,IC1602,-0.07791294804596793,-0.07791255584726219,-0.07137116618187853,-0.006541389665383654,3.9219870584395863e-07,-0.06723608652706148,False,0.9999076273773114,9013572.116773363,9012739.509477146,9240629.905117387,9239797.297821166,38338.15160660056,3.833815160660056
2016-01-12,IC,front,0.9203949369267691,9203949.36926769,7.906642207695934,IC1602,0.021121177045896555,0.021121186445215923,0.0014035410213191493,0.019717645423896774,9.399319501648251e-09,0.0013053424402724723,False,1.0000015962568245,9084717.204775635,9084731.896642627,9225455.436072625,9225470.127939615,847.214441767008,0.0847214441767008
2016-01-13,IC,front,0.890286506659371,8902865.06659371,7.906629586684498,IC1602,-0.032712511835333635,-0.0327125116740404,-0.03653012651931427,0.003817614845273867,1.6129313510779758e-10,-0.03464751183868753,False,0.9999999829283085,8824431.301093802,8824431.149106834,8979084.975809349,8979084.823822383,14.845338491426219,0.001484533849142622
2016-01-14,IC,front,0.9171690482277222,9171690.482277222,7.906629721664041,IC1602,0.03019538246089204,0.030195382462541272,0.035662522776889916,-0.005467140314348647,1.6491921050393765e-12,0.033892411259883515,False,0.9999999994388237,8600515.551184213,8600515.546037277,9200154.349275213,9200154.344128277,0.1468253478005721,1.468253478005721e-05
2016-01-15,IC,front,0.8807985514891855,8807985.514891855,7.906629726101054,IC1602,-0.039655172412126904,-0.03965517241207087,-0.03985172413346087,0.00019655172139000047,5.5945398354637165e-14,-0.037738251899647524,False,0.999999999998265,8676419.196249537,8676419.196234252,8777624.056743627,8777624.056728346,0.0051311387761643346,5.131138776164335e-07
2016-01-18,IC,front,0.9005967523233807,9005967.523233807,7.9066297261147716,IC1602,0.022477558348298787,0.022477558348298825,0.01530161579896163,0.007175942549337195,1.7305658796610936e-16,0.014461253410432695,False,0.9999999999999959,8765605.979559917,8765605.97955988,9072066.947744127,9072066.947744088,1.5242799200620993e-05,1.5242799200620994e-09
2016-01-19,IC,front,0.937536526403789,9375365.26403789,7.906629726114804,IC1602,0.04101699676920911,0.0410169967692092,0.03830945357494036,0.0027075431942688425,4.1753096573383707e-19,0.036491601311944954,False,1.0,9013557.887770878,9013557.887770876,9379476.711495468,9379476.71149547,3.760270317343384e-08,3.760270317343384e-12
2016-01-20,IC,front,0.9227036890375976,9227036.890375976,7.906629726114804,IC1602,-0.0158210767777629,-0.015821076777762816,-0.00988226959924439,-0.0059388071785184265,0.0,-0.009454437485981293,False,1.0000000000000002,9173271.808238396,9173271.808238396,9252654.370688587,9252654.370688587,0.0,0.0
2016-01-21,IC,front,0.8980350042921192,8980350.042921193,7.9066297261148035,IC1602,-0.026735218508997516,-0.02673521850899743,-0.04312253641816622,0.01638731790916879,1.1261830165610369e-20,-0.040990469984523936,False,1.0,8942398.220235843,8942398.220235843,9048347.05856578,9048347.05856578,1.0391332239123585e-09,1.0391332239123586e-13
2016-01-22,IC,front,0.9139747698199667,9139747.698199667,7.906629726114803,IC1602,0.017749603803486558,0.017749603803486565,0.016504666314491913,0.0012449374889946516,1.143312062743783e-20,0.015921846546897322,False,1.0000000000000002,8880410.2431831,8880410.243183102,9128362.151394062,9128362.151394064,1.0267342531733448e-09,1.0267342531733448e-13
2016-01-25,IC,front,0.917169048229317,9171690.48229317,7.906629726114803,IC1602,0.003494930620436598,0.0034949306204366624,0.010505553825391927,-0.007010623204955264,0.0,0.01015281049926342,False,1.0000000000000002,9093572.980599158,9093572.980599158,9154928.427273806,9154928.427273808,0.0,0.0
2016-01-26,IC,front,0.8541057695338253,8541057.695338253,7.906629726114802,IC1602,-0.06875862068965521,-0.0687586206896552,-0.07793448275862062,0.009175862068965413,1.113649860543228e-20,-0.07482127279920148,False,1.0,8492985.386603475,8492985.386603476,8645741.472912014,8645741.472912014,1.021405182655144e-09,1.021405182655144e-13
2016-01-27,IC,front,0.8350033521155319,8350033.521155319,7.906629726114801,IC1602,-0.02236540028141898,-0.022365400281418975,-0.01390802043990239,-0.008457379841516585,1.1334831258680498e-20,-0.013439941602809813,False,0.9999999999999999,8084054.497168817,8084054.497168817,8356358.824936211,8356358.82493621,9.681144774731365e-10,9.681144774731365e-14
2016-01-28,IC,front,0.8151735247624361,8151735.247624361,7.906629726114801,IC1602,-0.02374820089387153,-0.023748200893871606,-0.04601166578289525,0.02226346488902364,0.0,-0.044060868414037224,False,0.9999999999999999,8115364.750884232,8115364.750884231,8247879.865093918,8247879.865093916,0.0,0.0
2016-01-29,IC,front,0.8428151022849334,8428151.022849334,7.906629726114802,IC1602,0.0339088263821532,0.033908826382153284,0.038389912706110675,-0.004481086323957397,1.1281278253308241e-20,0.037543419657271704,False,1.0,8159958.14253952,8159958.14253952,8491720.325847298,8491720.325847298,9.196199357575097e-10,9.196199357575097e-14
2016-02-01,IC,front,0.8417398006421818,8417398.006421817,7.906629726114802,IC1602,-0.0012758452474765924,-0.0012758452474764873,-0.013068032571578772,0.011792187324102286,0.0,-0.012735115091431437,False,1.0,8242819.622069203,8242819.622069204,8348452.1952100955,8348452.195210096,0.0,0.0
2016-02-02,IC,front,0.8734611991033545,8734611.991033545,7.906629726114801,IC1602,0.037685515686643134,0.03768551568664294,0.03515874506857046,0.0025267706180724814,1.1256551459408459e-20,0.03466074510878836,False,0.9999999999999998,8429732.348794557,8429732.348794557,8690018.599378256,8690018.599378254,9.475087381360936e-10,9.475087381360937e-14
2016-02-03,IC,front,0.8787112012414947,8787112.012414947,7.906629726114803,IC1602,0.006010572814830972,0.006010572814830877,0.004261713375334925,0.0017488594394959517,2.2248662954906188e-20,0.004213631473714896,False,1.0,8556554.689601438,8556554.68960144,8738407.17330208,8738407.17330208,1.943334382303874e-09,1.943334382303874e-13
2016-02-04,IC,front,0.9005651258044761,9005651.25804476,7.906629726114803,IC1602,0.0248704290238988,0.024870429023898615,0.02003311258278141,0.004837316441117209,0.0,0.019842535965933328,False,1.0,8855425.293248579,8855425.293248579,8973075.943573168,8973075.943573168,0.0,0.0
2016-02-05,IC,front,0.8882307834317369,8882307.83431737,7.906629726114803,IC1602,-0.013696224758560138,-0.013696224758560142,-0.010059701492537307,-0.003636523266022834,0.0,-0.010013125951456647,False,1.0,8872819.878646033,8872819.878646033,8922473.513326032,8922473.513326032,0.0,0.0
2016-02-15,IC,front,0.8976925127618609,8976925.127618609,8.136962105457465,IC1603,0.010652332149047927,0.010848616717571988,0.0016292085097633188,0.00921940820780867,0.00019628456852408409,0.0006779421630591642,True,0.993448239881574,8669022.481548097,8610207.821510872,8951212.327365363,8892397.667328136,17434599.607570767,1743.4599607570767
2016-02-16,IC,front,0.9346620284993783,9346620.284993783,8.190625116440337,IC1603,0.04118282731775946,0.04118348823253934,0.04275821213270741,-0.00157472390016807,6.609147798295379e-07,0.041370561957925434,False,1.0000557525471285,9020305.780354798,9020826.878242731,9340395.409905288,9340916.507793218,59329.82494266299,5.9329824942663
2016-02-17,IC,front,0.9453747289782807,9453747.289782807,8.190168493685404,IC1603,0.011461576647231464,0.011461582218773317,0.012071376365985107,-0.0006097941472117915,5.5715417847089656e-09,0.01166957220039544,False,1.0000000422169504,9289288.706429606,9289289.105537985,9418693.368629834,9418693.767738214,520.7508546365127,0.05207508546365128
2016-02-18,IC,front,0.941214123801305,9412141.23801305,8.190168147921481,IC1603,-0.004401011630036256,-0.00440101162578858,-0.0024742693941507904,-0.001926742231637789,4.247735920432716e-12,-0.0023913949971614556,False,0.9999999997427065,9406571.923672464,9406571.921250781,9449816.01149349,9449816.009071805,0.40157021945503857,4.015702194550386e-05
2016-02-19,IC,front,0.9447850371150727,9447850.371150726,8.190168150028759,IC1603,0.0037939436133254123,0.0037939436133511708,0.0038966237390332327,-0.00010268012568206217,2.568906065241977e-14,0.003758521301364892,False,0.9999999999996242,9373483.644348465,9373483.644344913,9453092.078766745,9453092.078763194,0.002417890671324585,2.4178906713245854e-07
2016-02-22,IC,front,0.9613946981233341,9613946.981233342,8.190168150031838,IC1603,0.017580359929259215,0.0175803599292593,0.021533340268381565,-0.003952980339122262,3.789574244641227e-17,0.020770897998501514,False,1.000000000000003,9506491.975104924,9506491.975104956,9612636.554329336,9612636.554329367,3.5803330433736846e-06,3.580333043373685e-10
2016-02-23,IC,front,0.9574306567387187,9574306.567387188,8.19016815003181,IC1603,-0.00412321951884409,-0.004123219518844108,-0.005660055884958812,0.001536836366114703,3.2488995604249986e-19,-0.005442582556211661,False,1.0,9435073.708836647,9435073.708836647,9500595.054036902,9500595.0540369,3.1234748121278244e-08,3.1234748121278246e-12
2016-02-24,IC,front,0.9634586204971421,9634586.204971422,8.19016815003181,IC1603,0.006295979469632007,0.006295979469632195,0.006935842600513253,-0.0006398631308810571,0.0,0.006678197842022948,False,1.0,9369552.363636393,9369552.363636393,9552684.523471104,9552684.523471104,0.0,0.0
2016-02-25,IC,front,0.8781498290464107,8781498.290464107,8.19016815003181,IC1603,-0.08854432316637773,-0.08854432316637767,-0.08245605086878163,-0.006088272297596039,0.0,-0.07936292349583696,False,1.0000000000000002,8681578.23903372,8681578.23903372,8896815.858016554,8896815.858016556,0.0,0.0
2016-02-26,IC,front,0.8874538600648468,8874538.600648468,8.19016815003181,IC1603,0.010595038239134436,0.010595038239134526,0.0042697257974257455,0.00632531244170878,0.0,0.004068573866211622,False,1.0000000000000002,8735633.34882393,8735633.34882393,8929248.92389068,8929248.923890682,0.0,0.0
2016-02-29,IC,front,0.8313348279008288,8313348.279008288,8.19016815003181,IC1603,-0.06323599985233863,-0.06323599985233866,-0.05509801026246804,-0.008137989589870621,0.0,-0.052843542328295134,False,1.0000000000000002,8249137.360712039,8249137.36071204,8358558.007196465,8358558.0071964655,0.0,0.0
2016-03-01,IC,front,0.8562656997495256,8562656.997495256,8.190168150031809,IC1603,0.02998896595208067,0.029988965952080667,0.02427490542244637,0.005714060529634299,2.1690602802786592e-20,0.023026186680322747,False,0.9999999999999998,8309089.391570273,8309089.391570272,8589193.14230136,8589193.14230136,1.8032153548119825e-09,1.8032153548119825e-13
2016-03-02,IC,front,0.915300431774955,9153004.31774955,8.19016815003181,IC1603,0.06894440831005877,0.06894440831005866,0.05347208937521514,0.015472318934843523,2.1824983178344052e-20,0.05106665960249401,False,1.0,8601642.197889408,8601642.19788941,9134985.94781948,9134985.94781948,1.8687984493226395e-09,1.8687984493226396e-13
2016-03-03,IC,front,0.9179212855829653,9179212.855829652,8.19016815003181,IC1603,0.0028633809370415264,0.002863380937041412,0.004264647983106039,-0.0014012670460646275,0.0,0.004142078687327855,False,1.0,9143503.722695513,9143503.722695515,9231957.538715856,9231957.538715858,0.0,0.0
2016-03-04,IC,front,0.8930559350794686,8930559.350794686,8.19016815003181,IC1603,-0.027088761197758715,-0.027088761197758698,-0.027734751418680034,0.000645990220921333,0.0,-0.026903330113657864,False,1.0000000000000002,8817535.030324247,8817535.030324249,8947267.29382075,8947267.293820752,0.0,0.0
2016-03-07,IC,front,0.9164798159885597,9164798.159885596,8.19016815003181,IC1603,0.02622890682318424,0.026228906823184156,0.024026045487894315,0.002202861335289841,0.0,0.023301361187997527,False,1.0,9035065.896389091,9035065.896389093,9131709.880559469,9131709.880559469,0.0,0.0
2016-03-08,IC,front,0.9272908379466016,9272908.379466016,8.19016815003181,IC1603,0.011796246648793529,0.011796246648793567,0.0021054512957997757,0.00969079535299379,0.0,0.0020477875029334403,False,1.0000000000000002,8788050.424984133,8788050.424984133,9242768.5606739,9242768.5606739,0.0,0.0
2016-03-09,IC,front,0.9009184965034992,9009184.965034992,8.19016815003181,IC1603,-0.028440204910793132,-0.02844020491079315,-0.026018371312488957,-0.002421833598304194,0.0,-0.02555197221533123,False,1.0000000000000002,8945301.653464744,8945301.653464744,9050135.805785151,9050135.805785151,0.0,0.0
2016-03-10,IC,front,0.8838829467514331,8838829.46751433,8.19016815003181,IC1603,-0.018909090909090875,-0.01890909090909091,-0.017289090909090938,-0.0016199999999999745,0.0,-0.016928845085667943,False,1.0,8797878.62676417,8797878.626764173,8918110.295206638,8918110.295206638,0.0,0.0
2016-03-11,IC,front,0.8860659392272862,8860659.392272862,8.505089745885773,IC1604,0.00246977553292127,0.0026685335913919066,-0.002058455344954903,0.00472698893634681,0.0001987580584705668,-0.0023488079392244288,True,1.0044473802306646,8700423.501460375,8739830.22287222,8861680.003042368,8901086.724454215,17567885.84115582,1756.7885841155821
2016-03-14,IC,front,0.9221632007235,9221632.007235,8.467431856841158,IC1604,0.04073879820692938,0.04073925356997695,0.034760622716280054,0.005978630853696902,4.553630475080548e-07,0.032966175226630146,False,0.9998983463655329,9018413.642670814,9017476.230261559,9256179.129210912,9255241.716801658,40348.16863796239,4.034816863796239
2016-03-15,IC,front,0.9146776200781245,9146776.200781245,8.468292689570783,IC1604,-0.008117414183847926,-0.008117404061798447,-0.009327833253592615,0.0012104291917941674,1.0122049379706064e-08,-0.008925260825327408,False,0.9999995735194603,9113919.225145709,9113915.32422366,9166083.908113465,9166080.007191416,933.418145387106,0.09334181453871061
2016-03-16,IC,front,0.9061754456839017,9061754.456839018,8.46829630113436,IC1604,-0.00929526885493992,-0.009295268811759641,-0.014257676861000523,0.004962408049240882,4.3180305740265076e-11,-0.01365296641724889,False,1.0000000054160416,8944214.504179273,8944214.553258112,9056334.747206291,9056334.79628513,3.949605928875144,0.0003949605928875144
2016-03-17,IC,front,0.9446553839385315,9446553.839385316,8.468296255269715,IC1604,0.0424641149105387,0.04246411491108806,0.03423669261047608,0.00822742230061198,5.49459371246063e-13,0.03292945998418051,False,0.9999999999251746,9078352.318206185,9078352.317499345,9422503.878020348,9422503.877313506,0.04979065906240976,4.979065906240976e-06
2016-03-18,IC,front,0.9822546193142995,9822546.193142995,8.46829625590336,IC1604,0.039802065404006104,0.03980206540401355,0.03644578313215031,0.003356282271863242,7.52869582127184e-15,0.03537777715898782,False,1.000000000000451,9489572.784360874,9489572.784365304,9821191.26574205,9821191.26574648,0.0007112023041599969,7.112023041599968e-08
2016-03-21,IC,front,1.0043060627646674,10043060.627646673,8.46829625589954,IC1604,0.022449824125807316,0.022449824125807254,0.02590178633009686,-0.003451962204289603,4.56501577446058e-17,0.025250199184436273,False,0.9999999999999947,9899777.054996854,9899777.054996798,10007493.783371896,10007493.783371842,4.484007831706549e-06,4.484007831706549e-10
2016-03-22,IC,front,1.0029172621787,10029172.621786999,8.468296255899586,IC1604,-0.0013828459644507074,-0.0013828459644506664,-0.004045667644777142,0.002662821680326475,5.4095726417153345e-19,-0.003933122167791292,False,1.0,9933988.971870687,9933988.971870685,10059997.220158473,10059997.220158473,5.4328666010405875e-08,5.432866601040588e-12
2016-03-23,IC,front,1.0075917617119563,10075917.617119564,8.468296255899586,IC1604,0.004660902458794913,0.004660902458794827,0.007342610105377004,-0.002681707646582177,0.0,0.00715662440395759,False,1.0,9939069.949624227,9939069.949624225,10056609.901656114,10056609.901656112,0.0,0.0
2016-03-24,IC,front,0.9896728468344728,9896728.468344728,8.468296255899586,IC1604,-0.017783903718147087,-0.017783903718147007,-0.016901432125327805,-0.0008824715928192027,0.0,-0.016432504163282458,False,1.0,9877759.484731512,9877759.484731512,9974298.062048769,9974298.062048769,0.0,0.0
2016-03-25,IC,front,1.001020363817378,10010203.638173781,8.468296255899585,IC1604,0.011465927371051121,0.0114659273710511,0.010098572748742205,0.0013673546223088942,2.1036145655972504e-20,0.00980489896019221,False,1.0,9900115.786847087,9900115.786847087,9970910.743546408,9970910.743546408,2.0818902157770935e-09,2.0818902157770936e-13
2016-03-28,IC,front,0.9919762234160774,9919762.234160773,8.468296255899585,IC1604,-0.009034921494315173,-0.009034921494315043,-0.006708513806172264,-0.0023264076881427797,0.0,-0.006524139315467359,False,1.0,9887582.708388355,9887582.708388355,9974298.062048767,9974298.062048767,0.0,0.0
2016-03-29,IC,front,0.9804254673230304,9804254.673230303,8.468296255899585,IC1604,-0.011644186443571791,-0.011644186443571763,-0.019789994877923826,0.008145808434352064,0.0,-0.01919745336862222,False,1.0,9687730.916749125,9687730.916749125,9771058.951907177,9771058.951907177,0.0,0.0
2016-03-30,IC,front,1.0197183619504044,10197183.619504044,8.468296255899585,IC1604,0.04007739082365935,0.04007739082365948,0.03724951630735214,0.0028278745163073365,0.0,0.036412484569907866,False,1.0,9868952.456625376,9868952.456625376,10145696.378268173,10145696.378268175,0.0,0.0
2016-03-31,IC,front,1.01958286921031,10195828.6921031,8.468296255899585,IC1604,-0.00013287270794581918,-0.00013287270794581815,0.0030411241031092873,-0.0031739968110551056,0.0,0.002983299389001992,False,1.0000000000000002,10185328.004745783,10185328.004745785,10225637.094923867,10225637.094923867,0.0,0.0
2016-04-01,IC,front,1.0209377966112538,10209377.96611254,8.468296255899585,IC1604,0.0013289036544850141,0.0013289036544850501,-0.005196013289036654,0.006524916943521705,0.0,-0.005081378405116577,False,1.0,9930262.921518087,9930262.92151809,10136550.618311802,10136550.618311804,0.0,0.0
2016-04-05,IC,front,1.0484428228504157,10484428.228504157,8.468296255899585,IC1604,0.02694094226940935,0.026940942269409365,0.026882879893828825,5.8062375580539204e-05,0.0,0.02645917319369806,False,1.0,10151116.087871952,10151116.08787195,10515252.826875633,10515252.826875633,0.0,0.0
2016-04-06,IC,front,1.0540318983793096,10540318.983793095,8.468296255899583,IC1604,0.005330834841044352,0.0053308348410441965,0.00595276557249941,-0.0006219307314552134,2.0976555209233748e-20,0.005861692685052988,False,0.9999999999999997,10453264.898282446,10453264.898282444,10521350.00017988,10521350.000179878,2.199271875724662e-09,2.1992718757246622e-13
2016-04-07,IC,front,1.042616635026357,10426166.35026357,8.468296255899585,IC1604,-0.010830092875277031,-0.010830092875277123,-0.015178198412443366,0.004348105537166243,2.1060820061280993e-20,-0.014938095305870425,False,1.0,10398390.33854422,10398390.33854422,10470878.954494718,10470878.954494718,2.219877615061705e-09,2.219877615061705e-13
2016-04-08,IC,front,1.0439004076636662,10439004.076636663,8.73154759334682,IC1605,0.0012312988246891976,0.00142983052541553,-0.009824955158900946,0.011254785684316475,0.00019853170072639927,-0.009669335379685617,True,0.9913092158754118,10308729.386543926,10218006.255638182,10371247.26731229,10280524.136406546,20699245.375741817,2069.9245375741816
2016-04-11,IC,front,1.0686522998033479,10686522.998033479,8.808096861720495,IC1605,0.02371097085312801,0.02371185154702022,0.022791701239167562,0.0009201503078526601,8.80693892270274e-07,0.021975314245696875,False,1.0001143247413957,10544184.152748074,10545405.886726245,10691103.208401574,10692324.942379745,91935.67131678399,9.1935671316784
2016-04-12,IC,front,1.0633329703398597,10633329.703398598,8.807089993434547,IC1605,-0.004977605404926311,-0.004977593957000227,-0.008493580383797706,0.0035159864267974793,1.1447925975396921e-08,-0.008173786145963868,False,0.9999998562138571,10499109.651898656,10499108.122973192,10563929.834250333,10563928.30532487,1223.3852421586403,0.12233852421586404
2016-04-13,IC,front,1.0799607550718546,10799607.550718546,8.807091259772228,IC1605,0.015637420446654948,0.015637420461367346,0.015150409865708762,0.0004870105956585856,1.4712546453146283e-11,0.014627117261629463,False,1.0000000033023932,10728798.536989976,10728798.572654529,10891201.299820177,10891201.335484728,1.5644335721287206,0.00015644335721287205
2016-04-14,IC,front,1.094650983272669,10946509.832726689,8.80709123068775,IC1605,0.013602557437225382,0.01360255743755828,0.009397834046064982,0.0042047233914932975,3.3286779782761865e-13,0.00908226845495852,False,0.9999999999743964,10817221.73346019,10817221.733179921,10922202.26092999,10922202.26064972,0.03594841582810204,3.5948415828102045e-06
2016-04-15,IC,front,1.0946509832726192,10946509.832726192,8.807091230913244,IC1605,-4.54081217071689e-14,-4.2847119755198566e-14,-0.0028159495381900436,0.0028159495381471964,2.564656636904215e-15,-0.002733584823137014,False,1.0000000000000455,10827437.959284246,10827437.959284741,10884155.626811326,10884155.626811823,0.0002807403909343975,2.807403909343975e-08
2016-04-18,IC,front,1.0732673657639622,10732673.657639623,8.807091230912844,IC1605,-0.019534644224890263,-0.01953464422489032,-0.016598011135069417,-0.002936633089820904,4.492451337771214e-18,-0.016156695669880317,False,1.0000000000000004,10614306.351496154,10614306.35149616,10736548.777781224,10736548.77778123,4.917666274195653e-07,4.9176662741956534e-11
2016-04-19,IC,front,1.074923098915374,10749230.989153739,8.807091230912839,IC1605,0.0015427033414299185,0.001542703341429886,0.004436092693494348,-0.002893389352064462,6.117420738466762e-20,0.0043033178373559355,False,1.0,10667501.182530869,10667501.182530867,10730207.672094967,10730207.672094967,6.565628041244054e-09,6.565628041244054e-13
2016-04-20,IC,front,1.0200725347292487,10200725.347292487,8.807091230912839,IC1605,-0.05102743093107864,-0.05102743093107864,-0.0468685478320715,-0.004158883099007148,0.0,-0.04534076912224183,False,1.0,10077426.070059707,10077426.070059707,10216930.395157365,10216930.395157365,0.0,0.0
2016-04-21,IC,front,1.0195793376203175,10195793.376203176,8.807091230912839,IC1605,-0.00048349219505450236,-0.0004834921950545971,-0.008897983146843442,0.008414490951788846,0.0,-0.008556659432334635,False,1.0,10158099.025734868,10158099.025734868,10263079.55320735,10263079.55320735,0.0,0.0
2016-04-22,IC,front,1.0304296740168022,10304296.740168022,8.807091230912839,IC1605,0.010641973602377286,0.010641973602377232,0.007020938428581198,0.003621035173796034,0.0,0.006806594893713935,False,1.0,10089051.430484513,10089051.430484513,10251454.192782545,10251454.192782545,0.0,0.0
2016-04-25,IC,front,1.0243351668850105,10243351.668850105,8.807091230912839,IC1605,-0.005914529914529898,-0.005914529914529976,-0.005682051282051245,-0.0002324786324787319,0.0,-0.005529567549223735,False,0.9999999999999998,10016480.99874179,10016480.99874179,10226442.053686753,10226442.053686753,0.0,0.0
2016-04-26,IC,front,1.0365946378784412,10365946.378784413,8.807091230912839,IC1605,0.011968222306290244,0.011968222306290258,0.011811741238779877,0.00015648106751038054,0.0,0.011490311270508258,False,1.0,10155633.040190214,10155633.040190214,10312399.264100462,10312399.264100462,0.0,0.0
2016-04-27,IC,front,1.0332127148457708,10332127.148457708,8.80709123091284,IC1605,-0.0032625318606626097,-0.003262531860662671,-0.005109600679694243,0.0018470688190315723,2.0212803950999098e-20,-0.004972902888649711,False,1.0,10276114.048229102,10276114.048229102,10311342.413152752,10311342.413152754,2.0952484192093834e-09,2.0952484192093836e-13
2016-04-28,IC,front,1.027435262998292,10274352.629982919,8.80709123091284,IC1605,-0.005591735142691623,-0.005591735142691565,-0.004495550479048023,-0.0010961846636435423,0.0,-0.004382801203317466,False,1.0000000000000002,10084824.026693676,10084824.026693674,10247579.072640944,10247579.072640944,0.0,0.0
2016-04-29,IC,front,1.0295137365287874,10295137.365287874,8.807091230912839,IC1605,0.0020229727412997,0.0020229727412995335,-0.0008126178638778989,0.0028355906051774323,2.0089398013127634e-20,-0.0007912752719799743,False,0.9999999999999998,10212702.991366528,10212702.991366528,10327195.177368397,10327195.177368395,2.064055593109515e-09,2.0640555931095152e-13
2016-05-03,IC,front,1.0718230028020925,10718230.028020926,8.80709123091284,IC1605,0.04109635915685739,0.041096359156857346,0.03111483712017514,0.009981522036682206,2.0232425813994858e-20,0.030382969765720524,False,1.0,10217282.678806605,10217282.678806605,10640727.625188893,10640727.625188893,2.0829560298807337e-09,2.0829560298807338e-13
2016-05-04,IC,front,1.0679126542955673,10679126.542955672,8.807091230912839,IC1605,-0.0036483155299917858,-0.0036483155299917532,0.0003829087921117377,-0.0040312243221034905,2.0086753911089882e-20,0.0003777898483166009,False,1.0,10638966.20694271,10638966.20694271,10697093.009066734,10697093.009066734,2.1529444893531036e-09,2.1529444893531036e-13
2016-05-05,IC,front,1.0802425820188453,10802425.820188452,8.807091230912839,IC1605,0.011545820413010333,0.01154582041301049,0.005614567526555382,0.005931252886455108,0.0,0.005517214552220651,False,1.0,10642489.043435074,10642489.043435074,10753458.392944576,10753458.392944576,0.0,0.0
2016-05-06,IC,front,1.0370878349873722,10370878.349873722,8.807091230912839,IC1605,-0.03994912601095757,-0.03994912601095748,-0.039513762066266625,-0.0004353639446908552,0.0,-0.03906141699791421,False,1.0000000000000002,10362423.542292047,10362423.542292047,10449789.8873027,10449789.887302702,0.0,0.0
2016-05-09,IC,front,0.9956945062020818,9956945.062020818,8.807091230912839,IC1605,-0.03991304052447442,-0.03991304052447434,-0.036998539352559555,-0.002914501171914784,0.0,-0.0365412002704022,False,1.0000000000000002,9922421.26439564,9922421.264395641,10015071.864144843,10015071.864144845,0.0,0.0
2016-05-10,IC,front,0.9952013090931506,9952013.090931507,8.807091230912837,IC1605,-0.0004953297480894125,-0.0004953297480894734,-0.0008402915369374475,0.00034496178884797416,2.026310364899537e-20,-0.0008270002524527476,False,0.9999999999999998,9928410.08643266,9928410.08643266,9978434.364624245,9978434.364624245,2.0175860981908045e-09,2.0175860981908047e-13
2016-05-11,IC,front,0.9935103475768152,9935103.475768153,8.807091230912837,IC1605,-0.001699115044247912,-0.0016991150442478532,-0.0027415929203539443,0.0010424778761060913,0.0,-0.0026991235254142376,False,1.0,9887897.466770463,9887897.46677046,9999923.66722767,9999923.66722767,0.0,0.0
2016-05-12,IC,front,0.9987241455855157,9987241.455855157,8.807091230912837,IC1605,0.005247854762073567,0.0052478547620736764,0.0005407417913623469,0.004707112970711329,0.0,0.0005328990933726185,False,1.0,9697664.296182744,9697664.296182744,9959058.763916235,9959058.763916235,0.0,0.0
2016-05-13,IC,front,0.9962758992098794,9962758.992098793,9.05954413629822,IC1606,-0.002451373971940063,-0.0022523248938343277,-0.0021141418562801557,-0.00013818303755417234,0.00019904907810568186,-0.0021217296549700393,True,0.9980925616977245,9911663.163170071,9892659.815072205,9955511.356789755,9936508.008691886,19879512.04606817,1987.951204606817
2016-05-16,IC,front,1.0177931876842015,10177931.876842014,9.076857682305752,IC1606,0.02159772056253395,0.021597908949871337,0.01790659812054336,0.003691310829327978,1.8838733757275562e-07,0.01719017694174796,False,0.9999771176670231,9839909.696752947,9839676.801926726,10134726.034274241,10134493.139448019,18768.576414005216,1.8768576414005218
2016-05-17,IC,front,1.0178658043710496,10178658.043710496,9.077065386738383,IC1606,7.134719285506463e-05,7.134948084338109e-05,-0.003959766641060085,0.004031116121903466,2.287988409692358e-09,-0.003819328555158319,False,0.99999999983912,10075542.580917146,10075542.579279605,10210609.313871814,10210609.312234271,232.86990168852918,0.023286990168852918
2016-05-18,IC,front,0.9912518486539096,9912518.486539096,9.077065388198703,IC1606,-0.026146821715447133,-0.026146821715431263,-0.02838517514311003,0.002238353427678766,1.5982424428246715e-14,-0.027485432634353213,False,0.9999999999989321,9803230.619265182,9803230.619254598,9872942.48144655,9872942.481435964,0.0016267963296456855,1.6267963296456855e-07
2016-05-19,IC,front,0.9928494121622361,9928494.121622361,9.077065388208394,IC1606,0.00161166257646439,0.0016116625764644673,0.006508919087213397,-0.00489725651074893,1.065690573027974e-16,0.006311277012496452,False,0.9999999999999981,9893638.190531641,9893638.190531623,9964439.300559666,9964439.300559647,1.0563677506070235e-05,1.0563677506070234e-09
2016-05-20,IC,front,1.0098779868305152,10098779.868305152,9.077065388208412,IC1606,0.017151215944414044,0.017151215944414017,0.012099104040958158,0.005052111903455859,1.9433750731186074e-19,0.011676928316683544,False,1.0,9844258.95481979,9844258.95481979,10090792.050763529,10090792.050763527,1.929478798956552e-08,1.929478798956552e-12
2016-05-23,IC,front,1.0230215775126408,10230215.775126409,9.077065388208414,IC1606,0.013015028402962425,0.013015028402962472,0.013766448551089367,-0.0007514201481268944,1.9653453681348377e-20,0.013357986359434193,False,1.0000000000000002,10141986.699553024,10141986.699553026,10241471.336207787,10241471.336207788,1.984759023798688e-09,1.9847590237986878e-13
2016-05-24,IC,front,1.0163771656484726,10163771.656484725,9.077065388208412,IC1606,-0.006494889267461446,-0.006494889267461573,-0.011765332197614864,0.0052704429301532905,1.9564864283988132e-20,-0.011412381142546169,False,1.0,10060656.193674676,10060656.193674676,10141623.616937496,10141623.616937494,2.0015278323626262e-09,2.0015278323626262e-13
2016-05-25,IC,front,1.0086435059377188,10086435.059377188,9.077065388208414,IC1606,-0.0076090451184226415,-0.00760904511842253,-0.005001250312578144,-0.002607794805844385,1.98018252186568e-20,-0.004875347803829921,False,1.0000000000000002,10075542.580911338,10075542.58091134,10115844.751234982,10115844.751234984,2.0126122990404838e-09,2.012612299040484e-13
2016-05-26,IC,front,1.0216781718351862,10216781.718351861,9.077065388208412,IC1606,0.01292296616270705,0.012922966162707017,0.005257379409647235,0.007665586753059783,1.9552114810561536e-20,0.0051109501363035825,False,1.0,9916512.395309925,9916512.395309927,10144891.36047725,10144891.36047725,1.972111363102158e-09,1.9721113631021582e-13
2016-05-27,IC,front,1.022186487496926,10221864.874969259,9.077065388208412,IC1606,0.000497530118341194,0.0004975301183411245,-0.0008529087742990479,0.0013504388926401723,0.0,-0.0008355978615658399,False,1.0,10119112.494774738,10119112.494774738,10234935.849128278,10234935.849128278,0.0,0.0
2016-05-30,IC,front,1.018628277864748,10186282.77864748,9.077065388208414,IC1606,-0.0034809789365255472,-0.0034809789365254783,-0.00502077931303954,0.001539800376514062,1.9425141100660182e-20,-0.004925438925080128,False,1.0000000000000002,10021080.188582089,10021080.188582089,10214966.30527422,10214966.30527422,1.9856116750816e-09,1.9856116750816e-13
2016-05-31,IC,front,1.0753054741487214,10753054.741487214,9.077065388208412,IC1606,0.05564070575654978,0.055640705756549606,0.04206023881661023,0.013580466939939377,1.963599327281058e-20,0.04132144583038588,False,1.0,10220775.627122672,10220775.627122672,10692419.944693983,10692419.944693983,2.000177801164682e-09,2.0001778011646822e-13
2016-06-01,IC,front,1.0710574075470398,10710574.0754704,9.077065388208412,IC1606,-0.003950567260940008,-0.003950567260939971,0.004467179902755273,-0.008417747163695245,0.0,0.004449062771130441,False,1.0,10696413.853464795,10696413.853464793,10753417.824102743,10753417.824102743,0.0,0.0
2016-06-02,IC,front,1.0779559772420784,10779559.772420783,9.077065388208412,IC1606,0.00644089630156941,0.006440896301569544,0.006798535543577848,-0.0003576392420083034,0.0,0.00671434167311169,False,1.0,10704038.588390889,10704038.588390889,10758864.063335666,10758864.063335666,0.0,0.0
2016-06-03,IC,front,1.0899013952929604,10899013.952929605,9.077065388208412,IC1606,0.011081545353497813,0.01108154535349796,0.003150998686382168,0.007930546667115792,0.0,0.0031111310649181156,False,1.0000000000000002,10726186.627938116,10726186.627938116,10885942.978770584,10885942.978770584,0.0,0.0
2016-06-06,IC,front,1.084527772583141,10845277.72583141,9.077065388208412,IC1606,-0.004930375108268437,-0.004930375108268433,0.003208075154906941,-0.008138450263175374,0.0,0.0031926532506711958,False,1.0000000000000002,10812963.373049388,10812963.37304939,10852902.460757505,10852902.460757507,0.0,0.0
2016-06-07,IC,front,1.0922614322938946,10922614.322938947,9.077065388208412,IC1606,0.007130900569133125,0.007130900569132971,-0.0010880482089052563,0.008218948778038226,0.0,-0.0010740499614994015,False,1.0,10796987.73796614,10796987.737966143,10886669.144001642,10886669.144001642,0.0,0.0
2016-06-08,IC,front,1.0884853730924,10884853.730924,9.077065388208412,IC1606,-0.003457102017750957,-0.0034571020177509197,-0.0035701226606388264,0.00011302064288790675,0.0,-0.0035531382746436524,False,1.0000000000000002,10768304.211339405,10768304.211339405,10895383.12677432,10895383.126774322,0.0,0.0
2016-06-13,IC,front,1.0308134196912266,10308134.196912266,9.224765018241296,IC1607,-0.052983673301301715,-0.0527858975502317,-0.04680780733095772,-0.005978090219273976,0.00019777575107008958,-0.046056694356461314,True,1.0069431965325286,10306289.243908618,10377860.645521458,10482297.76045666,10553869.162069501,21527601.219215605,2152.7601219215608
2016-06-14,IC,front,1.0303778123784721,10303778.12378472,9.16115730262377,IC1607,-0.0004225859931906717,-0.00042189475885407617,0.002873111489129996,-0.003295006247984072,6.912343366280142e-07,0.0028400192118946954,False,1.0000315577364425,10241848.700418983,10242173.864333374,10303045.23120051,10303370.3951149,71253.36303475198,7.125336303475199
2016-06-15,IC,front,1.0676073242944744,10676073.242944743,9.16086820635933,IC1607,0.03613190372380348,0.03613190685499905,0.033800644279973445,0.002331262575025602,3.1311954434533422e-09,0.03298593035281705,False,1.0000002402331232,10205204.617137874,10205207.181884294,10688898.458433647,10688901.023180066,322.6314311154894,0.032263143111548945
2016-06-16,IC,front,1.060608422332463,10606084.22332463,9.160866005615878,IC1607,-0.006555689346395721,-0.00655568932240118,-0.003827012488092667,-0.002728676834308514,2.3994453018982287e-11,-0.003746104806941264,False,1.0000000003146505,10565043.54361947,10565043.546956679,10626604.56317721,10626604.56651442,2.561665378550515,0.0002561665378550515
2016-06-17,IC,front,1.0646025599114428,10646025.59911443,9.160866002733409,IC1607,0.003765892760116074,0.003765892760147722,0.005825041459737846,-0.002059148699590124,3.163679335918204e-14,0.005685813288818009,False,0.9999999999983206,10589961.099177701,10589961.09915982,10641628.383433117,10641628.383415237,0.0033554249492340205,3.3554249492340207e-07
2016-06-20,IC,front,1.0714915311455069,10714915.31145507,9.160866002748795,IC1607,0.006470932433825016,0.006470932433825021,0.0036657143840561506,0.00280521804976887,1.6823403681283592e-16,0.003571266894355718,False,1.0000000000000029,10489558.00778745,10489558.007787481,10706487.31473254,10706487.314732572,1.7910238625518105e-05,1.7910238625518105e-09
2016-06-21,IC,front,1.0585563883496258,10585563.883496258,9.160866002748769,IC1607,-0.012072090557778248,-0.012072090557778343,-0.01175917376286711,-0.0003129167949112348,2.9343690681130285e-19,-0.011489298429389283,False,1.0,10508246.174433058,10508246.174433058,10605351.354062194,10605351.354062194,3.144151605738443e-08,3.1441516057384433e-12
2016-06-22,IC,front,1.0850129693655641,10850129.693655642,9.16086600274877,IC1607,0.024993076710052575,0.024993076710052554,0.01593914428136253,0.009053932428690025,1.933096854581215e-20,0.01556415630070318,False,1.0000000000000002,10547088.246284714,10547088.246284714,10779041.373474311,10779041.373474313,2.0462920247155125e-09,2.0462920247155127e-13
2016-06-23,IC,front,1.078783580483695,10787835.80483695,9.160866002748769,IC1607,-0.005741303613644111,-0.00574130361364404,-0.005187436676798422,-0.0005538669368456175,1.9351416466466933e-20,-0.005112425090158079,False,1.0000000000000002,10667278.808240777,10667278.808240777,10775743.46171332,10775743.461713322,2.099653784171096e-09,2.099653784171096e-13
2016-06-24,IC,front,1.0602786311581422,10602786.311581424,9.160866002748769,IC1607,-0.017153532608695676,-0.017153532608695652,-0.012661345108695685,-0.004492187499999968,0.0,-0.012470371367826694,False,1.0000000000000002,10358374.406628087,10358374.406628089,10641994.818073187,10641994.818073189,0.0,0.0
2016-06-27,IC,front,1.092927957591939,10929279.57591939,9.160866002748767,IC1607,0.030793157076205224,0.03079315707620526,0.02429583549334722,0.006497321582858039,1.9468445755640137e-20,0.023815896009567128,False,0.9999999999999998,10637597.602391869,10637597.602391869,10923783.056317741,10923783.05631774,2.064197701656667e-09,2.0641977016566672e-13
2016-06-28,IC,front,1.1060829611718863,11060829.611718863,9.160866002748767,IC1607,0.01203647824046139,0.012036478240461371,0.010609870582713062,0.0014266076577483088,0.0,0.010471160877664865,False,0.9999999999999998,10854526.90933696,10854526.909336958,11026384.755548527,11026384.755548526,0.0,0.0
2016-06-29,IC,front,1.108538073260623,11085380.732606228,9.160866002748769,IC1607,0.0022196455192975417,0.002219645519297603,0.0021020374358124224,0.00011760808348518029,1.9487068010202427e-20,0.0020777698276384093,False,1.0000000000000002,11011360.93530402,11011360.93530402,11071456.216282051,11071456.216282053,2.155431388928264e-09,2.155431388928264e-13
2016-06-30,IC,front,1.108757934044689,11087579.34044689,9.160866002748767,IC1607,0.00019833399444668665,0.00019833399444676812,0.0005437657014412213,-0.00034543170699445315,1.9373402417455694e-20,0.0005375641318912106,False,0.9999999999999998,11031881.275150176,11031881.275150174,11072555.52020238,11072555.520202378,2.147615418834903e-09,2.147615418834903e-13
2016-07-01,IC,front,1.1065959696680403,11065959.696680402,9.160866002748769,IC1607,-0.0019498975477559854,-0.0019498975477559963,-0.0019746843809901214,2.478683323412534e-05,1.9417624201337426e-20,-0.0019515015130260327,False,1.0000000000000002,11017956.758825999,11017956.758826,11080617.0822848,11080617.0822848,2.1529444893531036e-09,2.1529444893531036e-13
2016-07-04,IC,front,1.1285454046106265,11285454.046106264,9.160866002748769,IC1607,0.019835093877280885,0.019835093877280736,0.019924500811285165,-8.94069340044283e-05,0.0,0.019690618076622313,False,1.0,11013193.10850457,11013193.108504571,11329426.202919459,11329426.202919459,0.0,0.0
2016-07-05,IC,front,1.1363871059089794,11363871.059089793,9.160866002748769,IC1607,0.006948503149555085,0.006948503149555047,0.006107539450613658,0.0008409636989413896,0.0,0.006036701605294015,False,1.0,11290217.696427692,11290217.696427692,11366436.101570563,11366436.101570563,0.0,0.0
2016-07-06,IC,front,1.1408209650543097,11408209.650543097,9.160866002748769,IC1607,0.0039017154649814145,0.0039017154649814145,0.00449825873855276,-0.0005965432735713453,0.0,0.00445011563920561,False,1.0,11296813.519949673,11296813.519949673,11402346.696301337,11402346.696301337,0.0,0.0
2016-07-07,IC,front,1.1504948395532124,11504948.395532124,9.160866002748769,IC1607,0.008479748177175228,0.008479748177175228,0.0035958629107378545,0.004883885266437373,0.0,0.003555435576587218,False,1.0,11319898.902276598,11319898.902276598,11484061.621045858,11484061.621045858,0.0,0.0
2016-07-08,IC,front,1.1418578218849984,11418578.218849983,9.322994712920265,IC1608,-0.007507219825139022,-0.007307214751988429,-0.0031986018273105783,-0.004108612924677851,0.00020000507315058315,-0.003155168130586583,True,1.00602902964821,11347723.45903179,11416566.40565364,11433867.930179171,11502710.876801023,23010480.454420865,2301.0480454420867
2016-07-11,IC,front,1.1398018566651105,11398018.566651104,9.26712295387773,IC1608,-0.0018005439735867546,-0.001799939269976749,0.002073082503764115,-0.0038730217737408643,6.047036099568006e-07,0.0020079843170868195,False,0.9999825668631224,11370958.56762578,11370759.864407973,11452509.249619905,11452310.546402097,69048.55469512679,6.904855469512679
2016-07-12,IC,front,1.1589294588177044,11589294.588177044,9.267284511717106,IC1608,0.01678151517366233,0.01678151692321265,0.013439906127358929,0.003341610795853719,1.7495503374857575e-09,0.01309306930693066,False,1.0000000630578414,11346121.04258959,11346121.773385487,11544811.622520803,11544812.353316702,199.4140722995337,0.01994140722995337
2016-07-13,IC,front,1.1695683028298027,11695683.028298028,9.267283927342186,IC1608,0.009179889190970902,0.009179889197455401,0.008221916769552853,0.0009579724279025481,6.484485672657183e-12,0.008038904482303044,False,0.9999999982356655,11604492.95445298,11604492.933817886,11693458.880155466,11693458.85952037,0.7515061471323747,7.515061471323748e-05
2016-07-14,IC,front,1.1744984978843052,11744984.978843052,9.267283943692773,IC1608,0.004215397290242562,0.004215397290419345,0.0014294317163279365,0.002785965574091408,1.7671861949556975e-13,0.0013991958501897717,False,1.0000000000030158,11676777.769017473,11676777.769052893,11716812.435654227,11716812.435689647,0.020668449588185922,2.066844958818592e-06
2016-07-15,IC,front,1.1711993448003692,11711993.448003693,9.267283943664825,IC1608,-0.0028089887640374567,-0.0028089887640372633,-0.0022976896856437444,-0.0005112990783935186,3.0234176249011575e-16,-0.0022554131464561644,False,0.9999999999999927,11630441.349299442,11630441.349299356,11715700.361581158,11715700.361581072,3.550999458923343e-05,3.550999458923343e-09
2016-07-18,IC,front,1.1613760238200845,11613760.238200845,9.267283943664893,IC1608,-0.008387403070105992,-0.008387403070106006,-0.0045814211109353725,-0.003805981959170632,7.260340898517721e-19,-0.0044946297325579865,False,0.9999999999999999,11588182.534516329,11588182.534516329,11661208.73199241,11661208.731992409,8.503306503371277e-08,8.503306503371278e-12
2016-07-19,IC,front,1.162636374436423,11626363.74436423,9.267283943664895,IC1608,0.001085221832109795,0.0010852218321098274,0.0031710820300031753,-0.0020858601978933477,1.9215762842552397e-20,0.0030988432752605544,False,1.0000000000000002,11525165.003699409,11525165.00369941,11628587.892510708,11628587.89251071,2.2316726244753227e-09,2.2316726244753228e-13
2016-07-20,IC,front,1.1612648164127606,11612648.164127605,9.267283943664895,IC1608,-0.0011796964672874388,-0.001179696467287423,-0.0022350465501848505,0.0010553500828974272,0.0,-0.0021797467016171357,False,1.0000000000000002,11609682.633265633,11609682.633265635,11651941.448048746,11651941.448048746,0.0,0.0
2016-07-21,IC,front,1.1695312336905095,11695312.336905096,9.267283943664895,IC1608,0.007118460114278413,0.0071184601142784765,0.003956650812398245,0.0031618093018802315,0.0,0.003862622157957629,False,1.0000000000000002,11625251.67029099,11625251.67029099,11709398.608499467,11709398.60849947,0.0,0.0
2016-07-22,IC,front,1.1625993053006483,11625993.053006483,9.267283943664893,IC1608,-0.005927099841521288,-0.005927099841521337,-0.008206022187004714,0.0022789223454833768,1.9134626607745937e-20,-0.008036990645240882,False,0.9999999999999999,11600786.040679714,11600786.040679714,11640450.0159586,11640450.015958598,2.2378543462764355e-09,2.2378543462764356e-13
2016-07-25,IC,front,1.1658984583845928,11658984.583845928,9.267283943664895,IC1608,0.0028377387367277684,0.002837738736727876,0.002845709912954669,-7.971176226792984e-06,1.911731468722007e-20,0.002793020734071394,False,1.0000000000000002,11580398.016003652,11580398.016003653,11637855.176454373,11637855.176454375,2.2225776774575934e-09,2.2225776774575935e-13
2016-07-26,IC,front,1.1849890633085427,11849890.633085426,9.267283943664893,IC1608,0.016374157446267468,0.01637415744626733,0.013622345160880152,0.0027518122853871763,1.9155243380816566e-20,0.013370719544125498,False,0.9999999999999999,11651200.06533325,11651200.065333249,11823571.546685418,11823571.546685416,2.233306872767571e-09,2.233306872767571e-13
2016-07-27,IC,front,1.131387092978385,11313870.929783849,9.267283943664893,IC1608,-0.04523414771483092,-0.04523414771483089,-0.0414771483091939,-0.003756999405636996,0.0,-0.04083166139808181,False,0.9999999999999999,11198956.608882405,11198956.608882403,11354646.979135975,11354646.979135973,0.0,0.0
2016-07-28,IC,front,1.1353534905062734,11353534.905062735,9.267283943664895,IC1608,0.003505782903574506,0.003505782903574677,0.002293502834114217,0.00121228006946046,1.921828381456552e-20,0.002247447140846015,False,1.0000000000000002,11232318.831079599,11232318.831079599,11352422.830989495,11352422.830989497,2.1743318256994826e-09,2.1743318256994828e-13
2016-07-29,IC,front,1.1311646781637368,11311646.781637369,9.267283943664895,IC1608,-0.0036894345043751997,-0.003689434504375142,-0.006595272299856281,0.0029058377954811394,0.0,-0.006470947208923494,False,1.0000000000000002,11270870.732285243,11270870.732285246,11323879.596443007,11323879.596443009,0.0,0.0
2016-08-01,IC,front,1.117300821384014,11173008.213840142,9.267283943664893,IC1608,-0.012256267409470722,-0.012256267409470783,-0.015338358184499521,0.0030820907750287382,1.9120930218267167e-20,-0.015091352579201134,False,1.0,11046973.1522063,11046973.152206298,11183758.263214793,11183758.263214793,2.162892087653745e-09,2.162892087653745e-13
2016-08-02,IC,front,1.127457764586271,11274577.64586271,9.267283943664893,IC1608,0.009090607478186019,0.009090607478185889,0.009825486878338554,-0.0007348794001526641,0.0,0.009695086818741316,False,0.9999999999999999,11175232.36198662,11175232.36198662,11268275.892781017,11268275.892781017,0.0,0.0
2016-08-03,IC,front,1.1310905398921878,11310905.398921877,9.267283943664895,IC1608,0.003222094361335026,0.003222094361334928,0.004912049975341134,-0.0016899556140062058,1.913590052443052e-20,0.004843957454879755,False,1.0000000000000002,11237508.51008805,11237508.510088053,11318319.22607681,11318319.22607681,2.157491962861968e-09,2.1574919628619683e-13
2016-08-04,IC,front,1.1426190411181067,11426190.411181068,9.267283943664895,IC1608,0.01019237701963105,0.010192377019630949,0.006528364959197595,0.0036640120604333535,0.0,0.006427475521869175,False,1.0000000000000002,11280879.3989444,11280879.398944402,11401724.781569794,11401724.781569794,0.0,0.0
2016-08-05,IC,front,1.1393569571699367,11393569.571699368,9.267283943664895,IC1608,-0.002854918245522975,-0.0028549182455230287,-0.00566766156241883,0.002812743316895802,0.0,-0.005600947704717418,False,1.0,11359465.96678668,11359465.966786683,11390233.349479647,11390233.34947965,0.0,0.0
2016-08-08,IC,front,1.1580768707361397,11580768.707361398,9.267283943664895,IC1608,0.01643024466423726,0.016430244664237377,0.01422924258198859,0.0022010020822487856,0.0,0.014100582110460724,False,1.0,11284586.31252187,11284586.31252187,11542216.806155752,11542216.806155752,0.0,0.0
2016-08-09,IC,front,1.1671588090009315,11671588.090009315,9.267283943664895,IC1608,0.007842258570468275,0.007842258570468295,0.008128741077430295,-0.0002864825069620003,0.0,0.008073746256414216,False,1.0,11560751.374043081,11560751.374043083,11654165.596195227,11654165.596195227,0.0,0.0
2016-08-10,IC,front,1.1651200065333254,11651200.065333253,9.267283943664895,IC1608,-0.0017468081051895679,-0.0017468081051896082,-0.0036968811535285123,0.001950073048338904,0.0,-0.0036710267994417567,False,1.0,11629329.275226204,11629329.275226204,11649717.299902266,11649717.299902266,0.0,0.0
2016-08-11,IC,front,1.1484018262989537,11484018.262989538,9.267283943664895,IC1608,-0.01434889122204197,-0.014348891222041905,-0.014628869587350074,0.00027997836530816984,0.0,-0.0145546170075036,False,1.0,11478457.89262334,11478457.892623339,11535544.361716315,11535544.361716315,0.0,0.0
2016-08-12,IC,front,1.1619209083493816,11619209.083493816,9.425800471937308,IC1609,0.011772083377816323,0.011972279259670489,0.011969182461640072,3.096798030416983e-06,0.00020019588185419846,0.01168910638885623,True,1.0008577612031886,11446528.418847924,11456494.925611481,11611291.411097389,11621257.917860946,22990531.63388911,2299.053163388911
2016-08-15,IC,front,1.195484989446248,11954849.89446248,9.417722315113,IC1609,0.028886717551668273,0.028886803277731216,0.02325393141220602,0.005632871865525196,8.572606292793464e-08,0.02277154319115926,False,1.0000005698391885,11612421.51108497,11612428.323426934,11987246.859226467,11987253.671568431,9960.690490644205,0.9960690490644205
2016-08-16,IC,front,1.2015123317667744,12015123.317667743,9.417716948528817,IC1609,0.00504175491431158,0.00504175497159181,0.004153143879850921,0.0008886110917408893,5.72801957222125e-11,0.004091560303172814,False,0.9999999971090867,11992520.796991274,11992520.762256594,12017383.56973539,12017383.53500071,6.847761417844822,0.0006847761417844823
2016-08-17,IC,front,1.2015500026312804,12015500.026312804,9.417716975754619,IC1609,3.135287379918417e-05,3.135287408852551e-05,0.003052202542682738,-0.0030208496685942125,2.893451048634098e-13,0.00300978993304879,False,1.000000000002827,11957863.598421188,11957863.598455155,12025294.451967588,12025294.452001557,0.03476517116297373,3.4765171162973733e-06
2016-08-18,IC,front,1.201663015234982,12016630.15234982,9.417716975727995,IC1609,9.405568095721684e-05,9.405568095751444e-05,0.00032135690995631306,-0.0002273012289987986,2.8213435044066536e-16,0.0003159504096565957,False,1.000000000000006,11916048.935049044,11916048.935049117,11994404.340287102,11994404.340287173,3.3899852951435605e-05,3.3899852951435605e-09
2016-08-19,IC,front,1.2027554704041665,12027554.704041665,9.417716975727938,IC1609,0.0009091194081318754,0.0009091194081319509,0.001432646791435515,-0.0005235273833035642,6.04185095033329e-19,0.0014082315292871517,False,0.9999999999999999,11951082.842198754,11951082.842198752,12047520.264030207,12047520.264030207,7.260268830577843e-08,7.260268830577843e-12
2016-08-22,IC,front,1.1905124383357202,11905124.383357203,9.41771697572794,IC1609,-0.01017915309446249,-0.010179153094462542,-0.012402906539714329,0.0022237534452517875,1.8878403983745543e-20,-0.012185458993314913,False,1.0000000000000002,11878001.358467104,11878001.358467106,11930740.573531182,11930740.573531182,2.270610366394976e-09,2.2706103663949764e-13
2016-08-23,IC,front,1.1882521862615454,11882521.862615455,9.41771697572794,IC1609,-0.0018985539347531333,-0.0018985539347530298,0.0013210771129322303,-0.0032196310476852604,0.0,0.001300552150583556,False,1.0000000000000002,11742386.234016623,11742386.234016623,11859919.341873707,11859919.34187371,0.0,0.0
2016-08-24,IC,front,1.1893069705628267,11893069.705628268,9.417716975727938,IC1609,0.0008876771391432836,0.0008876771391433064,0.00100814760802723,-0.00012047046888392353,1.8946176830233685e-20,0.0009893135470624426,False,1.0,11858035.798478562,11858035.79847856,11899473.753171764,11899473.753171764,2.2512836039823014e-09,2.2512836039823015e-13
2016-08-25,IC,front,1.182865252151429,11828652.52151429,9.417716975727938,IC1609,-0.005416363118051382,-0.005416363118051348,-0.008313008773874867,0.0028966456558235194,0.0,-0.008156878102146825,False,1.0,11655366.529160896,11655366.529160896,11793618.614364581,11793618.614364581,0.0,0.0
2016-08-26,IC,front,1.1827145686798173,11827145.686798172,9.417716975727938,IC1609,-0.00012738853503191372,-0.00012738853503187615,0.004484076433120996,-0.004611464968152872,0.0,0.004412015849414974,False,1.0,11794748.740401668,11794748.740401668,11852385.168293124,11852385.168293124,0.0,0.0
2016-08-29,IC,front,1.191755576976516,11917555.769765161,9.417716975727936,IC1609,0.007644285896292624,0.007644285896292522,0.002675500063702411,0.0049687858325901104,1.886186263590649e-20,0.002620606389599933,False,0.9999999999999999,11826768.978119144,11826768.978119142,11893823.122986328,11893823.122986326,2.2308199731924105e-09,2.2308199731924106e-13
2016-08-30,IC,front,1.192282969127157,11922829.69127157,9.417716975727938,IC1609,0.0004425338222280306,0.0004425338222278704,-0.0002813250727019449,0.0007238588949298153,1.8867228572299307e-20,-0.0002769337521566495,False,1.0,11866323.389417201,11866323.389417201,11903994.257320113,11903994.257320113,2.248512487312837e-09,2.2485124873128373e-13
2016-08-31,IC,front,1.1947315755408463,11947315.755408462,9.417716975727938,IC1609,0.0020537124802526563,0.0020537124802527643,0.0013364928909952664,0.000717219589257498,0.0,0.0013165778313815046,False,1.0,11813584.174353125,11813584.174353125,11924713.234666714,11924713.234666714,0.0,0.0
2016-09-01,IC,front,1.1826768978119144,11826768.978119144,9.417716975727938,IC1609,-0.010089862840927055,-0.010089862840927005,-0.008313101056282591,-0.0017767617846444147,0.0,-0.00819525629409057,False,1.0,11801906.205303224,11801906.205303222,11881015.027899338,11881015.027899338,0.0,0.0
2016-09-02,IC,front,1.181170063095798,11811700.63095798,9.417716975727938,IC1609,-0.0012740882306099266,-0.0012740882306099697,-0.003906673037107779,0.002632584806497809,0.0,-0.0038439358894801767,False,1.0,11774029.763055068,11774029.763055068,11816221.135106329,11816221.135106329,0.0,0.0
2016-09-05,IC,front,1.188365198865254,11883651.98865254,9.417716975727938,IC1609,0.006091532450964721,0.006091532450964729,0.005555732738000341,0.0005357997129643874,0.0,0.005480615704071878,False,1.0,11860296.050552735,11860296.050552735,11890432.744875066,11890432.744875066,0.0,0.0
2016-09-06,IC,front,1.214094401642943,12140944.016429428,9.417716975727938,IC1609,0.02165092246243594,0.021650922462435867,0.016036898497432367,0.005614023965003499,0.0,0.015829681513316318,False,1.0,11774029.763055068,11774029.763055068,12121355.165119912,12121355.165119912,0.0,0.0
2016-09-07,IC,front,1.2109300487390982,12109300.487390982,9.417716975727938,IC1609,-0.0026063483198361936,-0.0026063483198362006,0.00020943870427246483,-0.0028157870241086657,0.0,0.00020791717811707855,False,1.0,12097999.22702011,12097999.22702011,12137176.929639136,12137176.929639136,0.0,0.0
2016-09-08,IC,front,1.2200087279037,12200087.279036999,9.417716975727938,IC1609,0.0074972779592470395,0.007497277959247133,0.0036801990978378996,0.0038170788614092337,0.0,0.003643183581960807,False,1.0,12111184.030786127,12111184.030786127,12156765.78094865,12156765.78094865,0.0,0.0
2016-09-09,IC,front,1.213943718171331,12139437.181713311,9.417716975727936,IC1609,-0.004971283888099753,-0.004971283888099767,-0.007245414685357774,0.0022741307972580066,1.8855456148875213e-20,-0.00720008346144041,False,0.9999999999999999,12130772.88209564,12130772.88209564,12154882.237553505,12154882.237553503,2.3003821070233244e-09,2.3003821070233244e-13
2016-09-12,IC,front,1.1855129013085923,11855129.013085922,9.563129968263205,IC1610,-0.02342021004529493,-0.02322410800359797,-0.028007490023264053,0.004783382019666087,0.000196102041696883,-0.027725021441651676,True,0.9936512274057728,11845183.35791893,11769917.839739623,11886113.554183094,11810848.036003789,23805684.163850356,2380.5684163850356
2016-09-13,IC,front,1.1908886402215444,11908886.402215444,9.624232028808185,IC1610,0.004534525863884031,0.0045351650911712015,0.004575394646392354,-4.0229555221151584e-05,6.392272870810426e-07,0.004512337005931677,False,1.0000439402556447,11885788.245346306,11886311.52485926,11905036.70940392,11905559.988916878,75781.21957030671,7.578121957030672
2016-09-14,IC,front,1.1851525910334613,11851525.910334613,9.623809156173587,IC1610,-0.004816612565063938,-0.004816608192343794,-0.0067674340645107614,0.0019508258721669673,4.3727201651053245e-09,-0.006624968552364496,False,1.0000002184790426,11844596.76774217,11844599.357052205,11868078.862083232,11868081.451393267,520.7422771491607,0.05207422771491607
2016-09-19,IC,front,1.1979330077334036,11979330.077334037,9.623807053573435,IC1610,0.010783773158524523,0.01078377318045323,0.010722058531314908,6.171464913832289e-05,2.192880404049681e-11,0.010515819921760539,False,0.999999999221328,11895410.479826875,11895410.470498908,11970476.17484475,11970476.16551678,2.598897892685983,0.0002598897892685983
2016-09-20,IC,front,1.196739655657768,11967396.55657768,9.623807061067224,IC1610,-0.000996175969717683,-0.0009961759696397834,-0.00034544811857920265,-0.0006507278510605807,7.78646936957344e-14,-0.00033889328486902404,False,1.0000000000000528,11934290.66028761,11934290.66028824,11964701.89060058,11964701.890601214,0.00932766867151713,9.327668671517131e-07
2016-09-21,IC,front,1.202629425579141,12026294.255791409,9.623807061066714,IC1610,0.004921513124034993,0.004921513124034998,0.0002766340710242301,0.004644879053010768,5.306290551298013e-18,0.00027120653796974814,False,0.9999999999999999,11968166.461142566,11968166.461142566,12020135.019272327,12020135.019272326,6.350248327180452e-07,6.350248327180452e-11
2016-09-22,IC,front,1.2112908519341008,12112908.519341009,9.623807061066714,IC1610,0.007202074197368846,0.007202074197368842,0.006704330847284069,0.0004977433500847724,0.0,0.006603349753694587,False,1.0,12087501.668699794,12087501.668699792,12112138.614776123,12112138.614776123,0.0,0.0
2016-09-23,IC,front,1.2123302230966961,12123302.230966961,9.623807061066714,IC1610,0.0008580690268862323,0.0008580690268862491,-0.0023930591749825843,0.0032511282018688335,0.0,-0.002358416697464949,False,1.0,12099050.237173073,12099050.237173073,12122147.374119632,12122147.374119632,0.0,0.0
2016-09-26,IC,front,1.1935830469417381,11935830.46941738,9.623807061066714,IC1610,-0.015463753850062045,-0.015463753850062002,-0.020490267678531654,0.005026513828469652,0.0,-0.020258751950371745,False,1.0,11905034.286821967,11905034.286821967,11978175.220486073,11978175.220486075,0.0,0.0
2016-09-27,IC,front,1.2021289876119652,12021289.876119653,9.623807061066714,IC1610,0.007159904534606243,0.007159904534606294,0.007319551054634493,-0.0001596465200281989,0.0,0.007272267011881661,False,1.0000000000000002,11879627.43618075,11879627.436180752,11970476.174837219,11970476.17483722,0.0,0.0
2016-09-28,IC,front,1.20108961644937,12010896.1644937,9.623807061066714,IC1610,-0.000864608684513879,-0.0008646086845139851,-0.0009014346099654331,3.682592545144806e-05,0.0,-0.0008955114674776832,False,1.0,11976250.459073858,11976250.45907386,12013205.878188357,12013205.878188357,0.0,0.0
2016-09-29,IC,front,1.2125611944661616,12125611.944661617,9.623807061066714,IC1610,0.009550975930258776,0.009550975930258705,0.002805999807698506,0.006744976122560199,0.0,0.0027876483774007532,False,1.0,12025139.39894408,12025139.39894408,12119067.75586009,12119067.75586009,0.0,0.0
2016-09-30,IC,front,1.2161797459211228,12161797.459211228,9.623807061066714,IC1610,0.0029842217213245092,0.0029842217213245153,0.0046509412997238295,-0.0016667195783993144,0.0,0.004651687070056365,False,1.0,12093660.905218875,12093660.905218875,12155638.222692145,12155638.222692143,0.0,0.0
2016-10-10,IC,front,1.240431739715011,12404317.39715011,9.623807061066714,IC1610,0.019941126198841586,0.019941126198841513,0.018928243598265348,0.0010128826005761631,0.0,0.0188998576189654,False,0.9999999999999999,11871928.3905319,11871928.390531898,12375445.97596691,12375445.97596691,0.0,0.0
2016-10-11,IC,front,1.2423949963554686,12423949.963554686,9.623807061066715,IC1610,0.0015827204170932863,0.0015827204170933524,0.006011234211588104,-0.0044285137944947515,1.8463098553316064e-20,0.006008353379272302,False,1.0000000000000002,12385839.687592862,12385839.687592864,12415865.96562339,12415865.965623392,2.290221345901955e-09,2.290221345901955e-13
2016-10-12,IC,front,1.2411246538234078,12411246.538234077,9.623807061066715,IC1610,-0.0010224948875255935,-0.0010224948875256188,-0.0005716675962075523,-0.00045082729131806657,0.0,-0.0005688799539963485,False,1.0000000000000002,12387379.496722631,12387379.496722635,12413556.251928734,12413556.251928736,0.0,0.0
2016-10-13,IC,front,1.2437808245722621,12437808.245722622,9.623807061066714,IC1610,0.0021401321298968323,0.002140132129896744,0.0003241214602524961,0.0018160106696442477,1.8485423139634336e-20,0.0003223945430481656,False,1.0,12399697.969760796,12399697.969760796,12442427.673111932,12442427.673111932,2.2942714394957875e-09,2.2942714394957876e-13
2016-10-14,IC,front,1.249579701777748,12495797.017777478,9.75177840252981,IC1611,0.00466229828513387,0.004861890665005067,-0.002387809224338827,0.007249699889343894,0.0001995923798712424,-0.0023655207615311813,True,0.9962646072882333,12377215.392402714,12330538.683294794,12455619.690759055,12408942.981651133,24824917.481459405,2482.4917481459406
2016-10-17,IC,front,1.2380253351057098,12380253.351057097,9.788341702786681,IC1611,-0.009246602402071646,-0.00924622857019565,-0.008831849168456881,-0.000414379401738768,3.7383187596373855e-07,-0.008708568990755117,False,1.0000033306771943,12305470.420447808,12305511.655075304,12381427.952061433,12381469.18668893,46713.27240817845,4.671327240817845
2016-10-18,IC,front,1.2571321143194762,12571321.143194763,9.788309101088787,IC1611,0.015433269959806761,0.015433270292895516,0.015200820468436255,0.00023244982445925984,3.330887863365459e-10,0.01498951373350077,False,1.0000000001205591,12380253.34954151,12380253.351057097,12552136.05735663,12552136.058872217,41.23723563242564,0.004123723563242564
2016-10-19,IC,front,1.2526294921337722,12526294.921337722,9.788309099908716,IC1611,-0.0035816618909154663,-0.003581661890903454,-0.0021832565091034995,-0.0013984053817999544,1.2077326851726415e-14,-0.002153848044637696,False,0.9999999999997972,12505935.23840991,12505935.238407372,12526294.921337722,12526294.921335181,0.0015182795440438213,1.5182795440438213e-07
2016-10-20,IC,front,1.2564273560645374,12564273.560645374,9.7883090999107,IC1611,0.0030319132310190344,0.003031913231019165,0.0004657268777544225,0.002566186353264743,2.027736113130251e-17,0.0004587961066992996,False,1.0000000000000002,12515332.01514582,12515332.015145821,12560358.237005409,12560358.23700541,2.5400020575716553e-06,2.5400020575716555e-10
2016-10-21,IC,front,1.2522379597697757,12522379.597697757,9.7883090999107,IC1611,-0.0033343720785290465,-0.0033343720785290803,-0.003577438454347155,0.00024306637581807472,0.0,-0.003533264391589075,False,1.0,12416665.85941872,12416665.859418722,12510633.626777865,12510633.626777865,0.0,0.0
2016-10-24,IC,front,1.266881270183242,12668812.70183242,9.7883090999107,IC1611,0.011693712284650992,0.011693712284651108,0.01003501860363326,0.001658693681017848,0.0,0.009913084839574537,False,1.0000000000000002,12531384.842069674,12531384.842069674,12701701.42040812,12701701.42040812,0.0,0.0
2016-10-25,IC,front,1.269935222622414,12699352.226224141,9.788309099910698,IC1611,0.0024106066693452277,0.0024106066693451752,0.0036900825169206217,-0.0012794758475754464,1.8194290886251477e-20,0.0036516720774006917,False,0.9999999999999999,12676643.349112347,12676643.349112347,12697394.56440416,12697394.564404158,2.305000634805765e-09,2.3050006348057653e-13
2016-10-26,IC,front,1.2668029637104428,12668029.637104427,9.7883090999107,IC1611,-0.0024664714043470815,-0.002466471404347156,-0.0050809310929551465,0.002614459688607991,1.8150537080512996e-20,-0.0050218257444749614,False,1.0,12604992.926501002,12604992.926501004,12645712.292356633,12645712.292356633,2.305000634805765e-09,2.3050006348057653e-13
2016-10-27,IC,front,1.2642971565808656,12642971.565808656,9.7883090999107,IC1611,-0.0019780559418945964,-0.001978055941894635,-0.002013599134600627,3.554319270599205e-05,0.0,-0.0019952866520990264,False,1.0,12574844.934473276,12574844.934473278,12622611.882880842,12622611.882880842,0.0,0.0
2016-10-28,IC,front,1.25505699279055,12550569.9279055,9.7883090999107,IC1611,-0.007308537982719576,-0.007308537982719615,-0.009527422501625802,0.002218884518906186,0.0,-0.00944093927602585,False,1.0,12520030.403513776,12520030.403513778,12565839.69010136,12565839.69010136,0.0,0.0
2016-10-31,IC,front,1.2543913877717563,12543913.877717562,9.7883090999107,IC1611,-0.0005303384807361367,-0.0005303384807361777,-0.0005646545000779739,3.431601934179609e-05,0.0,-0.0005607334765630467,False,1.0,12451512.239814403,12451512.239814403,12541173.151169585,12541173.151169585,0.0,0.0
2016-11-01,IC,front,1.2656283666184536,12656283.666184535,9.788309099910702,IC1611,0.008958112241712834,0.008958112241712909,0.008699044884199978,0.0002590673575129301,1.8154536855968015e-20,0.008638900469761568,False,1.0000000000000002,12536474.76280163,12536474.76280163,12645712.292356633,12645712.292356635,2.277289468111121e-09,2.2772894681111214e-13
2016-11-02,IC,front,1.2529035647885698,12529035.647885697,9.7883090999107,IC1611,-0.010054137664346374,-0.010054137664346482,-0.008170146945088896,-0.001883990719257585,1.811966877601656e-20,-0.00811622707611459,False,1.0,12523945.72715374,12523945.727153743,12559966.704641415,12559966.704641415,2.2932766796657233e-09,2.293276679665723e-13
2016-11-03,IC,front,1.2597553811585072,12597553.811585072,9.7883090999107,IC1611,0.005468750000000133,0.00546875,0.004468749999999915,0.001000000000000085,0.0,0.004430584666768933,False,0.9999999999999999,12514157.418053832,12514157.418053832,12622611.882880844,12622611.882880842,0.0,0.0
2016-11-04,IC,front,1.256740581955735,12567405.819557348,9.788309099910702,IC1611,-0.0023931623931623403,-0.0023931623931623368,-0.0032851592851591946,0.000891996891996858,1.8147739525475922e-20,-0.0032604688967614592,False,1.0,12541564.683533583,12541564.683533583,12571712.675561309,12571712.675561309,2.2861712523081223e-09,2.2861712523081227e-13
2016-11-07,IC,front,1.2546654604265537,12546654.604265537,9.788309099910702,IC1611,-0.00165119322076146,-0.0016511932207614749,0.0009704654495606523,-0.002621658670322127,0.0,0.0009640097855503349,False,1.0,12525120.324245734,12525120.324245734,12567797.351921344,12567797.351921344,0.0,0.0
2016-11-08,IC,front,1.2664114313464465,12664114.313464465,9.788309099910702,IC1611,0.009361834919644263,0.009361834919644249,0.005361210797316364,0.004000624122327885,0.0,0.005311633342711675,False,1.0,12577977.19338525,12577977.19338525,12640230.839260682,12640230.839260684,0.0,0.0
2016-11-09,IC,front,1.2538823956985607,12538823.956985608,9.7883090999107,IC1611,-0.009893337455557316,-0.009893337455557273,-0.007668882362034406,-0.0022244550935228667,1.8143250982696393e-20,-0.007628575558419226,False,1.0,12347364.630991353,12347364.630991353,12554876.78390946,12554876.78390946,2.297682044627436e-09,2.297682044627436e-13
2016-11-10,IC,front,1.272284416806393,12722844.16806393,9.7883090999107,IC1611,0.014676034348165556,0.014676034348165494,0.01302107728337245,0.0016549570647930447,0.0,0.012923079783747626,False,0.9999999999999999,12669987.298924413,12669987.29892441,12716971.182603983,12716971.182603981,0.0,0.0
2016-11-11,IC,front,1.2836619450298112,12836619.450298112,9.920191629030292,IC1612,0.008942598111810085,0.009142820006947354,0.007311890106413021,0.0018309299005343327,0.00020022189513733198,0.007177637345742838,True,1.0030687578353918,12657262.38564524,12696654.862163289,12816382.25937489,12855774.735892937,25473919.708667118,2547.3919708667117
2016-11-14,IC,front,1.2859500465588072,12859500.465588072,9.889842098599427,IC1612,0.0017824798326813163,0.0017827862450634246,0.004788015473229817,-0.0030052292281663924,3.0641238209712033e-07,0.004726688933138323,False,1.0000049316362605,12800161.412996477,12800224.831375265,12834973.657183547,12835037.075562336,39332.99143840071,3.9332991438400717
2016-11-15,IC,front,1.2894708429748807,12894708.429748807,9.88979332573605,IC1612,0.0027378951659087214,0.002737895661454266,0.003914547453160425,-0.0011766517917061589,4.955454727317697e-10,0.003847310888418942,False,0.9999999767407601,12843281.504454982,12843281.204533864,12887983.370287307,12887983.07036619,63.72467237314254,0.006372467237314254
2016-11-16,IC,front,1.2932685236043542,12932685.236043543,9.88979355576513,IC1612,0.002945146569357071,0.0029451465716902646,0.000572156067547665,0.0023729905041425994,2.333130951257112e-12,0.00056170807444067,False,1.0000000000741842,12900642.304922864,12900642.305882266,12930311.68559016,12930311.686549561,0.30085043344882934,3.0085043344882934e-05
2016-11-17,IC,front,1.294969568095546,12949695.68095546,9.889793555031462,IC1612,0.0013153064967907913,0.001315306496798153,-0.0011807169951068262,0.002496023491904979,7.398024583891231e-15,-0.0011619174045293112,False,1.0000000000002114,12817172.44731804,12817172.447320774,12925960.176423384,12925960.17642612,0.0009567632331197728,9.567632331197729e-08
2016-11-18,IC,front,1.2870181740773026,12870181.740773026,9.889793555029373,IC1612,-0.006140216893233408,-0.006140216893233424,-0.005214602107835824,-0.0009256147853976004,2.1131776376067077e-17,-0.005144301111886351,False,1.0,12840907.951850139,12840907.951850139,12877697.983874848,12877697.983874848,2.7365007326807245e-06,2.7365007326807245e-10
2016-11-21,IC,front,1.2902620263633522,12902620.263633521,9.889793555029375,IC1612,0.002520440154914816,0.0025204401549148024,0.0014154423065101181,0.0011049978484046843,1.7973661733246366e-20,0.0013949620815680852,False,1.0000000000000002,12860687.538960196,12860687.538960198,12887587.777429877,12887587.777429879,2.313242930540582e-09,2.3132429305405825e-13
2016-11-22,IC,front,1.3041868556888336,13041868.556888336,9.889793555029373,IC1612,0.010792249202845383,0.010792249202845314,0.007620493009565864,0.0031717561932794506,1.799455766293991e-20,0.007518671897923879,False,1.0,12918048.341579368,12918048.341579366,12997957.873504005,12997957.873504004,2.3217694433697034e-09,2.3217694433697035e-13
2016-11-23,IC,front,1.297896946987835,12978969.46987835,9.889793555029375,IC1612,-0.004822858529483165,-0.004822858529483163,-0.004561999514680891,-0.0002608590148022713,1.8019811258450894e-20,-0.00451566898104705,False,1.0,12956025.14883068,12956025.148830682,12977782.694651745,12977782.694651745,2.3501200985265314e-09,2.3501200985265316e-13
2016-11-24,IC,front,1.2950882456182067,12950882.456182066,9.889793555029375,IC1612,-0.002164040354780683,-0.002164040354780673,-0.0012374653296351444,-0.0009265750251455286,0.0,-0.0012245199565084075,False,1.0,12919630.708548171,12919630.708548173,12946135.355275651,12946135.355275651,0.0,0.0
2016-11-25,IC,front,1.2984903346011367,12984903.346011367,9.889793555029375,IC1612,0.0026269167328485388,0.0026269167328486494,0.004546704135866505,-0.0019197874030178557,0.0,0.004494907935165715,False,1.0000000000000002,12755855.727276888,12755855.727276888,12982925.387300361,12982925.387300361,0.0,0.0
2016-11-28,IC,front,1.304740684127915,13047406.84127915,9.889793555029375,IC1612,0.00481355106019965,0.004813551060199771,0.0027388496222277106,0.00207470143797206,0.0,0.0027026133278820197,False,1.0000000000000002,12961959.024963697,12961959.0249637,13052153.942185566,13052153.942185568,0.0,0.0
2016-11-29,IC,front,1.2969079676323318,12969079.676323319,9.889793555029373,IC1612,-0.006003274513370904,-0.006003274513370848,-0.0075814080407495335,0.0015781335273786857,1.793864328801989e-20,-0.007496851951789951,False,1.0,12916465.974610562,12916465.974610562,12972244.410260927,12972244.410260927,2.34052777159377e-09,2.3405277715937704e-13
2016-11-30,IC,front,1.2918443933321566,12918443.933321567,9.889793555029373,IC1612,-0.003904343582235348,-0.003904343582235292,-0.005369997559785266,0.001465653977549975,0.0,-0.00531809648093351,False,1.0,12869390.557288622,12869390.557288622,12930311.685587602,12930311.685587604,0.0,0.0
2016-12-01,IC,front,1.2999144648730607,12999144.648730608,9.889793555029373,IC1612,0.006246937775600259,0.006246937775600224,0.005954495345418962,0.0002924424301812621,0.0,0.0059053264860498,False,1.0,12922004.25900138,12922004.25900138,12983716.57078476,12983716.570784763,0.0,0.0
2016-12-02,IC,front,1.2724208387900793,12724208.387900792,9.889793555029373,IC1612,-0.02115033475349959,-0.021150334753499696,-0.01574863055386488,-0.005401704199634814,0.0,-0.015623891420747604,False,1.0,12718670.103509976,12718670.103509976,12779591.231808957,12779591.231808957,0.0,0.0
2016-12-05,IC,front,1.2718274511767775,12718274.511767775,9.889793555029373,IC1612,-0.0004663454064977035,-0.0004663454064977457,-0.005432923985698713,0.004966578579200967,0.0,-0.005359632079276477,False,1.0,12635200.245905528,12635200.245905528,12747152.708948461,12747152.708948461,0.0,0.0
2016-12-06,IC,front,1.2721043653963182,12721043.653963182,9.889793555029375,IC1612,0.00021772939346798026,0.00021772939346806103,0.0007573872472783654,-0.0005396578538103044,1.802185316014496e-20,0.0007508456649840678,False,1.0,12701659.658595325,12701659.658595327,12743987.975010851,12743987.975010851,2.292068757014931e-09,2.2920687570149314e-13
2016-12-07,IC,front,1.283418289223272,12834182.89223272,9.889793555029373,IC1612,0.00889386447740792,0.008893864477407832,0.010437851789657013,-0.0015439873122491822,1.799391217825144e-20,0.01034218728094305,False,1.0,12693747.823751302,12693747.823751302,12836952.034428127,12836952.034428127,2.2890134232511627e-09,2.289013423251163e-13
2016-12-08,IC,front,1.283457848397492,12834578.48397492,9.889793555029375,IC1612,3.0823290077863774e-05,3.082329007795481e-05,-0.004714422217427511,0.004745245507505466,1.7968713104272978e-20,-0.004664517644045074,False,1.0,12807282.653763039,12807282.653763039,12834578.48397492,12834578.48397492,2.306137503182981e-09,2.3061375031829814e-13
2016-12-09,IC,front,1.2757498838059216,12757498.838059215,10.035168014617284,IC1701,-0.006005623481281197,-0.005805913211277492,-0.0020944632211304854,-0.003711449990147006,0.00019971027000369868,-0.002069727289300771,True,1.0031157220867424,12747463.670044597,12787212.490945928,12765526.97247091,12805275.793372238,25631971.34418293,2563.197134418293
2016-12-12,IC,front,1.2134794893580596,12134794.893580597,10.003998336045932,IC1701,-0.04881081725995673,-0.04881050608843999,-0.04153618002779138,-0.007274326060648611,3.1117151670862596e-07,-0.040657545686775376,False,1.0000045396764923,12134394.733647157,12134449.821690273,12253642.393812822,12253697.48185594,39697.70262847419,3.969770262847419
2016-12-13,IC,front,1.2258844044159678,12258844.044159679,10.003952921336024,IC1701,0.010222599695088874,0.010222600150209064,0.004798011314686593,0.005424588835522471,4.5512034532514786e-10,0.004656685464100363,False,0.999999989040197,12122390.126312656,12122389.991958141,12274450.210716963,12274450.076362448,55.22792042416242,0.005522792042416242
2016-12-14,IC,front,1.2216027125239453,12216027.125239452,10.003953030977378,IC1701,-0.0034927370611770314,-0.0034927370600816433,-0.006313040623513316,0.0028203035634316725,1.0954436618851127e-12,-0.006161021187669036,False,0.9999999999957142,12161605.620750932,12161605.620698579,12269648.31348549,12269648.313433135,0.13428873010212783,1.3428873010212784e-05
2016-12-15,IC,front,1.2305262386276312,12305262.386276312,10.003953031020254,IC1701,0.007304769392046495,0.007304769392046931,0.006698768343831852,0.0006060010482150794,4.272420606848069e-16,0.00655501242086709,False,0.9999999999999871,12154402.774568526,12154402.774568368,12288855.90330544,12288855.903305281,5.219200602368801e-05,5.219200602368801e-09
2016-12-16,IC,front,1.2413705237132573,12413705.237132574,10.003953031020384,IC1701,0.008812721537511115,0.00881272153751095,0.006198172417157299,0.0026145491203536514,1.2958487182834748e-18,0.00606967709063122,False,1.0,12301660.963185145,12301660.963185145,12404901.758465277,12404901.758465275,1.594575849139801e-07,1.594575849139801e-11
2016-12-19,IC,front,1.2400900177252867,12400900.177252868,10.003953031020384,IC1701,-0.0010315260137966353,-0.001031526013796602,0.0003561988266390186,-0.0013877248404356203,0.0,0.00034976545140308346,False,1.0,12311264.758094925,12311264.758094925,12397698.912282942,12397698.91228294,0.0,0.0
2016-12-20,IC,front,1.237248895064477,12372488.95064477,10.003953031020384,IC1701,-0.0022910616327846967,-0.0022910616327847396,-0.003241368183284807,0.0009503065505000675,0.0,-0.0031784303395334668,False,1.0,12333273.45476317,12333273.45476317,12366486.57882616,12366486.578826157,0.0,0.0
2016-12-21,IC,front,1.2518146506776429,12518146.506776428,10.003953031020384,IC1701,0.011772696400271787,0.011772696400271707,0.0075956531582521015,0.004177043242019605,0.0,0.007454798242717997,False,1.0,12405702.074707758,12405702.074707758,12481331.959622271,12481331.959622271,0.0,0.0
2016-12-22,IC,front,1.247492942968242,12474929.429682419,10.003953031020385,IC1701,-0.003452354313844719,-0.003452354313844638,-0.0009302176901191874,-0.002522136623725451,1.7736115208650978e-20,-0.00091688052668637,False,1.0000000000000002,12380492.113069588,12380492.113069588,12463324.844166435,12463324.844166435,2.220232886429585e-09,2.220232886429585e-13
2016-12-23,IC,front,1.2424509506406076,12424509.506406076,10.003953031020384,IC1701,-0.004041700080192445,-0.004041700080192433,-0.00958941459502806,0.005547714514835629,1.774287933765599e-20,-0.009427937538139863,False,1.0,12345278.198400393,12345278.198400395,12396498.43791922,12396498.43791922,2.213411676166288e-09,2.213411676166288e-13
2016-12-26,IC,front,1.2444517412468117,12444517.412468117,10.003953031020384,IC1701,0.0016103578215078684,0.0016103578215079398,0.002053206222422622,-0.00044284840091468256,0.0,0.0020296084049664653,False,1.0,12234034.240695449,12234034.240695449,12425309.822648557,12425309.822648557,0.0,0.0
2016-12-27,IC,front,1.243691440816454,12436914.40816454,10.003953031020384,IC1701,-0.0006109521206469903,-0.0006109521206469953,-0.0009469757870028501,0.00033602366635585474,0.0,-0.0009357003852417112,False,1.0,12428911.245739724,12428911.245739724,12446518.203074321,12446518.203074321,0.0,0.0
2016-12-28,IC,front,1.2440915989376948,12440915.98937695,10.003953031020384,IC1701,0.0003217503217503026,0.0003217503217503216,-0.002995495495495478,0.0033172458172457996,0.0,-0.002960790985965689,False,1.0,12377691.0062209,12377691.0062209,12433713.143194614,12433713.143194614,0.0,0.0
2016-12-29,IC,front,1.24365142500433,12436514.2500433,10.003953031020384,IC1701,-0.00035381151495650354,-0.0003538115149565484,-0.0028353168221293195,0.002481505307172771,0.0,-0.0028116946081808702,False,1.0,12373689.42500849,12373689.425008493,12451320.10052921,12451320.10052921,0.0,0.0
2016-12-30,IC,front,1.242611013889104,12426110.13889104,10.003953031020384,IC1701,-0.000836577753467016,-0.0008365777534669419,0.0017729013160012283,-0.0026094790694681704,0.0,0.001762463995035768,False,1.0,12387294.80113068,12387294.80113068,12439315.356891986,12439315.356891986,0.0,0.0
2017-01-03,IC,front,1.2556561686415546,12556561.686415546,10.003953031020384,IC1701,0.010498180530061463,0.010498180530061478,0.009198789166908207,0.0012993913631532722,0.0,0.009120909121388188,False,1.0,12455321.681741618,12455321.681741618,12553360.42144562,12553360.421445617,0.0,0.0
2017-01-04,IC,front,1.2739033789701357,12739033.789701357,10.003953031020384,IC1701,0.014532011855062255,0.014532011855062274,0.01177698460754005,0.0027550272475222225,0.0,0.011693214107164396,False,1.0,12538954.729080949,12538954.729080949,12727029.046064133,12727029.046064133,0.0,0.0
2017-01-05,IC,front,1.2723027464851724,12723027.464851724,10.003953031020384,IC1701,-0.0012564787183917403,-0.0012564787183917073,0.0007240458614731698,-0.001980524579864877,0.0,0.0007209128852621038,False,1.0,12699017.977577277,12699017.977577275,12724227.939215448,12724227.939215448,0.0,0.0
2017-01-06,IC,front,1.2683011652727643,12683011.652727643,10.003953031020384,IC1701,-0.0031451486082716418,-0.0031451486082717407,-0.004349740525239795,0.0012045919169680543,0.0,-0.004322361265642338,False,1.0,12647397.57993721,12647397.57993721,12677409.439030271,12677409.439030271,0.0,0.0
2017-01-09,IC,front,1.2752639165823545,12752639.165823545,10.003953031020384,IC1701,0.0054898248935164595,0.005489824893516356,0.0069096071935636815,-0.0014197823000473254,0.0,0.006874232926634027,False,1.0,12661002.956059398,12661002.956059398,12742635.212792525,12742635.212792525,0.0,0.0
2017-01-10,IC,front,1.2694216080122387,12694216.080122387,10.003953031020384,IC1701,-0.004581254510652943,-0.0045812545106529564,-0.003371615049107248,-0.0012096394615457088,0.0,-0.0033497417160528453,False,1.0,12691414.973273698,12691414.9732737,12721826.990488002,12721826.990488,0.0,0.0
2017-01-11,IC,front,1.2600178921630796,12600178.921630796,10.003953031020385,IC1701,-0.007407874412886484,-0.007407874412886549,-0.009767361220565561,0.0023594868076790114,1.7741436265542915e-20,-0.009692004760765371,False,1.0,12594976.866054665,12594976.866054665,12626189.19951145,12626189.19951145,2.2521362552652135e-09,2.2521362552652137e-13
2017-01-12,IC,front,1.2481732117743514,12481732.117743513,10.003953031020385,IC1701,-0.00940040650406515,-0.009400406504065156,-0.009386115345528403,-1.4291158536753569e-05,0.0,-0.00933518215528839,False,1.0,12470927.848470014,12470927.848470012,12516946.032412706,12516946.032412706,0.0,0.0
2017-01-13,IC,front,1.2367574558425485,12367574.558425484,10.134566513270146,IC1702,-0.009145970947072812,-0.008945702802185852,-0.01269717874712597,0.0037514759449401194,0.00020026814488704353,-0.012464828586687182,True,1.0007081475465254,12362304.583838582,12371062.6514186,12398383.640625825,12407141.708205843,24996933.361975223,2499.6933361975225
2017-01-16,IC,front,1.199169354938527,11991693.54938527,10.12739482347321,IC1702,-0.030392459512940118,-0.03039238830386808,-0.026765060071022757,-0.0036273282328453207,7.120907198927877e-08,-0.026380786031840353,False,0.9999960066685398,11754307.414723057,11754259.527915945,11969008.18498069,11968960.298173578,8806.83507063693,0.8806835070636929
2017-01-17,IC,front,1.2141174484264463,12141174.484264463,10.127435265679068,IC1702,0.012465373157143134,0.012465373556516675,0.008585585513178076,0.0038797880433386,3.993736162434252e-10,0.008427785994256531,False,1.0000000007941763,11909863.862796353,11909863.872438585,12112007.470699308,12112007.480341539,47.8916601770095,0.00478916601770095
2017-01-18,IC,front,1.2156163088419067,12156163.088419067,10.127435257636101,IC1702,0.0012345267069531207,0.001234526707032419,-0.0022488405478350384,0.003483367254867458,7.920562621794832e-14,-0.0022163506832376667,False,1.0000000000021962,12073118.119306453,12073118.11933315,12157378.380649982,12157378.380676681,0.009616493280475424,9.616493280475425e-07
2017-01-19,IC,front,1.2142794873878937,12142794.873878937,10.12743525761386,IC1702,-0.0010997067448745845,-0.0010997067448743172,-0.004152226073052272,0.0030525193281779545,2.18996832772351e-16,-0.0041063904465452605,False,1.0000000000000067,12054078.541022241,12054078.54102232,12148061.140212897,12148061.140212977,2.662161215027936e-05,2.6621612150279363e-09
2017-01-20,IC,front,1.2320632637002635,12320632.637002636,10.127435257613792,IC1702,0.014645537948290377,0.014645537948290262,0.013065888240200146,0.001579649708090117,6.657435044612127e-19,0.012960667938520798,False,0.9999999999999999,12118489.029260663,12118489.029260663,12335621.241183903,12335621.241183903,8.083986813289812e-08,8.083986813289812e-12
2017-01-23,IC,front,1.238423293042045,12384232.930420449,10.127435257613794,IC1702,0.0051620964029721605,0.005162096402972256,0.00824784638653253,-0.0030857499835602745,1.757522564811817e-20,0.008195034302515447,False,1.0000000000000002,12345343.579031212,12345343.579031214,12381397.248548318,12381397.24854832,2.1653789872289053e-09,2.1653789872289054e-13
2017-01-24,IC,front,1.240205721647385,12402057.21647385,10.127435257613792,IC1702,0.0014392725131660011,0.001439272513166102,-0.001130156030224699,0.002569428543390801,1.7527423908037205e-20,-0.0011195414254629998,False,1.0,12336026.338594206,12336026.338594206,12385853.320061667,12385853.320061667,2.17063700347353e-09,2.1706370034735303e-13
2017-01-25,IC,front,1.2466872802122577,12466872.802122578,10.127435257613792,IC1702,0.005226196308998787,0.005226196308998857,0.002337089661930343,0.002889106647068513,0.0,0.0023210699954259173,False,1.0,12338456.923056034,12338456.923056034,12447428.12642796,12447428.126427958,0.0,0.0
2017-01-26,IC,front,1.2535334264464046,12535334.264464047,10.127435257613792,IC1702,0.005491470349309413,0.005491470349309534,0.007171405361494772,-0.0016799350121852385,0.0,0.0071428918193336965,False,1.0,12462011.633198924,12462011.633198923,12518725.27064156,12518725.27064156,0.0,0.0
2017-02-03,IC,front,1.2487127672637806,12487127.672637805,10.127435257613792,IC1702,-0.0038456566701137174,-0.0038456566701137833,-0.00268549638055841,-0.001160160289555373,0.0,-0.002670432908988385,False,1.0,12314151.078437762,12314151.078437762,12476190.042559583,12476190.042559583,0.0,0.0
2017-02-06,IC,front,1.2557209524620494,12557209.524620494,10.127435257613792,IC1702,0.005612327656123295,0.005612327656123335,0.008460665044606627,-0.0028483373884832922,0.0,0.008403293652903265,False,1.0,12452289.295351613,12452289.295351613,12541005.628208311,12541005.628208311,0.0,0.0
2017-02-07,IC,front,1.2532498582591916,12532498.582591916,10.127435257613794,IC1702,-0.0019678688947674106,-0.001967868894767522,-0.0005355184205432138,-0.001432350474224308,1.7541178050247438e-20,-0.0005304149858209595,False,1.0000000000000002,12483076.69853476,12483076.698534762,12526017.024027044,12526017.024027044,2.2026824808563106e-09,2.2026824808563106e-13
2017-02-08,IC,front,1.2652407416042064,12652407.416042063,10.127435257613792,IC1702,0.00956783139929529,0.009567831399295458,0.005764941655622729,0.003802889743672729,1.751906883555083e-20,0.0057017901415137295,False,1.0,12489153.15968933,12489153.159689328,12649166.636759626,12649166.636759626,2.1955770534987096e-09,2.1955770534987097e-13
2017-02-09,IC,front,1.2729781021410231,12729781.021410232,10.127435257613792,IC1702,0.006115326737745397,0.006115326737745303,0.0063362469183235555,-0.00022092018057825219,0.0,0.0062909275859877045,False,1.0,12648356.441939019,12648356.441939017,12730591.216230841,12730591.21623084,0.0,0.0
2017-02-10,IC,front,1.2745605427098226,12745605.427098226,10.249421112246564,IC1703,0.0012431011705054118,0.0014431424251666882,0.0009577862474622748,0.0004853561777044135,0.0002000412546611962,0.0009366342451169185,True,0.9995947616799532,12698868.06682638,12693703.059095124,12742325.612342307,12737160.60461105,25464813.670851864,2546.4813670851863
2017-02-13,IC,front,1.2822711804029505,12822711.804029506,10.253576254262313,IC1703,0.006049644120266429,0.006049684644098398,0.005235250321624621,0.0008144343224737767,4.052383200468265e-08,0.005134832754994045,False,1.0000000402801514,12734941.19129302,12734941.707793795,12826403.091481041,12826403.607981814,5165.007731256999,0.5165007731257
2017-02-14,IC,front,1.2823121946994986,12823121.946994986,10.253575841246725,IC1703,3.198566510342893e-05,3.198566913123525e-05,0.00083802454753734,-0.0008060388784061048,4.027886307822617e-12,0.0008226511660767155,False,1.000000000005316,12766522.208351303,12766522.208419472,12818610.373624839,12818610.373693006,0.5164842530460589,5.1648425304605896e-05
2017-02-15,IC,front,1.2714844186111955,12714844.186111955,10.253575841192216,IC1703,-0.008443946905488664,-0.008443946905488116,-0.010105549336324812,0.0016616024308366956,5.313403972721558e-16,-0.009912327898991324,False,1.0000000000000033,12702129.752068875,12702129.752068918,12739452.768130817,12739452.768130857,6.813442709585615e-05,6.8134427095856155e-09
2017-02-16,IC,front,1.2838297239239909,12838297.239239909,10.253575841192184,IC1703,0.009709364214057548,0.009709364214057584,0.007683623108932021,0.002025741105125562,3.118368031253265e-19,0.007547887256998953,False,1.0000000000000002,12711973.184876421,12711973.184876423,12819840.802725762,12819840.802725764,3.964956363233796e-08,3.964956363233796e-12
2017-02-17,IC,front,1.2741093340265408,12741093.340265408,10.253575841192184,IC1703,-0.007571401188422366,-0.007571401188422409,-0.008334930675356254,0.0007635294869338458,0.0,-0.008205254004346463,False,1.0,12714434.043078307,12714434.043078309,12741503.483299056,12741503.483299056,0.0,0.0
2017-02-20,IC,front,1.2947805429223842,12947805.429223843,10.253575841192184,IC1703,0.016224046354418098,0.016224046354418185,0.01253822629969428,0.003685820054723906,0.0,0.01235104230747286,False,1.0,12752167.202173896,12752167.202173896,12907611.411926368,12907611.41192637,0.0,0.0
2017-02-21,IC,front,1.3003584881799928,13003584.881799929,10.253575841192184,IC1703,0.004308023694130414,0.004308023694130289,0.007820963603534986,-0.003512939909404697,0.0,0.007733678305293701,False,1.0,12924427.276305923,12924427.276305925,13017119.601910302,13017119.601910302,0.0,0.0
2017-02-22,IC,front,1.3103249638976318,13103249.638976317,10.253575841192184,IC1703,0.007664406245071698,0.007664406245071813,0.00627503548336224,0.0013893707617095724,0.0,0.00618391033252319,False,1.0,12997432.736295214,12997432.736295214,13088074.346731352,13088074.346731352,0.0,0.0
2017-02-23,IC,front,1.3119655360322224,13119655.360322224,10.253575841192184,IC1703,0.0012520345561537471,0.0012520345561537497,-3.756103668457837e-05,0.0012895955928383283,0.0,-3.7070045395326545e-05,False,1.0000000000000002,13018760.17404489,13018760.174044892,13080691.772125693,13080691.772125695,0.0,0.0
2017-02-24,IC,front,1.3146314657509324,13146314.657509323,10.253575841192184,IC1703,0.0020320120045016488,0.002032012004501688,0.00034075278229340556,0.0016912592222082825,0.0,0.00033673206168072234,False,1.0000000000000002,13074129.483587328,13074129.48358733,13129088.650096118,13129088.65009612,0.0,0.0
2017-02-27,IC,front,1.3017939887977596,13017939.887977596,10.253575841192184,IC1703,-0.009765076591894739,-0.009765076591894732,-0.008099085888996362,-0.0016659907028983702,0.0,-0.008017084171663247,False,1.0000000000000002,12985538.588319428,12985538.58831943,13015479.02977571,13015479.029775713,0.0,0.0
2017-02-28,IC,front,1.3076180198755567,13076180.198755568,10.253575841192184,IC1703,0.0044738500315060215,0.0044738500315059295,0.004209199747952151,0.0002646502835537784,0.0,0.004159240378254214,False,1.0,13016299.315843005,13016299.315843007,13066336.765948026,13066336.765948026,0.0,0.0
2017-03-01,IC,front,1.312006550335587,13120065.503355872,10.253575841192184,IC1703,0.0033561257135688027,0.0033561257135688713,0.0026143278338874717,0.0007417978796813994,0.0,0.0025841075063131047,False,1.0,13049931.044602117,13049931.044602118,13138521.939870019,13138521.939870019,0.0,0.0
2017-03-02,IC,front,1.310406992504361,13104069.92504361,10.253575841192184,IC1703,-0.0012191690893745832,-0.0012191690893745006,-0.0051595861077245635,0.003940417018350063,0.0,-0.0051038709637518664,False,1.0000000000000002,13047060.043366583,13047060.043366583,13094226.492236067,13094226.492236067,0.0,0.0
2017-03-03,IC,front,1.3110222070548325,13110222.070548326,10.253575841192184,IC1703,0.00046948356807519076,0.00046948356807511736,0.0028497652582159688,-0.0023802816901408513,0.0,0.002829999549313733,False,1.0000000000000002,13014248.600674767,13014248.600674769,13129908.936163416,13129908.936163418,0.0,0.0
2017-03-06,IC,front,1.3247209843786654,13247209.843786653,10.253575841192184,IC1703,0.010448928515563782,0.010448928515563928,0.010086031597059217,0.00036289691850471134,0.0,0.009992499426608958,False,1.0000000000000002,13131549.508298004,13131549.508298006,13255412.704459608,13255412.70445961,0.0,0.0
2017-03-07,IC,front,1.3257873562661493,13257873.562661493,10.253575841192184,IC1703,0.0008049784823058737,0.0008049784823059256,0.0009086968636799733,-0.0001037183813740477,0.0,0.000900676965378322,False,1.0000000000000002,13193481.106378807,13193481.106378809,13246389.557719357,13246389.55771936,0.0,0.0
2017-03-08,IC,front,1.3226292549070622,13226292.549070623,10.253575841192184,IC1703,-0.0023820572312450716,-0.0023820572312451102,-0.004037122969837503,0.0016550657385923924,0.0,-0.004001109886420551,False,1.0,13180766.672335727,13180766.672335729,13205785.397388238,13205785.397388238,0.0,0.0
2017-03-09,IC,front,1.3105710497178202,13105710.497178202,10.253575841192184,IC1703,-0.009116844455470119,-0.009116844455470135,-0.008947841726618711,-0.00016900272885142395,0.0,-0.008882438137689297,False,1.0,13045009.328198344,13045009.328198345,13106530.783245496,13106530.783245498,0.0,0.0
2017-03-10,IC,front,1.3166587257733287,13166587.257733287,10.41193474098942,IC1704,0.0046450561049851125,0.004845165637437975,0.0013632656241682173,0.0034819000132697577,0.00020010953245290107,0.0013262146355705884,True,0.9991089241009872,13117442.92575582,13105710.497178204,13170752.031629683,13159019.603052069,26225776.000534076,2622.577600053408
2017-03-13,IC,front,1.3324988641254143,13324988.641254142,10.421220839717982,IC1704,0.012030557381360829,0.0120306464889508,0.009495186793994215,0.0025354596949565874,8.91075899012794e-08,0.009302224593357167,False,1.0000000880483197,13085717.410774218,13085718.584017076,13321237.001751844,13321238.174994702,11732.428577615086,1.1732428577615086
2017-03-14,IC,front,1.329997771354386,13299977.71354386,10.42121992214708,IC1704,-0.00187699429873045,-0.0018769942899239844,-0.002255521485111894,0.0003785271951879098,8.806484626620791e-12,-0.002215768527481954,False,0.9999999999922653,13280385.820090223,13280385.819987353,13298310.318356317,13298310.318253445,1.1734630761910125,0.00011734630761910126
2017-03-15,IC,front,1.3289139644824832,13289139.644824833,10.421219922227685,IC1704,-0.0008148937503850151,-0.0008148937503842323,-0.0011627906976655845,0.0003478969472813523,7.72725535319591e-16,-0.0011426846621532816,False,0.9999999999999934,13269964.600167934,13269964.600167846,13300811.411137728,13300811.41113764,0.00010277232398436809,1.0277232398436809e-08
2017-03-16,IC,front,1.3483808032972044,13483808.032972045,10.421219922227754,IC1704,0.014648682559598392,0.014648682559598414,0.008983688833124162,0.005664993726474252,6.670920446483416e-19,0.008831247321178015,False,1.0,13335409.861279523,13335409.861279523,13465466.685908927,13465466.685908927,8.865079337283532e-08,8.865079337283533e-12
2017-03-17,IC,front,1.336000394029598,13360003.94029598,10.421219922227753,IC1704,-0.009181686091445873,-0.009181686091445828,-0.009288342040993006,0.00010665594954717718,1.7086677703125838e-20,-0.009183383409695933,False,1.0,13324571.792560406,13324571.792560406,13409192.098328896,13409192.098328896,2.303934820702125e-09,2.303934820702125e-13
2017-03-20,IC,front,1.3395436088031554,13395436.088031555,10.421219922227753,IC1704,0.0026521060842434885,0.00265210608424337,0.0023541341653666374,0.0002979719188767324,0.0,0.0023275363436547902,False,1.0,13307897.84068484,13307897.84068484,13371258.857811986,13371258.857811986,0.0,0.0
2017-03-21,IC,front,1.3432952479751574,13432952.479751574,10.421219922227754,IC1704,0.0028006846117940576,0.0028006846117939943,0.00274000311187174,6.068149992225421e-05,1.704451395097091e-20,0.0027099228418334675,False,1.0,13346247.929998638,13346247.929998638,13392934.99525022,13392934.99525022,2.28318697281793e-09,2.28318697281793e-13
2017-03-22,IC,front,1.3399187727203556,13399187.727203555,10.421219922227753,IC1704,-0.0025135764158262797,-0.0025135764158261942,-0.0025073700543056404,-6.206361520553526e-06,1.696834739407177e-20,-0.002480068140486069,False,1.0000000000000002,13282470.064074606,13282470.064074606,13389600.204875106,13389600.204875106,2.2793500420448254e-09,2.2793500420448254e-13
2017-03-23,IC,front,1.34433736996738,13443373.6996738,10.421219922227753,IC1704,0.00329766052762559,0.0032976605276256563,0.0019288203086111927,0.0013688402190144635,0.0,0.0019077539428196122,False,1.0000000000000002,13301645.108731503,13301645.108731505,13415027.981485339,13415027.981485343,0.0,0.0
2017-03-24,IC,front,1.3605527881663664,13605527.881663663,10.421219922227753,IC1704,0.012062015503875978,0.012062015503876,0.005337984496124077,0.006724031007751923,0.0,0.005287007903639118,False,1.0000000000000002,13434619.874939129,13434619.87493913,13578015.861068983,13578015.861068986,0.0,0.0
2017-03-27,IC,front,1.3507151565597835,13507151.565597834,10.42121992222775,IC1704,-0.007230613683017251,-0.007230613683017221,-0.004686111706853786,-0.002544501976163435,1.7060197701228003e-20,-0.004672640232669667,False,1.0,13477555.301018706,13477555.301018706,13510069.507176057,13510069.507176057,2.3211299549075193e-09,2.3211299549075194e-13
2017-03-28,IC,front,1.3479222696206263,13479222.696206262,10.421219922227753,IC1704,-0.0020677097799587374,-0.00206770977995873,-0.002675678177946509,0.0006079683979877789,1.7057147908002703e-20,-0.002661129552810504,False,1.0000000000000002,13450043.280424025,13450043.280424027,13490060.76492538,13490060.764925381,2.303934820702125e-09,2.303934820702125e-13
2017-03-29,IC,front,1.3430034538173348,13430034.538173348,10.42121992222775,IC1704,-0.00364918357248889,-0.003649183572488783,-0.002806469569519983,-0.0008427140029687998,1.7052954773355505e-20,-0.0027928705631442563,False,1.0,13352500.661951974,13352500.661951972,13451293.826814692,13451293.826814692,2.298605750183924e-09,2.298605750183924e-13
2017-03-30,IC,front,1.3269130902574149,13269130.90257415,10.42121992222775,IC1704,-0.011980880253274706,-0.01198088025327468,-0.016264200136569647,0.004283319883294967,0.0,-0.01617149188184941,False,1.0,13243286.277167026,13243286.277167026,13290390.191215497,13290390.191215497,0.0,0.0
2017-03-31,IC,front,1.3297893469559499,13297893.469559498,10.42121992222775,IC1704,0.0021676300578035157,0.002167630057803497,0.004069803970846924,-0.0019021739130434267,0.0,0.004063842001085449,False,1.0000000000000002,13240368.335588802,13240368.335588804,13278301.57610571,13278301.576105712,0.0,0.0
2017-04-05,IC,front,1.3628037716695673,13628037.716695674,10.42121992222775,IC1704,0.024826807937055273,0.024826807937055353,0.02167957117331755,0.003147236763737802,0.0,0.021606929463497737,False,1.0000000000000002,13376677.892171541,13376677.892171541,13614698.555195222,13614698.555195224,0.0,0.0
2017-04-06,IC,front,1.3622618682336114,13622618.682336114,10.42121992222775,IC1704,-0.000397638638240716,-0.00039763863824065755,0.0030098186156056928,-0.00340745725384635,0.0,0.003009188115541628,False,1.0000000000000002,13576765.314678313,13576765.314678315,13618033.345570335,13618033.345570337,0.0,0.0
2017-04-07,IC,front,1.3664303562025026,13664303.562025025,10.421219922227749,IC1704,0.003059975520195879,0.003059975520195838,0.0029192166462668184,0.00014075887392901967,1.7026797568832086e-20,0.0029086917747136454,False,1.0,13568845.187537419,13568845.187537419,13667221.503603248,13667221.503603248,2.319495706615271e-09,2.319495706615271e-13
2017-04-10,IC,front,1.364346112218057,13643461.12218057,10.421219922227749,IC1704,-0.0015253203172665986,-0.0015253203172666259,-0.0018593654667479558,0.00033404514948133003,0.0,-0.0018529412211778507,False,1.0,13625536.623914339,13625536.623914337,13647629.610149462,13647629.61014946,0.0,0.0
2017-04-11,IC,front,1.376059563410641,13760595.634106409,10.421219922227749,IC1704,0.008585395661472539,0.008585395661472628,0.00956767491597924,-0.000982279254506613,0.0,0.009537747428630672,False,1.0,13566344.094756084,13566344.094756084,13733917.311105505,13733917.311105505,0.0,0.0
2017-04-12,IC,front,1.3663886713228137,13663886.713228136,10.421219922227749,IC1704,-0.007027960376844056,-0.007027960376844027,-0.007980673108963755,0.0009527127321197286,0.0,-0.007948204677207027,False,1.0,13647212.76135257,13647212.76135257,13695567.221791709,13695567.221791707,0.0,0.0
2017-04-13,IC,front,1.3776852737185086,13776852.737185085,10.421219922227749,IC1704,0.008267488330943706,0.008267488330943564,0.005982488788553686,0.002284999542389878,0.0,0.0059636766172785904,False,1.0,13652214.946915241,13652214.94691524,13765597.81966908,13765597.819669079,0.0,0.0
2017-04-14,IC,front,1.3568275739308937,13568275.739308937,10.505454275724482,IC1705,-0.015139669549720791,-0.01493974519268595,-0.013360094661570116,-0.0015796505311158338,0.00019992435703479578,-0.013232159862146098,True,1.000971055467977,13530876.322087359,13544051.870435031,13572477.921019226,13585653.4693669,27543284.254447944,2754.3284254447944
2017-04-17,IC,front,1.3431836005439888,13431836.005439887,10.495262793401096,IC1705,-0.010055790174853807,-0.01005569306930693,-0.011074632181200982,0.0010189391118940517,9.710554679767921e-08,-0.010961741133795666,False,1.0000000980919388,13379359.691472882,13379361.009027718,13421340.742646486,13421342.06020132,13175.548347672793,1.3175548347672794
2017-04-18,IC,front,1.3386916285370396,13386916.285370396,10.49526176390052,IC1705,-0.0033442725217385227,-0.003344272511926201,-0.005999374958740219,0.002655102446814018,9.812259739953725e-12,-0.005945853854970151,False,0.9999999999790838,13381458.749253167,13381458.748973165,13424279.41724988,13424279.416969879,1.3179666366983867,0.00013179666366983867
2017-04-19,IC,front,1.3247119398673008,13247119.39867301,10.495261764120043,IC1705,-0.010442799799245894,-0.010442799799243813,-0.010593326643160008,0.00015052684391619466,2.0862526518898392e-15,-0.010526299388770477,False,0.9999999999999479,13095987.62926968,13095987.62926899,13239562.810202843,13239562.810202152,0.00027928489600981266,2.7928489600981265e-08
2017-04-20,IC,front,1.3249638261496397,13249638.261496397,10.49526176412059,IC1705,0.00019014419267926463,0.00019014419267936864,-0.00045634606243053947,0.0006464902551099081,5.218120460982443e-18,-0.000453496886145377,False,1.0,13171553.51397134,13171553.51397134,13238303.378791148,13238303.378791146,6.912506478329306e-07,6.912506478329306e-11
2017-04-21,IC,front,1.3140487539149543,13140487.539149543,10.49526176412059,IC1705,-0.008238015272012844,-0.008238015272012927,-0.007455403821171763,-0.0007826114508411649,0.0,-0.0074136271478015825,False,0.9999999999999999,13123275.309856385,13123275.309856385,13148463.938090276,13148463.938090274,0.0,0.0
2017-04-24,IC,front,1.2821851391990842,12821851.391990842,10.49526176412059,IC1705,-0.02424842656784132,-0.024248426567841312,-0.02591131273761222,0.0016628861697709084,0.0,-0.025744717658803484,False,0.9999999999999999,12816813.666344063,12816813.666344063,12895318.224339686,12895318.224339684,0.0,0.0
2017-04-25,IC,front,1.2862992818106196,12862992.818106195,10.49526176412059,IC1705,0.0032086962215964743,0.0032086962215965497,0.0035950494401152566,-0.00038635321851870707,0.0,0.00357742119410287,False,1.0,12836964.568931177,12836964.568931175,12875587.13222314,12875587.132223139,0.0,0.0
2017-04-26,IC,front,1.2892379551045732,12892379.551045733,10.49526176412059,IC1705,0.0022845953002610386,0.0022845953002610967,0.002601174934725783,-0.00031657963446468635,0.0,0.0025874691175657993,False,1.0,12862992.818106195,12862992.818106195,12914209.695515102,12914209.695515102,0.0,0.0
2017-04-27,IC,front,1.2930162493396566,12930162.493396567,10.49526176412059,IC1705,0.0029306414848584428,0.002930641484858352,0.002588733311624967,0.0003419081732333854,0.0,0.0025743151350301474,False,0.9999999999999999,12648889.478118135,12648889.478118135,12939818.134219559,12939818.134219557,0.0,0.0
2017-04-28,IC,front,1.2972983161394178,12972983.161394179,10.49526176412059,IC1705,0.0033116883116883766,0.0033116883116882526,0.0031753246753245925,0.00013636363636365981,0.0,0.0031587616879027447,False,0.9999999999999999,12905813.486103807,12905813.486103805,12953671.879748197,12953671.879748195,0.0,0.0
2017-05-02,IC,front,1.2963747331041753,12963747.331041753,10.49526176412059,IC1705,-0.0007119280305480924,-0.0007119280305481257,0.0006892757750307777,-0.0014012038055789035,0.0,0.0006857849339811928,False,0.9999999999999999,12915469.126926798,12915469.126926797,12946115.29127803,12946115.29127803,0.0,0.0
2017-05-03,IC,front,1.2922186094455834,12922186.094455834,10.49526176412059,IC1705,-0.003205958549222898,-0.0032059585492228266,-0.003018134715025959,-0.0001878238341968677,0.0,-0.0029986551096182756,False,1.0,12879785.236928789,12879785.236928787,12925544.578220354,12925544.578220353,0.0,0.0
2017-05-04,IC,front,1.2853756987753768,12853756.98775377,10.49526176412059,IC1705,-0.0052954744810109755,-0.005295474481010924,-0.0034388096553067088,-0.0018566648257042156,0.0,-0.0034159045289374745,False,1.0,12848299.451636424,12848299.451636426,12902874.812809853,12902874.812809853,0.0,0.0
2017-05-05,IC,front,1.2715639342937943,12715639.342937943,10.49526176412059,IC1705,-0.010745313214449048,-0.010745313214449046,-0.014146907048141635,0.003401593833692588,0.0,-0.014026174204338826,False,0.9999999999999999,12692969.577527441,12692969.577527441,12760559.063288378,12760559.063288378,0.0,0.0
2017-05-08,IC,front,1.249188036212689,12491880.36212689,10.49526176412059,IC1705,-0.017597147479282982,-0.017597147479282968,-0.018841823764402972,0.0012446762851200054,0.0,-0.018743185191997025,False,1.0,12479286.048009947,12479286.048009945,12574163.214357596,12574163.214357594,0.0,0.0
2017-05-09,IC,front,1.2567026436357993,12567026.436357994,10.49526176412059,IC1705,0.006015593493749138,0.0060155934937491905,0.006126495496706553,-0.00011090200295736182,0.0,0.006101540613902667,False,1.0,12400781.490014324,12400781.490014324,12545196.291888624,12545196.291888624,0.0,0.0
2017-05-10,IC,front,1.2263083655669063,12263083.655669061,10.49526176412059,IC1705,-0.024185735760815064,-0.02418573576081513,-0.021072323367295785,-0.003113412393519345,0.0,-0.020984697272122377,False,1.0,12257626.11955172,12257626.11955172,12357541.011546146,12357541.011546146,0.0,0.0
2017-05-11,IC,front,1.22315978703767,12231597.8703767,10.49526176412059,IC1705,-0.002567525932011816,-0.002567525932011913,-0.002259422820170453,-0.0003081031118414605,0.0,-0.0022426705449009043,False,0.9999999999999999,11977192.725214416,11977192.725214416,12223621.471435968,12223621.471435968,0.0,0.0
2017-05-12,IC,front,1.2201097398922163,12201097.398922162,10.5809670158968,IC1706,-0.0024935802973384824,-0.0022932663713803847,-0.0015142336903751746,-0.0007790326810052099,0.00020031392595801768,-0.0015086911508283007,True,1.001008205064266,12128300.345852794,12140601.554039987,12190939.670586903,12203240.878774097,24501593.901548848,2450.159390154885
2017-05-15,IC,front,1.2318276155506995,12318276.155506995,10.570309975848287,IC1706,0.009603952230984092,0.009604053551103468,0.005154218877514616,0.004449834673588851,1.0132011942930824e-07,0.005070108360136327,False,0.9999951517524304,12261619.294036446,12261559.571984014,12310242.71992535,12310182.997872917,12362.166456274153,1.2362166456274155
2017-05-16,IC,front,1.2628622026812988,12628622.026812987,10.5703612235764,IC1706,0.025193936829160046,0.02519393731340241,0.02080388106737955,0.004390056246022861,4.842423149233146e-10,0.02056838793859672,False,0.9999999947910557,12194391.587748468,12194391.521966679,12583803.695225023,12583803.629443234,59.650305614073744,0.005965030561407375
2017-05-17,IC,front,1.2645534604918307,12645534.604918307,10.570361278636826,IC1706,0.0013392259321254318,0.00133922593264592,0.0021628498799762213,-0.0008236239473303012,5.203712563857024e-13,0.0021480598464103107,False,0.9999999999952949,12606635.675412923,12606635.675353425,12648071.491625179,12648071.491565682,0.0657157191051283,6.57157191051283e-06
2017-05-18,IC,front,1.2515307753965297,12515307.753965296,10.57036127868656,IC1706,-0.010298247960379703,-0.010298247960379267,-0.008584659622808449,-0.0017135883375708192,4.672361835851481e-16,-0.008519074597894583,False,0.9999999999999672,12489938.886896448,12489938.886896038,12527992.18749972,12527992.18749931,5.9084513281959516e-05,5.908451328195952e-09
2017-05-19,IC,front,1.2501777691528577,12501777.691528577,10.570361278686905,IC1706,-0.00108108108108107,-0.001081081081081075,-0.00022297297297306344,-0.0008581081081080117,3.2656910646649734e-18,-0.0002208724461624234,False,1.0,12439201.15275875,12439201.152758751,12507697.093844641,12507697.093844641,4.0871128703656723e-07,4.0871128703656725e-11
2017-05-22,IC,front,1.23220815497909,12322081.5497909,10.570361278686907,IC1706,-0.014373647186147198,-0.014373647186147188,-0.014571496212121074,0.00019784902597388564,1.6819849337373206e-20,-0.014421805596001813,False,1.0000000000000002,12270075.372299759,12270075.372299762,12322504.364242047,12322504.364242049,2.1027801722084405e-09,2.1027801722084406e-13
2017-05-23,IC,front,1.208403701379487,12084037.013794871,10.570361278686907,IC1706,-0.01931853275229045,-0.019318532752290497,-0.021262395772569796,0.0019438630202792987,0.0,-0.02104499890470235,False,1.0000000000000002,12071352.580260446,12071352.580260448,12130546.603421094,12130546.603421096,0.0,0.0
2017-05-24,IC,front,1.2174942120791579,12174942.120791579,10.570361278686907,IC1706,0.00752274317704682,0.007522743177046888,0.006012946116165133,0.0015097970608817547,0.0,0.005961962781532382,False,1.0000000000000002,11925904.409065714,11925904.409065716,12146613.5525647,12146613.5525647,0.0,0.0
2017-05-25,IC,front,1.2284028249187628,12284028.249187628,10.570361278686907,IC1706,0.008959888869595423,0.00895988886959548,0.008951206806737312,8.682062858166886e-06,0.0,0.008889080484545397,False,1.0000000000000002,12031185.207401438,12031185.207401438,12298403.94052664,12298403.940526642,0.0,0.0
2017-05-26,IC,front,1.2292484538210577,12292484.538210578,10.570361278686907,IC1706,0.0006883970674285145,0.0006883970674284928,-0.00238701683130828,0.003075413898736773,0.0,-0.002370615984138902,False,1.0000000000000002,12255699.680960745,12255699.680960748,12293330.167112872,12293330.167112874,0.0,0.0
2017-05-31,IC,front,1.2203693503469608,12203693.503469609,10.570361278686907,IC1706,-0.007223196780517971,-0.007223196780518007,-0.0022065146355725114,-0.0050166821449454954,0.0,-0.0021980733022325394,False,1.0,12182552.780912235,12182552.780912235,12233713.32950108,12233713.32950108,0.0,0.0
2017-06-01,IC,front,1.198044747326374,11980447.47326374,10.570361278686908,IC1706,-0.01829331670304546,-0.018293316703045483,-0.01976579011190804,0.0014724734088625573,1.6733457145526824e-20,-0.019591009769749923,False,1.0,11961843.637413252,11961843.637413252,12038795.867522093,12038795.867522094,2.042099822574528e-09,2.042099822574528e-13
2017-06-02,IC,front,1.2162680501708303,12162680.501708303,10.570361278686907,IC1706,0.015210869948826478,0.015210869948826509,0.011032292218104894,0.0041785777307216145,1.6792617358582518e-20,0.010949211908931833,False,1.0,11867556.014807364,11867556.014807366,12168599.904024368,12168599.904024368,2.0118307020311477e-09,2.0118307020311477e-13
2017-06-05,IC,front,1.2208767276883379,12208767.276883379,10.570361278686907,IC1706,0.0037891955781130804,0.003789195578113082,0.007522769936730818,-0.0037335743586177366,0.0,0.007497592039525047,False,1.0,12180861.523107644,12180861.523107646,12254431.237607308,12254431.237607306,0.0,0.0
2017-06-06,IC,front,1.2276840403518121,12276840.403518122,10.570361278686908,IC1706,0.005575757575757567,0.005575757575757544,0.0044536796536796975,0.001122077922077846,1.6799252211604924e-20,0.004422435434505934,False,1.0,12192277.513288626,12192277.513288626,12251894.35090042,12251894.35090042,2.050981606771529e-09,2.0509816067715293e-13
2017-06-07,IC,front,1.2582958066148895,12582958.066148896,10.570361278686907,IC1706,0.024934563989530423,0.02493456398953027,0.0195447031271525,0.00538986086237777,1.6813753651673593e-20,0.019429874416247772,False,0.9999999999999999,12283182.620285334,12283182.620285334,12568159.560358735,12568159.560358733,2.064197701656667e-09,2.0641977016566672e-13
2017-06-08,IC,front,1.2557589199080046,12557589.199080046,10.570361278686908,IC1706,-0.0020161290322581182,-0.0020161290322580645,0.0006653225806450145,-0.002681451612903079,1.6796601851549147e-20,0.0006649851721738376,False,1.0,12504314.578235466,12504314.578235464,12544059.136643328,12544059.136643328,2.113509367518418e-09,2.113509367518418e-13
2017-06-09,IC,front,1.259870556969676,12598705.56969676,10.653942714799646,IC1707,0.0032742248503976334,0.0034740123032111596,0.0017547667601458066,0.001719245543065353,0.000199787452813448,0.0017268055942460947,True,1.0012352542521077,12457221.210444221,12472783.815070242,12592313.20406788,12607875.8086939,25088487.595618688,2508.848759561869
2017-06-12,IC,front,1.2428874238856877,12428874.238856876,10.640798623054696,IC1707,-0.013480061892102047,-0.013479938387542616,-0.011224942494338105,-0.002254995893204511,1.2350455942948282e-07,-0.011126988727264808,False,1.0000003367011243,12420361.599958433,12420365.784774363,12453986.523607286,12453990.708423216,15559.975807671697,1.5559975807671698
2017-06-13,IC,front,1.2584229846026587,12584229.846026586,10.640795040287042,IC1707,0.012499571898798134,0.012499571932468067,0.013220437230770477,-0.0007208652983024101,3.3670112435623734e-11,0.013080122313797515,False,1.0000000000332543,12428448.606636783,12428448.607055264,12612747.176734557,12612747.177153036,4.184815930705383,0.0004184815930705384
2017-06-14,IC,front,1.2596147536472106,12596147.536472106,10.640795039933188,IC1707,0.0009470337550518959,0.0009470337550552603,-0.0023050125143974144,0.0032520462694526748,3.332081500022941e-15,-0.0022792413454045812,False,0.999999999999937,12568481.469368277,12568481.469367485,12596147.536472106,12596147.536471313,0.0004193167946198173,4.193167946198173e-08
2017-06-15,IC,front,1.2692765955434706,12692765.955434706,10.64079503993386,IC1707,0.007670473744677997,0.007670473744677953,0.009248496316821014,-0.0015780225721430615,6.3062185561256475e-18,0.009174665587294184,False,0.9999999999999999,12588060.532241756,12588060.532241756,12699576.064260263,12699576.064260263,7.943405933019676e-07,7.943405933019676e-11
2017-06-16,IC,front,1.2678720105981995,12678720.105981994,10.64079503993386,IC1707,-0.0011066027296199321,-0.0011066027296199748,-0.0013698400456054578,0.00026323731598548305,0.0,-0.001356879144750911,False,0.9999999999999999,12652756.566084554,12652756.566084553,12689786.532823525,12689786.532823524,0.0,0.0
2017-06-19,IC,front,1.2781723001968552,12781723.001968553,10.640795039933861,IC1707,0.008124076809453484,0.00812407680945341,0.00745434403115346,0.0006697327782999501,1.669607736965289e-20,0.007385664393813274,False,1.0000000000000002,12664674.25652928,12664674.256529283,12760867.043690283,12760867.043690285,2.1168489183764905e-09,2.1168489183764906e-13
2017-06-20,IC,front,1.2831521922755442,12831521.922755443,10.640795039933861,IC1707,0.003896103896103842,0.003896103896103836,0.001580086580086544,0.0023160173160172923,0.0,0.0015666761866870438,False,1.0000000000000002,12785128.056381334,12785128.056381335,12813645.387088355,12813645.387088357,0.0,0.0
2017-06-21,IC,front,1.2841311454192181,12841311.454192182,10.64079503993386,IC1707,0.0007629283179089175,0.0007629283179089733,0.0018724914585199137,-0.0011095631406109403,1.6693281935822188e-20,0.0018609174372414827,False,1.0,12720006.390736936,12720006.390736936,12791938.165206889,12791938.165206889,2.142002131222398e-09,2.142002131222398e-13
2017-06-22,IC,front,1.2651479670679764,12651479.670679763,10.64079503993386,IC1707,-0.014782896917467592,-0.014782896917467652,-0.01422936692078218,-0.0005535299966854736,0.0,-0.01412591577426825,False,1.0,12632751.871409478,12632751.871409478,12726816.499562494,12726816.499562493,0.0,0.0
2017-06-23,IC,front,1.2669356206346851,12669356.20634685,10.640795039933861,IC1707,0.0014129995962857134,0.0014129995962857682,0.003024491993002367,-0.0016114923967165992,1.670899964419966e-20,0.0030005023087849025,False,1.0000000000000002,12473565.577612069,12473565.57761207,12625516.130782325,12625516.130782327,2.113935693159874e-09,2.1139356931598741e-13
2017-06-26,IC,front,1.2951550090805897,12951550.090805897,10.64079503993386,IC1707,0.022273735134045625,0.022273735134045618,0.01702109789692937,0.0052526372371162495,1.6765061818560393e-20,0.016859363327349053,False,1.0,12678294.474180395,12678294.474180395,12916222.651273316,12916222.651273316,2.1240254000076675e-09,2.1240254000076675e-13
2017-06-27,IC,front,1.2898771747407827,12898771.747407826,10.64079503993386,IC1707,-0.004075059975681139,-0.004075059975681123,0.0002514049097899611,-0.004326464885471085,0.0,0.0002503419704040777,False,0.9999999999999999,12860890.517065661,12860890.51706566,12913243.228662137,12913243.228662135,0.0,0.0
2017-06-28,IC,front,1.2871105680303998,12871105.680303998,10.640795039933861,IC1707,-0.002144860584061936,-0.002144860584062036,-0.004448110872793275,0.0023032502887312387,1.6677309860498993e-20,-0.004410150543825875,False,1.0000000000000002,12825137.445731483,12825137.445731485,12857059.830851285,12857059.830851287,2.1511681325137033e-09,2.1511681325137035e-13
2017-06-29,IC,front,1.2927289078114848,12927289.078114849,10.640795039933861,IC1707,0.00436507936507935,0.004365079365079305,0.005089285714285672,-0.0007242063492063673,0.0,0.005057334531670676,False,1.0,12888130.952367892,12888130.952367894,12922607.128297279,12922607.128297279,0.0,0.0
2017-06-30,IC,front,1.2975811103496948,12975811.103496948,10.640795039933861,IC1707,0.003753457131568716,0.0037534571315685802,0.003485117871723969,0.00026833925984461114,0.0,0.003460852478097909,False,1.0,12860890.517065661,12860890.517065663,12988154.425743273,12988154.425743273,0.0,0.0
2017-07-03,IC,front,1.3079665263086702,13079665.263086703,10.640795039933861,IC1707,0.008003673817490009,0.008003673817490026,0.006435740995866921,0.0015679328216231052,0.0,0.006392795235054205,False,1.0,12951975.722607497,12951975.722607497,13069024.46804677,13069024.46804677,0.0,0.0
2017-07-04,IC,front,1.3022204969871058,13022204.969871059,10.640795039933861,IC1707,-0.0043931012040352435,-0.004393101204035145,-0.0049707126586396476,0.0005776114546045027,0.0,-0.004945446304270296,False,1.0000000000000002,12962190.885845833,12962190.885845834,13010712.91122793,13010712.911227932,0.0,0.0
2017-07-05,IC,front,1.3112438911809698,13112438.911809698,10.640795039933861,IC1707,0.006929236803399297,0.00692923680339919,0.007698970420003216,-0.0007697336166040259,0.0,0.007664088110170164,False,1.0,12983472.4759257,12983472.4759257,13104777.539380947,13104777.539380947,0.0,0.0
2017-07-06,IC,front,1.3080516526689896,13080516.526689896,10.640795039933861,IC1707,-0.0024345116369656195,-0.002434511636965625,0.0012480929658843121,-0.003682604602849937,0.0,0.0012415320731808954,False,1.0,12995815.798172023,12995815.798172025,13098818.694158584,13098818.694158584,0.0,0.0
2017-07-07,IC,front,1.315883277818381,13158832.77818381,10.640795039933861,IC1707,0.00598724456592481,0.005987244565924799,0.003963295587661165,0.0020239489782636344,0.0,0.003927986906710368,False,1.0,13053276.091387667,13053276.091387669,13165217.255207771,13165217.255207771,0.0,0.0
2017-07-10,IC,front,1.3120100284238452,13120100.284238452,10.640795039933861,IC1707,-0.0029434596972440774,-0.002943459697244116,-0.003145620390736159,0.00020216069349204317,0.0,-0.0031239911275439125,False,1.0,13075834.576872326,13075834.576872326,13144786.928731099,13144786.928731099,0.0,0.0
2017-07-11,IC,front,1.29996464843864,12999646.4843864,10.640795039933861,IC1707,-0.009180859691808707,-0.009180859691808655,-0.012582319545823296,0.0034014598540146406,0.0,-0.0124980665618315,False,1.0,12965170.308457015,12965170.308457015,13018799.91545828,13018799.91545828,0.0,0.0
2017-07-12,IC,front,1.2950698827202705,12950698.827202704,10.640795039933861,IC1707,-0.0037653067906489035,-0.003765306790648943,0.0006548359635911206,-0.004420142754240064,0.0,0.000652636078701363,False,1.0,12798322.642230852,12798322.642230852,12930694.132527629,12930694.132527629,0.0,0.0
2017-07-13,IC,front,1.2999220852584803,12999220.852584803,10.640795039933861,IC1707,0.0037466723633616805,0.0037466723633615183,0.0027837118348835754,0.000962960528477943,0.0,0.0027621111399172005,False,1.0,12940058.03216277,12940058.03216277,12994113.270965636,12994113.270965636,0.0,0.0
2017-07-14,IC,front,1.293410649061442,12934106.490614422,10.724014034933345,IC1708,-0.005009097291968412,-0.004809139319944731,-0.0034877876851853035,-0.0013213516347594274,0.00019995797202365496,-0.0034455676731280915,True,1.0020162931936698,12874909.933141587,12900988.884024816,12929816.885000449,12955895.835883675,25992978.395704642,2599.2978395704645
2017-07-17,IC,front,1.2377181110416058,12377181.110416058,10.702434788513571,IC1708,-0.04305866668118852,-0.04305846480494614,-0.0417570103248435,-0.001301454480102643,2.0187624237417752e-07,-0.04116343653018395,False,0.9999976306239989,12369047.25997679,12369017.933780907,12463656.783507248,12463627.457311366,26110.888167926998,2.6110888167926998
2017-07-18,IC,front,1.2514600505054256,12514600.505054256,10.702460146665794,IC1708,0.011102640691146748,0.01110264092962491,0.010717012494868724,0.000385628434756186,2.3847828455196077e-10,0.010545464446282349,False,1.0000000154735256,12351923.110824935,12351923.304469926,12498332.765631324,12498332.959276315,29.516889188009543,0.0029516889188009546
2017-07-19,IC,front,1.279158016934475,12791580.16934475,10.702459981061006,IC1708,0.02213252146391964,0.022132521465467046,0.02068381620749927,0.0014487052579677767,1.5473525604584624e-12,0.020363968254235365,False,1.000000000001514,12479924.534696253,12479924.534715617,12787299.185352325,12787299.18537169,0.1936449913461047,1.936449913461047e-05
2017-07-20,IC,front,1.2872062668402238,12872062.668402238,10.702459981044804,IC1708,0.0062918340026798525,0.00629183400267997,0.006680053547521703,-0.00038821954484173356,1.5164049007048652e-16,0.006588154524570289,False,0.9999999999999976,12799285.940531133,12799285.940531103,12877199.849193139,12877199.849193107,1.9397214856553546e-05,1.939721485655355e-09
2017-07-21,IC,front,1.2931140247497603,12931140.247497603,10.70245998104483,IC1708,0.0045895969136622305,0.004589596913662274,0.004461553811360908,0.0001280431023013656,2.4910550961444345e-19,0.004398879867787642,False,1.0000000000000002,12845092.469250003,12845092.469250007,12937133.62508699,12937133.625086991,3.206501730801392e-08,3.2065017308013924e-12
2017-07-24,IC,front,1.3022325206536107,13022325.206536107,10.702459981044829,IC1708,0.0070515791564591535,0.007051579156459042,0.006790041713566914,0.0002615374428921289,1.660589213821375e-20,0.006695929390755362,False,1.0,12909307.229136271,12909307.229136271,13036880.552110327,13036880.552110327,2.1473312017405988e-09,2.1473312017405988e-13
2017-07-25,IC,front,1.3016759927345962,13016759.927345963,10.702459981044829,IC1708,-0.0004273644761497719,-0.0004273644761498346,-0.0022239389855024396,0.001796574509352605,0.0,-0.0021938892158912537,False,0.9999999999999999,12893895.68676357,12893895.686763568,12963675.72583998,12963675.72583998,0.0,0.0
2017-07-26,IC,front,1.2992786416988422,12992786.416988423,10.702459981044829,IC1708,-0.001841741761494431,-0.001841741761494412,-0.0011346444780636297,-0.0007070972834307823,0.0,-0.0011212948517941301,False,0.9999999999999999,12914444.409927174,12914444.409927173,12973521.989022542,12973521.989022542,0.0,0.0
2017-07-27,IC,front,1.3119931641563234,13119931.641563235,10.70245998104483,IC1708,0.009785831960461122,0.009785831960461226,0.006148270181219213,0.003637561779242013,1.6585618664489067e-20,0.006071550588120589,False,1.0000000000000002,12874631.258797688,12874631.25879769,13133202.691939732,13133202.691939734,2.154934009013232e-09,2.154934009013232e-13
2017-07-28,IC,front,1.3239371094951695,13239371.094951695,10.702459981044829,IC1708,0.009103664306457482,0.00910366430645743,0.005129376447939374,0.003974287858518057,1.6572195883536206e-20,0.005084071526288758,False,1.0,13089536.655217066,13089536.655217066,13233377.717362309,13233377.717362309,2.1742607714259066e-09,2.1742607714259067e-13
2017-07-31,IC,front,1.3411466651446897,13411466.651446898,10.702459981044829,IC1708,0.012998771260428255,0.01299877126042821,0.013344758455668364,-0.00034598719524015517,0.0,0.013279789428296551,False,0.9999999999999999,13176012.53186391,13176012.53186391,13405045.175458271,13405045.17545827,0.0,0.0
2017-08-01,IC,front,1.3372937795515136,13372937.795515137,10.70245998104483,IC1708,-0.002872829417773226,-0.0028728294177732382,-0.001829034729315634,-0.0010437946884576043,1.6599239317124173e-20,-0.0018196252778659439,False,1.0000000000000002,13321137.889206877,13321137.889206879,13359666.74513864,13359666.745138641,2.22620144540997e-09,2.22620144540997e-13
2017-08-02,IC,front,1.3325418873199297,13325418.873199297,10.70245998104483,IC1708,-0.003553364491964972,-0.0035533644919650306,-0.00555093155771821,0.0019975670657531794,0.0,-0.005516548053460246,False,1.0,13281752.836476633,13281752.836476635,13328415.56199399,13328415.56199399,0.0,0.0
2017-08-03,IC,front,1.3343399005967453,13343399.005967453,10.70245998104483,IC1708,0.0013493108876538873,0.0013493108876538931,0.0016239920326405661,-0.00027468114498667315,0.0,0.0016171187454614433,False,1.0,13288174.312465262,13288174.312465262,13362663.433933334,13362663.433933334,0.0,0.0
2017-08-04,IC,front,1.3239371094951697,13239371.094951697,10.70245998104483,IC1708,-0.007796207770541241,-0.007796207770541301,-0.005911322147005095,-0.001884885623536206,0.0,-0.005884729565935332,False,1.0,13228668.634970652,13228668.634970652,13307866.838830383,13307866.838830383,0.0,0.0
2017-08-07,IC,front,1.3442289736192305,13442289.736192307,10.70245998104483,IC1708,0.015326909396624178,0.015326909396624228,0.012659251115566221,0.0026676582810580074,0.0,0.012578070784177608,False,1.0000000000000002,13253498.342126677,13253498.342126677,13420884.816230217,13420884.816230217,0.0,0.0
2017-08-08,IC,front,1.3425593898621875,13425593.898621876,10.70245998104483,IC1708,-0.0012420382165605481,-0.0012420382165605386,4.7770700636971636e-05,-0.0012898089171975101,0.0,4.759321130443084e-05,False,1.0000000000000002,13385780.74749239,13385780.747492392,13408041.864252962,13408041.864252964,0.0,0.0
2017-08-09,IC,front,1.3522344136850522,13522344.136850521,10.702459981044829,IC1708,0.0072064028570517635,0.007206402857051722,0.0057874430024553065,0.0014189598545964154,1.659182821578247e-20,0.0057585045021035786,False,0.9999999999999999,13410182.356249172,13410182.35624917,13524912.727245973,13524912.727245972,2.227551476607914e-09,2.2275514766079142e-13
2017-08-10,IC,front,1.3380215468302246,13380215.468302246,10.702459981044829,IC1708,-0.01051065311678856,-0.010510653116788494,-0.008041282806217777,-0.0024693703105707183,0.0,-0.00801259302021129,False,0.9999999999999999,13300161.067644032,13300161.06764403,13383640.255496182,13383640.25549618,0.0,0.0
2017-08-11,IC,front,1.3185372233578212,13185372.233578213,10.792237028796778,IC1709,-0.014562040139459498,-0.014362847290457195,-0.02059062245475482,0.006227775164297625,0.00019919284900220125,-0.020357055405916924,True,0.9984399517885154,13133137.806358837,13112567.989988085,13199617.986456225,13179048.170085475,26652432.39394447,2665.243239394447
2017-08-14,IC,front,1.3485394358421807,13485394.358421806,10.809099745522538,IC1709,0.022754164200199822,0.022754320481262486,0.021550999050702953,0.0012033214305595314,1.5628106263395075e-07,0.021335164148484465,False,1.000002853760972,13208681.40493643,13208719.88902854,13465073.250900224,13465111.734992336,20606.239838877915,2.0606239838877918
2017-08-15,IC,front,1.3496635784994646,13496635.784994645,10.80906889902357,IC1709,0.0008336001361219925,0.0008336004214888786,0.003546007668084141,-0.0027124072465952625,2.8536694759645305e-10,0.003515217778229829,False,1.000000000376549,13439996.26396376,13439996.269045908,13483664.902315816,13483664.907397963,38.48285825197259,0.003848285825197259
2017-08-16,IC,front,1.3532521893729943,13532521.893729942,10.809068894953425,IC1709,0.0026588928757487196,0.002658892875786302,0.0006471040487477505,0.0020117888270385514,3.768868504345069e-14,0.0006397709493313197,False,0.9999999999997007,13411892.684862262,13411892.68485821,13534683.707508933,13534683.707504882,0.005086704552468291,5.086704552468291e-07
2017-08-17,IC,front,1.3661365994957813,13661365.994957812,10.809068894956662,IC1709,0.009521070960732514,0.009521070960732651,0.007544969487842599,0.0019761014728900514,3.0025884415340627e-17,0.007474520478571778,False,1.0000000000000009,13500527.049800858,13500527.04980087,13649692.20055126,13649692.200551271,4.063259382292017e-06,4.063259382292017e-10
2017-08-18,IC,front,1.3590458503006897,13590458.503006898,10.809068894956651,IC1709,-0.005190366174003813,-0.005190366174003749,-0.0028910972560685453,-0.002299268917935204,9.822609170579058e-20,-0.0028699204999033112,False,1.0,13559328.38458942,13559328.384589422,13593917.405053282,13593917.405053282,1.3419025890470948e-08,1.341902589047095e-12
2017-08-21,IC,front,1.374654145785007,13746541.45785007,10.809068894956653,IC1709,0.011484745331339585,0.011484745331339646,0.008911017083956276,0.0025737282473833703,1.647002362500302e-20,0.008825160371532581,False,1.0000000000000002,13619859.170401178,13619859.170401182,13755188.712966036,13755188.71296604,2.2383517261914676e-09,2.2383517261914678e-13
2017-08-22,IC,front,1.3697252103689066,13697252.103689067,10.809068894956651,IC1709,-0.0035855821853181258,-0.0035855821853180135,-0.004371894068063186,0.0007863118827451722,1.6440668269628988e-20,-0.004341185987026486,False,1.0000000000000002,13643639.121970084,13643639.121970084,13685578.309282515,13685578.309282517,2.2600232796321507e-09,2.2600232796321508e-13
2017-08-23,IC,front,1.3587431963716308,13587431.963716308,10.809068894956651,IC1709,-0.008017676767676729,-0.008017676767676798,-0.008396464646464619,0.0003787878787878209,0.0,-0.008343815382105935,False,1.0000000000000002,13502256.500824051,13502256.500824051,13598673.395367062,13598673.395367064,0.0,0.0
2017-08-24,IC,front,1.3508309579405227,13508309.579405226,10.809068894956651,IC1709,-0.005823203716667669,-0.005823203716667641,-0.007030802520206137,0.0012075988035384956,0.0,-0.006989014325976761,False,1.0000000000000002,13485394.353347916,13485394.353347918,13518686.285544382,13518686.285544384,0.0,0.0
2017-08-25,IC,front,1.3678228142433944,13678228.142433943,10.809068894956651,IC1709,0.012578817655154673,0.012578817655154667,0.01087283551515533,0.0017059821399993378,0.0,0.010820900871055361,False,1.0000000000000002,13520848.099323373,13520848.099323375,13693793.20164268,13693793.201642683,0.0,0.0
2017-08-28,IC,front,1.387408847081056,13874088.470810559,10.809068894956651,IC1709,0.0143191301049439,0.014319130104943796,0.012335630294601118,0.0019834998103426785,0.0,0.012298058939294476,False,1.0000000000000002,13687307.760305706,13687307.760305708,13882303.363170726,13882303.363170728,0.0,0.0
2017-08-29,IC,front,1.38135576849988,13813557.684998801,10.809068894956651,IC1709,-0.004362865779550695,-0.004362865779550625,-0.002558509146436485,-0.00180435663311414,0.0,-0.0025558090956918633,False,1.0000000000000002,13767294.870128386,13767294.870128388,13814854.773266194,13814854.773266196,0.0,0.0
2017-08-30,IC,front,1.3908245128518621,13908245.128518622,10.809068894956651,IC1709,0.006854674637703839,0.00685467463770387,0.007089423769132083,-0.00023474913142821325,0.0,0.007069111882350043,False,1.0000000000000002,13805342.792638633,13805342.792638635,13929863.266308535,13929863.266308537,0.0,0.0
2017-08-31,IC,front,1.3974396630155754,13974396.630155755,10.809068894956651,IC1709,0.004756279532454499,0.004756279532454528,0.002637714498880915,0.0021185650335736133,0.0,0.002629597146337037,False,1.0000000000000002,13885329.902461315,13885329.902461315,13973531.90464416,13973531.904644161,0.0,0.0
2017-09-01,IC,front,1.4113617437522799,14113617.437522799,10.80906889495665,IC1709,0.009962563039510153,0.009962563039510002,0.008673927168095001,0.0012886358714150007,1.6459880201474997e-20,0.008665575549074767,False,0.9999999999999999,13932457.442843324,13932457.442843324,14095458.20177927,14095458.201779269,2.3001689442025963e-09,2.3001689442025963e-13
2017-09-04,IC,front,1.4156853713102626,14156853.713102626,10.809068894956651,IC1709,0.0030634439236589817,0.003063443923658977,0.005848114450265033,-0.002784670526606056,1.6453079623399226e-20,0.005849996169462912,False,1.0,14075137.152256753,14075137.152256753,14137829.751847502,14137829.751847502,2.3221247147375834e-09,2.3221247147375837e-13
2017-09-05,IC,front,1.4201387076949845,14201387.076949846,10.809068894956651,IC1709,0.003145710533549062,0.0031457105335490725,0.0010964175548971355,0.002049292978651937,0.0,0.0010937319107708898,False,1.0,14087243.309419103,14087243.309419105,14195766.361124469,14195766.36112447,0.0,0.0
2017-09-06,IC,front,1.4254135333157236,14254135.333157236,10.809068894956651,IC1709,0.003714303111490125,0.003714303111490067,0.005367472447177772,-0.0016531693356877054,0.0,0.0053652999303088755,False,1.0,14146909.369719265,14146909.369719265,14266241.490319585,14266241.490319587,0.0,0.0
2017-09-07,IC,front,1.4158583164125818,14158583.164125817,10.809068894956651,IC1709,-0.006703470031545922,-0.006703470031545852,-0.007358650812909416,0.0006551807813635641,0.0,-0.007343592972429702,False,1.0000000000000002,14129182.496731536,14129182.496731536,14184524.929473713,14184524.929473713,0.0,0.0
2017-09-08,IC,front,1.4166962161644154,14166962.161644153,10.878164021732243,IC1710,0.0005917963274437721,0.0007920138244099949,0.0023979542867793887,-0.0016059404623693938,0.00020021749696620206,0.0023755069679505247,True,1.0001764080735787,14094731.152539853,14097230.319043249,14128235.897726785,14130735.064230185,28347960.817090802,2834.79608170908
2017-09-11,IC,front,1.4397537239108635,14397537.239108635,10.876245364239768,IC1710,0.01627554833800171,0.016275565971224967,0.011585033670633208,0.004690532300591759,1.7633223175856558e-08,0.01147671648783577,False,1.00000009197805,14154344.392764233,14154345.717021635,14350116.809320549,14350118.133577952,2498.092055201866,0.24980920552018662
2017-09-12,IC,front,1.436447345675024,14364473.45675024,10.87624436386402,IC1710,-0.002296488754242154,-0.0022964887450398954,-0.0008490963716358132,-0.0014473923734040822,9.202251880016241e-12,-0.0008451598058839549,False,0.9999999999646524,14303131.438538045,14303131.438030295,14383180.597056085,14383180.596548336,1.324897641261913,0.0001324897641261913
2017-09-13,IC,front,1.4441477266848899,14441477.2668489,10.876244364248471,IC1710,0.0053607123387089395,0.005360712338712502,0.00611333212192022,-0.0007526197832077186,3.5359601114708666e-15,0.006076149795078534,False,1.0000000000000153,14315312.832223617,14315312.832223838,14441477.2668489,14441477.26684912,0.0005079220516535088,5.079220516535088e-08
2017-09-14,IC,front,1.4442347366398038,14442347.366398038,10.876244364248304,IC1710,6.025003765630643e-05,6.0250037656209044e-05,-0.0018361198975750145,0.0018963699352312236,1.534278773820616e-18,-0.001823654549861109,False,1.0,14381005.348183678,14381005.348183678,14421900.026993252,14421900.026993252,2.215725203313923e-07,2.215725203313923e-11
2017-09-15,IC,front,1.4330539574333567,14330539.574333567,10.876244364248304,IC1710,-0.007741663403319499,-0.007741663403319523,-0.007553393378919727,-0.00018827002439979605,0.0,-0.0075162727680117,False,1.0,14256581.112656677,14256581.112656679,14320098.379743889,14320098.379743887,0.0,0.0
2017-09-18,IC,front,1.4527182072439175,14527182.072439175,10.876244364248306,IC1710,0.013721918639951314,0.013721918639951371,0.007196417729204593,0.006525500910746779,1.63051766085071e-20,0.00715942519223689,False,1.0,14306611.836732222,14306611.83673222,14474976.099490784,14474976.099490784,2.3366197865470895e-09,2.33661978654709e-13
2017-09-19,IC,front,1.4357947710131473,14357947.710131474,10.876244364248304,IC1710,-0.011649496885481336,-0.011649496885481444,-0.005005689985625207,-0.006643806899856238,1.634809853805185e-20,-0.00501240731994379,False,1.0,14311397.38425249,14311397.384252489,14386225.94547852,14386225.94547852,2.374918040004559e-09,2.374918040004559e-13
2017-09-20,IC,front,1.450586463348525,14505864.63348525,10.876244364248306,IC1710,0.010302093749052998,0.010302093749053115,0.008552252825500683,0.0017498409235524317,1.634630350988857e-20,0.008506604862553058,False,1.0,14334019.972530127,14334019.972530127,14515870.778300358,14515870.778300358,2.346993710489187e-09,2.346993710489187e-13
2017-09-21,IC,front,1.4344896216894376,14344896.216894375,10.876244364248306,IC1710,-0.011096781933239375,-0.011096781933239359,-0.012059502744204191,0.0009627208109648321,0.0,-0.012016490174778571,False,1.0,14300086.090113671,14300086.090113671,14341850.868472384,14341850.868472384,0.0,0.0
2017-09-22,IC,front,1.4209160687228555,14209160.687228555,10.876244364248306,IC1710,-0.009462287325994079,-0.009462287325994077,-0.006071634367512808,-0.0033906529584812697,0.0,-0.006055610589756566,False,1.0,14123020.83186371,14123020.831863709,14225257.528887644,14225257.528887644,0.0,0.0
2017-09-25,IC,front,1.4010342940250098,14010342.940250097,10.876244364248304,IC1710,-0.013992223140748883,-0.01399222314074885,-0.012579222926426024,-0.0014130002143228262,1.6342448128021737e-20,-0.012503024188946776,False,1.0,13994681.14836558,13994681.14836558,14063854.062522197,14063854.062522197,2.3221247147375834e-09,2.3221247147375837e-13
2017-09-26,IC,front,1.410648894043005,14106488.94043005,10.876244364248306,IC1710,0.0068625015526020405,0.0068625015526021325,0.004794435473854196,0.0020680660787479365,1.6356283260679364e-20,0.004758206673816323,False,1.0,14030355.229880312,14030355.229880312,14082126.153054135,14082126.153054135,2.291571377099899e-09,2.2915713770998994e-13
2017-09-27,IC,front,1.4269632605893776,14269632.605893776,10.876244364248304,IC1710,0.01156515034695449,0.011565150346954512,0.009625289128758685,0.0019398612181958268,1.6359646693239278e-20,0.0095725625391061,False,1.0,14128241.429158548,14128241.429158548,14290950.044847703,14290950.044847703,2.3077717514752294e-09,2.3077717514752293e-13
2017-09-28,IC,front,1.425223061491098,14252230.614910979,10.876244364248304,IC1710,-0.0012195121951219523,-0.0012195121951219512,-0.0023399390243902998,0.0011204268292683483,0.0,-0.0023317140452733254,False,1.0,14173051.555939252,14173051.555939252,14283554.198680013,14283554.198680013,0.0,0.0
2017-09-29,IC,front,1.4352727112836632,14352727.112836633,10.876244364248304,IC1710,0.007051282051282026,0.007051282051282023,0.005413614163614203,0.0016376678876678205,0.0,0.005400598983828608,False,1.0,14240484.270997591,14240484.270997591,14307046.88650679,14307046.88650679,0.0,0.0
2017-10-09,IC,front,1.4539798515901703,14539798.515901703,10.876244364248304,IC1710,0.013033857718771857,0.013033857718771788,0.011383407596010984,0.0016504501227608045,0.0,0.011374684625472753,False,1.0,14453223.610762287,14453223.610762287,14517610.977398638,14517610.977398638,0.0,0.0
2017-10-10,IC,front,1.4611146678931173,14611146.678931173,10.876244364248304,IC1710,0.004907094341880969,0.00490709434188088,0.004055833158792327,0.0008512611830885532,0.0,0.0040593737693479515,False,1.0,14478456.497687344,14478456.497687344,14567206.65169961,14567206.65169961,0.0,0.0
2017-10-11,IC,front,1.448889769227702,14488897.692277022,10.876244364248304,IC1710,-0.00836683043025166,-0.008366830430251574,-0.005807652225695893,-0.002559178204555681,0.0,-0.005817629759539811,False,1.0,14457139.058733417,14457139.058733417,14487592.54295331,14487592.542953312,0.0,0.0
2017-10-12,IC,front,1.4465840054224814,14465840.054224815,10.876244364248304,IC1710,-0.0015914004323804853,-0.0015914004323805495,-0.0011064736968532144,-0.0004849267355273352,0.0,-0.0011055326132121124,False,1.0,14364038.40697545,14364038.40697545,14422335.076767823,14422335.076767823,0.0,0.0
2017-10-13,IC,front,1.462543473712741,14625434.73712741,10.927511749678814,IC1711,0.011032520911634425,0.01123271352880996,0.007662129751163626,0.0035705837776463323,0.00020019261717551281,0.007616644891952351,True,0.9988905814399064,14486436.787671495,14470211.058924688,14601831.311748104,14585605.583001295,28959543.80097628,2895.954380097628
2017-10-16,IC,front,1.4390458206212564,14390458.206212563,10.93964839865318,IC1711,-0.016066293764133155,-0.016066182882024986,-0.013555045248919559,-0.0025111376331054267,1.1088210812892851e-07,-0.013504088038129192,False,0.9999995054578442,14372517.182838773,14372510.066150548,14434216.799807176,14434209.683118952,16216.990359547484,1.6216990359547485
2017-10-17,IC,front,1.4354138565027812,14354138.565027812,10.939653808773159,IC1711,-0.0025238696825561346,-0.0025238696331726556,-0.0009532920758397431,-0.0015705775573329123,4.9383536627924384e-11,-0.0009472429489320033,False,0.9999999993409306,14336635.118933775,14336635.109473402,14377330.631102411,14377330.621642036,7.106517199191131,0.0007106517199191131
2017-10-18,IC,front,1.423248961457929,14232489.614579288,10.939653815983151,IC1711,-0.008474834619815352,-0.008474834619749327,-0.007545041612002472,-0.0009297930077468549,6.60033943316269e-14,-0.007485324227953116,False,1.0000000000010392,14215423.754626354,14215423.754641145,14273185.126774747,14273185.126789538,0.009474218679983437,9.474218679983438e-07
2017-10-19,IC,front,1.4134032730235542,14134032.730235541,10.939653815971782,IC1711,-0.006917755572636519,-0.006917755572636401,-0.009537279016142954,0.0026195234435065526,1.0392498245550526e-16,-0.009452360347622535,False,1.0000000000000002,14102088.941092903,14102088.941092905,14151536.176341096,14151536.176341098,1.4791112334933132e-05,1.4791112334933134e-09
2017-10-20,IC,front,1.4287187883659147,14287187.883659147,10.93965381597178,IC1711,0.010835913312693624,0.010835913312693499,0.010839009287925765,-3.09597523226582e-06,1.6237779268725926e-20,0.010769988002584219,False,0.9999999999999999,14134032.730235541,14134032.730235541,14292438.917490812,14292438.917490812,2.2950530365051236e-09,2.295053036505124e-13
2017-10-23,IC,front,1.4388270284918725,14388270.284918725,10.939653815971782,IC1711,0.007075038284839241,0.007075038284839177,0.006330781010719778,0.0007442572741193992,1.6254688441624446e-20,0.006290877770710246,False,1.0000000000000002,14265746.16217984,14265746.162179843,14365953.391134143,14365953.391134145,2.3223378775583114e-09,2.322337877558312e-13
2017-10-24,IC,front,1.4354576151165535,14354576.151165534,10.93965381597178,IC1711,-0.002341777926461952,-0.0023417779264620353,-0.0014841397767708128,-0.0008576381496912224,1.622247039255639e-20,-0.0014759344056037849,False,0.9999999999999999,14212360.6515579,14212360.651557898,14303816.157459425,14303816.157459423,2.334132886971929e-09,2.334132886971929e-13
2017-10-25,IC,front,1.4439905450930113,14439905.450930113,10.939653815971782,IC1711,0.005944397024753023,0.0059443970247530795,0.006842153395927376,-0.0008977563711742973,1.624817414022462e-20,0.006798424958352367,False,1.0000000000000002,14278436.160606371,14278436.160606371,14436842.34786164,14436842.347861642,2.332356530132529e-09,2.332356530132529e-13
2017-10-26,IC,front,1.4489790272330945,14489790.272330945,10.939653815971782,IC1711,0.0034546501409133956,0.003454650140913389,0.0036425346222612753,-0.0001878844813478864,0.0,0.0036161849850102623,False,1.0000000000000002,14375142.70033956,14375142.700339561,14521734.061473582,14521734.061473584,0.0,0.0
2017-10-27,IC,front,1.4443406140151223,14443406.140151223,10.939653815971782,IC1711,-0.0032011596653883645,-0.003201159665388326,-0.006209041766073732,0.0030078821006854052,0.0,-0.006163134205544707,False,1.0000000000000002,14365953.391134143,14365953.391134145,14410149.592550669,14410149.59255067,0.0,0.0
2017-10-30,IC,front,1.4151973762493735,14151973.762493735,10.93965381597178,IC1711,-0.020177538097979175,-0.020177538097979186,-0.018034053382615836,-0.0021434847153633503,1.623433562177585e-20,-0.0179540659436781,False,0.9999999999999999,14022448.26131263,14022448.261312628,14148473.073272625,14148473.073272625,2.3447910280083306e-09,2.3447910280083306e-13
2017-10-31,IC,front,1.4238178234563594,14238178.234563595,10.93965381597178,IC1711,0.006091339167001664,0.0060913391670017235,0.00749049194520884,-0.0013991527782071169,0.0,0.0074403847807658074,False,0.9999999999999999,14104714.458008738,14104714.458008736,14227238.580747623,14227238.580747621,0.0,0.0
2017-11-01,IC,front,1.4179979276262624,14179979.276262624,10.939653815971782,IC1711,-0.004087528428299292,-0.004087528428299275,-0.00111561866125764,-0.0029719097670416355,1.626871977873456e-20,-0.001106671890076738,False,1.0,14169914.79475193,14169914.794751931,14220237.202305399,14220237.2023054,2.3163693185779266e-09,2.3163693185779267e-13
2017-11-02,IC,front,1.4090274114971657,14090274.114971656,10.939653815971782,IC1711,-0.006326184230828535,-0.006326184230828576,-0.010495293936120895,0.00416910970529232,0.0,-0.01038005783654683,False,1.0,14009320.676733464,14009320.676733466,14059643.084286936,14059643.084286936,0.0,0.0
2017-11-03,IC,front,1.3919615515442496,13919615.515442496,10.939653815971782,IC1711,-0.012111801242236098,-0.012111801242236025,-0.008998447204969057,-0.0031133540372669673,0.0,-0.008936102625625941,False,1.0,13827722.423388334,13827722.423388334,13901236.897031665,13901236.897031665,0.0,0.0
2017-11-06,IC,front,1.4166851691683457,14166851.691683458,10.939653815971782,IC1711,0.01776171015403949,0.01776171015403961,0.01322225715183917,0.00453945300220044,0.0,0.013088573482413324,False,1.0,13909113.447779162,13909113.447779164,14153724.107104292,14153724.107104292,0.0,0.0
2017-11-07,IC,front,1.4253056163753315,14253056.163753316,10.939653815971782,IC1711,0.0060849420849420355,0.006084942084942029,0.00630733590733579,-0.0002223938223937606,0.0,0.006272365652501,False,1.0,14117404.456435263,14117404.456435265,14232489.61457929,14232489.61457929,0.0,0.0
2017-11-08,IC,front,1.4311255122054287,14311255.122054286,10.939653815971782,IC1711,0.004083261697163332,0.004083261697163263,0.0014966842686970404,0.002586577428466223,0.0,0.0014881088654659091,False,1.0,14231614.442274014,14231614.442274014,14327445.809701923,14327445.809701923,0.0,0.0
2017-11-09,IC,front,1.4441218209388031,14441218.20938803,10.939653815971782,IC1711,0.009081180247668463,0.009081180247668496,0.007592111297966789,0.001489068949701708,0.0,0.00756817222392403,False,1.0,14300315.468238315,14300315.468238315,14396584.421818867,14396584.421818865,0.0,0.0
2017-11-10,IC,front,1.4477141098645046,14477141.098645046,11.00467751500292,IC1712,0.0024875248567093333,0.002687397339546921,0.004562918306124843,-0.0018755209665779226,0.00019987248283756065,0.004517988005475315,True,1.0006200253864377,14372816.755802818,14381792.950807016,14489466.337461848,14498442.532466047,28864021.387093775,2886.4021387093776
2017-11-13,IC,front,1.455018234573423,14550182.345734231,10.997858563497102,IC1712,0.005045281149882674,0.005045343265464929,0.004556831184188325,0.0004885120812766043,6.211558225852465e-08,0.004515736566474304,False,0.9999989370423547,14440643.6744418,14440628.208214235,14550182.345734231,14550166.879506666,8992.560487811543,0.8992560487811543
2017-11-14,IC,front,1.4406770128237578,14406770.128237579,10.99787025376737,IC1712,-0.009856386269873618,-0.009856386163661386,-0.008571427510881234,-0.0012849586527801517,1.062122062570638e-10,-0.008499207789891217,False,0.999999999263369,14366737.880513866,14366737.869901393,14412049.105959386,14412049.095346913,15.454069683830127,0.0015454069683830127
2017-11-15,IC,front,1.425719909268904,14257199.09268904,10.997870261868743,IC1712,-0.010381996395942839,-0.010381996395869335,-0.011733182690155216,0.001351186294285881,7.356637771038232e-14,-0.011618396525215124,False,0.999999999999097,14191651.7859283,14191651.785915425,14259838.581551887,14259838.581539012,0.010598538928405787,1.0598538928405788e-06
2017-11-16,IC,front,1.4312188443998428,14312188.443998428,10.997870261878676,IC1712,0.003856953315436673,0.0038569533154369034,0.0031858434385522677,0.0006711098768846355,9.033773098527093e-17,0.0031586225040765026,False,1.0000000000000004,14236083.181786226,14236083.181786234,14328905.206796482,14328905.20679649,1.2879630162387912e-05,1.2879630162387913e-09
2017-11-17,IC,front,1.3909226477603194,13909226.477603193,10.997870261878672,IC1712,-0.028155160754902542,-0.028155160754902535,-0.030179197147599562,0.0020240363926970276,3.2344361182710833e-20,-0.029942164978477792,False,1.0000000000000002,13868314.400229005,13868314.400229005,13978733.017658265,13978733.017658267,4.629185923477053e-09,4.629185923477053e-13
2017-11-20,IC,front,1.4054398365059992,14054398.365059992,10.997870261878672,IC1712,0.010437092795243297,0.010437092795243217,0.011264153330381502,-0.000827060535138285,0.0,0.011196270320059654,False,1.0000000000000002,13681350.605777066,13681350.605777068,14026243.817189582,14026243.817189584,0.0,0.0
2017-11-21,IC,front,1.4116866268147463,14116866.268147463,10.997870261878672,IC1712,0.0044447226743458135,0.004444722674345755,0.003627770126455536,0.0008169525478902191,0.0,0.003603200288504693,False,1.0,13962896.084481161,13962896.084481163,14105428.48307511,14105428.48307511,0.0,0.0
2017-11-22,IC,front,1.4022724498705783,14022724.498705782,10.997870261878672,IC1712,-0.006668744157058204,-0.006668744157058302,-0.0026347771891556196,-0.0040339669679026816,0.0,-0.002619126906069358,False,1.0,13950578.469787857,13950578.469787858,14031962.70972576,14031962.70972576,0.0,0.0
2017-11-23,IC,front,1.3655395631959033,13655395.631959034,10.997870261878672,IC1712,-0.026195256619400142,-0.026195256619400174,-0.025870560923578773,-0.0003246956958214019,0.0,-0.02561247561899782,False,1.0,13651876.313475234,13651876.313475234,13790009.563964428,13790009.563964428,0.0,0.0
2017-11-24,IC,front,1.36967476241437,13696747.6241437,10.997870261878672,IC1712,0.0030282529557683624,0.003028252955768207,0.0005669920427820505,0.0024612609129861566,0.0,0.000560999982468724,False,1.0,13637359.124729553,13637359.124729553,13768893.653061623,13768893.653061623,0.0,0.0
2017-11-27,IC,front,1.3496586385377507,13496586.385377508,10.997870261878672,IC1712,-0.014613778705636737,-0.014613778705636741,-0.013406134575236801,-0.00120764413039994,0.0,-0.013297164874968681,False,1.0,13486468.344736578,13486468.344736578,13567852.584674481,13567852.58467448,0.0,0.0
2017-11-28,IC,front,1.37746125455978,13774612.5455978,10.997870261878672,IC1712,0.02059973924380687,0.02059973924380698,0.01707301173402872,0.003526727509778262,0.0,0.016911640070707445,False,1.0,13521661.52957459,13521661.52957459,13776812.119650174,13776812.119650174,0.0,0.0
2017-11-29,IC,front,1.379836794536346,13798367.945363458,10.997870261878672,IC1712,0.0017245784363824068,0.0017245784363822472,0.0030435615738374257,-0.0013189831374551782,0.0,0.0030257282146775033,False,0.9999999999999999,13586329.006714437,13586329.006714437,13834001.045011945,13834001.045011943,0.0,0.0
2017-11-30,IC,front,1.3637359124729556,13637359.124729555,10.997870261878672,IC1712,-0.011668685838168713,-0.011668685838168689,-0.008759484792450395,-0.0029092010457182943,0.0,-0.008696863273280897,False,0.9999999999999999,13617123.0434477,13617123.043447698,13665953.587410439,13665953.587410439,0.0,0.0
2017-12-01,IC,front,1.3811125474867239,13811125.474867238,10.997870261878674,IC1712,0.012741935483870925,0.012741935483870967,0.008546774193548353,0.004195161290322614,1.6200802240120443e-20,0.008460234185157622,False,1.0000000000000002,13670352.735515192,13670352.735515192,13812885.13410914,13812885.134109141,2.2093615825724555e-09,2.2093615825724556e-13
2017-12-04,IC,front,1.3711704727699856,13711704.727699855,10.997870261878672,IC1712,-0.007198598502946241,-0.0071985985029463,-0.005859213250517593,-0.0013393852524287062,1.6151825736274966e-20,-0.0058245110751201645,False,0.9999999999999999,13676071.628051369,13676071.628051367,13728861.405308386,13728861.405308384,2.2307489189188345e-09,2.2307489189188348e-13
2017-12-05,IC,front,1.341300257138723,13413002.57138723,10.997870261878674,IC1712,-0.02178446533414613,-0.021784465334146137,-0.0235346016875742,0.001750136353428062,1.6132652276996767e-20,-0.02336287864552311,False,1.0000000000000002,13332498.161070278,13332498.16107028,13401564.786314877,13401564.786314879,2.212061644968344e-09,2.212061644968344e-13
2017-12-06,IC,front,1.3487788089168005,13487788.089168005,10.997870261878672,IC1712,0.005575598556903927,0.0055755985569039025,0.006541489012791131,-0.0009658904558872289,1.6165069279843575e-20,0.006504253282699546,False,1.0,13254633.239616176,13254633.239616176,13411682.826955803,13411682.826955803,2.1682211581719457e-09,2.1682211581719458e-13
2017-12-07,IC,front,1.338572785313777,13385727.85313777,10.997870261878672,IC1712,-0.007566862361382931,-0.00756686236138285,-0.006087736464448781,-0.0014791258969340687,0.0,-0.006047498703991683,False,1.0,13378689.216170168,13378689.216170166,13431478.993427183,13431478.993427183,0.0,0.0
2017-12-08,IC,front,1.357450612258894,13574506.122588942,11.056006222031328,IC1801,0.014102951406330888,0.014302931322827731,0.01118485671552788,0.0031180746072998512,0.00019997991649689224,0.011029309898019202,True,0.9990269339800633,13389649.698556576,13376440.807911262,13598387.09602853,13585178.205383215,26768767.38320616,2676.876738320616
2017-12-11,IC,front,1.3800219623133159,13800219.623133158,11.066774924660804,IC1801,0.016627750468845015,0.016627848124500473,0.013536411175732998,0.003091436948767475,9.76556555146013e-08,0.013385156549747368,False,1.0000035295031668,13623151.224338586,13623199.93225745,13769232.653344108,13769281.361262972,13256.27293688392,1.325627293688392
2017-12-12,IC,front,1.36935362845278,13693536.284527801,11.066735864581522,IC1801,-0.0077305536809374464,-0.00773055332798714,-0.008493988412734717,0.0007634350847475774,3.5295031668947237e-10,-0.008424843744283095,False,1.0000000003557,13675829.507144472,13675829.51201526,13726736.492121546,13726736.496992337,48.70791886369119,0.004870791886369119
2017-12-13,IC,front,1.3811286354089771,13811286.354089772,11.066735860645084,IC1801,0.008598952609123689,0.008598952609159409,0.007149091613920121,0.0014498609952392882,3.560795272618709e-14,0.0070958623245485075,False,0.999999999999659,13642629.29957354,13642629.299568834,13778971.485376688,13778971.485371979,0.004875987926737935,4.875987926737935e-07
2017-12-14,IC,front,1.38374038507209,13837403.8507209,11.066735860648857,IC1801,0.00189102564102539,0.0018910256410253098,0.0010641025641028262,0.0008269230769224837,3.412905691801533e-17,0.0010577560279350084,False,1.0000000000000004,13719211.11172917,13719211.111729175,13817926.395606156,13817926.395606164,4.713661780897382e-06,4.713661780897383e-10
2017-12-15,IC,front,1.3738245897409487,13738245.897409486,11.066735860648853,IC1801,-0.007165936210371426,-0.007165936210371441,-0.007728974055471978,0.0005630378451005371,3.2139605312529586e-20,-0.007689271937976527,False,1.0,13602789.050475143,13602789.050475145,13692650.945663612,13692650.945663612,4.447286983122467e-09,4.4472869831224673e-13
2017-12-18,IC,front,1.3638202605229222,13638202.605229221,11.066735860648853,IC1801,-0.007282100853874596,-0.007282100853874628,-0.005762848396971233,-0.001519252456903395,0.0,-0.005736269516466441,False,1.0,13579327.570450567,13579327.570450569,13635546.588622665,13635546.588622665,0.0,0.0
2017-12-19,IC,front,1.379800627105699,13798006.271056991,11.066735860648853,IC1801,0.011717355318251244,0.011717355318251129,0.008317374793079944,0.003399980525171186,0.0,0.008266142364745654,False,0.9999999999999999,13657680.060343962,13657680.060343962,13790480.89067175,13790480.890671749,0.0,0.0
2017-12-20,IC,front,1.363067722484398,13630677.224843979,11.066735860648853,IC1801,-0.012127045235803768,-0.012127045235803715,-0.008322104587744643,-0.003804940648059072,0.0,-0.008299153447955954,False,1.0,13612085.108598089,13612085.108598089,13638202.605229221,13638202.605229221,0.0,0.0
2017-12-21,IC,front,1.3782512840852081,13782512.840852082,11.066735860648853,IC1801,0.01113925694985718,0.011139256949857165,0.006355546895297532,0.004783710054559633,0.0,0.006313554947607658,False,1.0,13517353.849630935,13517353.849630935,13820582.412212713,13820582.412212713,0.0,0.0
2017-12-22,IC,front,1.3818369065040583,13818369.065040583,11.066735860648853,IC1801,0.0026015737915527914,0.0026015737915528856,0.0007033884695680278,0.0018981853219848578,0.0,0.0007020918490021621,False,1.0,13774102.121597989,13774102.121597989,13801104.95709797,13801104.95709797,0.0,0.0
2017-12-25,IC,front,1.3638645274663646,13638645.274663646,11.066735860648853,IC1801,-0.013006150691952767,-0.013006150691952816,-0.009176383905689384,-0.0038297667862634307,0.0,-0.009176854272387125,False,1.0,13595706.339524329,13595706.339524329,13625807.861065293,13625807.861065293,0.0,0.0
2017-12-26,IC,front,1.3765691402343894,13765691.402343893,11.066735860648853,IC1801,0.009315157416423192,0.00931515741642318,0.005608568646543247,0.003706588769879933,0.0,0.0055871792343171744,False,1.0,13572687.528934179,13572687.528934179,13752853.988745542,13752853.988745544,0.0,0.0
2017-12-27,IC,front,1.3625807861065293,13625807.861065293,11.066735860648851,IC1801,-0.010161751937485919,-0.010161751937485902,-0.007556999067434157,-0.002604752870051744,1.6078673836287258e-20,-0.007556087875694284,False,0.9999999999999999,13607215.744819403,13607215.7448194,13643514.63844233,13643514.638442328,2.213340621892712e-09,2.2133406218927122e-13
2017-12-28,IC,front,1.3736032550237356,13736032.550237356,11.066735860648851,IC1801,0.00808940580228068,0.008089405802280656,0.005055066437087943,0.003034339365192713,0.0,0.0050411864283228525,False,0.9999999999999999,13601018.37273744,13601018.372737437,13756395.34422095,13756395.344220947,0.0,0.0
2017-12-29,IC,front,1.3901590918712663,13901590.918712663,11.066735860648853,IC1801,0.012052852078633602,0.012052852078633611,0.007500805671930274,0.0045520464067033365,1.6051316863146863e-20,0.007502897198219838,False,1.0,13734261.872499652,13734261.872499652,13854225.289229084,13854225.289229086,2.204814109063591e-09,2.204814109063591e-13
2018-01-02,IC,front,1.4043687807163394,14043687.807163393,11.066735860648853,IC1801,0.0102216278181122,0.010221627818112313,0.012961724621067358,-0.002740096802955045,0.0,0.013023891265465881,False,1.0000000000000002,13870161.388868421,13870161.388868421,14041474.459991263,14041474.459991265,0.0,0.0
2018-01-03,IC,front,1.41393044049994,14139304.4049994,11.066735860648851,IC1801,0.006808510638297793,0.006808510638297844,0.008828999211978003,-0.0020204885736801598,1.6063965655001197e-20,0.008846804364339267,False,0.9999999999999999,14024653.021483077,14024653.021483075,14149043.132556772,14149043.13255677,2.255973186038318e-09,2.255973186038318e-13
2018-01-04,IC,front,1.4180472662401016,14180472.662401015,11.066735860648853,IC1801,0.0029116182962338755,0.0029116182962337384,0.004585016123477657,-0.0016733978272439188,1.6018149870473882e-20,0.004584980237154035,False,1.0,14110088.222327286,14110088.222327288,14175160.629187902,14175160.629187902,2.2648549702353193e-09,2.2648549702353193e-13
2018-01-05,IC,front,1.4167192579368235,14167192.579368236,11.066735860648853,IC1801,-0.0009365049634764144,-0.0009365049634763064,-4.5264406568015764e-05,-0.0008912405569082907,0.0,-4.518865484282042e-05,False,1.0,14129123.008007605,14129123.008007605,14180915.33183544,14180915.33183544,0.0,0.0
2018-01-08,IC,front,1.4238462358310813,14238462.358310813,11.066735860648853,IC1801,0.005030621172353422,0.005030621172353427,0.0045197475315586,0.0005108736407948272,0.0,0.004508161595699223,False,1.0000000000000002,14118056.272146955,14118056.272146955,14233150.325097702,14233150.325097704,0.0,0.0
2018-01-09,IC,front,1.4242889052655072,14242889.052655073,11.066735860648851,IC1801,0.0003108969376652837,0.00031089693766516395,-6.684284159805571e-05,0.0003777397792632197,1.6051316863146863e-20,-6.670617326853812e-05,False,0.9999999999999999,14170291.265409216,14170291.265409214,14216328.886589516,14216328.886589514,2.2854607095723622e-09,2.285460709572362e-13
2018-01-10,IC,front,1.418002999296659,14180029.992966589,11.066735860648853,IC1801,-0.0044133644133643735,-0.004413364413364357,-0.006186480186480249,0.001773115773115892,1.603136184606758e-20,-0.006176162587751666,False,1.0,14076888.014745342,14076888.014745342,14154797.835204309,14154797.835204309,2.283329081365082e-09,2.283329081365082e-13
2018-01-11,IC,front,1.4216771556023942,14216771.556023942,11.066735860648853,IC1801,0.0025910779508631077,0.0025910779508630873,0.003121780663690569,-0.0005307027128274817,0.0,0.0031221022988039415,False,1.0,14103890.850245323,14103890.850245323,14229166.300187869,14229166.300187869,0.0,0.0
2018-01-12,IC,front,1.4169483472208428,14169483.47220843,11.120753720294072,IC1802,-0.003326218166280981,-0.003126327419798956,-0.0041513554354201485,0.0010250280156211926,0.00019989074648205015,-0.004134803624061156,True,1.000166571970683,14109876.232267652,14112236.471053177,14153469.586851206,14155829.82563673,28418010.78898403,2841.8010788984034
2018-01-15,IC,front,1.3867049112040613,13867049.112040613,11.11890162293891,IC1802,-0.021344063865207374,-0.021344047208010298,-0.02291210216512842,0.001568054957118126,1.6657197068285015e-08,-0.02281318317271852,False,1.0000000170204835,13811009.847861001,13811010.08388488,13867938.624170447,13867938.860194327,2360.238785523832,0.23602387855238322
2018-01-16,IC,front,1.3906187645752395,13906187.645752395,11.118901433689834,IC1802,0.0028224125692175583,0.0028224125709247014,0.007657397584900322,-0.00483498501397562,1.7070159874423466e-12,0.0076358705212220546,False,0.9999999999521656,13867493.868763156,13867493.868097961,13896403.012490747,13896403.011825556,0.2367127453290152,2.3671274532901523e-05
2018-01-17,IC,front,1.3839474237144764,13839474.237144765,11.1189014342217,IC1802,-0.0047973902198859,-0.004797390219881109,-0.00538427095649934,0.0005868807366182299,4.799504774371809e-15,-0.005343486009652287,False,1.0000000000001663,13698931.3230162,13698931.323018502,13874165.209619537,13874165.209621837,0.0006674281399909887,6.674281399909888e-08
2018-01-18,IC,front,1.3920419839585885,13920419.839585885,11.11890143421985,IC1802,0.005848892888131951,0.0058488928881319825,0.0031076260564960874,0.002741266831635895,1.6631561199421833e-17,0.0030857795662038168,False,1.0,13827021.06753844,13827021.067538438,13911969.474495878,13911969.474495878,2.3017206274289492e-06,2.3017206274289492e-10
2018-01-19,IC,front,1.3858598747611623,13858598.747611623,11.118901434219852,IC1802,-0.004441036454838843,-0.004441036454838842,-0.0023035879740566905,-0.0021374484807821508,1.599693802007052e-20,-0.0022936947254564855,False,1.0,13838584.725030027,13838584.725030027,13880836.550480062,13880836.550480062,2.226840933872154e-09,2.226840933872154e-13
2018-01-22,IC,front,1.4117891529057631,14117891.529057631,11.118901434219852,IC1802,0.018709884467265736,0.018709884467265785,0.012076379974326094,0.00663350449293969,0.0,0.011998635286765147,False,1.0,13789216.802662093,13789216.802662091,14120560.065401843,14120560.065401843,0.0,0.0
2018-01-23,IC,front,1.4111664944254467,14111664.944254467,11.118901434219852,IC1802,-0.0004410421195224501,-0.000441042119522443,0.0011593107141731518,-0.001600352833695595,0.0,0.0011594860452073252,False,1.0,14062297.021886533,14062297.021886531,14101435.554934984,14101435.554934984,0.0,0.0
2018-01-24,IC,front,1.4253542126555112,14253542.126555113,11.118901434219852,IC1802,0.010053893914084844,0.010053893914084936,0.006193072583441045,0.0038608213306438907,0.0,0.006184107002360273,False,1.0,14068968.362747064,14068968.362747064,14268663.83250565,14268663.83250565,0.0,0.0
2018-01-25,IC,front,1.4203284692072438,14203284.692072438,11.118901434219852,IC1802,-0.003525961058412519,-0.003525961058412438,-0.0018066650024962441,-0.0017192960559161937,0.0,-0.0018109879111083416,False,1.0,14192165.79063822,14192165.790638218,14237086.152432466,14237086.152432466,0.0,0.0
2018-01-26,IC,front,1.4225522494940877,14225522.494940877,11.11890143421985,IC1802,0.001565680288085014,0.001565680288085173,0.00014247690621572805,0.001423203381869445,1.597601030919551e-20,0.00014257244560300641,False,1.0000000000000002,14181046.889204,14181046.889204,14225077.738883508,14225077.73888351,2.26911822664988e-09,2.26911822664988e-13
2018-01-29,IC,front,1.4036945926616509,14036945.926616509,11.11890143421985,IC1802,-0.013256213850242338,-0.01325621385024233,-0.01152884164452087,-0.0017273722057214594,0.0,-0.011552987876803589,False,1.0,13981351.419445409,13981351.41944541,14026271.781239657,14026271.781239657,0.0,0.0
2018-01-30,IC,front,1.4016042391920176,14016042.391920175,11.11890143421985,IC1802,-0.0014891796837869231,-0.001489179683786895,0.0005639871993915735,-0.0020531668831784682,0.0,0.0005641945647143487,False,1.0000000000000002,13990691.296650153,13990691.296650155,14025382.26912492,14025382.269124921,0.0,0.0
2018-01-31,IC,front,1.3757639122588907,13757639.122588906,11.11890143421985,IC1802,-0.01843625055530873,-0.018436250555308724,-0.01968966173764033,0.001253411182331606,0.0,-0.01965647887680877,False,1.0000000000000002,13690925.713983586,13690925.713983588,13736290.831835203,13736290.831835205,0.0,0.0
2018-02-01,IC,front,1.3275968312458502,13275968.312458502,11.11890143421985,IC1802,-0.03501115313742609,-0.03501115313742611,-0.03307147706333049,-0.0019396760740956224,0.0,-0.03305683643167123,False,1.0,13256843.801991643,13256843.801991643,13325336.234826438,13325336.234826438,0.0,0.0
2018-02-02,IC,front,1.3311993553105375,13311993.553105375,11.11890143421985,IC1802,0.002713567839196074,0.0027135678391959493,0.003368509212730416,-0.0006549413735344666,0.0,0.003360212807908214,False,1.0,12970420.901046142,12970420.901046142,13304432.700130107,13304432.700130107,0.0,0.0
2018-02-05,IC,front,1.3297761359269575,13297761.359269574,11.11890143421985,IC1802,-0.0010691256556746298,-0.0010691256556746578,-0.0011075473589255461,3.842170325088845e-05,0.0,-0.001104107513093644,False,1.0,13156773.689083666,13156773.689083666,13296427.091097467,13296427.091097467,0.0,0.0
2018-02-06,IC,front,1.2646193735224291,12646193.735224292,11.118901434219852,IC1802,-0.04899829425733293,-0.04899829425733302,-0.049158834743636914,0.0001605404863038989,1.5797543221892543e-20,-0.04900787233545956,False,1.0,12568361.42518475,12568361.42518475,12749821.89659122,12749821.896591218,2.100719598274736e-09,2.1007195982747363e-13
2018-02-07,IC,front,1.2593267764397404,12593267.764397405,11.118901434219852,IC1802,-0.004185130477597276,-0.004185130477597273,0.0012432299359920716,-0.005428360413589345,0.0,0.0012394245704088203,False,0.9999999999999999,12468291.312276773,12468291.312276773,12651086.051855348,12651086.051855348,0.0,0.0
2018-02-08,IC,front,1.2780065308492299,12780065.3084923,11.118901434219852,IC1802,0.014833127317676276,0.014833127317676142,0.009738654423450404,0.005094472894225738,0.0,0.009656244692567206,False,0.9999999999999999,12631072.029273752,12631072.029273752,12786291.893295463,12786291.893295461,0.0,0.0
2018-02-09,IC,front,1.2239686698789214,12239686.698789215,11.118901434219854,IC1802,-0.04228293022446494,-0.042282930224464936,-0.0368157299460588,-0.005467200278406137,1.5692461840161585e-20,-0.03669136110764282,False,1.0,12126718.66021754,12126718.66021754,12233015.357928682,12233015.357928684,2.0055068716828828e-09,2.005506871682883e-13
2018-02-12,IC,front,1.2588820203823716,12588820.203823717,11.118901434219854,IC1802,0.028524709302325535,0.028524709302325583,0.026199127906976878,0.0023255813953487045,0.0,0.025959063169454177,False,1.0000000000000002,12375782.052344067,12375782.052344065,12655978.368486404,12655978.368486406,0.0,0.0
2018-02-13,IC,front,1.270623580296908,12706235.80296908,11.118901434219852,IC1802,0.009326974032856317,0.009326974032856417,0.006686097862568355,0.002640876170288063,1.6087201760561394e-20,0.0066413995192222686,False,0.9999999999999999,12671100.074436944,12671100.074436942,12704012.022682235,12704012.022682235,2.0251889054634375e-09,2.0251889054634377e-13
2018-02-14,IC,front,1.2742261043615952,12742261.043615952,11.118901434219854,IC1802,0.0028352409954846003,0.0028352409954845842,0.003129265987608966,-0.00029402499212438166,1.5991108922319808e-20,0.0031166386320258255,False,1.0,12658646.904830618,12658646.904830618,12748042.872361748,12748042.872361748,2.0318680071795825e-09,2.0318680071795825e-13
2018-02-22,IC,front,1.2951330221025148,12951330.221025148,11.161756345143615,IC1803,0.016407541541769266,0.01660967552964456,0.02114977662164849,-0.00454010109200393,0.00020213398787531902,0.02100843986703338,True,1.004023982106684,12758901.541634874,12811017.462702036,12933471.41087292,12985587.331940081,25756440.39294417,2575.644039294417
2018-02-23,IC,front,1.2970046336026,12970046.336026,11.117021648948626,IC1803,0.0014451114041140745,0.0014455141477309967,0.0037696150599816364,-0.00232410091225064,4.0274361685783104e-07,0.0037357060314209267,False,0.9999969530848546,12844646.33182586,12844606.813195242,12950480.377923852,12950440.859293234,52160.655763358,5.216065576335801
2018-02-26,IC,front,1.3350694020446627,13350694.020446628,11.117055521673466,IC1803,0.029348213148886693,0.029348213455834753,0.022628297807737976,0.006719915648096777,3.069479470440438e-10,0.02238168228862869,False,1.0000000222191798,13040305.830281505,13040306.126922976,13329349.273845015,13329349.570486486,39.81129095909303,0.003981129095909303
2018-02-27,IC,front,1.3295108743717634,13295108.743717633,11.117055274661617,IC1803,-0.004163474696061931,-0.004163474693842485,-0.00318422544123385,-0.0009792492526086351,2.219475735441105e-12,-0.0031709808812407925,False,1.0000000000267533,13262646.942315621,13262646.942671308,13324902.451853726,13324902.452209413,0.2963154142967994,2.9631541429679944e-05
2018-02-28,IC,front,1.3303557705724567,13303557.705724567,11.1170552743642,IC1803,0.0006354940128583397,0.0006354940128610089,0.0021941266972470732,-0.0015586326843860644,2.66369096759843e-15,0.002182824894851665,False,1.000000000000119,13158591.304946858,13158591.304948442,13323123.723007448,13323123.723009031,0.00035414061073879566,3.541406107387957e-08
2018-03-01,IC,front,1.3468979488207082,13468979.488207081,11.117055274362876,IC1803,0.01243440184510436,0.012434401845104371,0.011120767456629278,0.0013136343884750932,1.1853172457849379e-17,0.011046403527411819,False,1.0000000000000004,13209729.759208938,13209729.759208944,13444966.648814457,13444966.648814462,1.576893637889043e-06,1.576893637889043e-10
2018-03-02,IC,front,1.341873039836696,13418730.39836696,11.117055274362873,IC1803,-0.003730727326752392,-0.003730727326752349,-0.005592789461520704,0.0018620621347683554,3.175686149402568e-20,-0.005563017427941852,False,1.0,13351583.38450981,13351583.38450981,13395162.241185311,13395162.241185313,4.277325160728651e-09,4.277325160728651e-13
2018-03-05,IC,front,1.3383155821489,13383155.821488999,11.11705527436287,IC1803,-0.002651113467656452,-0.002651113467656416,0.0012857900318133978,-0.003936903499469814,1.601837704563664e-20,0.001281301908413468,False,1.0,13274208.679800242,13274208.679800242,13370704.719581714,13370704.719581714,2.149462829947879e-09,2.1494628299478792e-13
2018-03-06,IC,front,1.35890436851702,13589043.6851702,11.11705527436287,IC1803,0.015384104199893667,0.015384104199893736,0.013536682615629911,0.0018474215842638247,0.0,0.013436453884335675,False,1.0,13396496.287818234,13396496.287818234,13557471.24819101,13557471.24819101,0.0,0.0
2018-03-07,IC,front,1.3409392071936495,13409392.071936496,11.11705527436287,IC1803,-0.01322032789031058,-0.013220327890310577,-0.009668182859386785,-0.0035521450309237926,0.0,-0.009615040403021413,False,1.0,13392938.83013044,13392938.83013044,13441409.19112666,13441409.19112666,0.0,0.0
2018-03-08,IC,front,1.3552579743870288,13552579.743870288,11.11705527436287,IC1803,0.010678162825402016,0.010678162825402028,0.007464765378875881,0.003213397446526147,0.0,0.0073967097621125966,False,1.0,13427179.360375477,13427179.360375477,13546798.875127621,13546798.875127621,0.0,0.0
2018-03-09,IC,front,1.380085492103103,13800854.92103103,11.19418817843715,IC1804,0.018319403527069067,0.018519785257469758,0.012467817635108977,0.006051967622360781,0.0002003817304007263,0.012308550422326592,True,0.9996277469798441,13571150.179609498,13566012.769684413,13788765.19779832,13783627.787873233,27156893.804705605,2715.6893804705605
2018-03-12,IC,front,1.3987160878331821,13987160.878331821,11.198356800576947,IC1804,0.013499595377738594,0.013499632850725972,0.014409465954321628,-0.0009098331035956583,3.7472987407118584e-08,0.014306474324067509,False,1.0000024808366124,13849197.122548714,13849231.822409524,13985817.075515753,13985851.775376564,5171.592626632662,0.5171592626632663
2018-03-13,IC,front,1.3890407263244566,13890407.263244566,11.19832901935232,IC1804,-0.006917316239433702,-0.006917315991699547,-0.006665923390563874,-0.00025139260113567387,2.477340909618276e-10,-0.006612365743402737,False,1.0000000037695116,13885927.931636823,13885927.983996877,13921762.584498752,13921762.636858804,34.65096585330372,0.003465096585330372
2018-03-14,IC,front,1.3740797588086167,13740797.588086165,11.198328977140088,IC1804,-0.01077071912457761,-0.010770719124200759,-0.01045307966382633,-0.000317639460374428,3.768174547700985e-13,-0.010365917031091354,False,1.0000000000017326,13701827.40324572,13701827.403269527,13774392.575017586,13774392.575041393,0.05234147910655906,5.234147910655907e-06
2018-03-15,IC,front,1.3717057130654606,13717057.130654607,11.198328977120685,IC1804,-0.0017277350371671663,-0.0017277350371670325,-0.0015011735558789565,-0.00022656148128807603,1.7281635764399259e-16,-0.0014880471521911964,False,1.0000000000000044,13562520.190770343,13562520.190770404,13656138.221019069,13656138.22101913,2.3746345902964094e-05,2.3746345902964095e-09
2018-03-16,IC,front,1.3627470498837642,13627470.498837642,11.198328977120633,IC1804,-0.006531038761715013,-0.006531038761715052,-0.005518727753649098,-0.0010123110080659528,4.600181727814615e-19,-0.005469158315952183,False,1.0,13589396.180315431,13589396.180315433,13644491.958882865,13644491.958882865,6.310095557182649e-08,6.310095557182649e-12
2018-03-19,IC,front,1.361806390249686,13618063.90249686,11.198328977120635,IC1804,-0.0006902672320284742,-0.0006902672320285192,0.0012359070440126757,-0.0019261742760411948,1.587155949329136e-20,0.0012234983266381505,False,1.0,13536988.000702506,13536988.000702508,13647179.557837373,13647179.557837375,2.162892087653745e-09,2.162892087653745e-13
2018-03-20,IC,front,1.366912828263253,13669128.28263253,11.198328977120633,IC1804,0.003749753305703596,0.003749753305703602,0.003267877113347788,0.00048187619235581395,1.5783387352736787e-20,0.0032288834758191776,False,1.0,13488611.219521347,13488611.219521347,13700931.536927551,13700931.536927553,2.149391775674303e-09,2.149391775674303e-13
2018-03-21,IC,front,1.3527581404361726,13527581.404361725,11.198328977120633,IC1804,-0.010355223489317056,-0.01035522348931705,-0.007291257045484337,-0.0030639664438327136,0.0,-0.007207995205468332,False,1.0000000000000002,13500705.414816637,13500705.414816637,13612688.704587841,13612688.704587843,0.0,0.0
2018-03-22,IC,front,1.3521758273293623,13521758.273293622,11.198328977120633,IC1804,-0.0004304635761589459,-0.0004304635761590003,-0.004630794701986797,0.004200331125827798,0.0,-0.004563401422697955,False,1.0,13438442.705703843,13438442.705703845,13510112.011157418,13510112.011157418,0.0,0.0
2018-03-23,IC,front,1.2689050530554933,12689050.530554933,11.198328977120633,IC1804,-0.061582800543280025,-0.06158280054328011,-0.05202239374565209,-0.009560406797628014,0.0,-0.05147814457084887,False,1.0,12609766.361396918,12609766.361396918,12730260.381190736,12730260.381190738,0.0,0.0
2018-03-26,IC,front,1.3093086240049445,13093086.240049446,11.198328977120635,IC1804,0.03184128777181594,0.0318412877718158,0.02044090652358098,0.011400381248234826,1.5905812937434162e-20,0.020011577374009715,False,1.0,12613797.759828683,12613797.759828683,13053220.188890897,13053220.188890895,2.0182966409265646e-09,2.0182966409265647e-13
2018-03-27,IC,front,1.3450536900999137,13450536.900999138,11.198328977120635,IC1804,0.02730071843995896,0.027300718439959005,0.02254704071159774,0.004753677728361265,0.0,0.02232947538184238,False,0.9999999999999999,13213132.32668418,13213132.326684179,13368565.132886615,13368565.132886613,0.0,0.0
2018-03-28,IC,front,1.3248071113092794,13248071.113092795,11.198328977120635,IC1804,-0.015052617556946979,-0.015052617556946937,-0.010228786465965145,-0.004823831090981791,0.0,-0.010179344034652593,False,1.0,13194767.0671617,13194767.0671617,13255685.976797238,13255685.976797238,0.0,0.0
2018-03-29,IC,front,1.3464870762089851,13464870.76208985,11.198328977120633,IC1804,0.016364619962131455,0.01636461996213149,0.0104003245875033,0.005964295374628188,1.5959236227515748e-20,0.010299095648330647,False,1.0,13192079.468207192,13192079.468207192,13411566.716158755,13411566.716158755,2.114290964527754e-09,2.1142909645277541e-13
2018-03-30,IC,front,1.3664201017882598,13664201.017882599,11.198328977120633,IC1804,0.014803725881570307,0.014803725881570192,0.013286759813705938,0.0015169660678642535,0.0,0.013236429676910522,False,1.0,13476964.957385141,13476964.95738514,13615376.303542351,13615376.303542351,0.0,0.0
2018-04-02,IC,front,1.3605969707201573,13605969.707201572,11.198328977120635,IC1804,-0.004261596459596673,-0.004261596459596787,0.001183412555318842,-0.005445009014915628,1.5937576064499333e-20,0.0011807533926218028,False,0.9999999999999999,13573718.519747464,13573718.519747464,13614480.437224185,13614480.437224183,2.177742430831131e-09,2.177742430831131e-13
2018-04-03,IC,front,1.3490402952157685,13490402.952157686,11.198328977120635,IC1804,-0.00849382716049396,-0.008493827160493886,-0.010246913580246911,0.001753086419753025,0.0,-0.010168312109193778,False,1.0,13332730.480159828,13332730.480159827,13456360.03206724,13456360.03206724,0.0,0.0
2018-04-04,IC,front,1.3384242793454582,13384242.793454582,11.198328977120633,IC1804,-0.007869309692200455,-0.007869309692200357,-0.006976126440216562,-0.0008931832519837955,1.5945914589375854e-20,-0.006934325239986827,False,1.0,13326459.415932639,13326459.415932639,13389617.991363598,13389617.9913636,2.1511681325137033e-09,2.1511681325137035e-13
2018-04-09,IC,front,1.3397232855068042,13397232.855068043,11.198328977120633,IC1804,0.0009705488621152281,0.0009705488621151576,0.0013319946452476636,-0.000361445783132506,0.0,0.001322766709484835,False,1.0,13257029.776274491,13257029.776274491,13406191.518249739,13406191.518249739,0.0,0.0
2018-04-10,IC,front,1.3545498730725118,13545498.730725119,11.198328977120635,IC1804,0.011066902938914547,0.011066902938914675,0.006367648533886145,0.00469925440502853,1.5910958855014052e-20,0.006321309734219627,False,1.0,13327355.28225081,13327355.28225081,13492642.617953109,13492642.617953109,2.1316282072803006e-09,2.1316282072803006e-13
2018-04-11,IC,front,1.3561176391293088,13561176.391293088,11.198328977120633,IC1804,0.0011574074074074403,0.001157407407407407,0.0037814153439153257,-0.002624007936507919,1.5942953299291825e-20,0.003771599705792106,False,1.0,13544154.931247864,13544154.931247864,13565655.722883936,13565655.722883936,2.1595525367956725e-09,2.1595525367956725e-13
2018-04-12,IC,front,1.3489059152680432,13489059.15268043,11.198328977120633,IC1804,-0.0053179190751445615,-0.005317919075144479,-0.00582658959537568,0.0005086705202312013,0.0,-0.005796329976785031,False,1.0,13445161.703090118,13445161.703090118,13483683.95477141,13483683.954771413,0.0,0.0
2018-04-13,IC,front,1.3475404869675451,13475404.869675452,11.27470674747612,IC1805,-0.0010122487306510886,-0.000811326854309419,-0.0040609308832388665,0.003249604028929448,0.00020092187634165033,-0.003989205678751717,True,0.9969971730145217,13434815.925384538,13394351.616001632,13483522.658533635,13443058.349150728,27102470.750400636,2710.247075040064
2018-04-16,IC,front,1.3440322897238366,13440322.897238366,11.308664711040157,IC1805,-0.002603407673192226,-0.002603105555936731,-0.002476152148471086,-0.0001269534074656452,3.02117255484233e-07,-0.0024522206865885687,False,1.000018696360869,13324522.170597315,13324773.455724396,13408658.636047455,13408909.921174537,40711.523357652164,4.071152335765216
2018-04-17,IC,front,1.3206464345706181,13206464.345706182,11.308453284116688,IC1805,-0.017399771815023612,-0.01739976994324818,-0.02045397183491725,0.003054201891669069,1.87177547459986e-09,-0.020216518833546027,False,0.9999999801322033,13142232.331052398,13142232.068669051,13206916.683837546,13206916.421454197,251.5726676975371,0.02515726676975371
2018-04-18,IC,front,1.3357997621718063,13357997.621718062,11.308453508790743,IC1805,0.0114741744682898,0.011474174470283947,0.01366625553244017,-0.002192081062156223,1.9941970901458556e-12,0.01354640918303951,False,1.0000000000753042,13033671.175085945,13033671.176091857,13398255.716209358,13398255.717215272,0.26336292769322256,2.6336292769322257e-05
2018-04-19,IC,front,1.3457059674449041,13457059.674449041,11.308453507939168,IC1805,0.007415935796388995,0.007415935796396655,0.005768514442381152,0.0016474213540155025,7.5419018070048e-15,0.005706236831439115,False,0.9999999999998938,13371567.765929021,13371567.76592759,13484199.962868096,13484199.962866664,0.0010074470640120126,1.0074470640120126e-07
2018-04-20,IC,front,1.3201488625169593,13201488.625169592,11.30845350794037,IC1805,-0.01899159663865524,-0.018991596638655277,-0.02082184873949533,0.0018302521008400528,1.0616234929349498e-17,-0.020632068386088886,False,0.9999999999999999,13122329.450614009,13122329.450614007,13185204.452118158,13185204.452118156,1.4286330696222649e-06,1.428633069622265e-10
2018-04-23,IC,front,1.30707629026178,13070762.902617801,11.308453507940374,IC1805,-0.009902347096111042,-0.009902347096111047,-0.009751584718177159,-0.00015076237793388764,3.149825232805395e-20,-0.009678889410356328,False,1.0,12873543.47343932,12873543.47343932,12992056.066202536,12992056.066202536,4.158238198215258e-09,4.1582381982152587e-13
2018-04-24,IC,front,1.3373829456630602,13373829.456630602,11.308453507940373,IC1805,0.023186600221484,0.023186600221483944,0.023060285160575775,0.00012631506090816797,1.5714200476013187e-20,0.022883212681492848,False,1.0,13075738.622161295,13075738.622161295,13382876.219436955,13382876.219436955,2.0539658862617216e-09,2.0539658862617216e-13
2018-04-25,IC,front,1.3373377118490286,13373377.118490286,11.308453507940373,IC1805,-3.3822634106672744e-05,-3.3822634106713395e-05,0.00037712237029027866,-0.00041094500439699206,0.0,0.00037433756519433814,False,1.0,13303717.044881372,13303717.044881372,13371115.427788697,13371115.427788697,0.0,0.0
2018-04-26,IC,front,1.3132280889700996,13132280.889700996,11.308453507940374,IC1805,-0.01802807373583637,-0.018028073735836356,-0.018846609166243956,0.0008185354304076019,1.5694937956496396e-20,-0.01869980635699453,False,1.0,13108759.30640448,13108759.30640448,13172991.32232958,13172991.32232958,2.098943241435336e-09,2.0989432414353361e-13
2018-04-27,IC,front,1.323586632383373,13235866.32383373,11.308453507940373,IC1805,0.00788784789198127,0.007887847891981294,0.0022389087903003585,0.005648939101680935,1.5788298471242798e-20,0.002222989818706722,False,1.0,13048145.995601919,13048145.99560192,13212797.078677531,13212797.078677533,2.0733637029479723e-09,2.0733637029479723e-13
2018-05-02,IC,front,1.3180681070714981,13180681.070714982,11.308453507940373,IC1805,-0.00416937220190694,-0.004169372201906912,-0.0009671576501144621,-0.003202214551792451,0.0,-0.0009657088063770303,False,1.0,13074833.945880659,13074833.94588066,13150826.75345402,13150826.75345402,0.0,0.0
2018-05-03,IC,front,1.332678629003757,13326786.29003757,11.308453507940374,IC1805,0.011084800439273623,0.01108480043927373,0.00948728508184906,0.00159751535742467,1.5673719689740032e-20,0.00944269484844562,False,1.0,12991151.389921902,12991151.389921902,13342618.124948688,13342618.124948688,2.0659030042224913e-09,2.0659030042224915e-13
2018-05-04,IC,front,1.3301003016039465,13301003.016039466,11.308453507940373,IC1805,-0.0019346955400176835,-0.001934695540017588,-0.0002240173783177833,-0.001710678161699805,1.56943583506473e-20,-0.00022332720311435406,False,1.0,13256673.87828834,13256673.87828834,13301455.354179783,13301455.354179785,2.091553596983431e-09,2.091553596983431e-13
2018-05-07,IC,front,1.3572405900230036,13572405.900230035,11.308453507940373,IC1805,0.020404693079408176,0.020404693079408266,0.018678796123108375,0.0017258969562998906,0.0,0.01858937368110225,False,1.0000000000000002,13324072.261195663,13324072.261195665,13567430.18068654,13567430.180686543,0.0,0.0
2018-05-08,IC,front,1.3634828563593866,13634828.563593866,11.308453507940373,IC1805,0.004599233461089813,0.004599233461089879,0.0037777037160473376,0.0008215297450425419,0.0,0.003766318776436517,False,1.0000000000000002,13552955.360196378,13552955.360196378,13621710.757524654,13621710.757524656,0.0,0.0
2018-05-09,IC,front,1.3595022807245916,13595022.807245916,11.308453507940373,IC1805,-0.002919417443519312,-0.002919417443519285,-0.0020867199681519487,-0.0008326974753673366,0.0,-0.0020821574991601866,False,1.0000000000000002,13531695.467601448,13531695.46760145,13569691.87138813,13569691.871388132,0.0,0.0
2018-05-10,IC,front,1.3652469751066252,13652469.751066253,11.308453507940373,IC1805,0.004225586424887684,0.004225586424887646,0.0018865413408750867,0.002339045084012559,0.0,0.0018808371881651187,False,1.0,13510887.91314684,13510887.91314684,13601807.87935068,13601807.87935068,0.0,0.0
2018-05-11,IC,front,1.353246948750314,13532469.48750314,11.401381072175852,IC1806,-0.008789637754278212,-0.00858933754853544,-0.008228544885772366,-0.00036079266276307383,0.00020030020574274133,-0.00814989313922354,True,1.0021611185050592,13506018.283415694,13535263.553644285,13528821.045560045,13558066.315788638,27345925.00035123,2734.592500035123
2018-05-14,IC,front,1.3469263704098602,13469263.7040986,11.376794471116067,IC1806,-0.004670676217885195,-0.004670459720860484,-0.004003290365729536,-0.000667169355130949,2.1649702480315515e-07,-0.003970731088537738,False,0.9999963476953199,13411924.659964174,13411875.46610931,13457886.909627484,13457837.71577262,29297.393822839073,2.9297393822839073
2018-05-15,IC,front,1.3592588531852443,13592588.531852443,11.37683602278752,IC1806,0.009156018507256336,0.009156018873005019,0.008956683418284166,0.00019933545472085272,3.657487354679494e-10,0.008884718184179352,False,1.0000000054980827,13431492.533769771,13431492.608502947,13563918.905075017,13563918.979808193,49.263661674584114,0.0049263661674584115
2018-05-16,IC,front,1.3574840667624413,13574840.667624412,11.376835960236736,IC1806,-0.0013057015730624233,-0.0013057015725135412,-0.002762061016099607,0.0014563594435860658,5.489063036745673e-13,-0.0027406042949421616,False,1.000000000009581,13536159.425359607,13536159.425489668,13579846.475446915,13579846.475576976,0.07461057528388437,7.461057528388438e-06
2018-05-17,IC,front,1.3481550612751352,13481550.612751352,11.376835960127734,IC1806,-0.006872276231982166,-0.006872276231981227,-0.005077103586998301,-0.0017951726449829256,9.581098393097841e-16,-0.005044911201901425,False,1.0000000000000009,13461072.308023121,13461072.308023132,13497478.18309553,13497478.183095543,0.00013006188410713548,1.3006188410713549e-08
2018-05-18,IC,front,1.3595774045791034,13595774.045791034,11.376835960127723,IC1806,0.00847257383966249,0.008472573839662417,0.003606751054852302,0.004865822784810115,9.3682822480301e-20,0.0035772994653300305,False,1.0,13389625.77819352,13389625.77819352,13561643.537910651,13561643.537910651,1.262989712813578e-08,1.262989712813578e-12
2018-05-21,IC,front,1.3714548213214766,13714548.213214766,11.376835960127723,IC1806,0.008736109251573199,0.00873610925157314,0.012894965858883417,-0.0041588566073102766,0.0,0.01285205541145773,False,1.0000000000000002,13683148.145964816,13683148.145964816,13735481.591381403,13735481.591381405,0.0,0.0
2018-05-22,IC,front,1.3802377386826954,13802377.386826953,11.376835960127721,IC1806,0.006404087998141961,0.006404087998141878,0.003435975710920137,0.002968112287221742,1.5615876123363047e-20,0.0034106254734691532,False,0.9999999999999999,13698165.569432182,13698165.56943218,13776438.200837862,13776438.200837862,2.141646859854518e-09,2.141646859854518e-13
2018-05-23,IC,front,1.3634910361493873,13634910.361493872,11.376835960127723,IC1806,-0.012133201450708841,-0.01213320145070893,-0.013033300362677134,0.0009000989119682053,1.5598359826096937e-20,-0.012975737373438934,False,1.0,13595774.045791032,13595774.045791034,13632179.920863442,13632179.920863442,2.1529444893531036e-09,2.1529444893531036e-13
2018-05-24,IC,front,1.357666096137802,13576660.96137802,11.376835960127723,IC1806,-0.004272077965422838,-0.004272077965422778,-0.0035428209064816227,-0.0007292570589411556,0.0,-0.0035301844908004476,False,1.0000000000000002,13538889.865990397,13538889.865990395,13583031.989515692,13583031.989515692,0.0,0.0
2018-05-25,IC,front,1.336732717971167,13367327.17971167,11.376835960127723,IC1806,-0.015418649862572908,-0.015418649862572905,-0.012539384594757612,-0.0028792652678152936,0.0,-0.012485356989096585,False,1.0,13341387.993722577,13341387.993722579,13411014.22979856,13411014.229798561,0.0,0.0
2018-05-28,IC,front,1.337551850160296,13375518.50160296,11.376835960127723,IC1806,0.000612786818274591,0.0006127868182745717,-0.004517600599169328,0.005130387417443899,0.0,-0.0044847747473723,False,1.0,13279953.079537887,13279953.079537889,13348669.168737061,13348669.168737061,0.0,0.0
2018-05-29,IC,front,1.3184387657472816,13184387.657472815,11.376835960127723,IC1806,-0.014289602612955865,-0.014289602612955908,-0.0094940800217747,-0.004795522591181207,0.0,-0.009473355445185017,False,1.0,13176651.409019928,13176651.409019928,13259929.848248065,13259929.848248065,0.0,0.0
2018-05-30,IC,front,1.2863105809958808,12863105.809958808,11.376835960127723,IC1806,-0.02436835565373463,-0.02436835565373461,-0.026380643379814935,0.0020122877260803254,0.0,-0.02619506636163449,False,1.0,12844447.7989842,12844447.7989842,12935007.413226817,12935007.413226817,0.0,0.0
2018-05-31,IC,front,1.3056056947842576,13056056.947842576,11.376835960127723,IC1806,0.015000353781928988,0.015000353781928853,0.012714922521757611,0.0022854312601712427,0.0,0.012649161737869452,False,1.0,12860375.369328378,12860375.369328378,13043769.965005638,13043769.965005638,0.0,0.0
2018-06-01,IC,front,1.2887679775632686,12887679.775632685,11.376835960127723,IC1806,-0.012896479609620148,-0.012896479609620076,-0.01208609271523185,-0.0008103868943882247,0.0,-0.012051500833265338,False,1.0,12790294.059813991,12790294.059813991,12837621.697408123,12837621.697408123,0.0,0.0
2018-06-04,IC,front,1.2903607345976864,12903607.345976863,11.376835960127723,IC1806,0.0012358757062145287,0.0012358757062146892,-0.0003478107344633218,0.001583686440678011,0.0,-0.00034651863109314007,False,1.0,12807586.850473385,12807586.850473387,12878578.306864582,12878578.306864582,0.0,0.0
2018-06-05,IC,front,1.3129323771425796,13129323.771425797,11.376835960127723,IC1806,0.017492505730911656,0.017492505730911625,0.01691588785046734,0.0005766178804442843,0.0,0.016879723392836832,False,1.0,12906792.860045698,12906792.8600457,13095193.263545413,13095193.263545414,0.0,0.0
2018-06-06,IC,front,1.311885708234248,13118857.082342481,11.376835960127723,IC1806,-0.0007971994038333818,-0.0007971994038333946,-0.0008353263318428666,3.812692800947203e-05,0.0,-0.0008340427888176016,False,1.0,13028297.468099864,13028297.468099864,13099288.92449106,13099288.92449106,0.0,0.0
2018-06-07,IC,front,1.3042404744690421,13042404.744690422,11.376835960127725,IC1806,-0.00582766754544195,-0.005827667545441996,-0.006285555709726618,0.0004578881642846215,1.565225872333737e-20,-0.0062761288892428935,False,1.0000000000000002,12985520.564889783,12985520.564889787,13020561.219646975,13020561.21964698,2.0533974520731135e-09,2.0533974520731136e-13
2018-06-08,IC,front,1.2842837812886039,12842837.812886039,11.461215459849575,IC1807,-0.01530139078727999,-0.015101568735640034,-0.012069756712818028,-0.0030318120228220074,0.0001998220516399163,-0.011976256618136616,True,1.0020100624028097,12732810.144471483,12758625.049904548,12778655.006310882,12804469.911743945,26061600.744022187,2606.160074402219
2018-06-11,IC,front,1.2807544810128222,12807544.810128221,11.438223916001103,IC1807,-0.002748068867022946,-0.002747868333401625,-0.0065841498444947,0.0038362815110930745,2.005336214046309e-07,-0.006515795600867902,False,1.0000049402986655,12700025.505317809,12700088.778414344,12771857.551510297,12771920.82460683,25754.20775730367,2.575420775730367
2018-06-12,IC,front,1.2908658375454996,12908658.375454996,11.438167408037922,IC1807,0.007894843767933812,0.007894844263305029,0.010893800162967473,-0.002998955899662445,4.953711400765207e-10,0.010828498178383716,False,0.9999999871838177,12696365.988361813,12696365.822922092,12924671.80982625,12924671.64438653,63.44488074174343,0.0063444880741743434
2018-06-13,IC,front,1.2709634260627074,12709634.260627074,11.438167554631562,IC1807,-0.015417877601157537,-0.015417877599880772,-0.015299142236771219,-0.00011873536310955281,1.2766669135892746e-12,-0.015163304557070933,False,0.9999999999510082,12700483.726583367,12700483.725960702,12741203.603077857,12741203.60245519,0.1648005704677047,1.648005704677047e-05
2018-06-14,IC,front,1.2680352551688545,12680352.551688544,11.438167555191939,IC1807,-0.002303898628243095,-0.0023038986282381633,-0.0036160408940556226,0.0013121422658174595,4.8769601836868284e-15,-0.003583008442987534,False,0.9999999999997823,12626821.927530248,12626821.927527487,12683097.71190179,12683097.711899031,0.0006198438023830022,6.198438023830022e-08
2018-06-15,IC,front,1.2436948346114007,12436948.346114008,11.438167555194429,IC1807,-0.019195381562330804,-0.01919538156233078,-0.0185801912321847,-0.0006151903301460777,2.17708186099669e-17,-0.018434095290257968,False,1.0,12120339.868186226,12120339.868186224,12408124.163874917,12408124.163874917,2.7606165531324223e-06,2.7606165531324224e-10
2018-06-19,IC,front,1.1570392772132476,11570392.772132477,11.43816755519443,IC1807,-0.06967590037891336,-0.06967590037891333,-0.06294926976419078,-0.006726630614722546,1.5310125685975586e-20,-0.06240586147915539,False,1.0000000000000002,11328818.67336677,11328818.673366772,11508169.14063222,11508169.140632223,1.9041124232899165e-09,1.9041124232899166e-13
2018-06-20,IC,front,1.1763469040464156,11763469.040464157,11.438167555194429,IC1807,0.01668709715686645,0.016687097156866552,0.011206453398710958,0.0054806437581555924,1.550613227336092e-20,0.011023569979637271,False,1.0000000000000002,11502221.293503517,11502221.29350352,11790920.642596625,11790920.642596625,1.794120407794253e-09,1.794120407794253e-13
2018-06-21,IC,front,1.1461043890304816,11461043.890304817,11.438167555194427,IC1807,-0.0257088405740733,-0.025708840574073317,-0.021224378670607974,-0.004484461903465342,1.556873992800847e-20,-0.02099496190166572,False,1.0,11428101.967745857,11428101.967745857,11489410.545841698,11489410.545841698,1.8314239014216582e-09,1.8314239014216584e-13
2018-06-22,IC,front,1.1691637348217538,11691637.348217538,11.438167555194427,IC1807,0.02011976047904196,0.020119760479041952,0.014145708582834308,0.005974051896207646,0.0,0.013925431055656468,False,0.9999999999999999,11356270.275499236,11356270.275499234,11656865.318849746,11656865.318849746,0.0,0.0
2018-06-25,IC,front,1.150405140031235,11504051.40031235,11.438167555194429,IC1807,-0.01604445487986228,-0.016044454879862256,-0.006865852704077668,-0.009178602175784586,1.5614557624529376e-20,-0.006800229452028295,False,1.0,11504051.400312347,11504051.40031235,11571765.352239098,11571765.3522391,1.8255974509884256e-09,1.8255974509884258e-13
2018-06-26,IC,front,1.1655492738743123,11655492.738743123,11.438167555194429,IC1807,0.013164174355710934,0.013164174355711069,0.007009624562519886,0.006154549793191183,0.0,0.0068780085189745765,False,1.0000000000000002,11442285.295514299,11442285.2955143,11634904.037143772,11634904.037143774,0.0,0.0
2018-06-27,IC,front,1.1440455188705467,11440455.188705467,11.438167555194429,IC1807,-0.01844946025515215,-0.018449460255152112,-0.009966633954857654,-0.008482826300294458,0.0,-0.009840551287914612,False,1.0000000000000002,11429474.54785248,11429474.54785248,11515947.09456975,11515947.094569752,0.0,0.0
2018-06-28,IC,front,1.1454638516473907,11454638.516473908,11.438167555194427,IC1807,0.0012397520495901482,0.001239752049590046,-0.01087582483503306,0.012115576884623105,1.5561757372015537e-20,-0.010644877189548985,False,0.9999999999999999,11397905.205400143,11397905.205400143,11468364.31754014,11468364.31754014,1.780335878720507e-09,1.780335878720507e-13
2018-06-29,IC,front,1.1862294808141038,11862294.808141038,11.438167555194427,IC1807,0.03558875219683655,0.035588752196836514,0.03248322415721372,0.003105528039622798,0.0,0.03217536314738956,False,0.9999999999999999,11443200.348918714,11443200.348918712,11868242.65526974,11868242.655269738,0.0,0.0
2018-07-02,IC,front,1.1666930906298316,11666930.906298317,11.438167555194429,IC1807,-0.016469317699695285,-0.01646931769969523,-0.015231226134917359,-0.0012380915647778698,1.550372666261593e-20,-0.01513676366870087,False,1.0000000000000002,11522809.99510287,11522809.995102867,11606079.854904681,11606079.854904683,1.8390977629678675e-09,1.8390977629678675e-13
2018-07-03,IC,front,1.1767586780784027,11767586.780784028,11.438167555194429,IC1807,0.008627450980392082,0.008627450980392158,0.011441176470588307,-0.002813725490196149,0.0,0.01135483519434577,False,1.0000000000000002,11419866.487106118,11419866.487106118,11779024.948339222,11779024.948339224,0.0,0.0
2018-07-04,IC,front,1.163353145703715,11633531.457037149,11.438167555194427,IC1807,-0.011391912908242596,-0.011391912908242683,-0.014733670295489883,0.0033417573872472008,1.5490834463776817e-20,-0.014583048721121039,False,0.9999999999999999,11536535.7961691,11536535.796169098,11601962.114584815,11601962.114584813,1.822897388592537e-09,1.822897388592537e-13
2018-07-05,IC,front,1.1255614401013525,11255614.401013525,11.438167555194429,IC1807,-0.0324851535769064,-0.03248515357690641,-0.027250560427891597,-0.005234593149014813,1.5468394435788418e-20,-0.02705932431746383,False,1.0,11254241.820906902,11254241.820906904,11346662.214752873,11346662.214752873,1.7995205325860297e-09,1.7995205325860298e-13
2018-07-06,IC,front,1.1319210612620405,11319210.612620406,11.438167555194429,IC1807,0.005650176822080466,0.005650176822080441,0.002818991097922827,0.0028311857241576136,0.0,0.0027835978453707444,False,1.0000000000000002,11099597.795560673,11099597.795560675,11345747.161348458,11345747.16134846,0.0,0.0
2018-07-09,IC,front,1.163947930416585,11639479.30416585,11.438167555194427,IC1807,0.02829426030719473,0.02829426030719483,0.022417138237671802,0.005877122069523028,1.566692785036466e-20,0.022198962100455688,False,1.0,11410715.95306196,11410715.95306196,11612027.702033382,11612027.702033382,1.7733725599100583e-09,1.7733725599100584e-13
2018-07-10,IC,front,1.17012454089639,11701245.4089639,11.438167555194427,IC1807,0.005306603773584939,0.005306603773584905,0.0056957547169810465,-0.00038915094339614105,0.0,0.005673953265264098,False,0.9999999999999999,11555294.390959617,11555294.390959619,11645884.67799676,11645884.677996758,0.0,0.0
2018-07-11,IC,front,1.145829873009157,11458298.73009157,11.438167555194429,IC1807,-0.020762463343108495,-0.020762463343108467,-0.019622678396871922,-0.0011397849462365442,1.5192458652617934e-20,-0.019540429044510588,False,1.0000000000000002,11252869.240800278,11252869.24080028,11386009.51114274,11386009.511142742,1.7777068705981947e-09,1.7777068705981948e-13
2018-07-12,IC,front,1.1846281373563763,11846281.373563763,11.438167555194427,IC1807,0.033860405685992356,0.033860405685992544,0.02722009263695898,0.006640313049033565,1.555860748629517e-20,0.02707221375015889,False,1.0,11478887.43169092,11478887.43169092,11838503.419626232,11838503.419626232,1.7827517240220914e-09,1.7827517240220914e-13
2018-07-13,IC,front,1.185959123883624,11859591.23883624,11.529003205352462,IC1808,0.001123547960137028,0.0013235752102149217,0.006165167285925124,-0.0048415920757102025,0.00020002725007785738,0.006126631222812984,True,1.00047199771658,11772893.134731987,11778490.834716288,11856363.11793874,11861960.817923041,23695790.868025023,2369.5790868025024
2018-07-16,IC,front,1.187341917353961,11873419.17353961,11.523564109405962,IC1808,0.0011659705992301816,0.0011660178008362774,-0.0017472998394663384,0.0029133176403026155,4.720160615490748e-08,-0.0017274542243845836,False,1.00000002882303,11761871.07296056,11761871.415188475,11848989.217627669,11848989.559855584,5597.917548137394,0.5597917548137394
2018-07-17,IC,front,1.1846223562818352,11846223.562818352,11.523563777261938,IC1808,-0.0022904616036688585,-0.0022904616007880857,0.00019410688024004604,-0.0024845684810281318,2.880848363639026e-12,0.00019248537111171693,False,1.0000000000174674,11690885.923100863,11690885.923307782,11818106.067201834,11818106.067408754,0.34205520196891825,3.4205520196891824e-05
2018-07-18,IC,front,1.1779847835462904,11779847.835462904,11.523563777060653,IC1808,-0.005603112840431357,-0.0056031128404295805,-0.007696498054465468,0.0020933852140358872,1.7504575022086105e-15,-0.007613255840806632,False,0.9999999999999643,11762792.961072855,11762792.961072434,11799668.365159448,11799668.365159027,0.000207363109083758,2.07363109083758e-08
2018-07-19,IC,front,1.167936235932693,11679362.35932693,11.523563777061065,IC1808,-0.008530286429801248,-0.008530286429801274,-0.00886484582876825,0.0003345593989669762,3.592231995999162e-18,-0.008786729343138289,False,1.0,11600080.240540748,11600080.24054075,11677518.5891226,11677518.5891226,4.231594630255131e-07,4.2315946302551314e-11
2018-07-20,IC,front,1.1858208069146916,11858208.069146916,11.523563777061064,IC1808,0.015312968663667048,0.015312968663667107,0.012613465940484658,0.0026995027231824487,1.5331039820727347e-20,0.012505551392690384,False,1.0,11595931.757581007,11595931.757581005,11874341.058434801,11874341.058434801,1.7905676941154525e-09,1.7905676941154527e-13
2018-07-23,IC,front,1.1963763913344796,11963763.913344797,11.523563777061064,IC1808,0.008901500427582976,0.008901500427583026,0.007531291300629713,0.001370209126953313,0.0,0.007487560987391895,False,0.9999999999999999,11786301.031178055,11786301.031178055,11960998.258038303,11960998.258038301,0.0,0.0
2018-07-24,IC,front,1.2212672890929315,12212672.890929315,11.523563777061064,IC1808,0.0208052398381815,0.020805239838181465,0.017460990175303472,0.0033442496628779943,0.0,0.017383966244725713,False,1.0,11972982.764366446,11972982.764366444,12203914.982458748,12203914.982458748,0.0,0.0
2018-07-25,IC,front,1.220990723562282,12209907.235622821,11.523563777061064,IC1808,-0.00022645782223051913,-0.0002264578222305754,0.0007586337044724527,-0.0009850915267030282,0.0,0.0007578271098509504,False,0.9999999999999999,12171188.061331894,12171188.061331894,12202071.212254418,12202071.212254418,0.0,0.0
2018-07-26,IC,front,1.21264766338769,12126476.6338769,11.523563777061064,IC1808,-0.006833025029257422,-0.006833025029257393,-0.006640492279814316,-0.0001925327494430766,0.0,-0.006626907731894782,False,1.0,12080382.378768655,12080382.378768655,12107117.046731435,12107117.046731435,0.0,0.0
2018-07-27,IC,front,1.2053647710805873,12053647.710805872,11.523563777061064,IC1808,-0.006005777710202276,-0.006005777710202289,-0.0045974608484110535,-0.0014083168617912353,0.0,-0.004587103772082157,False,1.0,11996029.891920568,11996029.891920567,12090062.172341386,12090062.172341386,0.0,0.0
2018-07-30,IC,front,1.1847145447920937,11847145.447920937,11.523563777061064,IC1808,-0.017131931166348036,-0.01713193116634806,-0.012263862332696046,-0.004868068833652013,0.0,-0.012218795303745922,False,1.0,11841614.13730795,11841614.137307948,11874802.000985883,11874802.000985883,0.0,0.0
2018-07-31,IC,front,1.1886325564762945,11886325.564762944,11.523563777061064,IC1808,0.0033071356314684497,0.003307135631468368,0.0006944984826084776,0.0026126371488598907,0.0,0.0006885046719962151,False,1.0,11823176.43526465,11823176.43526465,11873419.173332637,11873419.173332637,0.0,0.0
2018-08-01,IC,front,1.1695956291165897,11695956.291165898,11.523563777061064,IC1808,-0.01601582192577633,-0.016015821925776448,-0.016161244037693485,0.00014542211191703608,0.0,-0.016063692008819186,False,1.0,11652627.691364147,11652627.691364147,11727761.327190587,11727761.327190585,0.0,0.0
2018-08-02,IC,front,1.1400031173370968,11400031.173370969,11.523563777061064,IC1808,-0.025301489713880465,-0.02530148971388045,-0.021549617718924816,-0.0037518719949556343,0.0,-0.021420582641414776,False,0.9999999999999999,11137293.919253975,11137293.919253975,11339186.756628087,11339186.756628085,0.0,0.0
2018-08-03,IC,front,1.1242849763451856,11242849.763451856,11.523563777061064,IC1808,-0.013787805272521436,-0.013787805272521393,-0.013395600841015732,-0.00039220443150566074,0.0,-0.013262583541666317,False,1.0,11223951.118857477,11223951.118857475,11293092.501519842,11293092.501519842,0.0,0.0
2018-08-06,IC,front,1.1076449502511094,11076449.502511093,11.523563777061064,IC1808,-0.014800541183223381,-0.014800541183223282,-0.021421835923086385,0.006621294739863101,0.0,-0.021197829504538745,False,1.0,10959370.094536154,10959370.094536154,11068152.536591608,11068152.536591608,0.0,0.0
2018-08-07,IC,front,1.1359929171426795,11359929.171426795,11.523563777061062,IC1808,0.025593008739076106,0.025593008739076155,0.027386600083229275,-0.001793591344153119,1.5450918933578765e-20,0.02727734314284236,False,1.0,10988409.475254348,10988409.475254348,11335038.273668343,11335038.273668343,1.7114132333517773e-09,1.7114132333517775e-13
2018-08-08,IC,front,1.1190302312628455,11190302.312628455,11.523563777061062,IC1808,-0.014932034895516422,-0.014932034895516404,-0.015479813349563845,0.0005477784540474403,0.0,-0.015392778103924476,False,1.0,11125309.412925832,11125309.412925832,11171403.668034075,11171403.668034077,0.0,0.0
2018-08-09,IC,front,1.1470555383686583,11470555.383686582,11.523563777061062,IC1808,0.025044280594801682,0.02504428059480174,0.025579766857519615,-0.0005354862627178727,0.0,0.025447847280133384,False,1.0,11139137.689458303,11139137.689458305,11518032.466448074,11518032.466448074,0.0,0.0
2018-08-10,IC,front,1.1565063359046424,11565063.359046424,11.600011512162313,IC1809,0.008239180423142534,0.008439421638879525,0.005212391547455374,0.003227030091424151,0.00020024121573696351,0.005143093488811701,True,0.9981271262948578,11456951.251753071,11435291.348689608,11554855.34891572,11533195.44585226,22968779.55207573,2296.877955207573
2018-08-13,IC,front,1.1635768620594664,11635768.620594664,11.621777633899853,IC1809,0.006113694266355552,0.006113881147201376,0.004996802234922696,0.0011170789122786802,1.868808459540529e-07,0.004923954032493683,False,0.9999961452022988,11368932.606120322,11368887.752586192,11639487.589437513,11639442.735903382,21612.88824050816,2.1612888240508163
2018-08-14,IC,front,1.1612060098344614,11612060.098344615,11.621822433674254,IC1809,-0.002037555319558848,-0.0020375549340790684,-0.0034758202344893764,0.001438265300410308,3.8547977011427656e-10,-0.0034419458467186415,False,1.0000000003862668,11520945.010464609,11520945.014949962,11577194.631043592,11577194.635528944,44.85353412969744,0.0044853534129697436
2018-08-15,IC,front,1.1338249961909512,11338249.961909512,11.62182242918513,IC1809,-0.023579807038213385,-0.023579807038174767,-0.0210316666001225,-0.0025481404380522633,3.860038815988485e-14,-0.02085599498201618,False,1.0000000000003089,11267124.408642897,11267124.4086464,11321514.537611486,11321514.537614988,0.004482300271320128,4.4823002713201276e-07
2018-08-16,IC,front,1.1204366567525295,11204366.567525294,11.621822429181542,IC1809,-0.011808118081184982,-0.011808118081185003,-0.009110291102914687,-0.0026978269782703163,3.046361317389575e-17,-0.009009063799335526,False,1.000000000000004,11090937.580616483,11090937.580616528,11242021.272195844,11242021.272195889,3.454040609085496e-06,3.454040609085496e-10
2018-08-17,IC,front,1.1012838933892384,11012838.933892384,11.621822429181494,IC1809,-0.017094017094016922,-0.017094017094016967,-0.017703924985478382,0.0006099078914614173,4.1770289130480995e-19,-0.017457761994284393,False,0.9999999999999998,10926837.447916443,10926837.44791644,11036082.578750746,11036082.578750746,4.680096310494264e-08,4.6800963104942644e-12
2018-08-20,IC,front,1.111882995444652,11118829.95444652,11.621822429181494,IC1809,0.009624314056564165,0.009624314056564026,0.0062515829463908575,0.003372731110173169,0.0,0.00616694045217292,False,0.9999999999999998,10888717.870348727,10888717.870348725,11083034.741364641,11083034.74136464,0.0,0.0
2018-08-21,IC,front,1.1215058644160143,11215058.644160142,11.621822429181494,IC1809,0.008654569780081722,0.008654569780081868,0.012402792875658483,-0.003748223095576613,0.0,0.012276908114595475,False,0.9999999999999999,11064439.82547795,11064439.825477948,11250853.85724202,11250853.85724202,0.0,0.0
2018-08-22,IC,front,1.1170895718929252,11170895.718929252,11.621822429181494,IC1809,-0.003937823834196941,-0.003937823834196891,-0.01139067357512935,0.00745284974093246,0.0,-0.011234714778065147,False,1.0,11093726.817999488,11093726.817999486,11136959.997436041,11136959.997436041,0.0,0.0
2018-08-23,IC,front,1.1217847881543144,11217847.881543145,11.621822429181494,IC1809,0.004203079483978245,0.004203079483978323,0.005545151893466425,-0.0013420724094881024,0.0,0.005509590615709659,False,1.0,11030968.976881906,11030968.976881906,11226215.593692156,11226215.593692156,0.0,0.0
2018-08-24,IC,front,1.1178798558181093,11178798.558181094,11.621822429181494,IC1809,-0.003480999544154928,-0.0034809995441548594,-0.0023579627864572764,-0.001123036757697583,0.0,-0.0023397969023392085,False,1.0,11099305.292765493,11099305.292765493,11180658.049769763,11180658.049769763,0.0,0.0
2018-08-27,IC,front,1.1462371025453122,11462371.025453122,11.621822429181494,IC1809,0.02536698964527795,0.025366989645278,0.022410279868590625,0.002956709776687375,0.0,0.022212192593600077,False,1.0,11203901.694628127,11203901.694628127,11470273.864704967,11470273.864704967,0.0,0.0
2018-08-28,IC,front,1.147492259367664,11474922.59367664,11.621822429181494,IC1809,0.001095023725514066,0.0010950237255141636,0.0028673399034757534,-0.0017723161779615896,0.0,0.002850766219025136,False,1.0,11412629.625456227,11412629.625456227,11469344.118910631,11469344.118910631,0.0,0.0
2018-08-29,IC,front,1.1431689414240085,11431689.414240085,11.621822429181494,IC1809,-0.0037676227515799354,-0.0037676227515800443,-0.006532571706368498,0.0027649489547884533,0.0,-0.006483441591730199,False,0.9999999999999999,11349871.784338646,11349871.784338646,11405191.659101551,11405191.659101551,0.0,0.0
2018-08-30,IC,front,1.1263870298362704,11263870.298362704,11.621822429181494,IC1809,-0.014680167540970235,-0.014680167540970235,-0.015216949290390821,0.0005367817494205859,0.0,-0.015143789103918337,False,1.0,11218312.754440311,11218312.754440311,11270378.518923046,11270378.518923046,0.0,0.0
2018-08-31,IC,front,1.111836508154935,11118365.08154935,11.621822429181494,IC1809,-0.012917870408584498,-0.012917870408584472,-0.010792406108130453,-0.002125464300454019,0.0,-0.010745574384851908,False,1.0,11057001.859123275,11057001.859123273,11137889.743230376,11137889.743230376,0.0,0.0
2018-09-03,IC,front,1.1202507075936627,11202507.075936627,11.621822429181494,IC1809,0.0075678387757665,0.007567838775766345,0.005027804490529787,0.0025400342852365575,0.0,0.004994994620775017,False,0.9999999999999999,10960308.29651248,10960308.29651248,11165317.244163245,11165317.244163245,0.0,0.0
2018-09-04,IC,front,1.1290832926398406,11290832.926398406,11.621822429181494,IC1809,0.007884471740393417,0.007884471740393391,0.010666860320358504,-0.0027823885799651126,0.0,0.01062438131216581,False,1.0,11152765.675939728,11152765.675939728,11333136.360040626,11333136.360040626,0.0,0.0
2018-09-05,IC,front,1.112208406472669,11122084.06472669,11.621822429181494,IC1809,-0.014945652173913082,-0.014945652173913115,-0.01549118906455863,0.0005455368906455138,0.0,-0.015387666963854851,False,1.0,11113251.47968051,11113251.47968051,11163457.752574576,11163457.752574576,0.0,0.0
2018-09-06,IC,front,1.1082104995570305,11082104.995570306,11.621822429181494,IC1809,-0.003594566353187001,-0.0035945663531870044,-0.004530825496342608,0.0009362591431556034,0.0,-0.0045025680006146596,False,1.0,11017487.662864057,11017487.662864055,11085823.978747642,11085823.978747642,0.0,0.0
2018-09-07,IC,front,1.1075596775009964,11075596.775009964,11.621822429181494,IC1809,-0.0005872729560804091,-0.0005872729560804106,-0.0003292923360880528,-0.00025798061999235774,0.0,-0.0003275371087028134,False,1.0,10971465.246044498,10971465.246044496,11050028.765665764,11050028.765665764,0.0,0.0
2018-09-10,IC,front,1.088778812455439,10887788.12455439,11.621822429181494,IC1809,-0.016956977964323272,-0.016956977964323227,-0.018237145855194047,0.001280167890870821,0.0,-0.018135223236458997,False,1.0,10861755.242313024,10861755.242313024,10888717.870348725,10888717.870348725,0.0,0.0
2018-09-11,IC,front,1.091149664230992,10911496.642309919,11.621822429181494,IC1809,0.0021775329832200985,0.002177532983220148,-0.00042269757909578433,0.0026002305623159323,0.0,-0.00042083963884320674,False,1.0,10817127.444184968,10817127.444184966,10888717.870348725,10888717.870348725,0.0,0.0
2018-09-12,IC,front,1.0866403971284695,10866403.971284695,11.621822429181494,IC1809,-0.004132583503749121,-0.004132583503749071,-0.0019022665303338835,-0.0022303169734151874,0.0,-0.0018988283824872276,False,1.0000000000000002,10822705.918950973,10822705.918950973,10865009.352593193,10865009.352593193,0.0,0.0
2018-09-13,IC,front,1.0966351644175656,10966351.644175656,11.621822429181492,IC1809,0.009197860962566917,0.009197860962566846,0.005826737967914393,0.0033711229946524522,1.5454024221196737e-20,0.005803190050213347,False,1.0,10777613.247925749,10777613.247925749,10942178.253522959,10942178.25352296,1.6792967016954208e-09,1.6792967016954208e-13
2018-09-14,IC,front,1.0839124260409674,10839124.260409674,11.740773033462867,IC1810,-0.011601614456121734,-0.011401354223251519,-0.010947206435057517,-0.00045414778819400113,0.0002002602328702533,-0.01082985082214094,True,1.0008626178910198,10834427.951196289,10843777.973706305,10876225.103195418,10885575.125705432,21961241.339997023,2196.1241339997023
2018-09-17,IC,front,1.0711958584518522,10711958.584518522,11.73065396148233,IC1810,-0.01173209872273806,-0.011732012502025987,-0.014655273700897366,0.002923261198871379,8.622071205954776e-08,-0.014494398382897011,False,1.0000005028911045,10649082.279284978,10649087.666233659,10703512.513666254,10703517.900614938,9345.57011834441,0.9345570118344411
2018-09-18,IC,front,1.0898241256568526,10898241.256568527,11.730648062243771,IC1810,0.017390159846139674,0.017390159896254805,0.017766873905791285,-0.00037671400953648163,5.0115084429396264e-11,0.017625624947038343,False,1.0000000017597725,10656120.680563815,10656120.699742243,10892141.319576161,10892141.338754589,5.3683070886734185,0.0005368307088673419
2018-09-19,IC,front,1.1003347863019348,11003347.863019349,11.730648041600498,IC1810,0.009644364074567813,0.009644364074743861,0.011491432012222655,-0.0018470679374787938,1.7597726642084916e-13,0.011397434829860442,False,1.0000000000001743,10862580.086520143,10862580.086522061,11046047.421890775,11046047.421892693,0.019178427051258495,1.9178427051258495e-06
2018-09-20,IC,front,1.1060593425462353,11060593.425462352,11.730648041598453,IC1810,0.005202558635394761,0.005202558635394631,-0.0007270788912582483,0.00592963752665288,1.7454714757981964e-17,-0.0007198816100860705,False,0.9999999999999997,11015547.736982614,11015547.736982612,11040416.710830804,11040416.710830802,1.920602983318531e-06,1.9206029833185314e-10
2018-09-21,IC,front,1.1326644523045806,11326644.523045806,11.730648041598457,IC1810,0.02405396232818613,0.0240539623281861,0.015217206855591529,0.008836755472594573,3.038081752667081e-20,0.015155868409711504,False,1.0,11027278.385024212,11027278.385024212,11285352.64193938,11285352.641939377,3.360298705956666e-09,3.360298705956666e-13
2018-09-25,IC,front,1.1245468438597943,11245468.438597944,11.730648041598457,IC1810,-0.0071668254691579225,-0.00716682546915787,-0.0026243837772898784,-0.004542441691867991,0.0,-0.0026367159047868682,False,1.0,11151623.254265156,11151623.254265156,11227168.62765305,11227168.62765305,0.0,0.0
2018-09-26,IC,front,1.1261422119934519,11261422.119934518,11.730648041598457,IC1810,0.0014186764583159484,0.0014186764583159859,0.004815154802637054,-0.0033964783443210687,0.0,0.004815807868462585,False,1.0,11185407.520624962,11185407.52062496,11276437.349427763,11276437.349427763,0.0,0.0
2018-09-27,IC,front,1.1178369131800001,11178369.131800001,11.730648041598457,IC1810,-0.007374999999999909,-0.007374999999999924,-0.012552083333333333,0.005177083333333409,0.0,-0.012511343271804476,False,1.0,11135200.347006919,11135200.347006919,11177430.679956673,11177430.679956673,0.0,0.0
2018-09-28,IC,front,1.130928316394424,11309283.163944239,11.730648041598455,IC1810,0.011711371363807954,0.011711371363807928,0.00951811274818441,0.0021932586156235183,1.516702482989277e-20,0.009536567004108987,False,0.9999999999999999,11105639.11394209,11105639.113942089,11268460.508759476,11268460.508759474,1.695426021797175e-09,1.695426021797175e-13
2018-10-08,IC,front,1.09207641008065,10920764.100806499,11.730648041598457,IC1810,-0.034353995519043945,-0.034353995519043945,-0.031997344618703794,-0.0023566509003401545,1.483375537432841e-20,-0.03212844713199858,False,1.0,10886979.834446695,10886979.834446695,10927333.263709795,10927333.263709795,1.6775913991295965e-09,1.6775913991295965e-13
2018-10-09,IC,front,1.0850380212556907,10850380.212556908,11.730648041598457,IC1810,-0.006444960041247727,-0.0064449600412477435,-0.0024920512159490107,-0.003952908825298733,0.0,-0.0024965081168795145,False,1.0,10806742.20184216,10806742.20184216,10837241.886750316,10837241.886750318,0.0,0.0
2018-10-10,IC,front,1.0884164478916711,10884164.47891671,11.730648041598457,IC1810,0.0031136481577580533,0.0031136481577580945,-0.0010811278325549214,0.004194775990313016,0.0,-0.0010787742535421918,False,1.0,10741050.57280921,10741050.57280921,10867272.34573681,10867272.34573681,0.0,0.0
2018-10-11,IC,front,0.9990289098146908,9990289.098146908,11.730648041598455,IC1810,-0.08212622866011376,-0.0821262286601138,-0.06950982928091055,-0.012616399379203258,1.468524191442051e-20,-0.0696496029063326,False,0.9999999999999998,9954627.928100448,9954627.928100448,10049880.79019823,10049880.790198227,1.5983658840923454e-09,1.5983658840923454e-13
2018-10-12,IC,front,1.0089344225353527,10089344.225353528,11.773226522752555,IC1811,0.00991514121698378,0.01011487053188648,-0.006890525347205057,0.017005395879091535,0.00019972931490272198,-0.0068207883141184755,True,0.9866348364349654,9819501.873452038,9684656.13761625,10120896.472434504,9986050.736598717,19953535.97253014,1995.3535972530142
2018-10-15,IC,front,0.9911719802048741,9911719.80204874,11.932709132076742,IC1811,-0.017605150477315923,-0.017603808713024003,-0.018677524522226863,0.0010737158092028623,1.341764291861088e-06,-0.01844068779160557,False,1.000054785627077,9887377.075419305,9887920.09520407,9935585.220312895,9936128.24009766,135375.21809874233,13.537521809874233
2018-10-16,IC,front,0.9717943167613292,9717943.167613292,11.932055426937861,IC1811,-0.019550253468161527,-0.019550247989598844,-0.023949129896727404,0.004398881907128558,5.478562707684076e-09,-0.02368812735910819,False,1.0000000055878058,9638714.319578424,9638714.373880405,9694079.056759417,9694079.111061396,543.0197847651802,0.05430197847651803
2018-10-17,IC,front,0.9767580518543899,9767580.518543899,11.932055360263853,IC1811,0.005107804200381816,0.005107804200947228,0.008275625034716008,-0.0031678208337687797,5.653396206011979e-13,0.008220153768099037,False,0.9999999999353054,9542303.313342117,9542303.312710209,9786194.52490591,9786194.524274003,0.05493938303402501,5.493938303402501e-06
2018-10-18,IC,front,0.949314324524378,9493143.24524378,11.932055361035792,IC1811,-0.0280967505493398,-0.02809675054933336,-0.028077204983660075,-1.9545565673285618e-05,6.430888049097558e-15,-0.02780291190260753,False,0.9999999999996098,9493143.24524378,9493143.245240076,9580485.890486563,9580485.890482858,0.0006281421682530208,6.281421682530209e-08
2018-10-19,IC,front,0.9737511739037916,9737511.739037916,11.932055361040447,IC1811,0.02574157868275795,0.02574157868275802,0.02753393665158953,-0.0017923579688315092,3.873506853149905e-17,0.027256710282048235,False,0.9999999999999971,9397209.520141043,9397209.520141015,9782376.267195428,9782376.2671954,3.677175541838551e-06,3.6771755418385513e-10
2018-10-22,IC,front,1.0303568445365676,10303568.445365677,11.932055361040481,IC1811,0.05813155572983053,0.05813155572983043,0.05027693363395756,0.007854622095872859,2.8768280961384186e-19,0.04969731031325186,False,1.0000000000000002,9879741.838941516,9879741.838941518,10274454.230284736,10274454.230284737,2.801314735734195e-08,2.801314735734195e-12
2018-10-23,IC,front,1.0069700160289283,10069700.160289284,11.93205536104048,IC1811,-0.022697795071335847,-0.022697795071335923,-0.01843153603853991,-0.004266259032796013,1.4890714197340713e-20,-0.01836543476555108,False,0.9999999999999998,9979971.103974257,9979971.103974257,10037722.251921695,10037722.251921693,1.5342749293267845e-09,1.5342749293267846e-13
2018-10-24,IC,front,1.0046313331781644,10046313.331781644,11.932055361040481,IC1811,-0.002322495023225013,-0.002322495023224993,-0.0019125035548394665,-0.00040999146838552645,1.48837380327293e-20,-0.0018972343166666628,False,1.0,9959447.968753269,9959447.968753269,10060154.516000452,10060154.516000452,1.4987477925387795e-09,1.4987477925387796e-13
2018-10-25,IC,front,1.0084973191151416,10084973.191151416,11.932055361040483,IC1811,0.0038481638082570324,0.0038481638082568854,-0.0026295786023088235,0.006477742410565709,1.4498976492204282e-20,-0.002607472871211547,False,1.0000000000000002,9718420.450460251,9718420.450460253,10022449.221059565,10022449.221059565,1.4566126083082054e-09,1.4566126083082054e-13
2018-10-26,IC,front,1.0022449221059564,10022449.221059565,11.932055361040483,IC1811,-0.006199716043539971,-0.006199716043539948,-0.00010884997633697023,-0.006090866067202978,0.0,-0.00010863353186507663,False,1.0,9957061.557681061,9957061.557681063,10010517.165698525,10010517.165698525,0.0,0.0
2018-10-29,IC,front,0.9917924416096849,9917924.41609685,11.932055361040483,IC1811,-0.010429068050859636,-0.010429068050859608,-0.01700795275965529,0.006578884708795682,0.0,-0.016870730946915047,False,1.0000000000000002,9793831.04034203,9793831.04034203,9860173.268149413,9860173.268149415,0.0,0.0
2018-10-30,IC,front,0.9998107828123043,9998107.828123042,11.932055361040483,IC1811,0.008084696823869253,0.008084696823869194,0.010108277189605445,-0.002023580365736251,0.0,0.010092419754332171,False,1.0,9688828.953164874,9688828.953164874,9981880.232832028,9981880.232832028,0.0,0.0
2018-10-31,IC,front,1.0147019879028827,10147019.879028827,11.932055361040483,IC1811,0.014894023295779935,0.014894023295779938,0.01623305327477569,-0.0013390299789957489,0.0,0.016175372335618166,False,1.0,9987607.619405326,9987607.619405326,10176611.376324207,10176611.376324207,0.0,0.0
2018-11-01,IC,front,1.0213839389050654,10213839.389050653,11.932055361040483,IC1811,0.0065851364063969076,0.006585136406396991,0.006215898400752442,0.00036923800564454926,0.0,0.006186001334097746,False,1.0000000000000002,10199043.640402965,10199043.640402965,10240567.193059383,10240567.193059385,0.0,0.0
2018-11-02,IC,front,1.0586119516315116,10586119.516315116,11.932055361040483,IC1811,0.036448598130841114,0.03644859813084113,0.03246962616822436,0.0039789719626167645,0.0,0.032326272743767204,False,1.0000000000000002,10360842.311098672,10360842.311098674,10574664.743168516,10574664.743168518,0.0,0.0
2018-11-05,IC,front,1.0572278332096308,10572278.332096308,11.932055361040481,IC1811,-0.0013074842200180292,-0.0013074842200180763,0.0006492335437331168,-0.001956717763751193,1.4837597188001764e-20,0.0006489482756677489,False,1.0,10382320.010748547,10382320.010748545,10540300.423728721,10540300.423728721,1.5707257716712775e-09,1.5707257716712776e-13
2018-11-06,IC,front,1.059375603174618,10593756.03174618,11.932055361040481,IC1811,0.0020315109927315778,0.0020315109927317053,-0.0006162250011285188,0.002647735993860224,0.0,-0.0006147499453930116,False,1.0,10418116.176831666,10418116.176831666,10566550.945523009,10566550.945523009,0.0,0.0
2018-11-07,IC,front,1.0472526349278009,10472526.349278009,11.932055361040481,IC1811,-0.01144350333393418,-0.011443503333934084,-0.005172103081636339,-0.006271400252297743,0.0,-0.005173385007097631,False,1.0,10471571.784849128,10471571.784849126,10521209.135151055,10521209.135151057,0.0,0.0
2018-11-08,IC,front,1.0430525514407147,10430525.514407147,11.932055361040481,IC1811,-0.00401057332968735,-0.004010573329687232,-0.0074765290310820345,0.0034659557013948026,0.0,-0.007431247933248009,False,1.0000000000000002,10419548.02347499,10419548.02347499,10456776.036201436,10456776.036201438,0.0,0.0
2018-11-09,IC,front,1.0415284580872683,10415284.580872683,11.98910978667488,IC1812,-0.001461185585847291,-0.0012621945639243082,-0.003133105909752239,0.001870911345827931,0.00019899102192291791,-0.0031307546442189693,True,1.0006345265399845,10339992.971412366,10346601.745900422,10431589.770182561,10438198.544670617,20755809.313049473,2075.580931304947
2018-11-12,IC,front,1.0706674479229736,10706674.479229737,11.981507202365963,IC1812,0.02797714225612058,0.027977205711694368,0.02601576856207686,0.001961437149617508,6.345557377823326e-08,0.025884663542866004,False,1.0000000333254258,10387966.387646804,10387966.74445129,10684628.505977385,10684628.862781871,6609.078591428619,0.6609078591428619
2018-11-13,IC,front,1.0923779379431524,10923779.379431523,11.981506803077146,IC1812,0.020277528809057976,0.020277528812362174,0.01831915808170731,0.001958370730654862,3.304199568742157e-12,0.018263199819710918,False,1.0000000002810359,10588297.188945362,10588297.192015335,10950617.954670416,10950617.957740389,0.3537698919693355,3.5376989196933554e-05
2018-11-14,IC,front,1.0868664448152685,10868664.448152686,11.981506799709914,IC1812,-0.005045408678118646,-0.005045408678090596,-0.003955161673167004,-0.0010902470049235923,2.8104808635127632e-14,-0.003950880237710175,False,1.000000000000016,10827927.325033672,10827927.325033844,10864351.10570479,10864351.105704961,0.0030701072903127624,3.0701072903127626e-07
2018-11-15,IC,front,1.1068515981571845,11068515.981571844,11.981506799709724,IC1812,0.018387864891083794,0.018387864891083832,0.016381515124790566,0.0020063497662932673,1.5911196361638053e-18,0.016345800581232917,False,0.9999999999999998,10860037.763256894,10860037.763256893,11048387.050148332,11048387.05014833,1.7293345422331186e-07,1.7293345422331186e-11
2018-11-16,IC,front,1.1137529460738174,11137529.460738173,11.981506799709726,IC1812,0.006235115825936388,0.00623511582593639,0.008506170166702742,-0.002271054340766353,1.4845080218350015e-20,0.008504678763845197,False,1.0,11029695.899540784,11029695.899540786,11154782.830529755,11154782.830529755,1.6431300764452317e-09,1.6431300764452317e-13
2018-11-19,IC,front,1.1165326556513497,11165326.556513498,11.981506799709726,IC1812,0.0024958044666292256,0.0024958044666292555,0.0025044106889279697,-8.606222298714101e-06,0.0,0.0024983365886113162,False,1.0,11010046.228389261,11010046.228389261,11135133.15937823,11135133.15937823,0.0,0.0
2018-11-20,IC,front,1.0831282146937593,10831282.146937592,11.981506799709726,IC1812,-0.02991801519508941,-0.02991801519508942,-0.02860668755633772,-0.0013113276387516962,0.0,-0.028537233928670802,False,1.0,10813070.256602032,10813070.256602032,10838950.311289405,10838950.311289405,0.0,0.0
2018-11-21,IC,front,1.087010222896865,10870102.22896865,11.981506799709726,IC1812,0.0035840707964600593,0.003584070796460137,0.0038097345132743917,-0.00022566371681425444,0.0,0.003795083141412192,False,1.0,10661624.0106537,10661624.0106537,10848535.516729172,10848535.516729174,0.0,0.0
2018-11-22,IC,front,1.0838471051017418,10838471.051017417,11.981506799709724,IC1812,-0.0029099246064988593,-0.002909924606498791,-0.0007362991049777663,-0.0021736255015210246,1.4870924760452773e-20,-0.0007333132806548459,False,0.9999999999999998,10745973.818523658,10745973.818523655,10867705.927608708,10867705.927608706,1.616484723854228e-09,1.616484723854228e-13
2018-11-23,IC,front,1.0371671546100725,10371671.546100724,11.981506799709724,IC1812,-0.043068759672783674,-0.043068759672783584,-0.039038248949812,-0.004030510722971584,0.0,-0.038795253255641704,False,1.0,10370233.765284762,10370233.76528476,10440685.025267053,10440685.025267053,0.0,0.0
2018-11-26,IC,front,1.0341957409237443,10341957.409237444,11.981506799709722,IC1812,-0.0028649323044221964,-0.002864932304422078,-0.0016866133727647017,-0.001178318931657376,1.4859390668257962e-20,-0.001668662966654244,False,1.0,10264796.505447315,10264796.505447315,10338123.327061536,10338123.327061538,1.5411671938636573e-09,1.5411671938636574e-13
2018-11-27,IC,front,1.0410012367859796,10410012.367859796,11.981506799709724,IC1812,0.006580471754946915,0.006580471754946855,0.004678159321562537,0.0019023124333843176,1.4935062463278836e-20,0.004622824250250623,False,1.0,10320869.957269954,10320869.957269955,10364961.902292887,10364961.902292887,1.544577798995306e-09,1.544577798995306e-13
2018-11-28,IC,front,1.0538933381024673,10538933.381024674,11.981506799709724,IC1812,0.012384328529994049,0.012384328529994056,0.012478707241839703,-9.437871184564714e-05,0.0,0.01235513315784087,False,0.9999999999999998,10237957.930215964,10237957.930215964,10550914.887824383,10550914.887824383,0.0,0.0
2018-11-29,IC,front,1.0333330724341656,10333330.724341655,11.981506799709724,IC1812,-0.019508867667121343,-0.019508867667121458,-0.021864483856298283,0.0023556161891768244,0.0,-0.021648588654302414,False,0.9999999999999998,10295948.423126562,10295948.42312656,10349146.313317273,10349146.313317271,0.0,0.0
2018-11-30,IC,front,1.0371671546100727,10371671.546100726,11.981506799709726,IC1812,0.0037104030425305634,0.0037104030425304958,0.007177310885394884,-0.003466907842864389,1.4796253982338247e-20,0.007121982649515468,False,1.0,10155525.163433963,10155525.163433963,10364961.902292889,10364961.902292889,1.5289458588085838e-09,1.528945858808584e-13
2018-12-03,IC,front,1.0716259681660378,10716259.681660378,11.981506799709726,IC1812,0.033223973014186114,0.03322397301418608,0.03200406635552896,0.0012199066586571175,0.0,0.03164977779808775,False,1.0,10589255.709583456,10589255.709583456,10720573.024108274,10720573.024108274,0.0,0.0
2018-12-04,IC,front,1.0818342119593904,10818342.119593905,11.981506799709726,IC1812,0.009525939177101872,0.009525939177102049,0.004704830053667255,0.004821109123434794,0.0,0.0046598466945873,False,1.0,10668812.914733527,10668812.914733527,10804443.571706241,10804443.571706243,0.0,0.0
2018-12-05,IC,front,1.0711467078940493,10711467.078940494,11.981506799709724,IC1812,-0.009879059052850803,-0.009879059052850834,-0.007422584503610557,-0.0024564745492402762,1.4547340877532924e-20,-0.007387224136448767,False,0.9999999999999998,10613218.723182874,10613218.723182872,10736388.61308389,10736388.613083888,1.573781105435046e-09,1.573781105435046e-13
2018-12-06,IC,front,1.0515449627697242,10515449.627697242,11.981506799709726,IC1812,-0.018299776286353486,-0.018299776286353507,-0.020494407158836613,0.0021946308724831057,1.4689835451526044e-20,-0.020345570435516436,False,1.0,10476629.545666182,10476629.545666184,10517366.668785196,10517366.668785198,1.5734968883407419e-09,1.5734968883407418e-13
2018-12-07,IC,front,1.051017776470537,10510177.764705371,11.981506799709724,IC1812,-0.0005013445148351892,-0.0005013445148351978,-2.9624903149379535e-05,-0.0004717196116858183,1.489474447493482e-20,-2.947117379148434e-05,False,0.9999999999999998,10500113.298993615,10500113.298993614,10524076.312593035,10524076.312593034,1.566249352435989e-09,1.566249352435989e-13
2018-12-10,IC,front,1.039180047752424,10391800.47752424,11.981506799709726,IC1812,-0.011263109895120804,-0.011263109895120756,-0.011776105791153587,0.0005129958960328314,1.4745371540438436e-20,-0.011709469140504525,False,1.0,10364003.381748913,10364003.381748913,10407136.806227867,10407136.806227867,1.5497647609663545e-09,1.5497647609663545e-13
2018-12-11,IC,front,1.05130533263373,10513053.3263373,11.981506799709724,IC1812,0.011668127104182746,0.011668127104182873,0.00836138910667327,0.0033067379975096033,1.489351330772834e-20,0.008317830115316172,False,0.9999999999999998,10395155.299428158,10395155.299428156,10444998.367714949,10444998.367714949,1.54770418703265e-09,1.54770418703265e-13
2018-12-12,IC,front,1.0476150285394195,10476150.285394195,11.981506799709724,IC1812,-0.0035102115244346477,-0.0035102115244346355,-0.000512855579868709,-0.0029973559445659265,0.0,-0.0005118790054532418,False,0.9999999999999998,10447394.669074893,10447394.669074891,10496758.477089696,10496758.477089694,0.0,0.0
2018-12-13,IC,front,1.0616094284814805,10616094.284814805,11.981506799709726,IC1812,0.013358342101651433,0.01335834210165141,0.011400338533327265,0.001958003568324144,1.486990785205051e-20,0.011344495734433302,False,1.0,10434454.641731204,10434454.641731204,10630951.353246445,10630951.353246445,1.5577938938804436e-09,1.5577938938804436e-13
2018-12-14,IC,front,1.0371343374320081,10371343.37432008,12.0413028955297,IC1901,-0.023054703917316788,-0.022855210934712596,-0.02405164104241137,0.001196430107698774,0.0001994929826041831,-0.023870398545179472,True,0.9996353817309364,10338109.378328416,10334327.79705941,10385311.285678895,10381529.704409886,21178363.124849275,2117.8363124849275
2018-12-17,IC,front,1.0348711321370807,10348711.321370807,12.04569497598151,IC1901,-0.0021821717912948735,-0.002182135466676145,-0.001497028894057286,-0.0006851065726188591,3.632461863785683e-08,-0.0014871688455421195,False,0.9999986613207056,10233554.477400424,10233540.623794852,10336183.798595784,10336169.944990212,3767.350928344402,0.3767350928344402
2018-12-18,IC,front,1.0282219048247625,10282219.048247624,12.045711101325548,IC1901,-0.006425174213321783,-0.006425174079971149,-0.005442771614174305,-0.0009824024657968447,1.3335060761699177e-10,-0.005398727673674664,False,0.9999999949275409,10155016.339017624,10155016.28686149,10305828.642006222,10305828.589850087,13.800069427576389,0.001380006942757639
2018-12-19,IC,front,1.0133815886572206,10133815.886572206,12.045711162426926,IC1901,-0.014432989705729926,-0.014432989705221265,-0.013910496724541088,-0.0005224929806801768,5.0869587130124e-13,-0.0137836727207723,False,1.0000000000152278,10127552.116767745,10127552.116922062,10161761.936469037,10161761.936623355,0.05230522377658531,5.230522377658531e-06
2018-12-20,IC,front,1.0196935413062123,10196935.413062122,12.045711162243496,IC1901,0.006228604031927487,0.006228604031929042,0.0028195131228332827,0.003409090909095759,1.5205394817632102e-15,0.0027919677958521127,False,1.000000000000024,10071660.01697479,10071660.016975034,10173807.647630613,10173807.647630857,0.00015408867156452288,1.540886715645229e-08
2018-12-21,IC,front,1.0132852229678986,10132852.229678987,12.045711162243208,IC1901,-0.006284553229693457,-0.006284553229693475,-0.006761801256910695,0.0004772480272172198,2.383224347327429e-18,-0.006718688376809889,False,1.0,10016249.745628472,10016249.745628472,10065396.247170424,10065396.247170424,2.430158474453492e-07,2.4301584744534923e-11
2018-12-24,IC,front,1.025090019906897,10250900.199068971,12.045711162243208,IC1901,0.011650023775558793,0.011650023775558727,0.01036138849262956,0.0012886352829291677,0.0,0.01029982463355017,False,0.9999999999999998,10077923.786779158,10077923.786779158,10235481.6887813,10235481.688781299,0.0,0.0
2018-12-25,IC,front,1.010683349356854,10106833.493568541,12.04571116224321,IC1901,-0.014054054054054133,-0.014054054054054096,-0.011565217391304356,-0.0024888366627497395,1.4590146967163657e-20,-0.011511865104614993,False,1.0000000000000002,9841346.019552702,9841346.019552702,10130443.087446539,10130443.08744654,1.4956214045014349e-09,1.4956214045014348e-13
2018-12-26,IC,front,1.0091896811727359,10091896.81172736,12.045711162243208,IC1901,-0.00147787948131195,-0.001477879481311932,-0.004076086956521826,0.002598207475209894,1.4759453793356766e-20,-0.004046848782750523,False,1.0,10017213.402521452,10017213.402521452,10089969.4979414,10089969.4979414,1.4917134194547543e-09,1.4917134194547543e-13
2018-12-27,IC,front,0.9952166562245339,9952166.56224534,12.045711162243208,IC1901,-0.013845786583910225,-0.013845786583910242,-0.011253282406302082,-0.0025925041776081606,0.0,-0.011201380093669444,False,1.0,9939639.022636605,9939639.022636605,10004204.034466231,10004204.03446623,0.0,0.0
2018-12-28,IC,front,0.9926629654581383,9926629.654581383,12.045711162243208,IC1901,-0.002565964657467945,-0.0025659646574680128,0.0016388283708543999,-0.004204793028322413,0.0,0.0016269071701666693,False,1.0,9923738.683902444,9923738.683902444,9952166.56224534,9952166.56224534,0.0,0.0
2019-01-02,IC,front,0.9869773897895597,9869773.897895597,12.04571116224321,IC1901,-0.005727599262207339,-0.0057275992622074215,-0.008756431414425768,0.003028832152218347,1.4799052219158855e-20,-0.008656346868072262,False,1.0,9843755.16178515,9843755.161785152,9882301.437504329,9882301.43750433,1.4690471061840071e-09,1.4690471061840072e-13
2019-01-03,IC,front,0.984520064712462,9845200.64712462,12.04571116224321,IC1901,-0.0024897480960750507,-0.002489748096075052,-0.004674380003905398,0.0021846319078303467,0.0,-0.004634604400816977,False,1.0,9823518.367032584,9823518.367032582,9856764.529840374,9856764.529840374,0.0,0.0
2019-01-04,IC,front,1.0137188685697396,10137188.685697395,12.04571116224321,IC1901,0.029657906327998695,0.029657906327998893,0.02399794450154155,0.0056599618264573425,0.0,0.02384501107515291,False,1.0000000000000002,9776299.17927659,9776299.17927659,10082742.071244055,10082742.071244055,0.0,0.0
2019-01-07,IC,front,1.0283664533430272,10283664.533430273,12.04571116224321,IC1901,0.014449355957982801,0.014449355957982836,0.018403916535956938,-0.003954560577974101,0.0,0.018390455201762856,False,1.0000000000000002,10110206.29269397,10110206.292693973,10304383.15662933,10304383.156629331,0.0,0.0
2019-01-08,IC,front,1.0288964646341658,10288964.64634166,12.045711162243208,IC1901,0.0005153914632431977,0.0005153914632431747,-0.002581642693154554,0.0030970341563977288,1.4717088662791854e-20,-0.002569770912618341,False,1.0,10235963.51722779,10235963.51722779,10297155.729931984,10297155.729931984,1.5134560271690134e-09,1.5134560271690134e-13
2019-01-09,IC,front,1.0296192073039006,10296192.073039005,12.045711162243208,IC1901,0.000702444506883948,0.0007024445068839567,0.0026856794979863855,-0.001983234991102429,0.0,0.0026815982044747777,False,1.0,10274991.621393455,10274991.621393457,10334738.348758183,10334738.348758183,0.0,0.0
2019-01-10,IC,front,1.030486498507582,10304864.985075818,12.045711162243208,IC1901,0.0008423417099534536,0.0008423417099535436,-0.0016168281154945862,0.0024591698254481298,0.0,-0.001611184558743095,False,1.0,10269209.68003558,10269209.68003558,10324619.9513819,10324619.9513819,0.0,0.0
2019-01-11,IC,front,1.039855959593878,10398559.595938781,12.118808195827238,IC1902,0.009092269622033688,0.009292860212034477,0.007765736004846398,0.0015271242071880778,0.00020059059000088173,0.00771160196736953,True,0.9991010576288222,10254588.154572355,10245240.448752347,10385471.283087289,10376123.577267282,20670589.472357854,2067.0589472357856
2019-01-14,IC,front,1.0356348135432596,10356348.135432595,12.1297121079913,IC1902,-0.004059356501901701,-0.00405926661605337,-0.006609829509112505,0.002550562893059134,8.988584833119333e-08,-0.006565651883714052,False,1.0000000060224297,10316562.679718385,10316562.742088763,10339851.726965727,10339851.789336104,9346.833507034282,0.9346833507034282
2019-01-15,IC,front,1.0512093637911175,10512093.637911174,12.129712034940964,IC1902,0.015038650733043779,0.01503865073364547,0.014244553754640347,0.0007940969790051234,6.01819743783576e-13,0.014186233684431393,False,1.0000000000047622,10295699.575207828,10295699.575257888,10493656.475618066,10493656.475668127,0.0623265478139956,6.2326547813995605e-06
2019-01-16,IC,front,1.049268609865531,10492686.09865531,12.129712034883198,IC1902,-0.0018462106526403455,-0.001846210652639862,-0.002418535954952667,0.0005723253023128053,4.757905578798126e-16,-0.002410658422582812,False,1.0000000000000049,10457267.33951345,10457267.339513503,10494626.852580892,10494626.852580942,5.001554896466587e-05,5.001554896466587e-09
2019-01-17,IC,front,1.0415541130113453,10415541.130113453,12.129712034883138,IC1902,-0.007352261167113627,-0.007352261167113704,-0.007664385461944085,0.00031212429483038097,4.977117145536392e-19,-0.007643743889616639,False,0.9999999999999998,10386915.00971113,10386915.009711128,10435433.857850663,10435433.857850662,5.2223327884348685e-08,5.222332788434869e-12
2019-01-18,IC,front,1.0531015988685541,10531015.98868554,12.12971203488314,IC1902,0.011086784366702407,0.011086784366702466,0.010266921321097695,0.0008198630456047704,1.4679466383058002e-20,0.010242278209832145,False,1.0,10382548.313378572,10382548.313378572,10528104.85779717,10528104.85779717,1.5289458588085838e-09,1.528945858808584e-13
2019-01-21,IC,front,1.0577108894418097,10577108.894418096,12.129712034883138,IC1902,0.004376871688551054,0.004376871688551025,0.0059479382630729565,-0.0015710665745219314,1.467368716742349e-20,0.005938621972901181,False,1.0,10528590.046278564,10528590.046278562,10568375.50175298,10568375.501752978,1.545288341731066e-09,1.5452883417310662e-13
2019-01-22,IC,front,1.0417481884039033,10417481.884039033,12.129712034883138,IC1902,-0.015091743119266088,-0.015091743119266093,-0.01499541284403672,-9.633027522937348e-05,0.0,-0.014948681072701642,False,1.0,10372359.35526927,10372359.355269268,10407292.925929733,10407292.92592973,0.0,0.0
2019-01-23,IC,front,1.0437859800257638,10437859.800257638,12.129712034883136,IC1902,0.001956126868799979,0.0019561268687999034,0.0017302407899027275,0.00022588607889717605,1.463239723374624e-20,0.0017245981547031608,False,1.0,10373814.920713454,10373814.920713453,10433978.292406475,10433978.292406475,1.5243273310261431e-09,1.5243273310261431e-13
2019-01-24,IC,front,1.050627137613438,10506271.376134379,12.129712034883136,IC1902,0.006554176544415036,0.006554176544414962,0.005227072002974895,0.0013271045414400672,0.0,0.00521122974826671,False,1.0,10368477.847418105,10368477.847418105,10515975.145762285,10515975.145762285,0.0,0.0
2019-01-25,IC,front,1.0455811774069264,10455811.774069265,12.129712034883138,IC1902,-0.004802807795326491,-0.00480280779532654,-0.0045557402789324075,-0.00024706751639413233,1.4664287250835237e-20,-0.004548000654653994,False,1.0,10444167.250515778,10444167.250515776,10499478.737394843,10499478.737394843,1.5406698139486254e-09,1.5406698139486255e-13
2019-01-28,IC,front,1.0411174433780896,10411174.433780896,12.129712034883138,IC1902,-0.004269141531322407,-0.004269141531322422,-0.0026032482598606363,-0.0016658932714617859,0.0,-0.002598160446827924,False,1.0,10397589.156301824,10397589.156301824,10424759.711259963,10424759.711259963,0.0,0.0
2019-01-29,IC,front,1.0291818067357645,10291818.067357644,12.129712034883138,IC1902,-0.011464255755429309,-0.011464255755429377,-0.012333395470220963,0.0008691397147915852,0.0,-0.012288668793328461,False,0.9999999999999998,10133161.433941374,10133161.433941372,10306373.721799504,10306373.721799502,0.0,0.0
2019-01-30,IC,front,1.0193324805634394,10193324.805634394,12.12971203488314,IC1902,-0.009570054686026674,-0.009570054686026648,-0.010057986045634563,0.00048793135960791505,1.455009023492072e-20,-0.010029875725444226,False,1.0,10190413.674746023,10190413.674746023,10229713.941739043,10229713.941739045,1.4974688156144111e-09,1.497468815614411e-13
2019-01-31,IC,front,1.0149172653827419,10149172.65382742,12.129712034883138,IC1902,-0.004331476986053628,-0.004331476986053552,-0.00836546242086716,0.004033985434813608,1.467325418638933e-20,-0.00834595713763342,False,1.0,10036608.926143704,10036608.926143702,10109872.386834396,10109872.386834396,1.4956924587750109e-09,1.495692458775011e-13
2019-02-01,IC,front,1.0463574789771588,10463574.789771589,12.129712034883136,IC1902,0.03097810498135556,0.03097810498135564,0.028157567645090392,0.0028205373362652436,1.4702082583386735e-20,0.02820563777544205,False,1.0,10188958.109301835,10188958.109301835,10427185.65366694,10427185.65366694,1.4921397450962104e-09,1.4921397450962104e-13
2019-02-11,IC,front,1.0694791878669412,10694791.878669413,12.152816248282914,IC1903,0.02209733227346411,0.02229753182920205,0.025221212402237965,-0.0029236805730359135,0.0002001995557380886,0.025289513700815114,True,0.9999706791694493,10471666.172350938,10471352.59217049,10670972.358822778,10670658.778642328,20948030.24344536,2094.803024344536
2019-02-12,IC,front,1.0764793408672826,10764793.408672826,12.15317258939706,IC1903,0.006545384968456469,0.006545387907203336,0.008320484066199778,-0.0017750961589964411,2.9387468801919164e-09,0.00831503087758656,False,1.0000000691245514,10681665.708161348,10681666.452272866,10752640.23608343,10752640.980194945,314.29286267741577,0.03142928626774158
2019-02-13,IC,front,1.0961674792617309,10961674.792617308,12.153171749314517,IC1903,0.018289378761868313,0.018289378768796404,0.016467214646101673,0.0018221641226947314,6.928063093502115e-12,0.016427599628785483,False,0.9999999998535274,10752154.111659126,10752154.110053541,10974800.218106566,10974800.21650098,0.7457916792380104,7.457916792380104e-05
2019-02-14,IC,front,1.1027788046944524,11027788.046944525,12.153171751094625,IC1903,0.006031309592558376,0.006031309592572999,0.004381569027599805,0.0016497405649731941,1.4634283635989764e-14,0.004379034706509355,False,0.9999999999998856,10925701.404235331,10925701.404234068,11035566.076865226,11035566.076863963,0.0016041625804064097,1.6041625804064097e-07
2019-02-15,IC,front,1.0944174225296988,10944174.225296987,12.153171751096016,IC1903,-0.007582102711042316,-0.007582102711042201,-0.006488869296892124,-0.0010932334141500774,1.1418915705098276e-17,-0.006495784580013653,False,0.9999999999999998,10916951.120574532,10916951.120574528,10955355.143307995,10955355.143307991,1.2592538212174986e-06,1.2592538212174988e-10
2019-02-18,IC,front,1.1368076855975215,11368076.855975216,12.153171751096018,IC1903,0.03873317638697649,0.03873317638697633,0.03515080175898379,0.0035823746279925422,1.473846295977833e-20,0.03514978690705428,False,0.9999999999999999,11034107.696255097,11034107.696255097,11357868.191704296,11357868.191704294,1.6130030644490034e-09,1.6130030644490035e-13
2019-02-19,IC,front,1.132432543767127,11324325.43767127,12.15317175109602,IC1903,-0.0038486209108402614,-0.003848620910840283,0.001342741073337554,-0.005191361984177837,1.4665782931535927e-20,0.0013473503540011311,False,1.0000000000000002,11215919.145651493,11215919.145651493,11305366.48973956,11305366.489739561,1.667217475187499e-09,1.6672174751874992e-13
2019-02-20,IC,front,1.1307310997219735,11307310.997219736,12.15317175109602,IC1903,-0.001502468340845664,-0.001502468340845676,7.297703369824975e-05,-0.0015754453745439256,0.0,7.2847568605372e-05,False,1.0000000000000002,11224669.429312283,11224669.429312283,11323839.310801227,11323839.310801229,0.0,0.0
2019-02-21,IC,front,1.1331617340721927,11331617.340721928,12.153171751096018,IC1903,0.002149613069647449,0.0021496130696474634,-0.0018228718830609549,0.003972484952708418,1.4610121372344256e-20,-0.0018167717166349684,False,1.0,11268906.974486273,11268906.97448627,11335506.35568228,11335506.355682278,1.652011860642233e-09,1.652011860642233e-13
2019-02-22,IC,front,1.1678711925933232,11678711.92593323,12.153171751096018,IC1903,0.030630630630630762,0.03063063063063067,0.025345345345345313,0.005285285285285357,0.0,0.02536090351438247,False,0.9999999999999999,11302935.85538934,11302935.85538934,11599959.372986127,11599959.372986127,0.0,0.0
2019-02-25,IC,front,1.2452139776172981,12452139.77617298,12.15317175109602,IC1903,0.06622544122544127,0.06622544122544119,0.055579836829836866,0.010645604395604325,1.4822047361361145e-20,0.055899776024114,False,1.0000000000000002,11764270.255060945,11764270.255060947,12317482.633170838,12317482.63317084,1.7310242128587559e-09,1.731024212858756e-13
2019-02-26,IC,front,1.2306787842029872,12306787.842029871,12.153171751096018,IC1903,-0.011672847940659814,-0.011672847940659804,-0.0011341011126293963,-0.010538746828030408,1.455078411226377e-20,-0.0011517836787694469,False,1.0,12220743.386032114,12220743.386032112,12405957.723518815,12405957.723518815,1.8118839761882555e-09,1.8118839761882555e-13
2019-02-27,IC,front,1.2195464788789832,12195464.788789831,12.153171751096018,IC1903,-0.009045662821930867,-0.00904566282193083,-0.0040804234476220285,-0.0049652393743088025,0.0,-0.004100394161800858,False,1.0,12080252.720589442,12080252.720589442,12192061.900699524,12192061.900699524,0.0,0.0
2019-02-28,IC,front,1.2237271699613603,12237271.699613603,12.153171751096018,IC1903,0.0034280703153029,0.003428070315302891,0.0014768605253716773,0.001951209789931214,0.0,0.0014767192519549166,False,1.0,12158519.1466665,12158519.146666499,12210534.721761191,12210534.721761191,0.0,0.0
2019-03-01,IC,front,1.2350539260333815,12350539.260333816,12.153171751096018,IC1903,0.009255948834067995,0.00925594883406814,0.008330353950661343,0.0009255948834067957,0.0,0.008345787009306882,False,1.0,12104559.064091634,12104559.064091634,12286370.51348803,12286370.51348803,0.0,0.0
2019-03-04,IC,front,1.250415535126767,12504155.35126767,12.153171751096016,IC1903,0.012438006770054244,0.012438006770054282,0.01791309139573338,-0.005475084625679095,1.4736645738983736e-20,0.017962476540437367,False,0.9999999999999999,12391860.044287542,12391860.04428754,12514364.015538592,12514364.01553859,1.8200552176494966e-09,1.8200552176494968e-13
2019-03-05,IC,front,1.2879445294941514,12879445.294941515,12.153171751096018,IC1903,0.03001321825674519,0.030013218256745303,0.026638675064147417,0.003374543192597889,1.4622087748394218e-20,0.026567149711627103,False,1.0000000000000002,12496377.321346968,12496377.321346968,12805067.883824807,12805067.883824807,1.8283685676578896e-09,1.8283685676578897e-13
2019-03-06,IC,front,1.3125425491183698,13125425.491183698,12.153171751096016,IC1903,0.019098663848418518,0.019098663848418473,0.017879519891296103,0.0012191439571223705,1.4666608846579243e-20,0.017891371388535804,False,0.9999999999999999,12739440.756368889,12739440.756368887,13003893.773672737,13003893.773672737,1.8889778630182263e-09,1.8889778630182264e-13
2019-03-07,IC,front,1.3228484387632993,13228484.387632992,12.153171751096016,IC1903,0.007851851851851777,0.007851851851851784,0.012701851851851876,-0.004850000000000092,0.0,0.012725346612171062,False,0.9999999999999999,13011185.676723396,13011185.676723395,13296056.022569086,13296056.022569085,0.0,0.0
2019-03-08,IC,front,1.279637805240963,12796378.05240963,12.178681999293861,IC1904,-0.032664840699916375,-0.032469052436682806,-0.03915885865499622,0.006689806218313418,0.0001957882632335919,-0.03900619570514163,True,1.0039216462283291,12758867.711851804,12809050.579577312,12889910.330164209,12940093.197889714,25899819.834673487,2589.981983467349
2019-03-11,IC,front,1.321848608463537,13218486.08463537,12.131108085026762,IC1904,0.03298652403804647,0.032986919608141076,0.03997071253537501,-0.006983792927233936,3.9557009470083454e-07,0.04016241874297055,False,0.9999674156943956,12833202.091854919,12832771.37666471,13162682.987444246,13162252.272254037,50618.64478019358,5.061864478019358
2019-03-12,IC,front,1.3437334251072752,13437334.251072753,12.13150338164039,IC1904,0.01655622020828562,0.01655622349781725,0.01736757489782345,-0.0008113514000061993,3.2895315863533777e-09,0.01734116758730142,False,1.0000003091809233,13247597.538183896,13247601.692751307,13351928.467266005,13351932.621833414,434.8262749918064,0.04348262749918064
2019-03-13,IC,front,1.307872711827009,13078727.11827009,12.131499630812135,IC1904,-0.026687371624623757,-0.026687371593730136,-0.02277635298390196,-0.003911018609828174,3.0893528456109435e-11,-0.02272383354350571,False,1.0000000002841143,12963720.501769993,12963720.505485846,13085035.498078113,13085035.501793968,4.1512666805977005,0.0004151266680597701
2019-03-14,IC,front,1.28035847067077,12803584.7067077,12.1314996273654,IC1904,-0.021037399822956382,-0.021037399822928068,-0.023441674089572144,0.0024042742666440763,2.8309193366956802e-14,-0.023292767002282,False,1.0000000000010736,12709929.529584438,12709929.529598182,12774954.367587116,12774954.367600862,0.0037024821498476967,3.7024821498476967e-07
2019-03-15,IC,front,1.2933634382713015,12933634.382713016,12.131499627352378,IC1904,0.010157286336941684,0.010157286336941705,0.011466742467317182,-0.0013094561303754765,1.0812134992646155e-16,0.011420213267905988,False,0.9999999999999923,12793879.507005915,12793879.507005818,12892387.283980018,12892387.283979919,1.3843408623870346e-05,1.3843408623870347e-09
2019-03-18,IC,front,1.3378132529059208,13378132.529059209,12.13149962735247,IC1904,0.034367613401868224,0.03436761340186838,0.026670543653622456,0.007697069748245924,7.658388300022276e-19,0.026529153705628472,False,1.0000000000000002,12868609.544710407,12868609.544710407,13291270.991727365,13291270.991727367,9.90507942333352e-08,9.90507942333352e-12
2019-03-19,IC,front,1.3314078211026785,13314078.211026786,12.131499627352468,IC1904,-0.00478798650658363,-0.004787986506583581,0.0038086256302368605,-0.00859661213682044,1.460108898334749e-20,0.0038173628203403975,False,1.0,13235466.093441544,13235466.093441542,13309710.871160941,13309710.871160941,1.9533530348780914e-09,1.9533530348780914e-13
2019-03-20,IC,front,1.3271860592323599,13271860.5923236,12.131499627352467,IC1904,-0.0031709006086670932,-0.0031709006086670616,-0.0011644859131829878,-0.0020064146954840737,1.4628107239939633e-20,-0.001157151704580528,False,0.9999999999999999,12986042.461103175,12986042.461103173,13224790.373769473,13224790.373769471,1.9475976387184346e-09,1.9475976387184346e-13
2019-03-21,IC,front,1.3445098407002192,13445098.407002192,12.131499627352467,IC1904,0.013053016453381971,0.013053016453382017,0.013471663619743984,-0.0004186471663619663,0.0,0.013359826969482125,False,0.9999999999999999,13308255.091205657,13308255.091205655,13537783.064155167,13537783.064155165,0.0,0.0
2019-03-22,IC,front,1.3614454141800032,13614454.141800033,12.131499627352467,IC1904,0.012596094849677053,0.01259609484967701,0.005893817446854723,0.006702277402822286,0.0,0.005843119574629574,False,0.9999999999999999,13271860.592323601,13271860.592323598,13573692.303052127,13573692.303052127,0.0,0.0
2019-03-25,IC,front,1.3389778768701466,13389778.768701466,12.131499627352467,IC1904,-0.016502708867978333,-0.016502708867978232,-0.012915240946678116,-0.003587467921300117,0.0,-0.01289010946009883,False,0.9999999999999999,13360663.16959582,13360663.169595819,13426173.267583523,13426173.267583523,0.0,0.0
2019-03-26,IC,front,1.3000115000670904,13000115.000670904,12.131499627352468,IC1904,-0.029101583735005265,-0.029101583735005324,-0.028048780487804875,-0.0010528032472004504,1.4739096759289254e-20,-0.027891748518380388,False,1.0,12968573.101639787,12968573.101639789,13025348.519895796,13025348.519895798,1.9735324485736783e-09,1.9735324485736784e-13
2019-03-27,IC,front,1.3081638678166714,13081638.678166714,12.131499627352468,IC1904,0.006270996640537652,0.006270996640537583,0.009891750653228816,-0.003620754012691234,0.0,0.009824129545050075,False,1.0000000000000002,12891416.764009826,12891416.764009826,13086006.018032558,13086006.01803256,0.0,0.0
2019-03-28,IC,front,1.2904518783607368,12904518.783607367,12.131499627352468,IC1904,-0.013539580087543635,-0.013539580087543588,-0.014422434898731401,0.0008828548111878137,0.0,-0.014273442146302773,False,1.0000000000000002,12886564.164158884,12886564.164158886,12952559.522131681,12952559.522131683,0.0,0.0
2019-03-29,IC,front,1.34281143075239,13428114.307523899,12.131499627352468,IC1904,0.04057458729740904,0.040574587297408954,0.03338096491557928,0.007193622381829677,0.0,0.03306071372706754,False,1.0,12913738.723324154,12913738.723324155,13420835.407747487,13420835.407747488,0.0,0.0
2019-04-01,IC,front,1.3990045370262865,13990045.370262865,12.131499627352467,IC1904,0.04184735472679968,0.041847354726799714,0.03797701647875113,0.0038703382480485818,1.4749403946822028e-20,0.037886243929873276,False,0.9999999999999999,13526136.824512908,13526136.824512906,13940063.591798171,13940063.591798171,1.9805668216577033e-09,1.9805668216577034e-13
2019-04-02,IC,front,1.3942975151708739,13942975.151708739,12.131499627352467,IC1904,-0.003364550815122991,-0.003364550815123072,0.003071453347207776,-0.006436004162330848,0.0,0.0030758062051046142,False,0.9999999999999999,13884743.953497447,13884743.953497445,13979369.650590796,13979369.650590794,0.0,0.0
2019-04-03,IC,front,1.414193174559732,14141931.74559732,12.131499627352468,IC1904,0.014269307068527581,0.014269307068527479,0.01052622420213688,0.003743082866390599,1.456454678220879e-20,0.010473461401944384,False,1.0,13860480.954242744,13860480.954242744,14117668.746342614,14117668.746342616,2.0307311388023663e-09,2.0307311388023665e-13
2019-04-04,IC,front,1.4272951941572727,14272951.941572726,12.131499627352468,IC1904,0.009264660467350527,0.009264660467350649,0.0060940877740796135,0.0031705726932710356,0.0,0.006086318805217372,False,1.0000000000000002,14054099.688295286,14054099.688295286,14225396.463033503,14225396.463033505,0.0,0.0
2019-04-08,IC,front,1.4074480607669237,14074480.607669238,12.131499627352468,IC1904,-0.013905415972529256,-0.013905415972529186,-0.004067929146975877,-0.009837486825553307,0.0,-0.004075577870276459,False,1.0000000000000002,13920653.19239441,13920653.19239441,14085156.327341307,14085156.327341309,0.0,0.0
2019-04-09,IC,front,1.4161827404986176,14161827.404986177,12.131499627352467,IC1904,0.006206040546131719,0.006206040546131568,0.0017963039580747603,0.004409736588056808,1.4627876042140012e-20,0.0017819184866347815,False,0.9999999999999999,14009941.029651722,14009941.029651722,14111360.36653639,14111360.366536388,2.0587975768648903e-09,2.0587975768648904e-13
2019-04-10,IC,front,1.4118154006327708,14118154.006327707,12.131499627352468,IC1904,-0.003083881578947345,-0.0030838815789473685,-0.0012489720394736766,-0.0018349095394736919,1.456524997039098e-20,-0.0012444414096840495,False,1.0000000000000002,13943945.671678925,13943945.671678927,14187060.924211068,14187060.92421107,2.062705561911571e-09,2.062705561911571e-13
2019-04-11,IC,front,1.3881347133601787,13881347.133601787,12.131499627352467,IC1904,-0.016773217845603927,-0.016773217845603965,-0.021239774523956853,0.004466556678352886,1.4657615030266883e-20,-0.021123751444256822,False,0.9999999999999999,13834762.175032753,13834762.175032752,13923079.492319878,13923079.492319878,2.0693846636277158e-09,2.069384663627716e-13
2019-04-12,IC,front,1.3826981271770205,13826981.271770203,12.16808128822036,IC1905,-0.003916468719378341,-0.0037164792172298686,-0.002240286588431396,-0.001476192628798473,0.00019998950214840323,-0.002234960722311441,True,1.0002357651577727,13717468.54017622,13720728.460597279,13802645.109193763,13805905.029614821,27761237.023981854,2776.1237023981857
2019-04-15,IC,front,1.356377563363841,13563775.63363841,12.165213154821576,IC1905,-0.01903565449019351,-0.019035630552749185,-0.010271137141078699,-0.008764493411670486,2.393744431371384e-08,-0.010218099283035631,False,0.9999963450782523,13543824.684064504,13543775.109525958,13659150.90477221,13659101.330233667,3309.8259421976336,0.3309825942197634
2019-04-16,IC,front,1.3960849813420106,13960849.813420106,12.165257617886212,IC1905,0.029274605427484612,0.0292746057916787,0.02171021611374144,0.007564389677937259,3.6419405735724335e-10,0.021398590518354244,False,0.9999999877418716,13462074.25108677,13462074.07995288,13920947.76843344,13920947.59729955,49.39846481098087,0.004939846481098087
2019-04-17,IC,front,1.3972528460745977,13972528.460745977,12.165257767009503,IC1905,0.0008365283977660454,0.0008365283989925573,0.005353781806297465,-0.004517253407304907,1.226624634656927e-12,0.005317629708101457,False,1.0000000000093368,13882992.163580786,13882992.163711244,13991506.262862513,13991506.26299297,0.17124722301886663,1.7124722301886665e-05
2019-04-18,IC,front,1.3900023524455243,13900023.524455242,12.16525776689592,IC1905,-0.005189106359269835,-0.005189106359268915,-0.005669708156305551,0.0004806017970366364,9.33511091412769e-16,-0.005606321230497868,False,1.0000000000000027,13842603.507795492,13842603.50779553,13926787.091542413,13926787.091542449,0.00013043510293186955,1.3043510293186955e-08
2019-04-19,IC,front,1.4052819162007455,14052819.162007455,12.165257766895888,IC1905,0.01099247330649411,0.010992473306493996,0.006128128828986554,0.004864344477507442,2.631927628054946e-19,0.006062159209166085,False,1.0,13668883.62688422,13668883.62688422,13982260.666959459,13982260.666959459,3.658385594462743e-08,3.6583855944627435e-12
2019-04-22,IC,front,1.3812433668533592,13812433.668533592,12.16525776689589,IC1905,-0.01710585546590948,-0.017105855465909516,-0.015087087503029938,-0.002018767962879577,1.4619580900401144e-20,-0.014997814181316294,False,1.0,13694673.97335004,13694673.97335004,13774964.674611554,13774964.674611554,2.0544632661767537e-09,2.0544632661767538e-13
2019-04-23,IC,front,1.35102486656039,13510248.665603898,12.165257766895888,IC1905,-0.02187775233397915,-0.021877752333979185,-0.01673066760612992,-0.0051470847278492615,1.457616297092408e-20,-0.016596074813385764,False,1.0,13489811.032555511,13489811.032555511,13572534.785370404,13572534.785370404,2.013322841776244e-09,2.013322841776244e-13
2019-04-24,IC,front,1.3690781090864632,13690781.090864632,12.16525776689589,IC1905,0.01336262786342024,0.013362627863420223,0.009305215386831718,0.0040574124765885055,1.466026218284078e-20,0.0091807834315909,False,1.0,13410493.551915351,13410493.551915351,13701486.5176995,13701486.5176995,1.9806378759312793e-09,1.9806378759312793e-13
2019-04-25,IC,front,1.3165728565645407,13165728.565645406,12.165257766895888,IC1905,-0.03835080860138618,-0.038350808601386205,-0.039330015994313045,0.000979207392926839,1.457749140065264e-20,-0.03896488037283452,False,1.0,13132152.454208773,13132152.454208773,13259644.355605843,13259644.355605843,1.9957724362029694e-09,1.9957724362029695e-13
2019-04-26,IC,front,1.3078138709723757,13078138.709723756,12.165257766895888,IC1905,-0.006652868125369582,-0.006652868125369604,-0.009312167356593792,0.002659299231224188,0.0,-0.0092316091469693,False,1.0,13069866.334442267,13069866.334442267,13127286.351102015,13127286.351102015,0.0,0.0
2019-04-29,IC,front,1.2794931508910419,12794931.50891042,12.165257766895888,IC1905,-0.021655008185741953,-0.02165500818574186,-0.026497618693257813,0.0048426105075159535,0.0,-0.026336762185120932,False,1.0,12715614.02827026,12715614.028270258,12824128.127550969,12824128.12755097,0.0,0.0
2019-04-30,IC,front,1.2815369141958803,12815369.141958803,12.165257766895888,IC1905,0.001597322583098748,0.0015973225830987368,0.00797900661747928,-0.006381684034380543,0.0,0.007968702522029858,False,1.0000000000000002,12706855.042678094,12706855.042678094,12773520.655240681,12773520.655240683,0.0,0.0
2019-05-06,IC,front,1.1702977971753843,11702977.971753843,12.165257766895886,IC1905,-0.08680133657351152,-0.0868013365735115,-0.07570625759416773,-0.011095078979343776,1.4193812003356992e-20,-0.07513056847214161,False,1.0,11555048.43730839,11555048.437308388,11679134.066530727,11679134.066530727,1.8189894035458565e-09,1.8189894035458566e-13
2019-05-07,IC,front,1.1936550920878244,11936550.920878245,12.165257766895888,IC1905,0.01995841995841996,0.01995841995841996,0.013430353430353316,0.006528066528066642,1.4837457114262238e-20,0.013160039113428779,False,1.0000000000000002,11774023.077112515,11774023.077112516,11924872.273422023,11924872.273422025,1.736424337650533e-09,1.736424337650533e-13
2019-05-08,IC,front,1.1856746829927407,11856746.829927407,12.165257766895888,IC1905,-0.006685690990623772,-0.006685690990623764,-0.005230330207908655,-0.0014553607827151095,0.0,-0.005159448264768551,False,1.0000000000000002,11715143.22952074,11715143.22952074,11928765.155907432,11928765.155907433,0.0,0.0
2019-05-09,IC,front,1.178278206270468,11782782.06270468,12.165257766895888,IC1905,-0.006238200771566893,-0.006238200771566863,-0.012174751703192961,0.005936550931626099,0.0,-0.011991333416873196,False,1.0000000000000002,11704437.802685872,11704437.802685874,11791054.437986169,11791054.43798617,0.0,0.0
2019-05-10,IC,front,1.2192564320514006,12192564.320514007,12.299354971508016,IC1906,0.03477805628828401,0.034981312248318804,0.036605906484852416,-0.001624594236533608,0.00020325596003485278,0.03598511581475372,True,1.0009307030183974,11599735.41088732,11611083.067302428,12175837.197752755,12187184.854167862,23949206.800364826,2394.9206800364827
2019-05-13,IC,front,1.1965871964830652,11965871.964830652,12.287918568606392,IC1906,-0.01859267252762775,-0.018592580294005553,-0.011785666584809961,-0.006806913709195593,9.22336221126578e-08,-0.011535605964867912,False,1.0000086192864637,11919669.391012693,11919772.528290944,11955058.596490279,11955161.733768532,11245.643701225632,1.1245643701225632
2019-05-14,IC,front,1.1950143359457779,11950143.359457778,12.287812656429095,IC1906,-0.0013144554295000388,-0.0013144545692000621,-0.008274912181327433,0.00696045761212737,8.603000278457641e-10,-0.0080485027667353,False,1.000000017169053,11872484.383469146,11872484.58864179,11972261.42223935,11972261.627411995,102.94239984542656,0.010294239984542658
2019-05-15,IC,front,1.218803541038958,12188035.41038958,12.28781244545899,IC1906,0.019907045779791854,0.01990704578152556,0.022817011605948255,-0.0029099658244226964,1.7337121075514733e-12,0.022343679829869956,False,0.9999999998369123,12005192.76120115,12005192.759213433,12208187.422800135,12208187.420812417,0.20718108229267784,2.0718108229267786e-05
2019-05-16,IC,front,1.22706095100401,12270609.5100401,12.287812447462981,IC1906,0.0067750131067170205,0.006775013106733355,0.006412065975901945,0.0003629471308314091,1.6277863134649937e-14,0.006264084340577014,False,0.9999999999997093,12143799.285582282,12143799.285578715,12254389.59760945,12254389.597605882,0.0019839517229058856,1.9839517229058856e-07
2019-05-17,IC,front,1.185724749930732,11857247.49930732,12.287812447466553,IC1906,-0.03368716202683808,-0.03368716202683813,-0.033202483476867786,-0.00048467854997033696,2.913090701334529e-17,-0.03245268540196844,False,1.0000000000000007,11780571.549635129,11780571.549635135,11846925.736851448,11846925.736851454,3.5745398463404854e-06,3.5745398463404853e-10
2019-05-20,IC,front,1.1857739011805217,11857739.011805218,12.287812447466548,IC1906,4.1452495440186254e-05,4.14524954401901e-05,-0.003942132316365348,0.003983584811805538,4.355032086863492e-20,-0.0038481926443273418,False,1.0,11624270.575303353,11624270.575303353,11827265.236935502,11827265.236935502,5.163869332136528e-09,5.163869332136528e-13
2019-05-21,IC,front,1.2050903423479393,12050903.423479393,12.287812447466546,IC1906,0.016290155440414678,0.016290155440414584,0.0178880829015543,-0.0015979274611397157,1.4529354792530793e-20,0.01752999861888549,False,1.0,11860196.57429471,11860196.57429471,12090224.423311286,12090224.423311286,1.7228529713975147e-09,1.722852971397515e-13
2019-05-22,IC,front,1.2016989061124383,12016989.061124384,12.287812447466546,IC1906,-0.002814258911819967,-0.0028142589118199243,-0.006827636838241203,0.0040133779264212785,0.0,-0.006682808136737939,False,1.0,11865111.699273698,11865111.699273698,11942279.161443787,11942279.161443787,0.0,0.0
2019-05-23,IC,front,1.1767300712191864,11767300.712191863,12.287812447466546,IC1906,-0.02077794592825888,-0.0207779459282589,-0.021160374657450257,0.0003824287291913571,0.0,-0.0207921806771576,False,1.0,11710285.262435619,11710285.262435619,11756487.437238093,11756487.437238093,0.0,0.0
2019-05-24,IC,front,1.1728962737355768,11728962.737355769,12.287812447466546,IC1906,-0.0032580092727955146,-0.0032580092727955085,-0.0065076646756609706,0.0032496554028654616,0.0,-0.006394523201694202,False,1.0,11680794.512561698,11680794.5125617,11735843.912326349,11735843.912326349,0.0,0.0
2019-05-27,IC,front,1.2049428885985696,12049428.885985695,12.287812447466546,IC1906,0.027322633365461035,0.027322633365461098,0.025392867619326912,0.0019297657461341878,0.0,0.025030154324047427,False,1.0000000000000002,11672438.800097423,11672438.800097423,12073512.99838273,12073512.99838273,0.0,0.0
2019-05-28,IC,front,1.201453149863489,12014531.49863489,12.287812447466546,IC1906,-0.002896186008566226,-0.0028961860085661476,-0.0015215174383030874,-0.0013746685702630602,0.0,-0.0015031382544655747,False,1.0000000000000002,11970786.886321908,11970786.88632191,12015023.011132788,12015023.01113279,0.0,0.0
2019-05-29,IC,front,1.1958499073874442,11958499.073874442,12.287812447466546,IC1906,-0.004663721158566503,-0.0046637211585665575,0.00028023236786121165,-0.004943953526427769,0.0,0.000276461056323285,False,1.0000000000000002,11931465.886490015,11931465.886490017,12002735.198685322,12002735.198685324,0.0,0.0
2019-05-30,IC,front,1.1964888736347126,11964888.736347126,12.287812447466544,IC1906,0.0005343197698315372,0.0005343197698315585,-0.006259761611179622,0.00679408138101118,1.4456249613139994e-20,-0.006145019225880954,False,0.9999999999999999,11705370.137456631,11705370.137456631,11880840.099206453,11880840.099206451,1.7287504761043238e-09,1.728750476104324e-13
2019-05-31,IC,front,1.1817926499475424,11817926.499475425,12.287812447466544,IC1906,-0.012282791767654011,-0.012282791767653982,-0.0029577291213078987,-0.009325062646346083,0.0,-0.002923026956804131,False,1.0,11778113.987145634,11778113.987145633,11826773.7244376,11826773.724437598,0.0,0.0
2019-06-03,IC,front,1.1766809199693964,11766809.199693963,12.287812447466546,IC1906,-0.004325403427050567,-0.004325403427050447,-0.012098652470470867,0.007773249043420419,1.462219225551342e-20,-0.011844462540716694,False,1.0000000000000002,11646388.63770879,11646388.637708792,11754029.874748599,11754029.8747486,1.7280399333685637e-09,1.7280399333685637e-13
2019-06-04,IC,front,1.166555762512684,11665557.625126839,12.287812447466544,IC1906,-0.008604845446950726,-0.008604845446950674,-0.012199248120300722,0.003594402673350048,1.4421226117836646e-20,-0.012033820784454252,False,1.0,11582983.525479862,11582983.525479862,11640982.000231905,11640982.000231907,1.696918161542271e-09,1.696918161542271e-13
2019-06-05,IC,front,1.1604118562889505,11604118.562889505,12.287812447466544,IC1906,-0.005266705991404774,-0.005266705991404736,-0.002441644897615265,-0.002825061093789471,0.0,-0.0024168944886882038,False,1.0000000000000002,11600186.462906316,11600186.462906316,11656218.887666764,11656218.887666764,0.0,0.0
2019-06-06,IC,front,1.1333786689045242,11333786.689045241,12.287812447466544,IC1906,-0.023296200601465533,-0.023296200601465547,-0.022245753737981273,-0.0010504468634842741,0.0,-0.021957347893524437,False,1.0000000000000002,11326414.00157676,11326414.001576763,11381463.40134141,11381463.401341412,0.0,0.0
2019-06-10,IC,front,1.1447326076059832,11447326.076059831,12.287812447466543,IC1906,0.010017780476169857,0.010017780476169785,0.010078494297237624,-6.0713821067837824e-05,1.4562826760207684e-20,0.009934213619789967,False,1.0,11307736.52665661,11307736.52665661,11462562.96349469,11462562.963494688,1.6505197208971367e-09,1.650519720897137e-13
2019-06-11,IC,front,1.1984549236263071,11984549.23626307,12.287812447466543,IC1906,0.04693001288106502,0.04693001288106491,0.03782954057535424,0.009100472305710674,0.0,0.03729106969775198,False,0.9999999999999999,11478291.363427447,11478291.363427447,11971769.911317702,11971769.911317702,0.0,0.0
2019-06-12,IC,front,1.1836603974395572,11836603.974395571,12.287812447466543,IC1906,-0.012344666365910806,-0.012344666365910825,-0.007788213099290585,-0.004556453266620239,0.0,-0.0077486957994234995,False,0.9999999999999999,11799249.024555273,11799249.024555271,11852823.886826228,11852823.886826226,0.0,0.0
2019-06-13,IC,front,1.1891161861662325,11891161.861662325,12.287812447466544,IC1906,0.004609251723278973,0.004609251723278949,0.0029399551532264465,0.0016692965700525022,1.4450246685802924e-20,0.002911489485945218,False,1.0000000000000002,11749606.262267508,11749606.26226751,11898043.036632905,11898043.036632905,1.710418473521713e-09,1.710418473521713e-13
2019-06-14,IC,front,1.16973967608722,11697396.7608722,12.47446798462331,IC1907,-0.01629488380061772,-0.016094735060032842,-0.017237758498392108,0.0011430234383592668,0.0002001487405848867,-0.016835976341065817,True,0.9986061052382634,11644505.016617399,11628200.076546464,11704382.46294359,11688077.522872657,23800010.70702751,2380.001070702751
2019-06-17,IC,front,1.173987866860131,11739878.66860131,12.4918803512091,IC1907,0.0036317403433909767,0.003631879637598795,0.0015568512605917426,0.0020750283770070523,1.3929420784307435e-07,0.001520165654265604,False,0.9999991895542307,11660430.309567621,11660420.79503262,11719391.984825328,11719382.47029033,16293.796156318369,1.629379615631837
2019-06-18,IC,front,1.1754868933385103,11754868.933385104,12.491890475208885,IC1907,0.0012768670960703332,0.0012768671771389494,-0.001206639965835244,0.0024835071429741935,8.106872300421684e-11,-0.001180556423101442,False,1.0000000003221183,11648937.702155333,11648937.70594179,11732883.206148736,11732883.209935194,9.517369718879536,0.0009517369718879536
2019-06-19,IC,front,1.1954739181050988,11954739.181050988,12.49189047118502,IC1907,0.017003188108565936,0.017003188108599177,0.013128586617233534,0.003874601491365642,3.329490734549139e-14,0.01287639535974483,False,0.9999999999893829,11943746.317436345,11943746.317309422,11988717.123132613,11988717.123005688,0.0039137727199545225,3.913772719954523e-07
2019-06-20,IC,front,1.2246549742461026,12246549.742461026,12.491890471317646,IC1907,0.024409613375135475,0.024409613375136426,0.02002298850575969,0.004386624869376737,1.0611227353529662e-15,0.01971837363035389,False,0.9999999999999954,11914765.131542828,11914765.131542772,12244051.364366762,12244051.364366705,0.00012685445540228102,1.2685445540228103e-08
2019-06-21,IC,front,1.2429431018961115,12429431.018961115,12.491890471317705,IC1907,0.01493328981190567,0.014933289811905703,0.013582765514709034,0.0013505242971966684,4.784912796931195e-19,0.013437664615428169,False,1.0,12375965.727743877,12375965.727743877,12432429.07267423,12432429.072674232,5.859867258095619e-08,5.85986725809562e-12
2019-06-24,IC,front,1.242843166772341,12428431.66772341,12.491890471317703,IC1907,-8.040201005021785e-05,-8.04020100501776e-05,0.0005809045226129486,-0.0006613065326631262,1.4251521550324247e-20,0.0005755470186066258,False,0.9999999999999999,12340988.434424186,12340988.434424184,12413941.074776681,12413941.07477668,1.7713830402499298e-09,1.7713830402499297e-13
2019-06-25,IC,front,1.2294018926252033,12294018.926252032,12.491890471317703,IC1907,-0.010814939894664866,-0.010814939894664932,-0.009892252643428624,-0.0009226872512363083,0.0,-0.009794594164245107,False,0.9999999999999999,12096147.38118636,12096147.381186359,12264538.06473972,12264538.064739719,0.0,0.0
2019-06-26,IC,front,1.2282526387018418,12282526.387018418,12.491890471317705,IC1907,-0.0009348073483987918,-0.0009348073483987073,-0.0025199154609005917,0.0015851081125018845,1.41310746254323e-20,-0.002492467321542291,False,1.0,12209573.746665925,12209573.746665923,12301014.38491597,12301014.38491597,1.737276988933445e-09,1.7372769889334452e-13
2019-06-27,IC,front,1.2384959888883225,12384959.888883224,12.491890471317703,IC1907,0.0083397746226761,0.008339774622676053,0.009131036166144465,-0.0007912615434684127,1.428950002872395e-20,0.009045679776084503,False,0.9999999999999999,12299515.35805941,12299515.358059408,12364972.864129115,12364972.864129113,1.7551116116010235e-09,1.7551116116010235e-13
2019-06-28,IC,front,1.229202022377662,12292020.22377662,12.491890471317703,IC1907,-0.007504236262406261,-0.007504236262406159,-0.011498426531106267,0.003994190268700108,0.0,-0.01138297107527142,False,0.9999999999999999,12155109.104210978,12155109.104210977,12258042.281694636,12258042.281694634,0.0,0.0
2019-07-01,IC,front,1.2616809376030882,12616809.376030881,12.491890471317703,IC1907,0.026422764227642448,0.02642276422764227,0.030443089430894434,-0.004020325203252166,0.0,0.030255651977182163,False,0.9999999999999999,12419937.182202913,12419937.182202911,12627802.23964564,12627802.239645638,0.0,0.0
2019-07-02,IC,front,1.2575336299666104,12575336.299666105,12.491890471317705,IC1907,-0.003287128712871401,-0.003287128712871359,-0.0031386138613862104,-0.00014851485148514846,1.4186853049026264e-20,-0.0031076847062699864,False,1.0,12522870.35968657,12522870.35968657,12571338.894715285,12571338.894715285,1.7899282056532684e-09,1.7899282056532686e-13
2019-07-03,IC,front,1.2503383010551317,12503383.010551317,12.491890471317705,IC1907,-0.005721778519489629,-0.005721778519489664,-0.008680017483212064,0.0029582389637224002,0.0,-0.008592934086747439,False,1.0,12441922.909432432,12441922.909432434,12473402.473420154,12473402.473420154,0.0,0.0
2019-07-04,IC,front,1.2451916421809488,12451916.421809487,12.491890471317703,IC1907,-0.004116213083962816,-0.004116213083962826,-0.00313711385525313,-0.000979099228709696,1.4224058129761406e-20,-0.0031146344173054175,False,0.9999999999999999,12366971.566604527,12366971.566604525,12420436.857821766,12420436.857821764,1.7784884676075308e-09,1.7784884676075308e-13
2019-07-05,IC,front,1.2534362898920184,12534362.898920184,12.491890471317705,IC1907,0.006621187800962991,0.006621187800963081,0.0035393258426965127,0.0030818619582665685,1.421779765015959e-20,0.003510433789318146,False,1.0,12402948.21116192,12402948.21116192,12531864.52082592,12531864.52082592,1.7703882804198656e-09,1.7703882804198656e-13
2019-07-08,IC,front,1.2046179819301088,12046179.81930109,12.491890471317705,IC1907,-0.0389475782340043,-0.03894757823400431,-0.03425951764002394,-0.004688060593980376,0.0,-0.03408518519987469,False,1.0,12007205.121030577,12007205.121030577,12080157.761383072,12080157.761383072,0.0,0.0
2019-07-09,IC,front,1.2065667168436343,12065667.168436343,12.491890471317703,IC1907,0.0016177202588349981,0.0016177202588350907,0.002248216359714647,-0.0006304961008795561,1.4257830504301434e-20,0.0022255162417519347,False,0.9999999999999999,12001708.689223198,12001708.689223196,12081656.788239632,12081656.788239628,1.717523900879314e-09,1.717523900879314e-13
2019-07-10,IC,front,1.2016698957788778,12016698.957788778,12.491890471317705,IC1907,-0.004058475172899256,-0.004058475172899213,-0.007818776659626502,0.003760301486727289,1.4280736491105654e-20,-0.007735137106124612,False,1.0,11975725.557042856,11975725.557042856,12003707.391698608,12003707.391698608,1.723066134218243e-09,1.723066134218243e-13
2019-07-11,IC,front,1.1993713879321555,11993713.879321555,12.491890471317705,IC1907,-0.0019127614453823272,-0.0019127614453823066,0.00014345710840378177,-0.0020562185537860884,0.0,0.00014244837794663567,False,1.0,11920261.563350204,11920261.563350206,11970229.125235476,11970229.125235476,0.0,0.0
2019-07-12,IC,front,1.2109160961400405,12109160.961400405,12.645727594071902,IC1908,0.009625632497194392,0.009825636612034519,0.0035796368592833703,0.006245999752751149,0.00020000411483998127,0.003513226202640052,True,1.0000737963422452,11973598.761591958,11974492.373378567,12089939.455457417,12090833.067244029,23987921.280777052,2398.7921280777055
2019-07-15,IC,front,1.2261402069925833,12261402.069925833,12.644794454492716,IC1908,0.012572391184716869,0.012572398546781301,0.013313815599821399,-0.0007414170530400978,7.362064400764716e-09,0.013113047842569392,False,1.0000001807873724,11863849.732276581,11863851.948983246,12250780.44258406,12250782.659290724,891.4842283705576,0.08914842283705576
2019-07-16,IC,front,1.2305911726982537,12305911.726982536,12.644792168473966,IC1908,0.0036300625982956802,0.0036300626162834083,0.0013880865107399473,0.0022419761055434612,1.7987754399607467e-11,0.001366408680045339,False,1.0000000009244605,12199695.472767355,12199695.484143682,12303888.56023558,12303888.571611907,2.205550890286645,0.0002205550890286645
2019-07-17,IC,front,1.2273035267366748,12273035.267366746,12.644792156784357,IC1908,-0.002671598849819712,-0.0026715988497273695,-0.000610357583496609,-0.00206124126623076,9.238904226279977e-14,-0.0006021836761590516,False,1.000000000000664,12250274.641484536,12250274.641492683,12287197.434582345,12287197.434590496,0.011369313986264729,1.1369313986264728e-06
2019-07-18,IC,front,1.2103595052465905,12103595.052465905,12.64479215677596,IC1908,-0.013805893261903401,-0.01380589326190344,-0.01750875746960913,0.0037028642077056883,6.604700555260719e-17,-0.017238511040599924,False,1.0000000000000036,12097019.76054438,12097019.760544423,12142541.012308773,12142541.012308817,8.105972284511154e-06,8.105972284511154e-10
2019-07-19,IC,front,1.2198178097798589,12198178.097798588,12.644792156775914,IC1908,0.007814458838278249,0.00781445883827825,0.007225240284162137,0.0005892185541161128,3.6670139571640863e-19,0.007138566217530062,False,1.0,12144564.179053858,12144564.179053858,12188568.05575944,12188568.05575944,4.438405198925466e-08,4.438405198925466e-12
2019-07-22,IC,front,1.197006604729035,11970066.047290351,12.644792156775914,IC1908,-0.01870050172077775,-0.018700501720777838,-0.021171787535763136,0.0024712858149852986,0.0,-0.020931848508513484,False,1.0,11896726.25278105,11896726.25278105,11983216.631133398,11983216.631133396,0.0,0.0
2019-07-23,IC,front,1.2079317051524894,12079317.051524894,12.644792156775914,IC1908,0.009127017662469372,0.009127017662469327,0.010003802924026105,-0.0008767852615567782,0.0,0.009912971023140038,False,1.0,11967031.297172725,11967031.297172725,12081846.00995625,12081846.009956248,0.0,0.0
2019-07-24,IC,front,1.2190591222504523,12190591.222504523,12.644792156775914,IC1908,0.00921195879742065,0.009211958797420653,0.010281802194121028,-0.0010698433967003748,0.0,0.010180517089835694,False,1.0,12139000.470504878,12139000.470504876,12192614.389249608,12192614.389249606,0.0,0.0
2019-07-25,IC,front,1.2256344141719757,12256344.141719757,12.644792156775916,IC1908,0.005393743257820827,0.005393743257820928,0.0038606754626173316,0.0015330677952035965,1.4067364424386643e-20,0.003818979156705593,False,1.0000000000000002,12173394.305171309,12173394.30517131,12233077.72415129,12233077.724151291,1.7148948927570018e-09,1.714894892757002e-13
2019-07-26,IC,front,1.2288714809641104,12288714.809641104,12.644792156775914,IC1908,0.002641135688346008,0.0026411356883460258,0.001335011554968501,0.0013061241333775248,1.4016244586341625e-20,0.0013226647913582301,False,1.0,12169347.97168114,12169347.971681139,12274046.850739244,12274046.850739243,1.717879172247194e-09,1.7178791722471942e-13
2019-07-29,IC,front,1.2250274641484507,12250274.641484506,12.644792156775914,IC1908,-0.00312808692788924,-0.003128086927889327,-0.00022431675996033008,-0.0029037701679289966,0.0,-0.00022253481444867163,False,0.9999999999999999,12171876.930112494,12171876.930112494,12233583.515837561,12233583.51583756,0.0,0.0
2019-07-30,IC,front,1.233524764477804,12335247.644778041,12.644792156775916,IC1908,0.006936416184971206,0.006936416184971173,0.00534682080924848,0.0015895953757226926,1.4086991458106876e-20,0.005288930819151272,False,1.0000000000000002,12255838.350033488,12255838.350033488,12346375.061876003,12346375.061876005,1.7256951423405551e-09,1.7256951423405553e-13
2019-07-31,IC,front,1.2326143394425162,12326143.394425161,12.644792156775914,IC1908,-0.0007380679022470638,-0.0007380679022470814,-0.004042971953419766,0.003304904051172685,1.4026240991669825e-20,-0.004005752683366781,False,1.0,12273035.267366702,12273035.267366702,12340811.353327021,12340811.353327021,1.730171561575844e-09,1.730171561575844e-13
2019-08-01,IC,front,1.2242687766190439,12242687.76619044,12.644792156775914,IC1908,-0.006770619614279938,-0.006770619614279852,-0.006715223635617472,-5.539597866238019e-05,0.0,-0.006675232501223594,False,1.0,12176429.055288935,12176429.055288935,12225996.640543494,12225996.640543494,0.0,0.0
2019-08-02,IC,front,1.208639813513269,12086398.135132689,12.644792156775914,IC1908,-0.012765957446808529,-0.012765957446808552,-0.01250774633340223,-0.0002582111134063217,0.0,-0.012432065077908283,False,1.0,11939212.754427817,11939212.754427817,12074259.134662183,12074259.134662183,0.0,0.0
2019-08-05,IC,front,1.1949328588153239,11949328.58815324,12.644792156775914,IC1908,-0.01134081017743549,-0.011340810177435516,-0.01212336792768675,0.0007825577502512326,0.0,-0.012045938393985822,False,0.9999999999999999,11930614.29576121,11930614.29576121,11973100.797407977,11973100.797407975,0.0,0.0
2019-08-06,IC,front,1.1700984870194162,11700984.870194161,12.644792156775914,IC1908,-0.02078306878306868,-0.020783068783068744,-0.021464550264550086,0.0006814814814813429,0.0,-0.021342682418696857,False,0.9999999999999999,11471861.23631338,11471861.236313378,11672660.535762984,11672660.535762982,0.0,0.0
2019-08-07,IC,front,1.161196553341046,11611965.53341046,12.644792156775916,IC1908,-0.00760784991786978,-0.007607849917869763,-0.005230396818535646,-0.0023774530993341163,1.411857103456643e-20,-0.005203674396201952,False,1.0,11610448.158351645,11610448.158351647,11651417.2849396,11651417.2849396,1.652011860642233e-09,1.652011860642233e-13
2019-08-08,IC,front,1.167518949419434,11675189.49419434,12.644792156775916,IC1908,0.005444725150274499,0.005444725150274414,0.006477045038766593,-0.0010323198884921796,0.0,0.006428379979076526,False,1.0,11643324.617959263,11643324.617959263,11682776.369488405,11682776.369488405,0.0,0.0
2019-08-09,IC,front,1.153483119058226,11534831.19058226,12.802304371018838,IC1909,-0.012021929381264007,-0.011820738544025816,-0.01228348117813602,0.00046274263411020383,0.00020119083723818922,-0.01197354008719742,True,1.0015577405103084,11503081.475742133,11521049.749567274,11526125.62360997,11544093.897435108,23489411.4925147,2348.94114925147
2019-08-12,IC,front,1.1784904760474717,11784904.760474717,12.782392720060129,IC1909,0.021679863862821946,0.021680020085690203,0.018772629353671254,0.002907390732018948,1.5622286811050054e-07,0.0184094688447618,False,0.9999957599752314,11534369.86316154,11534319.894873459,11714345.952659985,11714295.984371904,18020.044117632202,1.8020044117632203
2019-08-13,IC,front,1.1720992791904685,11720992.791904686,12.782446917951665,IC1909,-0.005423206200561359,-0.005423205778858255,-0.005781129045406666,0.00035792326654841063,4.217030144357092e-10,-0.005688318562915073,False,0.9999999773039937,11645320.706150413,11645320.440130685,11698495.68532909,11698495.419309365,49.697298623299275,0.004969729862329928
2019-08-14,IC,front,1.1803823046525157,11803823.046525158,12.782447208062168,IC1909,0.0070668292431406154,0.007066829245437986,0.0055509506956078584,0.0015158785498301276,2.2974211606187893e-12,0.005463260912031753,False,1.0000000002785343,11793597.088758709,11793597.092046477,11812515.110626642,11812515.113914412,0.2692805686358213,2.6928056863582128e-05
2019-08-15,IC,front,1.1894322772677737,11894322.772677736,12.782447204501818,IC1909,0.007666984314816494,0.007666984314844,0.004918565358332928,0.002748418956511071,2.738772008289534e-14,0.004848585775773628,False,1.000000000004649,11587544.039769692,11587544.039824989,11885630.708578674,11885630.70863397,0.003232798015062599,3.2327980150625993e-07
2019-08-16,IC,front,1.19255119438566,11925511.943856599,12.782447204442393,IC1909,0.0026221897433711394,0.0026221897433716577,0.0034625800627561304,-0.0008403903193844725,4.651309561440302e-16,0.0034228893775694047,False,0.9999999999999981,11885119.41069056,11885119.410690539,11971528.753792591,11971528.753792569,5.5324177239413075e-05,5.532417723941308e-09
2019-08-19,IC,front,1.2408688448184522,12408688.448184522,12.782447204442418,IC1909,0.04051620648259302,0.040516206482593006,0.03266592351226205,0.007850282970330956,1.9706660054432217e-19,0.03226571466080563,False,1.0,12059471.990559153,12059471.990559153,12376987.979117503,12376987.979117503,2.3501200985265314e-08,2.3501200985265314e-12
2019-08-20,IC,front,1.2352445680484976,12352445.680484975,12.782447204442418,IC1909,-0.004532531212658175,-0.004532531212658123,-0.0005006386748527526,-0.00403189253780537,0.0,-0.000498457448554368,False,1.0,12339151.935392356,12339151.935392356,12362671.63824853,12362671.63824853,0.0,0.0
2019-08-21,IC,front,1.2380567064334749,12380567.064334748,12.782447204442418,IC1909,0.00227658429570754,0.0022765842957076037,0.002092387929964109,0.0001841963657434944,0.0,0.002074863368913382,False,1.0,12319211.317753425,12319211.317753425,12364716.829801241,12364716.82980124,0.0,0.0
2019-08-22,IC,front,1.2366250723465773,12366250.723465772,12.782447204442418,IC1909,-0.0011563558272074115,-0.0011563558272074754,0.0010716940612867762,-0.002228049888494252,0.0,0.0010629321361863564,False,0.9999999999999999,12278818.784587385,12278818.784587385,12373408.89390026,12373408.89390026,0.0,0.0
2019-08-23,IC,front,1.237801057489386,12378010.57489386,12.782447204442418,IC1909,0.000950963367237323,0.0009509633672373199,-2.0673116679521724e-06,0.0009530306789052721,0.0,-2.045864183286561e-06,False,1.0,12302338.48744356,12302338.487443559,12395394.703091903,12395394.7030919,0.0,0.0
2019-08-26,IC,front,1.230949665787805,12309496.657878049,12.782447204442418,IC1909,-0.0055351315626419595,-0.005535131562642029,-0.006699987607914329,0.0011648560452723006,0.0,-0.00663679698848163,False,0.9999999999999999,12168889.738629183,12168889.738629181,12281375.274028275,12281375.274028273,0.0,0.0
2019-08-27,IC,front,1.2461352130666825,12461352.130666824,12.782447204442418,IC1909,0.012336448598130767,0.012336448598130765,0.016751817237798512,-0.004415368639667749,0.0,0.01661222623603109,False,0.9999999999999999,12360626.44669582,12360626.446695818,12492541.301845666,12492541.301845664,0.0,0.0
2019-08-28,IC,front,1.2490496110292955,12490496.110292954,12.78244720444242,IC1909,0.0023387493845397067,0.0023387493845397475,-0.0016268668964385957,0.003965616280978343,1.3927065168338003e-20,-0.0016065249629264589,False,1.0,12452660.066567805,12452660.066567805,12515549.706813661,12515549.706813663,1.7355006320940447e-09,1.7355006320940448e-13
2019-08-29,IC,front,1.2504301153273751,12504301.153273752,12.78244720444242,IC1909,0.0011052437676530857,0.0011052437676531243,0.001226001883008042,-0.00012075811535491755,0.0,0.0012154563845956368,False,1.0,12440388.91725154,12440388.91725154,12507368.940602819,12507368.940602817,0.0,0.0
2019-08-30,IC,front,1.2421982193277143,12421982.193277143,12.78244720444242,IC1909,-0.006583251553810898,-0.006583251553810889,-0.009750163559044919,0.003166912005234031,0.0,-0.009665233128909101,False,1.0,12306940.168437162,12306940.16843716,12366250.723465774,12366250.723465774,0.0,0.0
2019-09-02,IC,front,1.2724670543078338,12724670.543078339,12.78244720444242,IC1909,0.02436715373533649,0.024367153735336412,0.025068944227207325,-0.0007017904918709129,0.0,0.024927913492097664,False,1.0,12401530.277750036,12401530.277750036,12747167.650158158,12747167.650158158,0.0,0.0
2019-09-03,IC,front,1.2792673162205974,12792673.162205974,12.78244720444242,IC1909,0.00534415558323631,0.0053441555832363,0.007208582794229942,-0.0018644272109936415,0.0,0.007164107581414836,False,1.0,12693992.669787677,12693992.669787677,12770687.353014331,12770687.353014331,0.0,0.0
2019-09-04,IC,front,1.303298316964949,13032983.169649491,12.78244720444242,IC1909,0.01878497202238205,0.018784972022382093,0.009810151878497231,0.008974820143884862,0.0,0.009732007977510726,False,1.0,12759950.0973626,12759950.0973626,12909249.08071049,12909249.08071049,0.0,0.0
2019-09-05,IC,front,1.3104053576106192,13104053.57610619,12.78244720444242,IC1909,0.005453118870145213,0.005453118870145191,0.00885445272655932,-0.003401333856414129,0.0,0.008862675648453555,False,1.0,13071330.511262817,13071330.511262817,13133708.853620496,13133708.853620496,0.0,0.0
2019-09-06,IC,front,1.3169499705792933,13169499.705792934,12.78244720444242,IC1909,0.0049943423465603765,0.00499434234656043,0.0031663350111203075,0.0018280073354401225,0.0,0.0031585646143457158,False,1.0000000000000002,13058036.766170198,13058036.766170198,13117858.619086986,13117858.619086988,0.0,0.0
2019-09-09,IC,front,1.3417990479447295,13417990.479447296,12.782447204442418,IC1909,0.018868657064099237,0.01886865706409922,0.021124354544395645,-0.0022556974802964234,1.397669613961781e-20,0.021111076622227776,False,0.9999999999999999,13168477.110016579,13168477.110016579,13380665.733610323,13380665.733610323,1.8406609569865395e-09,1.8406609569865396e-13
2019-09-10,IC,front,1.3386801308268454,13386801.308268454,12.782447204442418,IC1909,-0.0023244293716421227,-0.0023244293716421,-0.003458065007811537,0.001133635636169437,0.0,-0.003448302067461273,False,1.0,13275338.368645718,13275338.368645716,13382710.925163034,13382710.925163032,0.0,0.0
2019-09-11,IC,front,1.3339761902556106,13339761.902556106,12.782447204442418,IC1909,-0.003513864487052154,-0.0035138644870521037,-0.0053510045069132305,0.0018371400198611261,0.0,-0.0053419149678475275,False,1.0,13272270.581316652,13272270.581316652,13331069.838457087,13331069.838457087,0.0,0.0
2019-09-12,IC,front,1.339651596814383,13396515.96814383,12.782447204442416,IC1909,0.0042545036412418025,0.00425450364124182,0.004852433882713627,-0.0005979302414718073,1.3950109743706315e-20,0.004853094230912847,False,1.0,13266646.304546693,13266646.304546695,13415433.990006406,13415433.990006406,1.8609114249557024e-09,1.8609114249557025e-13
2019-09-16,IC,front,1.336949096892602,13369490.968926022,12.849142497740102,IC1910,-0.0020173154932277004,-0.0018167260167788475,0.0014622301219528002,-0.0032789561387316477,0.00020058947644877292,0.0014744564253301728,True,1.0009065411651497,13307815.08493687,13319935.078857299,13362809.414827198,13374929.408747628,26872001.24287597,2687.200124287597
2019-09-17,IC,front,1.3099876556293206,13099876.556293206,12.837504771207195,IC1910,-0.02016639326504399,-0.020166302802430605,-0.021105697034124085,0.0009393942316934781,9.046261334981768e-08,-0.020930073100027924,False,1.0000020467702384,13058283.040834496,13058309.85327196,13110660.06030102,13110686.872738484,12094.39092205834,1.209439092205834
2019-09-18,IC,front,1.3091660666160134,13091660.666160135,12.837478495838273,IC1910,-0.0006271730956979304,-0.0006271728902668132,0.00011563944492996364,-0.0007428123351967768,2.0543119421539011e-10,0.00011477594374031952,False,0.9999999926591235,13081390.683363462,13081390.5872592,13113227.630033143,13113227.533928877,26.911232850335054,0.0026911232850335056
2019-09-19,IC,front,1.3224143444898524,13224143.444898523,12.837478590076618,IC1910,0.010119631276483965,0.010119631277220304,0.009929397907541757,0.0001902333696785483,7.363911235079291e-13,0.009848201920234168,False,1.000000000023533,13061364.21637635,13061364.216687554,13187685.005702704,13187685.006013907,0.09640582706538225,9.640582706538226e-06
2019-09-20,IC,front,1.3215927458601906,13215927.458601905,12.837478589774513,IC1910,-0.0006212868403048244,-0.0006212868403024595,0.002487088882880758,-0.0031083757231832173,2.359884208988401e-15,0.002467414146122504,False,0.9999999999999363,13184604.010842854,13184604.010842014,13224656.944042953,13224656.94404211,0.000312074472930135,3.12074472930135e-08
2019-09-23,IC,front,1.3195387492858266,13195387.492858266,12.83747858977533,IC1910,-0.00155418269417551,-0.001554182694175609,-0.006411003613474622,0.004856820919299013,6.355994498659675e-18,-0.006340691096901163,False,1.0,13026446.274616824,13026446.274616824,13138902.587063255,13138902.587063255,8.400036222155904e-07,8.400036222155904e-11
2019-09-24,IC,front,1.3164064045099215,13164064.045099216,12.837478589775332,IC1910,-0.002373817955403257,-0.0023738179554033192,0.0018017667431996381,-0.004175584698602957,1.384373380739538e-20,0.0017905899278349846,False,1.0000000000000002,13146605.07421712,13146605.074217122,13202062.981724951,13202062.981724951,1.8267343193656416e-09,1.8267343193656415e-13
2019-09-25,IC,front,1.2959691385949994,12959691.385949994,12.837478589775332,IC1910,-0.015525042908409947,-0.015525042908409942,-0.018280933062880242,0.0027558901544703003,0.0,-0.018092010021734217,False,1.0000000000000002,12951988.898796128,12951988.89879613,13013608.79602705,13013608.796027051,0.0,0.0
2019-09-26,IC,front,1.2717319790175035,12717319.790175034,12.837478589775332,IC1910,-0.018701957365876987,-0.018701957365876962,-0.02313376654251534,0.0044318091766383785,0.0,-0.02295454500777483,False,1.0000000000000002,12707049.807303214,12707049.807303214,12748643.237934085,12748643.237934086,0.0,0.0
2019-09-27,IC,front,1.2782534181411094,12782534.181411093,12.837478589775332,IC1910,0.00512799806185904,0.005127998061859111,0.007144876039731957,-0.0020168779778728463,0.0,0.007120380504764379,False,1.0000000000000002,12734778.76105713,12734778.76105713,12793831.162570095,12793831.162570097,0.0,0.0
2019-09-30,IC,front,1.2565324043672095,12565324.043672094,12.83747858977533,IC1910,-0.01699272887960479,-0.016992728879604777,-0.013001647049371403,-0.003991081830233376,1.383115749996853e-20,-0.012931439199461492,False,1.0,12555054.060800273,12555054.060800273,12674185.862113388,12674185.862113386,1.767972435118281e-09,1.7679724351182811e-13
2019-10-08,IC,front,1.262334944689788,12623349.44689788,12.837478589775332,IC1910,0.004617899468737363,0.004617899468737302,0.00017572537801401292,0.004442174090723289,1.3942451171184625e-20,0.00017405735797138,False,1.0000000000000002,12613079.46402606,12613079.46402606,12636186.925487654,12636186.925487656,1.751914169290103e-09,1.7519141692901032e-13
2019-10-09,IC,front,1.2734265261913538,12734265.261913538,12.83747858977533,IC1910,0.008786559817760331,0.008786559817760203,0.008377740715128259,0.00040881910263194444,1.3807439445066215e-20,0.008335087094476279,False,1.0,12538622.088205362,12538622.088205362,12729130.270477628,12729130.270477626,1.7429613308195258e-09,1.7429613308195258e-13
2019-10-10,IC,front,1.2897044490431888,12897044.490431888,12.837478589775332,IC1910,0.012782773498931421,0.012782773498931336,0.012784789709262442,-2.0162103311052427e-06,1.3850105541453857e-20,0.012725393592149192,False,1.0000000000000002,12711671.299595533,12711671.299595535,12869315.536677973,12869315.536677975,1.7637091787037205e-09,1.7637091787037206e-13
2019-10-11,IC,front,1.295479211434728,12954792.114347281,12.947799865906243,IC1911,0.004477585849861576,0.004678230365533216,0.0018196210495678101,0.0028586093159654056,0.0002006445156716831,0.0018151697461141758,True,1.001938919204932,12790096.100052955,12815214.395279363,12938218.930518921,12963337.22574533,25877212.45378855,2587.721245378855
2019-10-14,IC,front,1.3087796753364225,13087796.753364226,12.922743709946614,IC1911,0.010266829281625034,0.010267024419120453,0.015099947149556195,-0.004832922730435741,1.951374954353106e-07,0.014955929360382259,False,0.9999878639864535,13018530.847078914,13018372.01340022,13107439.323803343,13107280.490124652,25279.6568707884,2.52796568707884
2019-10-15,IC,front,1.2949263682840775,12949263.682840774,12.922900542442658,IC1911,-0.010584903871451279,-0.010584902661205164,-0.013849245088689323,0.00326434242748416,1.2102460841167184e-09,-0.013667554710171115,False,0.9999999673115364,12932722.370146446,12932721.946854915,12963220.415426614,12963219.99213508,158.39454770474555,0.015839454770474555
2019-10-16,IC,front,1.2860871039607256,12860871.039607257,12.922900964872435,IC1911,-0.006826074856337017,-0.006826074853063564,-0.004518781707088123,-0.002307293145975441,3.2734134179761895e-12,-0.00447342422446162,False,1.0000000000492806,12859837.207530068,12859837.20816386,12883098.429266838,12883098.42990063,0.4238829349232276,4.238829349232276e-05
2019-10-17,IC,front,1.2853117299031709,12853117.299031708,12.922900964235588,IC1911,-0.0006028938904425463,-0.0006028938904375534,-0.0017102090032062828,0.0011073151127687295,4.951818718985848e-15,-0.0016890416722900037,False,0.9999999999997671,12804010.275367612,12804010.275364619,12838643.649951763,12838643.64994877,0.000636847019563902,6.36847019563902e-08
2019-10-18,IC,front,1.2646867799642454,12646867.799642455,12.922900964238597,IC1911,-0.01604665192037047,-0.016046651920370466,-0.013681882163684073,-0.0023647697566863937,2.3328472366465927e-17,-0.013527242363092329,False,1.0000000000000004,12571398.058011303,12571398.058011308,12638597.143025342,12638597.143025348,2.9984359173340636e-06,2.998435917334064e-10
2019-10-21,IC,front,1.2671162853455225,12671162.853455225,12.922900964238591,IC1911,0.0019210332706613986,0.0019210332706614368,-0.002201013651598226,0.004122046922259663,4.1210448700568225e-20,-0.002170578881496965,False,0.9999999999999999,12516604.95792293,12516604.95792293,12622572.745829687,12622572.745829687,5.211830966800335e-09,5.211830966800335e-13
2019-10-22,IC,front,1.2806077939521876,12806077.939521875,12.922900964238591,IC1911,0.01064741157753013,0.01064741157753025,0.011118590135846327,-0.0004711785583160769,0.0,0.011009808040330915,False,0.9999999999999999,12667544.441185236,12667544.441185236,12787985.878171941,12787985.87817194,0.0,0.0
2019-10-23,IC,front,1.2723888289389318,12723888.289389318,12.922900964238591,IC1911,-0.006418018890772537,-0.00641801889077262,-0.007741987567611322,0.0013239686768387027,0.0,-0.007663493522190534,False,0.9999999999999999,12644283.219449608,12644283.219449606,12693907.159152284,12693907.159152282,0.0,0.0
2019-10-24,IC,front,1.2726472869582166,12726472.869582165,12.922900964238591,IC1911,0.0002031281738776869,0.00020312817387771684,-0.0018159658744667073,0.0020190940483444243,0.0,-0.0017998103555530998,False,0.9999999999999999,12535213.935311433,12535213.935311433,12711999.220502216,12711999.220502216,0.0,0.0
2019-10-25,IC,front,1.2856218795263121,12856218.79526312,12.922900964238591,IC1911,0.01019496344435411,0.010194963444354145,0.0073761169780665525,0.002818846466287592,0.0,0.007325165128825528,False,0.9999999999999999,12590523.951438373,12590523.951438373,12830372.993334644,12830372.993334642,0.0,0.0
2019-10-28,IC,front,1.3042825485186726,13042825.485186726,12.922900964238591,IC1911,0.014514896867837912,0.014514896867838006,0.018073258011338612,-0.0035583611435006076,0.0,0.017999547508594338,False,0.9999999999999999,12922900.964238593,12922900.96423859,13025767.255913932,13025767.25591393,0.0,0.0
2019-10-29,IC,front,1.28701755283045,12870175.5283045,12.922900964238593,IC1911,-0.013237159162967527,-0.013237159162967518,-0.01521084337349402,0.0019736842105265023,1.3739268240782707e-20,-0.01509695209136841,False,1.0,12868624.78018879,12868624.780188791,12895504.414194407,12895504.414194405,1.7919887795869727e-09,1.7919887795869728e-13
2019-10-30,IC,front,1.2705796228039383,12705796.228039384,12.922900964238593,IC1911,-0.012772110209655518,-0.012772110209655465,-0.012011004899992047,-0.0007611053096634193,0.0,-0.01194358299502174,False,1.0,12685119.586496603,12685119.586496603,12713549.968617927,12713549.968617927,0.0,0.0
2019-10-31,IC,front,1.2645833967565316,12645833.967565317,12.922900964238591,IC1911,-0.004719283970707866,-0.004719283970707855,-0.006200162733929935,0.0014808787632220799,1.378103687724424e-20,-0.006160189171163455,False,0.9999999999999999,12613268.257135436,12613268.257135434,12655138.456259567,12655138.456259565,1.750990463733615e-09,1.7509904637336152e-13
2019-11-01,IC,front,1.2789019710249079,12789019.71024908,12.922900964238591,IC1911,0.011322759973839025,0.011322759973839034,0.009182880967952969,0.0021398790058860646,0.0,0.009136905125045391,False,0.9999999999999999,12579668.714628413,12579668.714628413,12777130.641361982,12777130.64136198,0.0,0.0
2019-11-04,IC,front,1.2813831680100418,12813831.680100419,12.922900964238591,IC1911,0.0019400994300959873,0.0019400994300958656,0.005151368174285554,-0.0032112687441896884,0.0,0.005136679194333249,False,0.9999999999999999,12791604.290441927,12791604.290441927,12823653.08483324,12823653.084833238,0.0,0.0
2019-11-05,IC,front,1.2918248719891465,12918248.719891466,12.922900964238591,IC1911,0.008148775666626307,0.008148775666626251,0.00755577070474808,0.0005930049618781718,0.0,0.007510264964393443,False,0.9999999999999999,12779198.305516258,12779198.305516256,12934790.033125693,12934790.033125691,0.0,0.0
2019-11-06,IC,front,1.2807628687637584,12807628.687637584,12.922900964238591,IC1911,-0.00856308270977546,-0.008563082709775554,-0.010117642351246571,0.0015545596414710168,0.0,-0.01006308081109597,False,0.9999999999999997,12721303.70919647,12721303.709196469,12771444.564937716,12771444.564937713,0.0,0.0
2019-11-07,IC,front,1.2898088994387253,12898088.994387254,12.922900964238593,IC1911,0.007063001977640537,0.007063001977640555,0.006526213827339902,0.0005367881503006525,1.372028564120119e-20,0.006500855322801424,False,1.0,12776096.809284842,12776096.809284842,12891369.08588585,12891369.08588585,1.7572432398083038e-09,1.757243239808304e-13
2019-11-08,IC,front,1.2859902394846066,12859902.394846065,13.062149593278836,IC1912,-0.002960640103957024,-0.00275908501513212,-0.003867666541975563,0.001108581526843443,0.00020155508882490665,-0.003750696515127605,True,0.9998816215570199,12849975.161155172,12848452.825932795,12887594.151983816,12886071.81676144,25996754.729352735,2599.675472935274
2019-11-11,IC,front,1.2564669516912912,12564669.516912913,13.063696053277189,IC1912,-0.02295762976019744,-0.02295761797526502,-0.022780737900080325,-0.0001768800751846969,1.1784932356825461e-08,-0.022478644986558494,False,0.9999994705096777,12554218.560070291,12554211.907199379,12612221.370546842,12612214.71767593,1515.5307983863863,0.15155307983863864
2019-11-12,IC,front,1.2572507734986025,12572507.734986024,13.063702970381486,IC1912,0.0006238300229512994,0.0006238300759245771,0.0011332914352530697,-0.0005094613593284926,5.2973255127137994e-11,0.0011176827667671585,False,1.0000000002950182,12439257.964688133,12439257.968397252,12564146.965084981,12564146.9687941,6.655914439076014,0.0006655914439076014
2019-11-13,IC,front,1.2586616534192585,12586616.534192584,13.063702966527456,IC1912,0.0011221945139312517,0.0011221945139608706,-0.0012614297590977882,0.0023836242730586586,2.9526342388303494e-14,-0.0012434422250036103,False,0.9999999999997845,12496738.257782878,12496738.257780164,12548470.521530326,12548470.521527613,0.0037122016806279134,3.712201680627914e-07
2019-11-14,IC,front,1.2643574279126657,12643574.279126657,13.063702966530272,IC1912,0.0045252625897787,0.004525262589778847,0.007591231784780126,-0.003065969195001279,2.1543330396090033e-17,0.007500707613925739,False,1.0000000000000002,12554741.098954251,12554741.098954253,12660818.367042478,12660818.36704248,2.7115763856500052e-06,2.711576385650005e-10
2019-11-15,IC,front,1.2594454755972502,12594454.755972503,13.06370296653027,IC1912,-0.003884939659447917,-0.00388493965944788,-0.009024218879153594,0.005139279219705714,1.3603271576617033e-20,-0.008890273222708744,False,1.0,12543245.040343706,12543245.040343706,12614311.58448163,12614311.584481629,1.7199397461808985e-09,1.7199397461808985e-13
2019-11-18,IC,front,1.2684855580500893,12684855.580500893,13.063702966530272,IC1912,0.007177827566177131,0.007177827566177158,0.004982988963571579,0.002194838602605579,1.3590881730186576e-20,0.004933818635949105,False,1.0000000000000002,12554218.55083559,12554218.550835593,12678062.454958297,12678062.454958297,1.7116974504460813e-09,1.7116974504460813e-13
2019-11-19,IC,front,1.2916344397067812,12916344.397067811,13.063702966530272,IC1912,0.018249227600412032,0.018249227600412022,0.017023686920700238,0.001225540679711786,0.0,0.016893341999730138,False,1.0,12669179.136941057,12669179.136941059,12886559.15430412,12886559.15430412,0.0,0.0
2019-11-20,IC,front,1.2803474003436988,12803474.003436988,13.063702966530272,IC1912,-0.00873857108180287,-0.008738571081802881,-0.005831782506675282,-0.0029067885751275996,0.0,-0.005794846747107063,False,1.0,12796680.877894394,12796680.877894394,12824898.4763021,12824898.4763021,0.0,0.0
2019-11-21,IC,front,1.2846845497285868,12846845.497285869,13.063702966530272,IC1912,0.0033874785731777823,0.0033874785731777745,-0.0001142763856010714,0.003501754958778846,0.0,-0.00011321639696892927,False,1.0000000000000002,12734497.65177371,12734497.65177371,12811312.225216907,12811312.225216907,0.0,0.0
2019-11-22,IC,front,1.267963009931428,12679630.099314282,13.063702966530272,IC1912,-0.0130160667073419,-0.013016066707341876,-0.008468578401464375,-0.004547488305877501,0.0,-0.008419401017445427,False,1.0,12626852.739329498,12626852.7393295,12677017.358720975,12677017.358720977,0.0,0.0
2019-11-25,IC,front,1.273554274801103,12735542.74801103,13.063702966530272,IC1912,0.004409643519472484,0.004409643519472416,-0.0005316299196373227,0.004941273439109739,0.0,-0.000526092559664626,False,1.0,12593409.659735182,12593409.659735182,12696351.639111439,12696351.63911144,0.0,0.0
2019-11-26,IC,front,1.2680152647432943,12680152.647432942,13.063702966530272,IC1912,-0.004349253241424544,-0.00434925324142455,-0.0039676678155260445,-0.0003815854258985051,0.0,-0.003945730898704536,False,1.0000000000000002,12655070.337737206,12655070.337737206,12706280.053366002,12706280.053366004,0.0,0.0
2019-11-27,IC,front,1.2750696643452204,12750696.643452205,13.06370296653027,IC1912,0.005563339652188137,0.005563339652188247,0.004553696530124529,0.001009643122063718,1.3589246410536414e-20,0.00452668490995789,False,1.0,12639916.44229603,12639916.442296028,12714118.27514592,12714118.27514592,1.723137188491819e-09,1.723137188491819e-13
2019-11-28,IC,front,1.273920058484166,12739200.58484166,13.06370296653027,IC1912,-0.0009016023933444695,-0.0009016023933444606,-0.00307364452276546,0.0021720421294209994,0.0,-0.0030585654104798854,False,1.0,12691648.70604349,12691648.70604349,12718298.660095211,12718298.660095211,0.0,0.0
2019-11-29,IC,front,1.275278683592685,12752786.83592685,13.063702966530272,IC1912,0.0010664916526517132,0.0010664916526518353,0.001164937035973457,-9.844538332162176e-05,1.357589911016838e-20,0.0011617299959501004,False,1.0000000000000002,12603860.622108405,12603860.622108407,12727181.97811245,12727181.978112452,1.7294610188400839e-09,1.7294610188400838e-13
2019-12-02,IC,front,1.279197794482644,12791977.94482644,13.06370296653027,IC1912,0.003073140749846326,0.0030731407498463433,0.002147101003892742,0.0009260397459536014,1.3633867614776922e-20,0.0021409864063708373,False,1.0,12726136.881875128,12726136.88187513,12757489.7689948,12757489.7689948,1.7386980744049652e-09,1.7386980744049653e-13
2019-12-03,IC,front,1.2867224873913654,12867224.873913655,13.06370296653027,IC1912,0.00588235294117645,0.005882352941176509,0.00429534313725485,0.0015870098039216587,0.0,0.0042870946830240175,False,1.0,12675972.262483653,12675972.262483653,12822808.283827452,12822808.283827452,0.0,0.0
2019-12-04,IC,front,1.2833259246200677,12833259.246200677,13.06370296653027,IC1912,-0.0026397011046133123,-0.0026397011046133847,-0.0011736517218972843,-0.0014660493827161006,0.0,-0.0011732586345136742,False,1.0,12770030.92384267,12770030.92384267,12817060.25452218,12817060.25452218,0.0,0.0
2019-12-05,IC,front,1.2959715890916688,12959715.890916688,13.06370296653027,IC1912,0.009853821409666397,0.009853821409666442,0.009554542123050671,0.0002992792866157703,0.0,0.009537319104918618,False,1.0,12840052.371743271,12840052.371743271,12974869.786357865,12974869.786357865,0.0,0.0
2019-12-06,IC,front,1.3104461719785845,13104461.719785845,13.06370296653027,IC1912,0.011168904479658126,0.01116890447965819,0.008650860852384956,0.002518043627273235,0.0,0.00863797407198641,False,1.0,12935678.677458273,12935678.677458273,13056909.840987673,13056909.840987673,0.0,0.0
2019-12-09,IC,front,1.3130589125718906,13130589.125718905,13.063702966530268,IC1912,0.001993779408246299,0.0019937794082462716,0.0028092351862190256,-0.000815455777972754,1.3623678072753404e-20,0.0028120889889453604,False,1.0,13073108.832666174,13073108.83266617,13113345.037803084,13113345.037803084,1.7853096778708277e-09,1.7853096778708278e-13
2019-12-10,IC,front,1.3194862544314232,13194862.544314232,13.063702966530268,IC1912,0.004894937917860442,0.004894937917860445,0.004865090735434539,2.9847182425906142e-05,0.0,0.004866058989770217,False,1.0,13059000.033462318,13059000.033462316,13204268.410450134,13204268.410450134,0.0,0.0
2019-12-11,IC,front,1.3146265569278741,13146265.569278741,13.063702966530268,IC1912,-0.0036830224545560952,-0.0036830224545561473,-0.004310720367510284,0.0006276979129541367,0.0,-0.0043117022014043105,False,0.9999999999999999,13079379.410090106,13079379.410090104,13139472.443736145,13139472.443736143,0.0,0.0
2019-12-12,IC,front,1.3110209749091117,13110209.749091117,13.063702966530268,IC1912,-0.0027426663486764813,-0.002742666348676401,-0.0030368073773749393,0.0002941410286985385,0.0,-0.0030394169411689376,False,1.0,13101848.979192538,13101848.979192538,13136337.155024176,13136337.155024176,0.0,0.0
2019-12-13,IC,front,1.3306430290947582,13306430.29094758,13.122282248759978,IC2001,0.014967002482173752,0.015169135963011754,0.012317279603401099,0.002851856359610657,0.0002021334808381637,0.01230845969672778,True,1.0015056381888334,13145288.664932806,13165323.33453591,13267063.4442013,13287098.113804404,26500123.311022162,2650.012331102216
2019-12-16,IC,front,1.3475721971489583,13475721.971489582,13.102554542269862,IC2001,0.012722546681597446,0.012722697310649277,0.018193432613173126,-0.005470735302523849,1.5062905193734206e-07,0.01820174271585384,False,0.9999995046012459,13271322.120630173,13271315.444774298,13457378.395130405,13457371.71927453,20043.349793957645,2.0043349793957645
2019-12-17,IC,front,1.3710519857267418,13710519.857267419,13.102561033262274,IC2001,0.017423770412790862,0.017423770462384754,0.013616210215167223,0.00380756024721753,4.9593823629980745e-11,0.013553902021664621,False,1.000000000578988,13465239.914724747,13465239.922662973,13741441.901305918,13741441.909244144,6.683125787407107,0.0006683125787407107
2019-12-18,IC,front,1.3739869593980523,13739869.593980523,13.10256102567605,IC2001,0.0021406727840116435,0.0021406727840697416,-0.00017966360862697292,0.0023203363926967147,5.80183111176801e-14,-0.00017952429880496723,False,0.9999999999988654,13684838.837672684,13684838.837657094,13733580.364688199,13733580.364672609,0.00795461206664072,7.954612066640721e-07
2019-12-19,IC,front,1.37603095891806,13760309.5891806,13.102561025690918,IC2001,0.0014876411351845142,0.0014876411351846116,0.0012625877326819211,0.00022505340250269035,1.1347914240027083e-16,0.001264536438515318,False,1.0000000000000002,13682742.427908506,13682742.427908512,13757689.076975461,13757689.076975465,1.559188618216467e-05,1.5591886182164672e-09
2019-12-20,IC,front,1.363871782286219,13638717.82286219,13.102561025690916,IC2001,-0.008836412111978609,-0.0088364121119786,-0.01086650161873919,0.0020300895067605898,1.3571783834476056e-20,-0.010885698260501231,False,1.0,13610416.291046698,13610416.291046696,13652868.588769935,13652868.588769935,1.8675194723982713e-09,1.8675194723982714e-13
2019-12-23,IC,front,1.329700303131217,13297003.03131217,13.102561025690916,IC2001,-0.025054759251431524,-0.025054759251431528,-0.01927717788110516,-0.005777581370326368,0.0,-0.019351242506769895,False,0.9999999999999999,13282852.265404424,13282852.265404424,13363564.04132268,13363564.04132268,0.0,0.0
2019-12-24,IC,front,1.3477818373466703,13477818.373466704,13.102561025690916,IC2001,0.013598202672342463,0.013598202672342439,0.015316700169484717,-0.001718497497142278,0.0,0.015286123103248173,False,1.0,13323732.25580458,13323732.255804578,13493017.344256505,13493017.344256505,0.0,0.0
2019-12-25,IC,front,1.3542282973713105,13542282.973713104,13.102561025690916,IC2001,0.004783014465702395,0.004783014465702357,0.004088894073728545,0.0006941203919738124,0.0,0.004073947079369367,False,1.0,13439034.79283066,13439034.792830657,13483583.500318008,13483583.500318008,0.0,0.0
2019-12-26,IC,front,1.363400090089294,13634000.90089294,13.102561025690916,IC2001,0.0067727079221331365,0.0067727079221332085,0.006973954100390875,-0.00020124617825766677,0.0,0.006953367675715194,False,1.0,13479914.783230813,13479914.783230815,13586307.578759424,13586307.578759426,0.0,0.0
2019-12-27,IC,front,1.3531276822451523,13531276.822451523,13.102561025690916,IC2001,-0.007534404551395424,-0.007534404551395367,-0.0076785576997003,0.00014415314830493393,0.0,-0.00765451779411952,False,1.0000000000000002,13529180.412687413,13529180.412687413,13576349.632379899,13576349.6323799,0.0,0.0
2019-12-30,IC,front,1.3744586515949768,13744586.515949769,13.102561025690914,IC2001,0.015764195522503632,0.015764195522503608,0.012152374312495155,0.0036118212100084523,1.3510590529075784e-20,0.012115794168586103,False,1.0,13400775.314635642,13400775.31463564,13730959.85248305,13730959.85248305,1.8281554048371618e-09,1.828155404837162e-13
2019-12-31,IC,front,1.3809575218637196,13809575.218637196,13.102561025690914,IC2001,0.004728312678741631,0.004728312678741693,0.0049037178265014785,-0.00017540514775978485,0.0,0.004906580388176929,False,1.0,13682218.325467478,13682218.325467478,13801713.682021782,13801713.682021782,0.0,0.0
2020-01-02,IC,front,1.4050662341509907,14050662.341509908,13.102561025690914,IC2001,0.017457968044328087,0.017457968044328056,0.01868761622831995,-0.0012296481839918936,0.0,0.01869520811897507,False,1.0,13838924.955334743,13838924.955334743,14069005.926945876,14069005.926945876,0.0,0.0
2020-01-03,IC,front,1.4093114639233146,14093114.639233146,13.102561025690914,IC2001,0.0030213734193740294,0.0030213734193740567,0.0027043157148718714,0.00031705770450218514,0.0,0.002702128531868242,False,1.0,14040704.395130383,14040704.395130383,14111458.224669114,14111458.224669114,0.0,0.0
2020-01-06,IC,front,1.4237242810515747,14237242.810515746,13.102561025690912,IC2001,0.010226850130159892,0.01022685013015991,0.010079955373744889,0.0001468947564150201,1.3512453668753137e-20,0.010075009664277879,False,0.9999999999999999,14039656.19024833,14039656.190248325,14198459.229879702,14198459.229879698,1.9043255861106445e-09,1.9043255861106446e-13
2020-01-07,IC,front,1.4415437640465143,14415437.640465142,13.102561025690914,IC2001,0.012516105282532664,0.01251610528253267,0.011962083563408757,0.0005540217191239133,1.3582279104931994e-20,0.011958011720654582,False,1.0,14251917.678864522,14251917.678864522,14383467.391562456,14383467.391562458,1.9337420553711127e-09,1.9337420553711126e-13
2020-01-08,IC,front,1.423881511783883,14238815.11783883,13.102561025690912,IC2001,-0.012252317760407139,-0.012252317760407132,-0.01382294128340301,0.001570623522995878,1.3506556325868174e-20,-0.013825856752196386,False,0.9999999999999999,14164392.571212903,14164392.571212903,14236194.605633691,14236194.60563369,1.9470292045298265e-09,1.9470292045298266e-13
2020-01-09,IC,front,1.4407576103849729,14407576.103849728,13.102561025690914,IC2001,0.011852179034157695,0.011852179034157764,0.013571113074204905,-0.001718934040047141,1.3667109437088695e-20,0.013595634057302908,False,1.0,14279695.108238984,14279695.108238984,14366696.113449572,14366696.113449572,1.9460344446997624e-09,1.9460344446997625e-13
2020-01-10,IC,front,1.4345873849839126,14345873.849839127,13.117353239238254,IC2002,-0.004282625582946897,-0.004082258106801872,-0.0031548734764332256,-0.0009273846303686469,0.00020036747614496277,-0.003148681046431734,True,0.9977541977909763,14279237.695383798,14247019.700201452,14376306.10935416,14344088.114171814,28868096.61294846,2886.809661294846
2020-01-13,IC,front,1.462136423985712,14621364.23985712,13.146878528078378,IC2002,0.019203458283657104,0.019203683316660725,0.014553572119175177,0.004650111197485546,2.2503300360580266e-07,0.014488443003304763,False,1.0000046633083897,14270605.520727986,14270673.704658516,14559310.97320459,14559379.157135118,32282.95081779238,3.228295081779238
2020-01-14,IC,front,1.455405283537786,14554052.83537786,13.146817220415336,IC2002,-0.0046036336538126665,-0.004603633185385309,-0.0031110489001146525,-0.0014925842852706558,4.684273486435018e-10,-0.0031117178661169698,False,0.9999999794085351,14544587.126979163,14544586.827289896,14579820.597129876,14579820.297440609,68.49046884427182,0.006849046884427182
2020-01-15,IC,front,1.4514086510997912,14514086.510997912,13.146817491127566,IC2002,-0.002746061515099041,-0.0027460615130455186,-0.0022221418931670325,-0.0005239196198784862,2.0534919363892046e-12,-0.0022192832256470174,False,0.9999999999453578,14414170.698065342,14414170.697272262,14534595.546284072,14534595.545490991,0.29886630139230874,2.9886630139230876e-05
2020-01-16,IC,front,1.4561415053968334,14561415.053968335,13.146817491845935,IC2002,0.003260869565202107,0.003260869565207492,-0.00042753623197694954,0.003688405797184442,5.465197214593332e-15,-0.00042676079514936127,False,1.0000000000000153,14488318.74871367,14488318.748713892,14530914.43738725,14530914.437387474,0.0007932234517227243,7.932234517227244e-08
2020-01-17,IC,front,1.446465447722835,14464654.47722835,13.146817491845734,IC2002,-0.006644998194293983,-0.006644998194293978,-0.0031816540267243965,-0.0034633441675695808,1.5293019294273484e-18,-0.0031875998386300397,False,1.0,14425739.897452487,14425739.897452487,14504094.929703886,14504094.929703888,2.2268800137226208e-07,2.226880013722621e-11
2020-01-20,IC,front,1.4721280354669177,14721280.354669178,13.146817491845733,IC2002,0.017741583654475424,0.01774158365447545,0.014086017596160799,0.003655566058314654,1.3550493996796866e-20,0.01406339325414474,False,0.9999999999999999,14443093.696541723,14443093.696541721,14694986.719685486,14694986.719685486,1.9600321365942364e-09,1.9600321365942364e-13
2020-01-21,IC,front,1.4505146675103233,14505146.675103234,13.146817491845733,IC2002,-0.014681717510895198,-0.01468171751089516,-0.01135957705222554,-0.003322140458669618,0.0,-0.011382468850334893,False,1.0,14449404.168937806,14449404.168937806,14523552.219591819,14523552.219591817,0.0,0.0
2020-01-22,IC,front,1.4673951811698533,14673951.811698534,13.146817491845733,IC2002,0.011637602871333863,0.011637602871333757,0.009348149222347208,0.002289453648986549,0.0,0.009335727759534063,False,0.9999999999999999,14253779.524659142,14253779.524659142,14684469.26569201,14684469.265692009,0.0,0.0
2020-01-23,IC,front,1.4057629007680803,14057629.007680804,13.146817491845733,IC2002,-0.04200114678899092,-0.04200114678899092,-0.035437571674311996,-0.006563575114678922,0.0,-0.035471194563367336,False,1.0,13935100.668656804,13935100.668656802,14038697.590492547,14038697.590492545,0.0,0.0
2020-02-03,IC,front,1.2635143355063096,12635143.355063096,13.14681749184573,IC2002,-0.10118958551548707,-0.10118958551548705,-0.08731856950471348,-0.01387101601077358,1.2144445057399093e-20,-0.08680970072930272,False,1.0,12635143.355063096,12635143.355063096,12635143.355063096,12635143.355063096,1.7072210312107925e-09,1.7072210312107925e-13
2020-02-04,IC,front,1.3023237407422383,13023237.407422382,13.146817491845733,IC2002,0.030715445124235297,0.03071544512423531,0.01780705040163162,0.012908394722603687,1.3777680661728846e-20,0.01742450467327794,False,1.0,12673532.062139288,12673532.062139286,13055315.642102486,13055315.642102486,1.7408297026122455e-09,1.7408297026122455e-13
2020-02-05,IC,front,1.3316148501140705,13316148.501140704,13.146817491845733,IC2002,0.02249141934181287,0.02249141934181297,0.025739955582475223,-0.003248536240662254,0.0,0.025516014306099954,False,1.0,13110006.402868565,13110006.402868563,13309838.02874462,13309838.02874462,0.0,0.0
2020-02-06,IC,front,1.3805210111837365,13805210.111837365,13.146817491845733,IC2002,0.03672695679646143,0.036726956796461575,0.031381802385277685,0.005345154411183894,0.0,0.03101702589403521,False,1.0,13274604.557866473,13274604.557866473,13784701.076550087,13784701.076550087,0.0,0.0
2020-02-07,IC,front,1.3936678286755824,13936678.286755823,13.14681749184573,IC2002,0.009523083955508271,0.00952308395550815,0.008408883132713629,0.0011142008227945214,1.3455070982449794e-20,0.008357168140922688,False,1.0,13672690.19151956,13672690.19151956,13874099.435494639,13874099.435494639,1.8575008198240537e-09,1.8575008198240539e-13
2020-02-10,IC,front,1.4005041737713422,14005041.73771342,13.14681749184573,IC2002,0.004905290166779874,0.0049052901667798665,0.011584031393856999,-0.0066787412270771325,0.0,0.011526100798942673,False,1.0,13819934.547428234,13819934.547428234,13989265.556723205,13989265.556723205,0.0,0.0
2020-02-11,IC,front,1.3978748102729728,13978748.102729728,13.14681749184573,IC2002,-0.001877440672874764,-0.0018774406728747375,-0.005099128867527759,0.003221688194653022,0.0,-0.005040419861778167,False,1.0,13888297.998385832,13888297.998385832,14013455.700908203,14013455.700908203,0.0,0.0
2020-02-12,IC,front,1.4295849340633047,14295849.340633048,13.14681749184573,IC2002,0.02268452336167326,0.022684523361673384,0.018559551576254624,0.0041249717854187585,0.0,0.01840418705980662,False,1.0,13937204.159455499,13937204.159455499,14259564.124355553,14259564.124355555,0.0,0.0
2020-02-13,IC,front,1.4177527983206437,14177527.983206436,13.14681749184573,IC2002,-0.008276623137759787,-0.008276623137759795,-0.00866470480044136,0.0003880816626815653,0.0,-0.008628284141796061,False,1.0000000000000002,14123363.09514003,14123363.095140032,14197511.145794043,14197511.145794043,0.0,0.0
2020-02-14,IC,front,1.4195468121756634,14195468.121756634,13.268875396082693,IC2003,0.001265392568538637,0.0014655278904201477,0.001499213392129529,-3.3685501709381424e-05,0.00020013532188158472,0.0014705773678882483,True,1.0027368345877579,14084540.323445383,14123390.97159042,14154069.230520856,14192919.878665892,28374241.264041945,2837.424126404195
2020-02-17,IC,front,1.4767906620961793,14767906.620961793,13.232659795067521,IC2003,0.0403254400837838,0.04032571561431758,0.032389746420862696,0.007935969193454883,2.7553053383593455e-07,0.032032172373081425,False,0.9999825100690931,14259772.484831199,14259514.19516476,14692215.806934007,14691957.517267566,39112.84909638596,3.911284909638596
2020-02-18,IC,front,1.4798077587154144,14798077.587154144,13.232891237420962,IC2003,0.0020430090036949178,0.0020430107526881068,0.011894223232065706,-0.0098512124793776,1.7489930906854594e-09,0.01186356453907833,False,1.0000000017454271,14640870.839253584,14640870.86508255,14784315.380267227,14784315.406096194,258.28966643950224,0.025828966643950225
2020-02-19,IC,front,1.474197012837881,14741970.12837881,13.232891214323912,IC2003,-0.0037915370050525254,-0.0037915370048782126,-0.010292592197226521,0.006501055192348308,1.7438040549585437e-13,-0.010166389615620441,False,1.0000000000018043,14710211.189464433,14710211.189491032,14753085.756998843,14753085.757025441,0.025804947702070535,2.580494770207054e-06
2020-02-20,IC,front,1.500027616488204,15000276.16488204,13.232891214300034,IC2003,0.017521812502250267,0.017521812502250562,0.018572044091779316,-0.0010502315895287544,1.810841255388545e-16,0.01846246649272021,False,0.9999999999999938,14675276.356658831,14675276.356658738,14997100.270990608,14997100.270990515,2.669536769417391e-05,2.6695367694173912e-09
2020-02-21,IC,front,1.5283989352516634,15283989.352516634,13.232891214300116,IC2003,0.01891386428596631,0.0189138642859663,0.013641977486855519,0.005271886799110783,6.174076377242187e-19,0.013548962537083487,False,1.0,14990219.167559171,14990219.167559171,15223647.368579425,15223647.368579425,9.261285072170722e-08,9.261285072170722e-12
2020-02-24,IC,front,1.5366033278045295,15366033.278045295,13.232891214300116,IC2003,0.005367965367965244,0.005367965367965368,0.01410216450216459,-0.008734199134199223,0.0,0.014080148270323667,False,1.0,15100316.822462149,15100316.822462149,15406790.582985338,15406790.582985338,0.0,0.0
2020-02-25,IC,front,1.5489363824162572,15489363.824162573,13.232891214300116,IC2003,0.008026179813985568,0.008026179813985594,0.005554598691009301,0.0024715811229762932,0.0,0.005498280615193751,False,1.0,14868476.568387609,14868476.56838761,15450194.466168243,15450194.466168243,0.0,0.0
2020-02-26,IC,front,1.5126253289242175,15126253.289242176,13.232891214300116,IC2003,-0.023442572531866213,-0.023442572531866303,-0.0263694768137238,0.0029269042818574984,0.0,-0.026167739397597756,False,1.0,15045267.99501066,15045267.995010661,15148484.546482202,15148484.546482202,0.0,0.0
2020-02-27,IC,front,1.5111961766730733,15111961.766730733,13.232891214300116,IC2003,-0.0009448157609265317,-0.0009448157609265555,0.0018091472162926892,-0.0027539629772192448,0.0,0.0018003304668496867,False,1.0,15006098.637016332,15006098.637016332,15115137.660622165,15115137.660622165,0.0,0.0
2020-02-28,IC,front,1.4246530681315506,14246530.681315506,13.232891214300116,IC2003,-0.05726795096322235,-0.05726795096322241,-0.05296672504378276,-0.004301225919439649,0.0,-0.05256416272574482,False,1.0,14206832.007672606,14206832.007672604,14340748.866761323,14340748.866761323,0.0,0.0
2020-03-02,IC,front,1.4817132950476128,14817132.950476129,13.232891214300118,IC2003,0.04005201560468152,0.040052015604681475,0.03810700352963034,0.0019450120750511314,1.362329907641415e-20,0.037629625281355494,False,1.0000000000000002,14458256.940744307,14458256.940744309,14894942.350816213,14894942.350816213,1.9408474827287137e-09,1.9408474827287137e-13
2020-03-03,IC,front,1.4874828356170475,14874828.356170475,13.232891214300118,IC2003,0.0038938306005071865,0.0038938306005071393,0.009573822026935372,-0.005679991426428232,0.0,0.009475958291640385,False,1.0,14819250.213070415,14819250.213070415,14894413.035167642,14894413.035167642,0.0,0.0
2020-03-04,IC,front,1.4975398329399157,14975398.329399157,13.232891214300118,IC2003,0.006761084620311886,0.006761084620311723,0.00115472208383741,0.005606362536474312,0.0,0.0011365984707583099,False,1.0,14667336.62193025,14667336.62193025,14869005.884036185,14869005.884036185,0.0,0.0
2020-03-05,IC,front,1.5161188122047933,15161188.122047933,13.232891214300118,IC2003,0.012406333945991888,0.01240633394599193,0.014952990244592054,-0.002546656298600125,0.0,0.014800988715142571,False,1.0,14965870.647724863,14965870.647724863,15171774.435019372,15171774.435019372,0.0,0.0
2020-03-06,IC,front,1.5035210997687793,15035210.997687794,13.23289121430012,IC2003,-0.00830918549034676,-0.008309185490346744,-0.0065042069615613264,-0.001804978528785418,1.333475470249047e-20,-0.006422897647350934,False,1.0,14980691.485884879,14980691.485884877,15086554.615599278,15086554.615599278,2.021707246058213e-09,2.0217072460582133e-13
2020-03-09,IC,front,1.4472548463255752,14472548.463255752,13.232891214300118,IC2003,-0.03742298891040319,-0.03742298891040316,-0.04190107375462066,0.004478084844217501,1.3189869938050199e-20,-0.041298713015236355,False,1.0,14393680.431618527,14393680.431618527,14502190.139575787,14502190.139575787,1.9831247755064396e-09,1.9831247755064396e-13
2020-03-10,IC,front,1.4913997714164804,14913997.714164805,13.232891214300118,IC2003,0.03050252359008132,0.03050252359008123,0.027300490088508513,0.0032020335015727173,0.0,0.0270168047457211,False,1.0,14291522.511444127,14291522.511444127,14877474.934413336,14877474.934413336,0.0,0.0
2020-03-11,IC,front,1.4622344791801631,14622344.791801631,13.232891214300118,IC2003,-0.019555650198750607,-0.01955565019875068,-0.015186683702441781,-0.004368966496308898,0.0,-0.015079883914144387,False,1.0,14622344.791801631,14622344.791801631,14692743.77306171,14692743.773061708,0.0,0.0
2020-03-12,IC,front,1.449530903614435,14495309.03614435,13.23289121430012,IC2003,-0.008687782805429922,-0.008687782805429863,-0.01731221719457007,0.008624434389140205,1.3287739679243318e-20,-0.017112351127912317,False,1.0,14252353.1534498,14252353.1534498,14415382.373209978,14415382.373209978,1.942979110935994e-09,1.9429791109359941e-13
2020-03-13,IC,front,1.4320596583916028,14320596.583916027,13.360716952535071,IC2004,-0.012053033970691684,-0.011862600572156662,-0.0062884689565764025,-0.005574131615580258,0.00019043339853512298,-0.006676520055043156,True,1.0057439150970264,13608203.156006856,13690459.446923636,14243104.425591324,14325360.716508104,27603909.62569846,2760.390962569846
2020-03-16,IC,front,1.3504055651239881,13504055.651239881,13.28441241550652,IC2004,-0.05701863940453655,-0.05701807108729695,-0.04765529202408148,-0.009362779063215464,5.683172395629196e-07,-0.04711023968335415,False,1.0000650182720452,13474829.943925766,13475707.954289814,13622021.233489579,13622899.243853625,81386.41919465332,8.138641919465332
2020-03-17,IC,front,1.3571024857035365,13571024.857035365,13.283548742120677,IC2004,0.004959192077184316,0.004959198728669905,0.002351554688124003,0.0026076440405459027,6.651485631231423e-09,0.002298028310939726,False,0.9999985174196194,13283568.862255875,13283548.742120678,13551365.204897027,13551345.08476183,898.2203212757156,0.08982203212757156
2020-03-18,IC,front,1.3290475843170984,13290475.843170984,13.283568436078623,IC2004,-0.020672647557560264,-0.0206726474089597,-0.018125771900236478,-0.0025468755087232177,1.4860051579343028e-10,-0.01776456909552082,False,1.0000000036488084,13264971.391773712,13264971.440268112,13397807.076134497,13397807.124628898,20.166612936009187,0.0020166612936009186
2020-03-19,IC,front,1.35481770703452,13548177.070345199,13.283568387609426,IC2004,0.019389917277238045,0.019389917277606344,0.007666013673232797,0.011723903604373547,3.683381182168776e-13,0.007491009811562366,False,0.9999999999664462,13134261.079387289,13134261.078932695,13516827.84895044,13516827.848495847,0.0489538886228047,4.89538886228047e-06
2020-03-20,IC,front,1.3726708229474516,13726708.229474517,13.283568388055139,IC2004,0.013177504117516614,0.01317750411751995,0.012051925640834158,0.0011255784766857919,3.400374439227633e-15,0.0119158869444842,False,1.0000000000004474,13449347.321531922,13449347.321538066,13669854.556773638,13669854.556779781,0.00046068875008131727,4.606887500813173e-08
2020-03-23,IC,front,1.3188458038390571,13188458.038390571,13.283568388049195,IC2004,-0.039211891306044744,-0.039211891306044716,-0.042651157389498824,0.0034392660834541046,4.336080472542818e-17,-0.04222229886114559,False,1.0000000000000147,13094410.374203185,13094410.374203376,13202804.292249667,13202804.292249858,5.952011150611725e-06,5.952011150611725e-10
2020-03-24,IC,front,1.33632697983773,13363269.7983773,13.283568388049002,IC2004,0.013254905120664295,0.013254905120664273,0.01956609322750925,-0.006311188106844978,1.4857413176747294e-18,0.01943023579140246,False,0.9999999999999997,13083252.17675723,13083252.176757224,13362738.455641778,13362738.455641774,1.9594637024056283e-07,1.9594637024056285e-11
2020-03-25,IC,front,1.3659759044798554,13659759.044798555,13.283568388049005,IC2004,0.02218687872763425,0.022186878727634262,0.024131212723658067,-0.0019443339960238057,2.725030307487097e-20,0.023818494360326792,False,0.9999999999999999,13541269.614777157,13541269.614777155,13702266.463640312,13702266.46364031,3.6415315207705135e-09,3.6415315207705135e-13
2020-03-26,IC,front,1.352001590535628,13520015.905356279,13.283568388049005,IC2004,-0.010230278512525337,-0.010230278512525353,-0.009979383849385482,-0.0002508946631398717,0.0,-0.009834362577672562,False,0.9999999999999999,13489198.026696004,13489198.026696002,13533299.473744327,13533299.473744325,0.0,0.0
2020-03-27,IC,front,1.3425968241168893,13425968.241168892,13.283568388049007,IC2004,-0.0069561799960699,-0.006956179996069885,-0.005653370013755067,-0.0013028099823148183,1.3530252375588256e-20,-0.005568987110224022,False,1.0000000000000002,13425968.241168892,13425968.241168894,13516827.848943146,13516827.848943148,1.829292273214378e-09,1.829292273214378e-13
2020-03-30,IC,front,1.3217681888844282,13217681.888844281,13.283568388049005,IC2004,-0.015513693208801804,-0.015513693208801754,-0.02173697957891411,0.006223286370112356,1.3233929450193726e-20,-0.021382661065843522,False,1.0,13041807.443386514,13041807.443386512,13217150.54610876,13217150.54610876,1.7767831650417065e-09,1.7767831650417065e-13
2020-03-31,IC,front,1.3174111784531481,13174111.784531482,13.283568388049005,IC2004,-0.003296349895481554,-0.003296349895481516,0.0028059173500562867,-0.0061022672455378025,0.0,0.002776733519112007,False,1.0,13150732.704168515,13150732.704168515,13202272.949514143,13202272.949514143,0.0,0.0
2020-04-01,IC,front,1.3151795389639558,13151795.389639558,13.283568388049005,IC2004,-0.0016939582156973998,-0.0016939582156974557,-0.004482939420827532,0.002788981205130076,0.0,-0.004409445695186864,False,1.0,13117258.111830631,13117258.11183063,13157108.816994777,13157108.816994777,0.0,0.0
2020-04-02,IC,front,1.3630003851609322,13630003.851609323,13.283568388049005,IC2004,0.0363606981254041,0.036360698125404003,0.025852456367162165,0.010508241758241842,0.0,0.025497985742804596,False,0.9999999999999999,13158702.845201345,13158702.845201343,13513108.449794492,13513108.44979449,0.0,0.0
2020-04-03,IC,front,1.344722195058977,13447221.95058977,13.283568388049007,IC2004,-0.013410260408544983,-0.013410260408545002,-0.007827849680336788,-0.005582410728208214,1.3302732507287883e-20,-0.0078023002797636964,False,1.0000000000000002,13361675.770170733,13361675.770170733,13425968.241168892,13425968.241168894,1.8131629531126239e-09,1.813162953112624e-13
2020-04-07,IC,front,1.3849448401379894,13849448.401379893,13.283568388049005,IC2004,0.029911490437806165,0.029911490437806155,0.03161648490595854,-0.0017049944681523808,1.3632557453107687e-20,0.03133517654061846,False,1.0,13698547.064491656,13698547.064491656,13880797.622775689,13880797.622775689,1.8332002582610585e-09,1.8332002582610585e-13
2020-04-08,IC,front,1.389248716295717,13892487.162957171,13.283568388049005,IC2004,0.0031076155764435676,0.0031076155764434717,0.000907347017072794,0.002200268559370678,0.0,0.0008980324924483529,False,1.0,13785687.27311726,13785687.273117257,13876015.538155992,13876015.53815599,0.0,0.0
2020-04-09,IC,front,1.4009382564772002,14009382.564772002,13.283568388049005,IC2004,0.008414288992580232,0.008414288992580128,0.009687906371911548,-0.00127361737933142,0.0,0.009609621002314217,False,1.0,13948809.4929225,13948809.492922498,14038606.41522571,14038606.415225709,0.0,0.0
2020-04-10,IC,front,1.3810640753929737,13810640.753929736,13.428724516671142,IC2005,-0.014186336187436477,-0.013986573079474604,-0.021844016279719596,0.007857443200244993,0.00019976310796178916,-0.021409273155646003,True,0.9993385647459404,13727919.810907042,13718784.96623124,13774114.62324439,13764979.778568588,27985578.01764556,2798.557801764556
2020-04-13,IC,front,1.3658021983636326,13658021.983636325,13.437612627393298,IC2005,-0.0110508102420942,-0.011050744340551075,-0.007649409934498762,-0.0034013344060523126,6.590154317711619e-08,-0.007551103866556885,False,0.9999976197758492,13602121.51510637,13602089.005952591,13661247.0106669,13661214.501513122,9101.42537948741,0.910142537948741
2020-04-14,IC,front,1.3976762731450334,13976762.731450334,13.437644611999533,IC2005,0.023337255438297788,0.02333725567763167,0.023496641750792184,-0.00015938607316051331,2.3933383333973825e-10,0.023100375688213548,False,1.0000000130489888,13733272.611080902,13733272.793463523,13954724.994286653,13954725.176669274,32.68826757182097,0.0032688267571820973
2020-04-15,IC,front,1.3946124902488228,13946124.902488228,13.43764443665186,IC2005,-0.0021920547376228505,-0.0021920547363152836,-0.003814944421008069,0.001622889684692785,1.3075585639886179e-12,-0.0037514725096859936,False,0.9999999999746553,13935912.29271637,13935912.29236291,13960637.558479814,13960637.55812635,0.1827543580634483,1.8275435806344832e-05
2020-04-16,IC,front,1.4101464072180943,14101464.072180944,13.437644436992434,IC2005,0.011138518461497604,0.011138518461500005,0.009292376474327232,0.001846141987172774,2.526465409459054e-15,0.009152075919335756,False,0.9999999999999233,13885924.255411584,13885924.255410502,14115976.728172895,14115976.72817181,0.0003523440216213203,3.523440216213203e-08
2020-04-17,IC,front,1.4114364210840444,14114364.210840445,13.437644436993466,IC2005,0.0009148084619774455,0.0009148084619774046,0.0002820659424426609,0.0006327425195347437,7.770849529904575e-18,0.00027835402494269523,False,1.0000000000000009,14051476.034875315,14051476.034875328,14113826.705062965,14113826.705062978,1.0958035545627354e-06,1.0958035545627354e-10
2020-04-20,IC,front,1.4231002964553547,14231002.964553548,13.437644436993455,IC2005,0.00826383335237435,0.00826383335237436,0.012060626832705007,-0.0037967934803306473,7.974143763270371e-20,0.011909484906316825,False,1.0,14111676.681953046,14111676.681953048,14225090.40100127,14225090.40100127,1.1254996934439987e-08,1.1254996934439987e-12
2020-04-21,IC,front,1.412511432639004,14125114.326390041,13.437644436993455,IC2005,-0.007440701012237372,-0.00744070101223743,-0.007159314095784835,-0.0002813869164525952,0.0,-0.007044124724301715,False,1.0,13911724.532730583,13911724.532730583,14079426.335304264,14079426.335304264,0.0,0.0
2020-04-22,IC,front,1.4294966152073638,14294966.152073639,13.437644436993455,IC2005,0.012024810685338005,0.012024810685338066,0.008322234483808321,0.0037025762015297455,0.0,0.008185064035868939,False,1.0,14009550.584231896,14009550.584231896,14244978.114768023,14244978.11476802,0.0,0.0
2020-04-23,IC,front,1.4197140100572327,14197140.100572327,13.437644436993455,IC2005,-0.006843391614965166,-0.00684339161496515,-0.005608197029516811,-0.001235194585448339,0.0,-0.005536767626521555,False,1.0,14145002.040156791,14145002.040156791,14209502.73345436,14209502.73345436,0.0,0.0
2020-04-24,IC,front,1.4018688182449053,14018688.182449052,13.437644436993457,IC2005,-0.012569568015749932,-0.012569568015749924,-0.015946692916366897,0.0033771249006169742,1.3180219969434478e-20,-0.015722900673598605,False,1.0000000000000002,13943437.37360189,13943437.373601891,13992887.905130027,13992887.905130029,1.871214294624224e-09,1.871214294624224e-13
2020-04-27,IC,front,1.3982675295357911,13982675.29535791,13.437644436993455,IC2005,-0.00256891990337782,-0.0025689199033778675,-0.0015010927495111243,-0.0010678271538667433,1.3254230565873526e-20,-0.001484768324942376,False,1.0,13947199.91404425,13947199.914044248,13995575.434017425,13995575.434017424,1.858069254012662e-09,1.8580692540126621e-13
2020-04-28,IC,front,1.3873561622529524,13873561.622529523,13.437644436993457,IC2005,-0.00780349042823103,-0.007803490428231022,-0.00727877296840161,-0.0005247174598294132,1.3219257643921507e-20,-0.007191799032231105,False,1.0000000000000002,13585458.525800385,13585458.525800385,13890224.301631395,13890224.301631397,1.8484058728063246e-09,1.8484058728063248e-13
2020-04-29,IC,front,1.394343737360189,13943437.37360189,13.437644436993455,IC2005,0.005036612297082632,0.005036612297082639,-0.00020146449188329958,0.005238076788965939,1.3207478056698611e-20,-0.00019893455244501812,False,1.0,13851523.885652855,13851523.885652853,13925699.68294506,13925699.682945058,1.8323476069781466e-09,1.8323476069781466e-13
2020-04-30,IC,front,1.432990402760982,14329904.027609821,13.437644436993455,IC2005,0.02771674183724615,0.027716741837246095,0.02448826182491023,0.0032284800123358634,0.0,0.024307369121892464,False,1.0,14047713.49443296,14047713.494432958,14327754.004499901,14327754.004499901,0.0,0.0
2020-05-06,IC,front,1.4549206384821556,14549206.384821557,13.437644436993455,IC2005,0.01530382595648927,0.015303825956489192,0.01827831957989498,-0.0029744936234057883,0.0,0.01820368855367893,False,0.9999999999999999,14254115.712985178,14254115.712985178,14559418.994593669,14559418.994593669,0.0,0.0
2020-05-07,IC,front,1.451964356706017,14519643.56706017,13.437644436993457,IC2005,-0.00203191960987148,-0.002031919609871435,-0.0010288902024530276,-0.0010030294074184075,1.3234885553061652e-20,-0.001021770873843364,False,1.0000000000000002,14450842.827542765,14450842.827542765,14545443.844379196,14545443.844379198,1.9255708139098715e-09,1.9255708139098716e-13
2020-05-08,IC,front,1.4728293707233053,14728293.707233053,13.629372927439803,IC2006,0.014370197120143757,0.014571699346962732,0.011553403709109381,0.00301829563785335,0.00020150222681901276,0.011375843547720699,True,0.9998992638451345,14592545.152875751,14591061.481199957,14733745.456404028,14732261.784728235,29257405.11380978,2925.740511380978
2020-05-11,IC,front,1.4680852135866798,14680852.135866798,13.630746036383456,IC2006,-0.003221117959031128,-0.0032211078417844,-0.002130854914499665,-0.0010902529272847352,1.0117246812648447e-08,-0.0020898015505564915,False,1.0000004478731601,14636143.28886746,14636149.864027102,14669947.539037691,14669954.11419733,1490.0978256525377,0.14900978256525377
2020-05-12,IC,front,1.4723380052097448,14723380.052097447,13.630739931540889,IC2006,0.0028968288650459417,0.0028968289098896703,0.0030212432315437376,-0.0001244143216540671,4.4843869850527076e-11,0.0029602324519348855,False,0.9999999994808094,14587617.882379299,14587617.87473506,14719563.444916613,14719563.437272374,6.583462224756431,0.0006583462224756431
2020-05-13,IC,front,1.480570972134858,14805709.721348582,13.630739938617841,IC2006,0.0055917641845701915,0.005591764184622069,0.004410457711560788,0.0011813064730612805,5.1765250804690093e-14,0.004321119790438255,False,0.9999999999985221,14657952.500413965,14657952.500392083,14807345.410141217,14807345.410119334,0.007621594610895954,7.621594610895954e-07
2020-05-14,IC,front,1.4744644006423553,14744644.006423553,13.630739938637987,IC2006,-0.004124470631554855,-0.004124470631554655,-0.009053581292573335,0.00492911066101868,1.4731141505184102e-16,-0.008881414957335965,False,0.9999999999999953,14675945.077132817,14675945.077132747,14723925.281716824,14723925.281716753,2.1810500498986585e-05,2.1810500498986584e-09
2020-05-15,IC,front,1.4733739414472644,14733739.414472643,13.630739938638051,IC2006,-0.0007395629183152286,-0.0007395629183153004,0.0038494249898311035,-0.004588987908146404,4.716151529165676e-19,0.003794347115330332,False,1.0,14731558.49608246,14731558.49608246,14789352.833422286,14789352.833422285,6.953797537789796e-08,6.953797537789797e-12
2020-05-18,IC,front,1.4692301965059182,14692301.965059182,13.630739938638053,IC2006,-0.002812419050438608,-0.0028124190504386502,-0.00538615253672808,0.0025737334862894297,1.3104329604094786e-20,-0.00528510710920449,False,1.0000000000000002,14644866.990072723,14644866.990072723,14741372.628838278,14741372.62883828,1.9307577758809202e-09,1.9307577758809204e-13
2020-05-19,IC,front,1.4868956354663931,14868956.35466393,13.630739938638051,IC2006,0.012023601885182034,0.01202360188518206,0.012814042379485732,-0.0007904404943036732,1.3133066947704514e-20,0.012604903975673709,False,1.0,14771360.256703284,14771360.256703282,14866230.206676204,14866230.206676204,1.929549853230128e-09,1.9295498532301282e-13
2020-05-20,IC,front,1.4749005843203915,14749005.843203915,13.630739938638051,IC2006,-0.008067177587913976,-0.008067177587913902,-0.010667008910564388,0.002599831322650486,0.0,-0.010486888685407814,False,1.0,14702116.097815001,14702116.097815001,14733739.414472641,14733739.414472643,0.0,0.0
2020-05-21,IC,front,1.4566353928026166,14566353.928026166,13.63073993863805,IC2006,-0.012384015378359314,-0.012384015378359394,-0.011742634283390582,-0.0006413810949688118,1.3080648666396698e-20,-0.011572581379674651,False,0.9999999999999999,14552177.958489982,14552177.95848998,14595796.326293625,14595796.326293623,1.929265636135824e-09,1.929265636135824e-13
2020-05-22,IC,front,1.4360802369751506,14360802.369751506,13.63073993863805,IC2006,-0.014111393921245607,-0.014111393921245627,-0.0183298397963768,0.004218445875131172,0.0,-0.018049563504276556,False,0.9999999999999999,14317184.001947863,14317184.001947861,14395697.063994419,14395697.063994417,0.0,0.0
2020-05-25,IC,front,1.4324817216313501,14324817.216313502,13.630739938638051,IC2006,-0.00250578989331407,-0.0025057898933140625,-0.0022077527620637076,-0.0002980371312503549,1.3027538260654419e-20,-0.002182713584060636,False,1.0,14271929.945351586,14271929.945351584,14311186.476374865,14311186.476374863,1.8708590232563438e-09,1.870859023256344e-13
2020-05-26,IC,front,1.456744438722126,14567444.38722126,13.630739938638053,IC2006,0.016937540440756793,0.01693754044075667,0.019717961405244868,-0.002780420964488197,1.3103418470986355e-20,0.019488018658541106,False,1.0000000000000002,14380975.86486069,14380975.864860691,14555994.565672802,14555994.565672804,1.8770407450574567e-09,1.8770407450574568e-13
2020-05-27,IC,front,1.4452400942139152,14452400.942139152,13.630739938638053,IC2006,-0.007897297701923933,-0.007897297701923933,-0.009489857025226445,0.0015925593233025127,0.0,-0.00935572606965418,False,1.0000000000000002,14391880.4568116,14391880.456811601,14423503.773469241,14423503.773469243,0.0,0.0
2020-05-28,IC,front,1.4401149359969876,14401149.359969875,13.630739938638051,IC2006,-0.003546233070509608,-0.00354623307050954,-0.0015712830573056035,-0.0019749500132039363,1.3012325538609807e-20,-0.0015513548747555506,False,1.0,14240306.628693948,14240306.628693946,14373342.65049505,14373342.65049505,1.880593458736257e-09,1.8805934587362573e-13
2020-05-29,IC,front,1.4499835917125614,14499835.917125614,13.630739938638053,IC2006,0.006852686177261091,0.006852686177261163,0.00855071366372621,-0.0016980274864650475,1.3005348048094726e-20,0.008425399679547585,False,1.0000000000000002,14331359.971484046,14331359.971484048,14493838.391552614,14493838.391552616,1.872919597190048e-09,1.8729195971900482e-13
2020-06-01,IC,front,1.5059786713804866,15059786.713804865,13.630739938638053,IC2006,0.03861773332330598,0.03861773332330594,0.030672332104985982,0.007945401218319959,0.0,0.03017568262447412,False,1.0,14672128.46995,14672128.46995,15037977.529903045,15037977.529903045,0.0,0.0
2020-06-02,IC,front,1.5056515336219591,15056515.336219592,13.630739938638053,IC2006,-0.00021722602367768573,-0.00021722602367760385,-0.000550305926650006,0.0003330799029724022,0.0,-0.000545831926858531,False,1.0000000000000002,14980183.19256322,14980183.19256322,15043429.8258785,15043429.825878501,0.0,0.0
2020-06-03,IC,front,1.502652770835459,15026527.708354589,13.630739938638051,IC2006,-0.0019916711931921016,-0.001991671193192105,0.0010628281730944778,-0.0030544993662865835,1.3060306301323837e-20,0.0010545339570715573,False,0.9999999999999999,15021620.641976677,15021620.641976677,15072872.224145958,15072872.224145956,1.9664270212160773e-09,1.9664270212160773e-13
2020-06-04,IC,front,1.5041248907488316,15041248.907488316,13.630739938638053,IC2006,0.0009796806966617666,0.0009796806966617618,0.0008055152394774301,0.00017416545718433178,1.3084951470872113e-20,0.0007967970195483787,False,1.0000000000000002,14960554.927051581,14960554.927051581,15046701.203463772,15046701.203463772,1.9662138583953492e-09,1.9662138583953493e-13
2020-06-05,IC,front,1.510558599999869,15105585.999998689,13.630739938638051,IC2006,0.004277377025410534,0.004277377025410587,0.0015713923224707424,0.0027059847029398437,1.3062697020761707e-20,0.001554668938001491,False,1.0,14968188.141417218,14968188.141417217,15072872.224145958,15072872.224145956,1.964792772923829e-09,1.964792772923829e-13
2020-06-08,IC,front,1.505433441782941,15054334.41782941,13.630739938638051,IC2006,-0.0033928893701498097,-0.0033928893701498253,-0.0018263851290380602,-0.0015665042411117651,0.0,-0.0018118601644997456,False,0.9999999999999999,15018349.264391406,15018349.264391404,15039067.989098135,15039067.989098135,0.0,0.0
2020-06-09,IC,front,1.5155201893375332,15155201.893375332,13.630739938638051,IC2006,0.006700228169932432,0.006700228169932272,0.006352540654087126,0.00034768751584514655,0.0,0.006292038096604724,False,0.9999999999999999,15023801.56036686,15023801.56036686,15142116.383034239,15142116.383034237,0.0,0.0
2020-06-10,IC,front,1.516665171492379,15166651.714923788,13.630739938638051,IC2006,0.0007555043891207536,0.0007555043891207039,0.0008742265074110793,-0.00011872211829037532,0.0,0.0008662514838566615,False,0.9999999999999999,15062512.861792592,15062512.86179259,15157382.811765514,15157382.811765512,0.0,0.0
2020-06-11,IC,front,1.5148113908607244,15148113.908607243,13.630739938638053,IC2006,-0.0012222741489016364,-0.00122227414890162,-0.004698565625336919,0.0034762914764352995,1.3027306372334924e-20,-0.004655188380193742,False,1.0,15035796.611512862,15035796.611512862,15109947.836779056,15109947.836779056,1.9758061853281106e-09,1.9758061853281107e-13
2020-06-12,IC,front,1.5293469520042906,15293469.520042906,13.846539221761647,IC2007,0.0095956244000166,0.009793400815052491,0.0007370054064204178,0.009056395408632073,0.00019777641503580142,0.0004276180422606579,True,0.9957830482941719,15010446.258350099,14945954.435969522,15305654.474558057,15241162.652177481,29959396.63398302,2995.939663398302
2020-06-15,IC,front,1.5207569995116046,15207569.995116046,13.90517668028341,IC2007,-0.0056167454228933655,-0.005616325813500414,-0.00016560262129879262,-0.005450723192201622,4.1960939289880794e-07,-0.0001520167254165372,False,0.9999794463881475,15207569.995116046,15207257.424625147,15258184.838232277,15257872.267741378,64172.83460621627,6.417283460621627
2020-06-16,IC,front,1.5566882438264835,15566882.438264836,13.90546248776201,IC2007,0.02362720955840958,0.02362721164451745,0.019139593285736202,0.004487618358781246,2.0861077828292124e-09,0.018720575819584084,False,1.000000302407049,15368312.433939595,15368317.141474575,15535734.202292249,15535738.909827229,317.2463012473159,0.03172463012473159
2020-06-17,IC,front,1.5625841582930784,15625841.582930785,13.905458282653406,IC2007,0.0037874728546174463,0.003787472884871127,0.0071676142582681734,-0.0033801413733970465,3.0253671223532873e-11,0.007044405035731227,False,0.9999999999009654,15496242.711736454,15496242.710188955,15609155.032991601,15609155.031444103,4.709553432626521,0.00047095534326265214
2020-06-18,IC,front,1.5739866340863262,15739866.340863261,13.905458284030528,IC2007,0.007297191471404174,0.007297191471414135,-0.00018153988542678193,0.007478731356840916,9.880552512619075e-15,-0.00017784225043682156,False,0.9999999999997824,15588018.736401645,15588018.736398222,15707049.45931295,15707049.459309524,0.0015439194831401437,1.5439194831401438e-07
2020-06-19,IC,front,1.5890601508662188,15890601.508662188,13.905458284033555,IC2007,0.009576648526397946,0.009576648526397816,0.009320446674676693,0.00025620185172112305,2.174549008511814e-17,0.009198869977678603,False,0.9999999999999998,15718730.044271532,15718730.04427153,15915631.33357345,15915631.333573446,3.422711074563267e-06,3.4227110745632674e-10
2020-06-22,IC,front,1.588392688868585,15883926.88868585,13.905458284033557,IC2007,-0.00042003570303483784,-0.0004200357030348541,-0.0005460464139451666,0.00012601071091031246,1.280895955857207e-20,-0.0005391254762706632,False,1.0,15870577.648733182,15870577.64873318,15892826.381987633,15892826.381987633,2.035420720858383e-09,2.035420720858383e-13
2020-06-23,IC,front,1.5955679053431464,15955679.053431464,13.905458284033555,IC2007,0.004517281227019776,0.004517281227019676,0.003556045803130651,0.000961235423889025,1.2749031213173929e-20,0.0035113925757648268,False,0.9999999999999998,15789925.990685785,15789925.990685783,15959016.363419631,15959016.36341963,2.0250467969162855e-09,2.0250467969162855e-13
2020-06-24,IC,front,1.5975146695029112,15975146.695029112,13.905458284033557,IC2007,0.0012201073694484421,0.001220107369448511,-0.002658091054869972,0.003878198424318483,1.2802584610758989e-20,-0.0026273443664568408,False,1.0,15873914.958721349,15873914.958721347,15936767.630165178,15936767.630165178,2.042739311036712e-09,2.0427393110367122e-13
2020-06-29,IC,front,1.5881702015360408,15881702.015360408,13.905458284033557,IC2007,-0.005849378503533953,-0.005849378503533904,-0.004639462414261436,-0.0012099160892724682,0.0,-0.004603486903813958,False,1.0,15765452.384105887,15765452.384105885,15826636.400555635,15826636.400555633,0.0,0.0
2020-06-30,IC,front,1.6137006229455262,16137006.229455262,13.905458284033559,IC2007,0.016075368612755048,0.0160753686127551,0.0178580184218822,-0.001782649809127098,1.2843428428349283e-20,0.017697364310951702,False,1.0000000000000002,15956235.271762826,15956235.271762827,16128662.954484843,16128662.954484845,2.0397550315465196e-09,2.0397550315465197e-13
2020-07-01,IC,front,1.6212095704189045,16212095.704189043,13.905458284033557,IC2007,0.004653246932303956,0.004653246932303875,0.0030108231076796258,0.00164242382462425,1.2849823791873805e-20,0.0029789817236829386,False,0.9999999999999999,16035774.4931475,16035774.493147498,16174272.857656473,16174272.857656473,2.0735768657687004e-09,2.0735768657687004e-13
2020-07-02,IC,front,1.6559175942958522,16559175.94295852,13.905458284033557,IC2007,0.021408721309225553,0.02140872130922568,0.016020516691254576,0.005388204617971102,0.0,0.01587754956315046,False,1.0,16168710.67434286,16168710.67434286,16527471.498070925,16527471.498070925,0.0,0.0
2020-07-03,IC,front,1.6783331930497143,16783331.930497143,13.905458284033557,IC2007,0.013536663195727439,0.013536663195727447,0.01280272748648021,0.0007339357092472377,0.0,0.01275756115194615,False,1.0,16550276.44965674,16550276.44965674,16739390.682319596,16739390.682319596,0.0,0.0
2020-07-06,IC,front,1.7535339114497677,17535339.114497676,13.905458284033559,IC2007,0.04480678730032461,0.044806787300324724,0.04115297938622646,0.0036538079140982665,1.2887143605397773e-20,0.04103934389929109,False,1.0000000000000002,16922942.73166884,16922942.73166884,17580949.01766931,17580949.01766931,2.162892087653745e-09,2.162892087653745e-13
2020-07-07,IC,front,1.7800099040225674,17800099.040225673,13.905458284033557,IC2007,0.015098648734377829,0.015098648734377945,0.01271490198566264,0.0023837467487153046,1.2885555762357698e-20,0.012725679618277308,False,1.0,17667162.859030314,17667162.859030318,17910230.26983522,17910230.269835223,2.2595258997171186e-09,2.2595258997171186e-13
2020-07-08,IC,front,1.812103701742117,18121037.01742117,13.905458284033555,IC2007,0.018030123117305452,0.018030123117305254,0.0242781701143679,-0.006248046997062647,1.2850772482013618e-20,0.02435568484787698,False,0.9999999999999998,17706654.36055697,17706654.360556968,18136054.912367925,18136054.91236792,2.2874502292324905e-09,2.287450229232491e-13
2020-07-09,IC,front,1.8654450397196698,18654450.3971967,13.905458284033557,IC2007,0.029436139844685183,0.029436139844685252,0.024299395316001095,0.005136744528684159,1.27682555266083e-20,0.024226446043253524,False,1.0,18096007.19250991,18096007.192509912,18538200.76594218,18538200.76594218,2.3137403104556142e-09,2.3137403104556144e-13
2020-07-10,IC,front,1.8613058319334532,18613058.319334533,13.956644020048406,IC2008,-0.002218884876307392,-0.0020198679494407945,-0.002574009081174166,0.0005541411317333711,0.0001990169268665852,-0.002585994397759195,True,0.9985946383046738,18448928.185658764,18422770.106463898,18590169.423141655,18564011.34394679,37125513.90435237,3712.551390435237
2020-07-13,IC,front,1.9178701031744794,19178701.031744793,13.976285756693798,IC2008,0.030389563214482163,0.03038970436692739,0.03349431378476913,-0.0031046094178417377,1.411524451604223e-07,0.033413016517785055,False,1.0000061179858069,18694562.493132923,18694679.828153625,19125591.145869356,19125708.48089006,26272.786936876095,2.6272786936876096
2020-07-14,IC,front,1.8842153786248417,18842153.786248416,13.976200250499033,IC2008,-0.01754796870441433,-0.017547968094345636,-0.01337812852231754,-0.004169839572028097,6.100687240210251e-10,-0.01330382403413588,False,1.0000000182285085,18469268.7635651,18469269.10702946,18806374.713607136,18806375.0570715,117.00325666817264,0.011700325666817264
2020-07-15,IC,front,1.8420631597358856,18420631.597358856,13.976199995733753,IC2008,-0.022371231743008035,-0.022371231741169076,-0.025054889606007668,0.0026836578648385926,1.8388597498772384e-12,-0.02480856320682512,False,0.9999999998381287,18275279.117403228,18275279.114421453,18538031.67732302,18538031.67434125,0.3464807819852922,3.464807819852922e-05
2020-07-16,IC,front,1.7514414789474915,17514414.789474916,13.976199997996098,IC2008,-0.049195751138841226,-0.04919575113882488,-0.04838239757216466,-0.0008133535666602195,1.6260814592967608e-14,-0.04802646245428421,False,1.000000000000792,17279055.581508663,17279055.581522536,17667034.89345303,17667034.893466905,0.0029953447509001307,2.995344750900131e-07
2020-07-17,IC,front,1.7612807237460852,17612807.23746085,13.976199997985026,IC2008,0.005617798206141833,0.0056177982061418425,0.0039244789172979844,0.0016933192888438577,7.991853139360634e-17,0.003890822784810233,False,0.999999999999993,17473045.237481,17473045.23748088,17650822.50145537,17650822.501455247,1.3997263081932942e-05,1.3997263081932942e-09
2020-07-20,IC,front,1.8018117037402417,18018117.037402418,13.976199997985123,IC2008,0.023012220282494722,0.02301222028249475,0.02892239327090926,-0.005910172988414511,7.081622427830407e-19,0.028723684272742522,False,1.0000000000000002,17587650.07746448,17587650.07746448,17947117.941412654,17947117.941412657,1.2472725074985647e-07,1.2472725074985647e-11
2020-07-21,IC,front,1.814502093338412,18145020.93338412,13.976199997985121,IC2008,0.007043127520943049,0.007043127520943165,0.005660874961216225,0.0013822525597269398,1.2760740946866327e-20,0.005590769178912325,False,1.0000000000000002,17979542.72540798,17979542.72540798,18094147.565391455,18094147.56539146,2.299245238646108e-09,2.2992452386461083e-13
2020-07-22,IC,front,1.8278074357364942,18278074.35736494,13.97619999798512,IC2008,0.00733277875342786,0.007332778753427668,0.008837846997565993,-0.0015050682441383255,1.2666011724393259e-20,0.008741003028954752,False,1.0,18030416.093400642,18030416.093400642,18320002.957358897,18320002.957358897,2.298250478816044e-09,2.298250478816044e-13
2020-07-23,IC,front,1.8303231517361314,18303231.517361313,13.976199997985121,IC2008,0.0013763572411682468,0.0013763572411683747,-9.175714941114007e-05,0.0014681143905795147,1.2682658085824323e-20,-9.062499527989765e-05,False,1.0000000000000002,17776049.253437314,17776049.253437318,18279751.5013647,18279751.501364704,2.318145675417327e-09,2.318145675417327e-13
2020-07-24,IC,front,1.7341668957499936,17341668.957499936,13.97619999798512,IC2008,-0.05253512522907766,-0.052535125229077585,-0.051330177153329354,-0.001204948075748228,1.2625240974781367e-20,-0.05077121308018484,False,1.0,17249426.037513234,17249426.037513234,17385274.70149365,17385274.70149365,2.310827085238998e-09,2.3108270852389977e-13
2020-07-27,IC,front,1.7351731821498486,17351731.821498487,13.97619999798512,IC2008,0.0005802707930369078,0.0005802707930368095,0.002379110251450712,-0.0017988394584139023,0.0,0.002348829881699155,False,1.0,17224827.92551678,17224827.92551678,17348377.53349897,17348377.53349897,0.0,0.0
2020-07-28,IC,front,1.7475840477480593,17475840.477480594,13.976199997985121,IC2008,0.00715252271409228,0.007152522714092343,0.009813776660867336,-0.0026612539467749927,1.2855649727605221e-20,0.009671775624966239,False,1.0000000000000002,17331606.093501385,17331606.09350139,17421612.821488414,17421612.821488418,2.2306778646452585e-09,2.2306778646452587e-13
2020-07-29,IC,front,1.8172973333380091,18172973.333380092,13.97619999798512,IC2008,0.03989123480486234,0.03989123480486238,0.027288867562380133,0.01260236724248225,1.2664738903237073e-20,0.026826905840878323,False,1.0,17409872.813490104,17409872.813490104,18091911.373391777,18091911.373391777,2.213269567619136e-09,2.2132695676191361e-13
2020-07-30,IC,front,1.8037683717399597,18037683.717399597,13.97619999798512,IC2008,-0.007444550404528183,-0.007444550404528199,-0.0028962992586213485,-0.0045482511459068505,0.0,-0.002883494863152758,False,1.0,17953826.517411686,17953826.517411686,18030975.141400564,18030975.141400564,0.0,0.0
2020-07-31,IC,front,1.8213783837374211,18213783.83737421,13.976199997985121,IC2008,0.009762900976290068,0.009762900976290097,0.010573376724004414,-0.0008104757477143173,1.273547480210268e-20,0.010478480950450342,False,1.0,17791143.54943514,17791143.549435142,18162910.469381545,18162910.469381545,2.297184664712404e-09,2.297184664712404e-13
2020-08-03,IC,front,1.8639778413312798,18639778.413312797,13.976199997985121,IC2008,0.023388581952117793,0.023388581952117814,0.02457642725598532,-0.0011878453038675094,0.0,0.024338606647445804,False,1.0,18326711.53335793,18326711.53335793,18607353.629317474,18607353.629317474,0.0,0.0
2020-08-04,IC,front,1.8544740253326497,18544740.253326498,13.976199997985121,IC2008,-0.005098674344670373,-0.005098674344670385,-0.006313358526783092,0.001214684182112706,0.0,-0.006246466888532476,False,1.0,18427340.173343424,18427340.173343424,18536354.533327706,18536354.533327706,0.0,0.0
2020-08-05,IC,front,1.8680588917306915,18680588.917306915,13.976199997985121,IC2008,0.007325455203183395,0.007325455203183463,0.011324309658748359,-0.003998854455564896,0.0,0.011217266797159064,False,1.0,18361372.509352937,18361372.509352934,18678352.725307237,18678352.725307237,0.0,0.0
2020-08-06,IC,front,1.8710777509302563,18710777.509302564,13.976199997985123,IC2008,0.0016160407002843158,0.0016160407002843305,-0.0003800688313631548,0.0019961095316474854,1.27520903460507e-20,-0.0003750273149816241,False,1.0,18264098.157366958,18264098.157366958,18681707.01330675,18681707.01330675,2.382165575909312e-09,2.382165575909312e-13
2020-08-07,IC,front,1.8510638325331417,18510638.325331416,13.976199997985123,IC2008,-0.010696465385879539,-0.010696465385879525,-0.012163494577071329,0.001467029191191804,0.0,-0.012026054975407319,False,1.0,18068431.35739517,18068431.357395165,18481008.78133569,18481008.78133569,0.0,0.0
2020-08-10,IC,front,1.8625802213314813,18625802.213314813,13.976199997985123,IC2008,0.006221497387575159,0.006221497387575097,0.005499682884841906,0.0007218145027331912,0.0,0.005444857734030251,False,1.0,18312176.285360027,18312176.285360027,18671644.149308205,18671644.149308205,0.0,0.0
2020-08-11,IC,front,1.8227760037372198,18227760.037372198,13.976199997985121,IC2008,-0.021370471531050095,-0.02137047153105016,-0.018676651559264016,-0.002693819971786145,1.2710632885313691e-20,-0.018504750717440066,False,1.0,18146698.077383883,18146698.077383883,18342923.925355595,18342923.925355595,2.367457341279078e-09,2.367457341279078e-13
2020-08-12,IC,front,1.8022589421401776,18022589.421401776,13.976199997985123,IC2008,-0.01125594234013183,-0.011255942340131823,-0.011110259162705216,-0.00014568317742660725,1.2707920851649887e-20,-0.010975859169652491,False,1.0,17657531.077454407,17657531.077454403,17987928.445406772,17987928.445406772,2.3163693185779266e-09,2.3163693185779267e-13
2020-08-13,IC,front,1.8100856141390491,18100856.14139049,13.976199997985123,IC2008,0.004342701160121587,0.004342701160121595,0.0037626403623053878,0.000580060797816207,0.0,0.0037160713191592976,False,1.0,17976747.485408384,17976747.485408384,18084084.701392908,18084084.70139291,0.0,0.0
2020-08-14,IC,front,1.8461295108083964,18461295.108083963,14.161651234110355,IC2009,0.01991281317734317,0.020112543027126888,0.01111468655489328,0.008997856472233608,0.00019972984978371665,0.01082003339102,True,1.0052993068292104,17930516.419829506,18028348.487071846,18311181.605002392,18409013.67224473,36152812.780765876,3615.2812780765876
2020-08-17,IC,front,1.8680175323981336,18680175.323981337,14.086999899340691,IC2009,0.011856167978243848,0.011856699316123022,0.018483011029352476,-0.006626311713229453,5.3133787913062e-07,0.018266611912626907,False,0.9999866180346132,18321238.56654614,18320988.589086533,18659326.564130314,18659076.586670708,98091.85388733822,9.809185388733823
2020-08-18,IC,front,1.876413486651545,18764134.86651545,14.087188413608441,IC2009,0.004494580006769278,0.004494581345369583,0.0067644956488771635,-0.002269914303507581,1.3386002057112613e-09,0.006649813553164963,False,1.000000005351219,18685810.09893579,18685810.19934678,18767515.791734714,18767515.89214571,250.05286531403846,0.025005286531403846
2020-08-19,IC,front,1.840068540709278,18400685.40709278,14.087188338224813,IC2009,-0.0193693693851692,-0.01936936938463561,-0.018487987993459607,-0.0008813813911760024,5.335952641858891e-13,-0.01813562317730566,False,1.0000000000161118,18370257.08028221,18370257.080578685,18483518.07452154,18483518.07481801,0.10012453501317964,1.0012453501317964e-05
2020-08-20,IC,front,1.8301511601191294,18301511.601191293,14.08718833799784,IC2009,-0.005389679987858442,-0.00538967998785678,-0.011097841065795986,0.005708161077939205,1.600587937871845e-15,-0.010872646922492013,False,1.0000000000001084,18201210.820224747,18201210.82022673,18284606.975185696,18284606.975187678,0.0002945191511116718,2.9451915111167182e-08
2020-08-21,IC,front,1.8375891955615926,18375891.955615927,14.087188337996317,IC2009,0.004064164537086246,0.004064164537086181,0.007720373164198936,-0.003656208627112754,1.0892768725633123e-17,0.0076056410653053685,False,0.9999999999999994,18224313.809099086,18224313.809099074,18344336.653738815,18344336.653738804,1.9935413320126827e-06,1.9935413320126828e-10
2020-08-24,IC,front,1.843562163416903,18435621.63416903,14.087188337996325,IC2009,0.0032504369691208623,0.003250436969120816,0.006902578884425566,-0.00365214191530475,6.351073712801696e-20,0.006776099723958984,False,1.0,18231639.147034843,18231639.147034846,18468303.911113184,18468303.911113184,1.1670664434859646e-08,1.1670664434859646e-12
2020-08-25,IC,front,1.8379836368350568,18379836.36835057,14.087188337996325,IC2009,-0.003025949812024087,-0.003025949812024219,-0.0055643854876669405,0.002538435675642721,0.0,-0.005443297612782838,False,1.0,18304892.526392426,18304892.526392426,18365749.180012573,18365749.180012573,0.0,0.0
2020-08-26,IC,front,1.8133028828668873,18133028.828668874,14.087188337996327,IC2009,-0.013428168495922432,-0.013428168495922552,-0.01941719296094182,0.005989024465019267,1.2614372077749201e-20,-0.01904081893409293,False,0.9999999999999998,18009061.571294505,18009061.571294505,18095838.651456565,18095838.65145656,2.318500946785207e-09,2.318500946785207e-13
2020-08-27,IC,front,1.833982875347066,18339828.75347066,14.087188337996329,IC2009,0.011404599129894333,0.01140459912989429,0.008220944686140437,0.003183654443753852,1.2643040269727835e-20,0.008107718805739683,False,1.0,18068791.24984761,18068791.24984761,18271646.761914756,18271646.761914756,2.2925661369299632e-09,2.2925661369299633e-13
2020-08-28,IC,front,1.8764134866211108,18764134.86621111,14.087188337996327,IC2009,0.023135772882293404,0.023135772882293355,0.01727040894706118,0.005865363935232174,1.2591136307691828e-20,0.017088248750910084,False,0.9999999999999998,18190504.5570879,18190504.557087895,18706659.137792084,18706659.137792084,2.3091928369467496e-09,2.30919283694675e-13
2020-08-31,IC,front,1.8566914229479161,18566914.22947916,14.087188337996327,IC2009,-0.010510510510510551,-0.01051051051051051,-0.0034204204204203816,-0.0070900900900901275,0.0,-0.00340446645673953,False,1.0,18566914.22947916,18566914.22947916,18650873.87197362,18650873.871973615,0.0,0.0
2020-09-01,IC,front,1.8750611165406632,18750611.165406633,14.087188337996327,IC2009,0.009893778452200408,0.009893778452200276,0.006377845220030309,0.003515933232169967,0.0,0.006302832900697775,False,0.9999999999999998,18548882.628406525,18548882.628406525,18679611.736183133,18679611.73618313,0.0,0.0
2020-09-02,IC,front,1.864861992183954,18648619.92183954,14.087188337996329,IC2009,-0.005439355691789882,-0.005439355691789853,0.0010668349561245888,-0.006506190647914441,1.2666195641984186e-20,0.001058049671706529,False,1.0,18468867.398646705,18468867.398646705,18694262.412054647,18694262.412054647,2.374989094278135e-09,2.374989094278135e-13
2020-09-03,IC,front,1.8583818855484757,18583818.855484758,14.087188337996327,IC2009,-0.003474845142770744,-0.003474845142770811,-0.008356247167245865,0.004881402024475055,1.25944923694028e-20,-0.008233644358963677,False,0.9999999999999998,18456470.672909267,18456470.672909267,18531978.00240093,18531978.002400927,2.348699013055011e-09,2.348699013055011e-13
2020-09-04,IC,front,1.8535358927602048,18535358.92760205,14.087188337996329,IC2009,-0.0026076409945422485,-0.0026076409945421175,-0.006620679199514865,0.004013038204972747,1.2429266252383959e-20,-0.006554842583211373,False,1.0,18275027.687115878,18275027.687115878,18495914.80025566,18495914.80025566,2.3098323254089337e-09,2.309832325408934e-13
2020-09-07,IC,front,1.8090767263654883,18090767.263654884,14.087188337996329,IC2009,-0.023986137289475296,-0.023986137289475313,-0.02124551589955608,-0.002740621389919234,0.0,-0.02111782285626218,False,1.0,18040053.385638095,18040053.3856381,18163457.155478947,18163457.155478947,0.0,0.0
2020-09-08,IC,front,1.8287987900386833,18287987.900386833,14.087188337996327,IC2009,0.010901728702694236,0.010901728702694284,0.007209157452110257,0.003692571250584027,1.2666291236615074e-20,0.007144830609324915,False,1.0,18037799.435504016,18037799.435504016,18293622.77572203,18293622.77572203,2.291429268552747e-09,2.2914292685527473e-13
2020-09-09,IC,front,1.7823110685232952,17823110.685232952,14.087188337996327,IC2009,-0.025419812047450363,-0.025419812047450314,-0.02709597904791251,0.001676167000462196,0.0,-0.02695437617814289,False,1.0,17668715.101048514,17668715.10104851,17890165.701721814,17890165.701721814,0.0,0.0
2020-09-10,IC,front,1.7530097167802627,17530097.167802628,14.087188337996327,IC2009,-0.01644008852355361,-0.01644008852355359,-0.01796553904521033,0.0015254505216567393,0.0,-0.01789983651535154,False,1.0,17448954.962975767,17448954.96297577,17594334.746623892,17594334.746623892,0.0,0.0
2020-09-11,IC,front,1.7702830741771653,17702830.741771653,14.264636565278966,IC2010,0.009853543441064483,0.010053562565507839,0.01248587316329003,-0.0024323105977821927,0.00020001912444325126,0.012252288082725382,True,0.9997508385770008,17495708.218843803,17491297.35634507,17716524.792874318,17712113.930375583,35063546.869090006,3506.3546869090005
2020-09-14,IC,front,1.7850041915240384,17850041.915240385,14.26819164821366,IC2010,0.008315685531657513,0.00831571065183298,0.006328653474268262,0.00198705717756472,2.5120175446614684e-08,0.00622151245965985,False,1.0000020484176455,17649716.50449947,17649753.0688403,17750735.301368818,17750771.86570965,4446.982141350279,0.4446982141350279
2020-09-15,IC,front,1.792651924696422,17926519.24696422,14.268162421057987,IC2010,0.004284434293599038,0.004284434498355657,0.005857526472425629,-0.0015730919740699722,2.047566212241968e-10,0.005768952204608935,False,1.000000001051684,17765003.648357842,17765003.667210877,17897982.922122102,17897982.940975137,36.549142712749116,0.003654914271274912
2020-09-16,IC,front,1.7883714759708167,17883714.759708166,14.268162406052388,IC2010,-0.002387774596192327,-0.0023877745960872664,-0.00541865648022796,0.0030308818841406934,1.0496750825866965e-13,-0.0053288414935784845,False,1.0000000000021192,17757013.477542423,17757013.47758032,17823788.477602746,17823788.477640644,0.01881702057104917,1.8817020571049172e-06
2020-09-17,IC,front,1.7954484845241883,17954484.845241882,14.268162406022153,IC2010,0.003957236317208457,0.003957236317208745,0.00210307962342157,0.0018541566937871753,2.1106261266092819e-16,0.002074336149478162,False,1.0000000000000084,17695945.742444757,17695945.742444914,18037810.91369305,18037810.913693205,3.774583561266809e-05,3.774583561266809e-09
2020-09-18,IC,front,1.8370544461001486,18370544.461001486,14.26816240602203,IC2010,0.023173018849931726,0.0231730188499317,0.016283098636320263,0.0068899202136114375,8.6045573093701695e-19,0.01609073004325401,False,1.0,17921382.70845991,17921382.708459914,18296920.74298641,18296920.742986415,1.5449039381110197e-07,1.5449039381110197e-11
2020-09-21,IC,front,1.8188482708700646,18188482.708700646,14.26816240602203,IC2010,-0.009910525661737224,-0.009910525661737323,-0.0036519821051323826,-0.006258543556604939,0.0,-0.0036339916561944907,False,1.0,18126844.247106627,18126844.24710663,18177638.905272067,18177638.905272067,0.0,0.0
2020-09-22,IC,front,1.7955626298234366,17955626.298234366,14.268162406022032,IC2010,-0.012802409865386388,-0.012802409865386482,-0.013698264771408014,0.0008958549060215311,1.2393539721268779e-20,-0.013544918057201816,False,1.0,17863739.332339585,17863739.332339585,17964187.19567798,17964187.195677977,2.254196829198918e-09,2.254196829198918e-13
2020-09-23,IC,front,1.804351817865546,18043518.17865546,14.268162406022032,IC2010,0.004894949302310714,0.004894949302310826,0.005304980769842043,-0.0004100314675312178,0.0,0.005249541962523585,False,1.0,17936792.323858418,17936792.323858418,18052079.076099075,18052079.076099075,0.0,0.0
2020-09-24,IC,front,1.7664555785151514,17664555.785151515,14.26816240602203,IC2010,-0.021002688597184904,-0.02100268859718491,-0.023310137592914663,0.002307448995729754,1.2380880153807238e-20,-0.023058402416759494,False,1.0,17522444.887587536,17522444.887587536,17674258.13558761,17674258.13558761,2.233946361229755e-09,2.233946361229755e-13
2020-09-25,IC,front,1.7719916255286883,17719916.255286884,14.26816240602203,IC2010,0.0031339859778360957,0.0031339859778360224,-0.0012519789344447674,0.00438596491228079,0.0,-0.0012410643367751772,False,1.0,17578946.81071538,17578946.810715385,17684531.212519947,17684531.212519947,0.0,0.0
2020-09-28,IC,front,1.7570385913271769,17570385.91327177,14.268162406022034,IC2010,-0.008438546766297517,-0.008438546766297435,-0.00940801339860862,0.0009694666323111848,2.498539904329534e-20,-0.009366847900155406,False,1.0000000000000002,17502469.460219108,17502469.460219108,17565249.374805603,17565249.374805603,4.427391786521184e-09,4.4273917865211844e-13
2020-09-29,IC,front,1.7730760058715456,17730760.058715455,14.26816240602203,IC2010,0.009127525498603184,0.009127525498603233,0.008169297732735689,0.0009582277658675434,2.5012010791161298e-20,0.008141174109447924,False,1.0,17592644.246625166,17592644.246625166,17789544.887828268,17789544.887828268,4.39470682067622e-09,4.39470682067622e-13
2020-09-30,IC,front,1.7586936981662753,17586936.981662754,14.268162406022029,IC2010,-0.00811150094956059,-0.00811150094956057,-0.005837383719058879,-0.00227411723050169,1.2503092525251399e-20,-0.005822979496754699,False,1.0,17415719.03279049,17415719.03279049,17562966.46882064,17562966.46882064,2.2168933355715126e-09,2.2168933355715128e-13
2020-10-09,IC,front,1.809037528888654,18090375.28888654,14.46151447362329,IC2011,0.02862569575069851,0.028829720057440934,0.02697624857031025,0.001853471487130682,0.0002040243067424477,0.02672103350827615,True,0.9992547309471402,17945760.14415031,17932277.94729288,18095002.9735181,18081520.776660673,35881626.25406859,3588.162625406859
2020-10-12,IC,front,1.8703869165486262,18703869.16548626,14.472300231109232,IC2011,0.03391272247274002,0.03391279771987316,0.029307624730841794,0.00460517298903137,7.524713329867237e-08,0.02881580126990224,False,1.0000070388216549,18237282.2060353,18237413.85923461,18632665.448349204,18632797.10154851,13612.488807858539,1.361248880785854
2020-10-13,IC,front,1.869865907535003,18698659.07535003,14.472198363885996,IC2011,-0.0002785568103653713,-0.0002785561069407508,0.0015815511496683182,-0.001860107256609069,7.034246747500618e-10,0.0015624092289157065,False,1.0000000052798026,18504152.729339406,18504152.828064635,18684186.876986146,18684186.975711375,131.56763084299882,0.013156763084299883
2020-10-14,IC,front,1.863845473030534,18638454.73030534,14.472198287475644,IC2011,-0.0032197145689477624,-0.0032197145684205023,-0.006660784498745525,0.0034410699303250225,5.271302987084494e-13,-0.006568061788320034,False,1.000000000009056,18562041.52334747,18562041.52351626,18614141.43718238,18614141.437351175,0.0985662974383672,9.85662974383672e-06
2020-10-15,IC,front,1.8515730488828421,18515730.48882842,14.472198287344582,IC2011,-0.006584464391105049,-0.006584464391104094,-0.007505357642012527,0.0009208932509084328,9.044266517721654e-16,-0.007425822440949137,False,1.0000000000000129,18456105.03188456,18456105.031884797,18510520.497444976,18510520.497445215,0.00016857115205937134,1.6857115205937135e-08
2020-10-16,IC,front,1.8397058462872196,18397058.462872196,14.472198287344396,IC2011,-0.006409254337970904,-0.006409254337970923,-0.004902297952165032,-0.0015069563858058908,1.2888387502573587e-18,-0.0048544591055162956,False,1.0,18246547.600683812,18246547.600683812,18380270.712858874,18380270.712858874,2.3863790943323693e-07,2.3863790943323694e-11
2020-10-19,IC,front,1.8181712152356513,18181712.152356513,14.472198287344396,IC2011,-0.011705475141598365,-0.011705475141598433,-0.011069855254877373,-0.0006356198867210601,0.0,-0.010944704044998477,False,1.0,18046831.264318462,18046831.26431846,18125560.023001615,18125560.023001615,0.0,0.0
2020-10-20,IC,front,1.8398216238735183,18398216.238735184,14.472198287344398,IC2011,0.011907794192562271,0.01190779419256229,0.010314251146204783,0.0015935430463575066,1.2264110193127995e-20,0.010189798563142505,False,1.0,18098931.1781529,18098931.178152904,18347274.100763734,18347274.100763734,2.2298252133623464e-09,2.2298252133623465e-13
2020-10-21,IC,front,1.8204867669616263,18204867.669616263,14.472198287344396,IC2011,-0.010509093197407338,-0.010509093197407223,-0.011500220250456146,0.000991127053048923,1.2261912550460429e-20,-0.011380779715745137,False,1.0,18035832.39362008,18035832.393620078,18164345.5144117,18164345.5144117,2.255973186038318e-09,2.255973186038318e-13
2020-10-22,IC,front,1.8122665583344146,18122665.583344147,14.472198287344396,IC2011,-0.004515390485881454,-0.004515390485881541,-0.005226087509539539,0.000710697023657998,0.0,-0.005176369800992453,False,0.9999999999999998,17922949.246978793,17922949.246978793,18122086.695412654,18122086.69541265,0.0,0.0
2020-10-23,IC,front,1.7855219358994021,17855219.358994022,14.472198287344396,IC2011,-0.014757554462403344,-0.014757554462403311,-0.016591068804701993,0.0018335143422986817,0.0,-0.016444150359181564,False,1.0,17801382.781365104,17801382.7813651,17874901.548664812,17874901.54866481,0.0,0.0
2020-10-26,IC,front,1.7888215971089165,17888215.971089166,14.472198287344396,IC2011,0.0018480093373103301,0.0018480093373102761,0.00018155881208661192,0.0016664505252236641,0.0,0.00018025963825740732,False,1.0,17557670.96220622,17557670.96220622,17832642.729665764,17832642.729665764,0.0,0.0
2020-10-27,IC,front,1.7866797117623896,17866797.117623895,14.472198287344394,IC2011,-0.0011973722533251685,-0.0011973722533250766,0.0011261771463706737,-0.0023235493996957503,1.2236933015533468e-20,0.0011199830071544348,False,1.0,17743493.988215722,17743493.988215722,17874901.54866481,17874901.54866481,2.1889690060561406e-09,2.1889690060561408e-13
2020-10-28,IC,front,1.7979101376333688,17979101.376333687,14.472198287344394,IC2011,0.006285640228097522,0.006285640228097489,0.0039949455676516095,0.0022906946604458796,0.0,0.003963776292567278,False,1.0000000000000002,17691394.07438128,17691394.07438128,17980259.152196676,17980259.152196676,0.0,0.0
2020-10-29,IC,front,1.8035253505688582,18035253.50568858,14.472198287344394,IC2011,0.0031231888724321255,0.003123188872432166,0.0014794899864768497,0.0016436988859553161,0.0,0.0014713416586615846,False,1.0000000000000002,17756808.410640076,17756808.41064008,18053199.031564888,18053199.03156489,0.0,0.0
2020-10-30,IC,front,1.7564038729452647,17564038.729452647,14.472198287344392,IC2011,-0.026127427379232904,-0.026127427379232897,-0.02306371368961644,-0.0030637136896164577,1.2333367166673871e-20,-0.02297452195696692,False,1.0,17550145.419096794,17550145.419096798,17605718.6605202,17605718.660520203,2.2243540342969936e-09,2.2243540342969939e-13
2020-11-02,IC,front,1.7684447419203353,17684447.419203352,14.47219828734439,IC2011,0.00685541017105562,0.006855410171055728,0.0052140667743318155,0.0016413433967239122,1.2327266284020833e-20,0.005177142034335391,False,1.0,17591246.462232858,17591246.462232854,17700656.281285178,17700656.281285174,2.1651658244081773e-09,2.1651658244081774e-13
2020-11-03,IC,front,1.797215472115576,17972154.72115576,14.47219828734439,IC2011,0.016268944973648836,0.016268944973648832,0.016146191364692877,0.0001227536089559525,0.0,0.016058615166234746,False,1.0,17717444.031298496,17717444.031298496,17973891.384950243,17973891.38495024,0.0,0.0
2020-11-04,IC,front,1.794610476423854,17946104.76423854,14.47219828734439,IC2011,-0.0014494620885137088,-0.0014494620885138181,-0.0012256007215101113,-0.000223861367003707,0.0,-0.0012192054497363047,False,0.9999999999999998,17764333.953749493,17764333.953749493,17931632.565951195,17931632.565951195,0.0,0.0
2020-11-05,IC,front,1.833280190247638,18332801.90247638,14.472198287344392,IC2011,0.021547692009935115,0.02154769200993522,0.019002612818941278,0.002545079190993942,1.2402552804683544e-20,0.01889909787365096,False,1.0,18026570.186716177,18026570.186716177,18335117.454202358,18335117.454202358,2.225775119768514e-09,2.225775119768514e-13
2020-11-06,IC,front,1.820139434202729,18201394.34202729,14.472198287344392,IC2011,-0.007167892892102845,-0.007167892892102774,-0.00800940983295961,0.0008415169408568354,0.0,-0.007986486103545576,False,1.0000000000000002,17992994.686689533,17992994.686689537,18134822.22990551,18134822.229905512,0.0,0.0
2020-11-09,IC,front,1.8475787221555342,18475787.22155534,14.472198287344389,IC2011,0.015075376884422065,0.015075376884422141,0.019146364735067686,-0.004070987850645545,2.4792918773220602e-20,0.01910731997619508,False,0.9999999999999998,18355378.531804636,18355378.531804636,18500100.51467808,18500100.51467808,4.512656914812396e-09,4.5126569148123966e-13
2020-11-10,IC,front,1.8362904074914053,18362904.074914053,14.472198287344389,IC2011,-0.0061097881940093135,-0.006109788194009274,-0.0076074696077201845,0.0014976814137109113,0.0,-0.00756191944437945,False,1.0,18236706.505848415,18236706.50584841,18338011.893859822,18338011.893859822,0.0,0.0
2020-11-11,IC,front,1.814350554887791,18143505.54887791,14.472198287344387,IC2011,-0.011947920935657885,-0.011947920935657795,-0.012370354024148116,0.0004224330884903215,1.2237511272439682e-20,-0.012314277689472575,False,1.0,18142347.773014925,18142347.773014925,18181712.1523565,18181712.1523565,2.247162456114893e-09,2.247162456114893e-13
2020-11-12,IC,front,1.8206604333410732,18206604.333410732,14.472198287344385,IC2011,0.0034777614702317106,0.0034777614702316676,0.003330993554974174,0.0001467679152574938,1.2320482613898846e-20,0.0033171236978939422,False,0.9999999999999998,18126717.798864592,18126717.798864592,18193868.79891787,18193868.798917867,2.235367446701275e-09,2.2353674467012752e-13
2020-11-13,IC,front,1.8173693682399108,18173693.68239911,14.62612815987366,IC2012,-0.0018076215865926448,-0.0016080426736362527,-0.0013502437157109594,-0.00025779895792529334,0.00019957891295628677,-0.001349063968116404,True,1.0017787031326788,17943185.9025995,17975511.50848473,18099392.95134695,18131718.55723218,36336543.01487334,3633.654301487334
2020-11-16,IC,front,1.8378843905432445,18378843.905432444,14.600158811657757,IC2012,0.011288306417974958,0.011288485208533705,0.012921791010456415,-0.0016333058019227093,1.7879055879107196e-07,0.012747801242117829,False,0.9999910770602055,18139985.307273723,18139821.313956063,18331539.390882675,18331375.397565015,32492.84848773911,3.249284848773911
2020-11-17,IC,front,1.8296498368014302,18296498.368014302,14.60028908915828,IC2012,-0.004480452516047673,-0.004480451624349012,-0.00801238339825193,0.0035319317739029178,8.916985497173097e-10,-0.007895268318572457,False,0.9999999949146166,18186704.19406383,18186704.10101912,18246857.385111164,18246857.292066455,163.88388455954924,0.016388388455954927
2020-11-18,IC,front,1.8309930634106613,18309930.634106614,14.60028916340635,IC2012,0.0007341440871437843,0.0007341440876519033,0.0006495579204169631,8.45861672349401e-05,5.081487734140258e-13,0.0006422658254616742,False,0.999999999996615,18246273.373354163,18246273.373292185,18305258.541574325,18305258.541512348,0.09297343203478192,9.297343203478192e-06
2020-11-19,IC,front,1.845651753730781,18456517.53730781,14.600289163455772,IC2012,0.008005868844098263,0.008005868844098612,0.0031242026027117754,0.0048816662413868365,3.379373456879996e-16,0.0030894132007361907,False,0.9999999999999948,18173271.927536767,18173271.92753667,18416804.75078321,18416804.750783112,6.18760935822138e-05,6.1876093582213805e-09
2020-11-20,IC,front,1.862763292630351,18627632.92630351,14.600289163455852,IC2012,0.009271271714710538,0.009271271714710549,0.009870898332436708,-0.0005996266177261583,5.469247031663097e-19,0.009808823067006145,False,1.0000000000000002,18415052.716083594,18415052.716083597,18629968.972569663,18629968.972569667,1.0094325375575863e-07,1.0094325375575864e-11
2020-11-23,IC,front,1.8787652095534988,18787652.095534988,14.600289163455848,IC2012,0.008590418861299298,0.008590418861299251,0.00782856784549795,0.0007618510158013031,2.4414802742242935e-20,0.0077751950415616555,False,0.9999999999999998,18524846.890592784,18524846.89059278,18830868.95145882,18830868.951458815,4.547899834506097e-09,4.547899834506097e-13
2020-11-24,IC,front,1.8761955586607304,18761955.586607303,14.60028916345585,IC2012,-0.0013677339135841349,-0.0013677339135841125,0.0003512589368976234,-0.001718992850481736,1.2153349815902384e-20,0.00034914636802807486,False,1.0,18718154.719116937,18718154.719116937,18781227.968303066,18781227.96830307,2.283329081365082e-09,2.283329081365082e-13
2020-11-25,IC,front,1.8470533814904724,18470533.814904723,14.600289163455848,IC2012,-0.015532590425200832,-0.015532590425200799,-0.01942663263400356,0.003894042208802763,1.2212032456614169e-20,-0.01927665443021742,False,1.0,18429068.99368051,18429068.993680507,18473453.872737415,18473453.872737415,2.291216105732019e-09,2.291216105732019e-13
2020-11-26,IC,front,1.843841317874512,18438413.17874512,14.600289163455848,IC2012,-0.00173902045720431,-0.0017390204572042876,-0.0025405507952065815,0.000801530338002294,0.0,-0.0025305612113939446,False,1.0,18294162.32181018,18294162.32181018,18408044.577285133,18408044.577285133,0.0,0.0
2020-11-27,IC,front,1.852484689059278,18524846.89059278,14.600289163455848,IC2012,0.004687697960217951,0.004687697960217972,0.002741353097681409,0.0019463448625365632,0.0,0.0027327407921948765,False,1.0,18212400.702494826,18212400.702494826,18443085.271277428,18443085.271277428,0.0,0.0
2020-11-30,IC,front,1.8375923941125532,18375923.94112553,14.600289163455848,IC2012,-0.008039092055485475,-0.008039092055485498,-0.004834489281210604,-0.0032046027742748937,0.0,-0.004828696976042268,False,1.0,18315770.74977209,18315770.74977209,18401036.438486677,18401036.438486677,0.0,0.0
2020-12-01,IC,front,1.8707642510919251,18707642.51091925,14.600289163455848,IC2012,0.018051803591291993,0.01805180359129197,0.01679326235499766,0.001258541236294308,0.0,0.016719032295829495,False,0.9999999999999998,18373003.88329284,18373003.88329284,18737427.1008127,18737427.100812696,0.0,0.0
2020-12-02,IC,front,1.8694210244888871,18694210.244888872,14.60028916345585,IC2012,-0.0007180095526487795,-0.000718009552648888,0.0013049043174226064,-0.0020229138700714943,1.219203424727965e-20,0.0013008393214473113,False,1.0,18580912.00098045,18580912.00098045,18724578.84634886,18724578.846348856,2.2808421817899216e-09,2.2808421817899217e-13
2020-12-03,IC,front,1.8774219829504608,18774219.82950461,14.600289163455852,IC2012,0.004279912527335172,0.0042799125273351515,0.0009215870040613161,0.003358325523273835,1.2151003129819393e-20,0.0009168637664764834,False,1.0,18549375.37638739,18549375.37638739,18753195.41310923,18753195.413109235,2.2715340719514643e-09,2.2715340719514644e-13
2020-12-04,IC,front,1.8858901506652652,18858901.506652653,14.60028916345585,IC2012,0.004510529753942727,0.004510529753942824,0.003709521883845997,0.0008010078700968264,1.2116250554856786e-20,0.003702910161344386,False,0.9999999999999998,18604272.463641983,18604272.463641983,18819772.731694594,18819772.73169459,2.2747315142623847e-09,2.274731514262385e-13
2020-12-07,IC,front,1.8681361990425032,18681361.99042503,14.60028916345585,IC2012,-0.009414096370618075,-0.009414096370617998,-0.006201226309921849,-0.0032128700606961487,0.0,-0.006195154321990137,False,1.0,18622376.822204668,18622376.822204668,18692458.210189257,18692458.210189253,0.0,0.0
2020-12-08,IC,front,1.8696546291155025,18696546.291155025,14.600289163455852,IC2012,0.0008128048018005707,0.0008128048018006468,-0.0001609978742029284,0.0009738026760035751,1.2171150880742552e-20,-0.0001603192688197641,False,1.0,18670849.78222734,18670849.782227345,18750275.355276544,18750275.355276544,2.2737367544323206e-09,2.2737367544323206e-13
2020-12-09,IC,front,1.8410964635117828,18410964.63511783,14.600289163455852,IC2012,-0.015274567376772685,-0.01527456737677269,-0.018184231898544293,0.0029096645217716022,0.0,-0.01812520918792271,False,1.0,18378843.998958226,18378843.998958226,18460605.61827358,18460605.61827358,0.0,0.0
2020-12-10,IC,front,1.8441917248144355,18441917.248144355,14.600289163455852,IC2012,0.0016812053925454595,0.0016812053925456566,0.0020428231562252355,-0.0003616177636795787,0.0,0.0020421041282847607,False,1.0000000000000002,18261457.67408404,18261457.67408404,18436661.14404551,18436661.144045513,0.0,0.0
2020-12-11,IC,front,1.8049850300466035,18049850.300466035,14.722910145413024,IC2101,-0.021259554654913693,-0.021059121847634917,-0.017682054691243173,-0.0033770671563917425,0.00020043280727875243,-0.01751079887976459,True,1.001003057071579,17950323.427883044,17968428.457867872,18039249.805161335,18057354.835146166,36963652.456480175,3696.3652456480177
2020-12-14,IC,front,1.8233426941932633,18233426.941932634,14.708157024499702,IC2101,0.01017053540116386,0.010170635821300632,0.008081550702197786,0.0020890851191028466,1.0042013674562322e-07,0.007986240282924495,False,0.9999989666341437,17979269.98854928,17979251.146748435,18198715.691354815,18198696.849553972,18125.684354108274,1.8125684354108276
2020-12-15,IC,front,1.8255195062299918,18255195.06229992,14.708172223422684,IC2101,0.0011938578763392993,0.001193857979525886,0.0010583391226159863,0.00013551885690989975,1.0318654217541991e-10,0.001048087400263853,False,0.9999999986044181,18129293.10806742,18129293.0825908,18252253.427855235,18252253.402378615,18.814442781461693,0.0018814442781461694
2020-12-16,IC,front,1.8211658872442964,18211658.872442964,14.708172243949143,IC2101,-0.002384865771544842,-0.0023848657714052863,-0.004856746914768556,0.00247188114336327,1.3962565361012105e-13,-0.004810408613408534,False,1.0000000000008162,18113996.608743142,18113996.608758006,18199892.334647804,18199892.33466267,0.025488935423538805,2.5488935423538806e-06
2020-12-17,IC,front,1.8466992742597732,18466992.742597733,14.708172243937138,IC2101,0.01402035212405206,0.0140203521240521,0.011865611371344141,0.002154740752707959,8.172153454654272e-17,0.011781045122717826,False,0.999999999999999,18059282.207995795,18059282.207995776,18449931.262794767,18449931.262794744,1.4882847096941987e-05,1.4882847096941988e-09
2020-12-18,IC,front,1.8375213747795567,18375213.747795567,14.708172243937154,IC2101,-0.004969893911879852,-0.004969893911879929,-0.0027047691866576773,-0.002265124725222252,1.0868226172717063e-19,-0.002691435908002915,False,1.0,18249900.12027722,18249900.120277222,18361093.902441386,18361093.902441386,2.007034538564767e-08,2.0070345385647672e-12
2020-12-21,IC,front,1.8693498595154368,18693498.595154367,14.708172243937156,IC2101,0.017321422854032598,0.017321422854032566,0.01707809048122183,0.00024333237281073516,1.2081986138249807e-20,0.016955078894836495,False,1.0,18345209.076417934,18345209.076417934,18726444.900980785,18726444.900980785,2.220090777882433e-09,2.220090777882433e-13
2020-12-22,IC,front,1.8352268999095027,18352268.999095026,14.708172243937156,IC2101,-0.0182539182979794,-0.01825391829797948,-0.023374457103291994,0.005120538805312516,0.0,-0.023214453161629067,False,1.0,18276374.83031631,18276374.83031631,18351680.67220527,18351680.67220527,0.0,0.0
2020-12-23,IC,front,1.8445812974566467,18445812.974566467,14.708172243937156,IC2101,0.0050971340642431695,0.005097134064243153,0.009222927486055006,-0.004125793421811853,0.0,0.009206311619408547,False,1.0,18267549.926969945,18267549.92696995,18454637.87791283,18454637.87791283,0.0,0.0
2020-12-24,IC,front,1.8212247199332743,18212247.199332744,14.708172243937156,IC2101,-0.012662265173986609,-0.012662265173986626,-0.016326986253309108,0.003664721079322483,0.0,-0.016231213139704548,False,1.0,18158121.125475056,18158121.125475056,18204010.622876137,18204010.622876137,0.0,0.0
2020-12-25,IC,front,1.8420514918306894,18420514.918306895,14.708172243937156,IC2101,0.011435585993022412,0.011435585993022383,0.011836154541930441,-0.00040056854890805824,0.0,0.01180941207563957,False,1.0,18136353.03055403,18136353.030554026,18424633.206535198,18424633.206535194,0.0,0.0
2020-12-28,IC,front,1.828166977232413,18281669.77232413,14.708172243937156,IC2101,-0.007537527946342881,-0.007537527946342993,-0.005432769083360018,-0.002104758862982975,0.0,-0.005418491677948611,False,0.9999999999999998,18202833.969096623,18202833.969096623,18252253.427836254,18252253.427836254,0.0,0.0
2020-12-29,IC,front,1.8233426967364013,18233426.967364013,14.708172243937158,IC2101,-0.002638862071185022,-0.0026388620711850015,-0.007181244770547595,0.004542382699362594,1.2077345913136698e-20,-0.007147112329609406,False,1.0000000000000002,18186360.816183414,18186360.816183418,18218130.46823032,18218130.468230322,2.2079404971009353e-09,2.2079404971009354e-13
2020-12-30,IC,front,1.837933203602387,18379332.03602387,14.708172243937156,IC2101,0.008002065049044882,0.008002065049044974,0.011196437790397463,-0.0031943727413524885,1.2073838681811898e-20,0.01119381920530338,False,1.0,18155767.81791603,18155767.817916024,18402276.784724414,18402276.784724414,2.2014745582055184e-09,2.2014745582055184e-13
2020-12-31,IC,front,1.8673495480902613,18673495.480902612,14.708172243937156,IC2101,0.016005121638924313,0.016005121638924456,0.015662612035851422,0.00034250960307303634,0.0,0.01560952267017579,False,1.0,18423456.55275568,18423456.55275568,18661140.616217706,18661140.616217706,0.0,0.0
2021-01-04,IC,front,1.8927064370388087,18927064.370388087,14.708172243937156,IC2101,0.013579080025204693,0.013579080025204762,0.0182230623818526,-0.004643982356647839,0.0,0.018168368380631073,False,1.0000000000000002,18632312.598619588,18632312.598619588,19001193.55849753,19001193.558497533,0.0,0.0
2021-01-05,IC,front,1.9051789671016675,19051789.671016674,14.708172243937154,IC2101,0.006589785831960571,0.006589785831960546,0.008849585029995896,-0.00225979919803535,1.2077721324094184e-20,0.008783255357646791,False,1.0,18876468.257868942,18876468.257868942,19066497.843260612,19066497.843260612,2.2859580894873943e-09,2.2859580894873946e-13
2021-01-06,IC,front,1.9076499400386486,19076499.400386486,14.708172243937154,IC2101,0.00129697680881935,0.001296976808819386,-0.0017895191921686127,0.0030864960009879985,0.0,-0.0017722444198765563,False,1.0000000000000002,18914709.505703177,18914709.50570318,19052377.99790643,19052377.99790643,0.0,0.0
2021-01-07,IC,front,1.919710641278677,19197106.41278677,14.708172243937153,IC2101,0.00632228218966846,0.006322282189668465,0.0015389360061680128,0.004783346183500453,1.2076973442946628e-20,0.0015287662335672358,False,1.0,18931770.985506143,18931770.985506143,19088854.265071392,19088854.265071392,2.303863766428549e-09,2.303863766428549e-13
2021-01-08,IC,front,1.9265240520388491,19265240.52038849,14.86718690002383,IC2102,0.00354918632718193,0.003749328925264664,0.003011555847843742,0.0007377730774209223,0.00020014259808257635,0.0029794497500812422,True,1.0018036019695509,19010119.59318408,19044866.418930527,19193283.335792378,19228030.16153882,38421587.53122831,3842.1587531228315
2021-01-11,IC,front,1.8969522728497066,18969522.728497066,14.840420688041915,IC2102,-0.015349810534598163,-0.015349630657895876,-0.01574540434773775,0.0003957736898418728,1.7987670225072736e-07,-0.015584970111016339,False,1.0000050930003361,18816369.586996477,18816466.198782105,18913129.129882507,18913225.74166814,34653.67932874568,3.4653679328745683
2021-01-12,IC,front,1.913692145189958,19136921.45189958,14.840345106159301,IC2102,0.008824614398497133,0.008824614905900698,0.01374230962857053,-0.004917694722669834,5.07403466332744e-10,0.01360566347553993,False,1.000000019302737,18896507.861179803,18896508.23057476,19124455.562010404,19124455.931405365,96.25201587117182,0.009625201587117183
2021-01-13,IC,front,1.905381552141081,19053815.52141081,14.840344819700029,IC2102,-0.004342701133912996,-0.004342701131980004,-0.007184068470243361,0.002841367338263357,1.933087854186691e-12,-0.007079072568135225,False,0.9999999999736772,18936279.990438785,18936279.989937235,19021166.76280747,19021166.762305923,0.36993350425191807,3.699335042519181e-05
2021-01-14,IC,front,1.89897052317895,18989705.2317895,14.84034482009067,IC2102,-0.003364695619587077,-0.0033646956195844658,-0.008882173344030514,0.005517477724446049,2.6242498403644818e-15,-0.008776479895827305,False,0.9999999999999222,18834178.418074954,18834178.41807347,18988518.004203893,18988518.004202414,0.0005000197234039661,5.0001972340396605e-08
2021-01-15,IC,front,1.8850205990480635,18850205.990480635,14.840344820091826,IC2102,-0.007346045639262333,-0.007346045639262294,-0.0034995311034697303,-0.003846514535792564,7.794763578833885e-18,-0.003476767460313779,False,1.0,18692304.72159486,18692304.72159486,18890571.728391286,18890571.728391286,1.4802026271354407e-06,1.4802026271354407e-10
2021-01-18,IC,front,1.9120893879999108,19120893.87999911,14.840344820091824,IC2102,0.01435994331601309,0.014359943316013195,0.015266887104393013,-0.000906943788379819,1.1975435561021581e-20,0.015108687183482683,False,1.0,18806872.183605965,18806872.183605965,19151761.7972249,19151761.7972249,2.2573942715098383e-09,2.2573942715098385e-13
2021-01-19,IC,front,1.9027696514528933,19027696.514528934,14.840344820091824,IC2102,-0.004874111328428077,-0.00487411132842812,-0.0059125764490391705,0.0010384651206110504,0.0,-0.0058469926901079106,False,1.0,18974864.886969406,18974864.886969406,19017605.08005127,19017605.08005127,0.0,0.0
2021-01-20,IC,front,1.9231306045460592,19231306.045460593,14.840344820091826,IC2102,0.010700692581269156,0.010700692581269022,0.009211018905596833,0.0014896736756721883,1.1967540883496923e-20,0.009117761956157544,False,1.0,18983769.09386146,18983769.093861464,19205187.038577233,19205187.038577233,2.277147359563969e-09,2.277147359563969e-13
2021-01-21,IC,front,1.9486559976366173,19486559.976366173,14.840344820091824,IC2102,0.013272833904373948,0.01327283390437386,0.013439516004568311,-0.0001666821001944504,1.1992319223033286e-20,0.013324315805258058,False,0.9999999999999998,19266922.87302881,19266922.87302881,19519802.348763183,19519802.34876318,2.306279611730133e-09,2.306279611730133e-13
2021-01-22,IC,front,1.9490121659122996,19490121.659122996,14.840344820091826,IC2102,0.00018277637310748496,0.0001827763731076138,0.002331921893563286,-0.0021491455204556724,1.1970146068789262e-20,0.002311815779539428,False,1.0,19282950.44543452,19282950.445434514,19471719.63154608,19471719.63154608,2.332569692953257e-09,2.332569692953257e-13
2021-01-25,IC,front,1.947171963154608,19471719.63154608,14.840344820091826,IC2102,-0.0009441720220511041,-0.000944172022051096,0.0011421435750616758,-0.002086315597112772,0.0,0.0011298907320336227,False,1.0,19313224.7488675,19313224.7488675,19461034.583275616,19461034.583275616,0.0,0.0
2021-01-26,IC,front,1.9250895300623114,19250895.300623115,14.840344820091824,IC2102,-0.01134077190415217,-0.01134077190415213,-0.01712548015364922,0.005784708249497092,1.1941683358093319e-20,-0.01690666048686973,False,0.9999999999999998,19155323.479981724,19155323.47998172,19234274.114424612,19234274.11442461,2.325251102774928e-09,2.325251102774928e-13
2021-01-27,IC,front,1.9233086886839006,19233086.886839006,14.840344820091826,IC2102,-0.0009250693802034249,-0.0009250693802035153,0.0037311131668208175,-0.004656182547024333,1.1979008835161874e-20,0.0037042933065563055,False,1.0,19129798.086891167,19129798.086891167,19243178.321316667,19243178.321316667,2.306066448909405e-09,2.306066448909405e-13
2021-01-28,IC,front,1.897902018351903,18979020.18351903,14.840344820091826,IC2102,-0.013209876543210042,-0.013209876543209933,-0.02203395061728391,0.008824074074073977,0.0,-0.021774670741601554,False,1.0,18892352.569769695,18892352.569769695,18942216.128365204,18942216.128365204,0.0,0.0
2021-01-29,IC,front,1.8739200211226352,18739200.21122635,14.840344820091824,IC2102,-0.012636056549480634,-0.01263605654948068,-0.010671837858125822,-0.001964218691354856,1.2005347845830897e-20,-0.010638596403705347,False,0.9999999999999998,18434676.335518066,18434676.335518062,18643628.390584957,18643628.390584953,2.2784973907619133e-09,2.2784973907619133e-13
2021-02-01,IC,front,1.8870388859435965,18870388.859435964,14.840344820091827,IC2102,0.0070007602635580035,0.007000760263558005,0.00746642169285343,-0.0004656614292954248,2.3971413533349403e-20,0.0074281374189664184,False,1.0,18722579.02502785,18722579.02502785,18853174.05944466,18853174.05944466,4.492051175475353e-09,4.492051175475354e-13
2021-02-02,IC,front,1.9022353990393706,19022353.990393706,14.840344820091827,IC2102,0.008053100128975421,0.008053100128975404,0.009674730252603136,-0.0016216301236277324,0.0,0.009621039591571234,False,1.0,18779565.949137,18779565.949137002,19030070.969700154,19030070.969700154,0.0,0.0
2021-02-03,IC,front,1.8933311921473153,18933311.921473153,14.840344820091829,IC2102,-0.0046809174598222425,-0.004680917459822126,-0.008653456077391175,0.003972538617569049,1.1967913784619054e-20,-0.00859206883570185,False,1.0000000000000002,18892352.5697697,18892352.569769703,18951120.335257262,18951120.335257266,2.276578925375361e-09,2.276578925375361e-13
2021-02-04,IC,front,1.8760570307767284,18760570.307767283,14.840344820091827,IC2102,-0.009123687098291366,-0.00912368709829124,-0.011058159586142024,0.0019344724878507839,1.1951017082551621e-20,-0.011023028973345617,False,1.0000000000000002,18521343.949267402,18521343.949267402,18718423.728478223,18718423.728478223,2.262723342028039e-09,2.2627233420280392e-13
2021-02-05,IC,front,1.8494631328591236,18494631.328591235,14.840344820091826,IC2102,-0.014175420832806096,-0.014175420832806032,-0.014067839513985582,-0.00010758131882045018,1.19872035966286e-20,-0.014050079083047451,False,1.0,18449516.680338155,18449516.680338155,18530841.76995226,18530841.76995226,2.248867758680717e-09,2.2488677586807172e-13
2021-02-08,IC,front,1.8739793825019155,18739793.825019155,14.840344820091824,IC2102,0.013255873667993523,0.013255873667993379,0.013366606753113358,-0.00011073308511997851,1.1996674641762075e-20,0.013348034494308436,False,0.9999999999999998,18443580.54241012,18443580.542410117,18740981.05260476,18740981.052604757,2.218740746684489e-09,2.218740746684489e-13
2021-02-09,IC,front,1.9101898238629398,19101898.238629397,14.840344820091826,IC2102,0.019322753333967047,0.019322753333966863,0.021337387943869024,-0.0020146346099021604,1.2007318525569667e-20,0.021305802794805206,False,0.9999999999999998,18751666.10087523,18751666.10087523,19134546.9972336,19134546.997233596,2.2501467356050853e-09,2.2501467356050855e-13
2021-02-10,IC,front,1.9268703714407227,19268703.714407228,14.840344820091827,IC2102,0.008732403120047083,0.008732403120047208,0.010455576618291424,-0.001723173498244218,1.1998051531650548e-20,0.010419828178906965,False,1.0,18993266.914546326,18993266.914546322,19294229.107497785,19294229.10749779,2.291855594194203e-09,2.2918555941942033e-13
2021-02-18,IC,front,1.941507038819623,19415070.38819623,14.982973868936602,IC2103,0.007596083055632086,0.007800483520145268,0.013702856110298827,-0.005902372590153559,0.00020440046451325366,0.013696194888409119,True,1.0040060949424925,19298203.192018524,19375981.80730881,19428255.40520089,19506034.020491183,39385319.897930935,3938.5319897930935
2021-02-19,IC,front,1.9788082586405014,19788082.586405013,14.923190152341453,IC2103,0.019212508157351982,0.019212908458921988,0.013663759093508285,0.005549149365413704,4.003015699646614e-07,0.013446135332162212,False,1.0000034139538005,19341580.737046957,19341648.29264671,19736149.884674866,19736217.44027462,77718.83157369359,7.771883157369359
2021-02-22,IC,front,1.9629300684154518,19629300.684154518,14.923139205433644,IC2103,-0.0080241176252005,-0.008024117282260301,-0.007001493862273624,-0.0010226234199866772,3.429401555465737e-10,-0.006924761467178131,False,0.9999999847730022,19594082.075629696,19594081.776734374,19709885.63586386,19709885.33696854,67.86128120150181,0.006786128120150181
2021-02-23,IC,front,1.96084082893825,19608408.2893825,14.923139432668256,IC2103,-0.0010643473808970016,-0.001064347379376691,-0.003927441816420677,0.002863094437043986,1.5203382171951423e-12,-0.0038800912114358432,False,0.999999999977881,19549312.657229133,19549312.656795416,19625122.205547087,19625122.20511337,0.2984317600693487,2.984317600693487e-05
2021-02-24,IC,front,1.937381653749468,19373816.537494678,14.92313943299834,IC2103,-0.011963834515565819,-0.011963834515563617,-0.014466193795860652,0.0025023592802970343,2.217216023427546e-15,-0.014332182717233466,False,1.0000000000000562,19216228.185082212,19216228.185083304,19339194.854010124,19339194.85401121,0.0004347607705312839,4.3476077053128394e-08
2021-02-25,IC,front,1.93171086076493,19317108.6076493,14.923139432997504,IC2103,-0.0029270396844952584,-0.002927039684495319,-0.005706186837564143,0.002779147153068824,5.667811459282343e-18,-0.005666909927648955,False,0.9999999999999994,19152357.148309007,19152357.148308996,19232942.101247195,19232942.101247184,1.0980713938124609e-06,1.098071393812461e-10
2021-02-26,IC,front,1.8864042094463493,18864042.094463494,14.923139432997512,IC2103,-0.02345415778251614,-0.023454157782516014,-0.0208275393220233,-0.002626618460492712,5.885292671419659e-20,-0.020741173845810534,False,1.0,18791217.174030468,18791217.174030468,18907617.661607847,18907617.661607847,1.1368683772161603e-08,1.1368683772161603e-12
2021-03-01,IC,front,1.9215034333927599,19215034.333927598,14.92313943299751,IC2103,0.018606417315359947,0.018606417315359846,0.019633251060059368,-0.0010268337446995238,1.2000928534132604e-20,0.01949767061836627,False,0.9999999999999998,18988202.614546034,18988202.614546034,19177428.022556443,19177428.022556443,2.263860210405255e-09,2.2638602104052552e-13
2021-03-02,IC,front,1.9043716693236787,19043716.693236787,14.923139432997512,IC2103,-0.008915812364088227,-0.008915812364088168,-0.008560111835973853,-0.000355700528114315,1.1905221182667818e-20,-0.008493567020732229,False,1.0,18879562.159473818,18879562.159473814,19009691.935329553,19009691.93532955,2.2875923377796425e-09,2.2875923377796426e-13
2021-03-03,IC,front,1.9289650031092584,19289650.031092584,14.923139432997514,IC2103,0.012914146005077898,0.012914146005077835,0.014327806162429879,-0.0014136601573520432,1.1898521810837912e-20,0.014210370057186505,False,1.0000000000000002,19035956.66073163,19035956.66073163,19298006.989175063,19298006.989175066,2.2659207843389595e-09,2.2659207843389595e-13
2021-03-04,IC,front,1.9020436595721308,19020436.59572131,14.923139432997512,IC2103,-0.01395636701222347,-0.013956367012223398,-0.018994275104440697,0.005037908092217298,1.1824912772706622e-20,-0.018814513966052382,False,1.0,18922540.801040843,18922540.801040843,19000738.05166975,19000738.05166975,2.2809842903370736e-09,2.280984290337074e-13
2021-03-05,IC,front,1.9098633846350215,19098633.846350215,14.92313943299751,IC2103,0.004111222696459915,0.0041112226964599265,0.00023694451418532043,0.003874278182274606,1.1805870998396439e-20,0.00023586416098742014,False,1.0,18810915.718082022,18810915.718082026,19090276.888267737,19090276.888267737,2.2455282078226446e-09,2.2455282078226447e-13
2021-03-08,IC,front,1.8634822672772653,18634822.672772653,14.923139432997512,IC2103,-0.02428504453820901,-0.024285044538209042,-0.022986404125644653,-0.001298640412564387,1.1962526382480665e-20,-0.022970250644179013,False,1.0,18597216.3614015,18597216.3614015,18693918.304927323,18693918.304927323,2.284679112563026e-09,2.2846791125630264e-13
2021-03-09,IC,front,1.828502428446319,18285024.28446319,14.923139432997512,IC2103,-0.018771221731052723,-0.018771221731052713,-0.02376994041898902,0.004998718687936308,0.0,-0.023721271463986504,False,1.0,18033121.69083419,18033121.690834194,18289202.76350443,18289202.76350443,0.0,0.0
2021-03-10,IC,front,1.8035509393143472,18035509.39314347,14.92313943299751,IC2103,-0.013645860537999432,-0.013645860537999389,-0.007466048576651832,-0.006179811961347558,1.1995080141118162e-20,-0.007488539620170265,False,1.0,18023570.881597076,18023570.881597076,18104155.83453526,18104155.83453526,2.1933033167442773e-09,2.1933033167442774e-13
2021-03-11,IC,front,1.8541702282710746,18541702.282710746,14.92313943299751,IC2103,0.028066459257297893,0.02806645925729785,0.025082743099225476,0.002983716158072375,0.0,0.025002226892281154,False,1.0,17988949.19811252,17988949.19811252,18451566.520535443,18451566.520535443,0.0,0.0
2021-03-12,IC,front,1.8530170702321571,18530170.70232157,15.063777364739655,IC2104,-0.0006219267364641068,-0.0004218551822190122,0.0013624750850525615,-0.001784330267271574,0.00020007155424519942,0.0013759629729168665,True,1.0010450386523646,18243356.381296925,18262721.12591577,18495825.289929964,18515190.034548808,37096671.940537006,3709.6671940537008
2021-03-15,IC,front,1.8464485671641946,18464485.671641946,15.048051569207058,IC2104,-0.0035447612293930675,-0.003544657122700262,-0.007883942628335772,0.00433928550563551,1.041066928397559e-07,-0.007796052314387736,False,1.0000040903299026,18212280.327342033,18212355.853179917,18338082.038460605,18338157.56429849,19291.147895748356,1.9291147895748357
2021-03-16,IC,front,1.8434389684053436,18434389.684053436,15.04799001796351,IC2104,-0.0016299391233373095,-0.001629938714304342,0.0034831804992055153,-0.0051131192135098575,4.090329902788698e-10,0.003461362160200876,False,1.0000000004097005,18292336.65828386,18292336.665836442,18410914.81962541,18410914.827177994,75.5258378823305,0.007552583788233051
2021-03-17,IC,front,1.8533104498516024,18533104.498516023,15.047990011798339,IC2104,0.005354927185247771,0.005354927185288577,0.0049173904515967945,0.0004375367336917819,4.089381429771571e-14,0.004861797121661127,False,1.000000000000799,18229737.01987817,18229737.01989298,18540327.533721685,18540327.533736493,0.007538525084314074,7.538525084314074e-07
2021-03-18,IC,front,1.8688399755437717,18688399.755437717,15.047990011786313,IC2104,0.008379343942841677,0.008379343942841913,0.007875933744723068,0.0005034101981188453,8.024426372975356e-17,0.007790714111312491,False,0.9999999999999968,18539123.6945208,18539123.694520738,18663721.051818386,18663721.051818326,1.4871753251100017e-05,1.4871753251100018e-09
2021-03-19,IC,front,1.8566210076542013,18566210.076542012,15.04799001178636,IC2104,-0.0065382633341921625,-0.006538263334192244,-0.010831615562999075,0.0042933522288068305,3.1551141043270663e-19,-0.01072067275967259,False,1.0,18375401.56319256,18375401.56319256,18484950.930478364,18484950.930478364,5.8964033655684034e-08,5.8964033655684036e-12
2021-03-22,IC,front,1.8797949122723523,18797949.122723524,15.04799001178636,IC2104,0.012481763656994715,0.01248176365699465,0.016062570919111563,-0.0035808072621169133,0.0,0.01596526278477728,False,0.9999999999999998,18527687.222111836,18527687.222111836,18803366.399127766,18803366.399127763,0.0,0.0
2021-03-23,IC,front,1.86233924385868,18623392.4385868,15.047990011786363,IC2104,-0.009285943003522257,-0.009285943003522255,-0.01385206532180588,0.004566122318283626,1.1804612031300634e-20,-0.013720940927955505,False,1.0,18478931.734473653,18478931.734473653,18563802.398140125,18563802.39814013,2.219024963778793e-09,2.219024963778793e-13
2021-03-24,IC,front,1.8459068387658093,18459068.387658093,15.047990011786363,IC2104,-0.008823529411764786,-0.008823529411764765,-0.012383645765998727,0.003560116354233961,0.0,-0.012321579889277845,False,1.0,18380216.919996332,18380216.919996332,18428972.40763452,18428972.407634523,0.0,0.0
2021-03-25,IC,front,1.8525881463310427,18525881.463310428,15.04799001178636,IC2104,0.0036195258747189207,0.003619525874718871,0.0024244301692372726,0.0011950957054815982,1.1759960288527267e-20,0.002420822656425514,False,0.9999999999999998,18303171.21113599,18303171.211135987,18499998.920490153,18499998.92049015,2.170779112020682e-09,2.1707791120206822e-13
2021-03-26,IC,front,1.8757018589891463,18757018.589891464,15.047990011786364,IC2104,0.012476444213399107,0.012476444213399064,0.015332380271622608,-0.002855936058223544,2.365678309476324e-20,0.015327873245406742,False,1.0000000000000002,18557181.282534942,18557181.282534946,18769658.901501365,18769658.90150137,4.382627594168298e-09,4.382627594168298e-13
2021-03-29,IC,front,1.8751601313487225,18751601.313487224,15.04799001178636,IC2104,-0.0002888132982477032,-0.0002888132982477491,0.0005054232719337078,-0.000794236570181457,2.3613769834514998e-20,0.0005038556957286389,False,0.9999999999999998,18602325.2525703,18602325.252570298,18742572.519480154,18742572.519480146,4.4292391976341605e-09,4.429239197634161e-13
2021-03-30,IC,front,1.8794939524721168,18794939.524721168,15.047990011786364,IC2104,0.0023111738837351403,0.0023111738837350575,0.004079863897537971,-0.0017686900138029133,2.3512219578923513e-20,0.00406398782402384,False,1.0,18610150.20737643,18610150.207376435,18789522.248316925,18789522.248316925,4.408917675391422e-09,4.408917675391422e-13
2021-03-31,IC,front,1.8773270419104195,18773270.419104196,15.047990011786364,IC2104,-0.0011529223378702325,-0.001152922337870267,-0.004209767814251395,0.0030568454763811284,0.0,-0.004186065766930591,False,1.0,18563802.39814013,18563802.39814013,18737757.16267638,18737757.162676383,0.0,0.0
2021-04-01,IC,front,1.8933381032829601,18933381.0328296,15.047990011786364,IC2104,0.00852864792074115,0.008528647920741258,0.009232421687133308,-0.0007037737663920493,0.0,0.009208403487648953,False,1.0000000000000002,18692613.192641024,18692613.192641024,18918333.042817816,18918333.042817816,0.0,0.0
2021-04-02,IC,front,1.894963286204233,18949632.86204233,15.047990011786363,IC2104,0.0008583690987125081,0.0008583690987123884,0.0023764107455094287,-0.0015180416467970405,1.1786223031474415e-20,0.0023686320239049152,False,1.0,18852121.886765953,18852121.886765953,18952040.540444218,18952040.540444214,2.2315305159281706e-09,2.2315305159281708e-13
2021-04-06,IC,front,1.896227317365223,18962273.17365223,15.047990011786363,IC2104,0.0006670478368591137,0.0006670478368592731,0.0026189568642399925,-0.0019519090273807196,0.0,0.0026064511642096555,False,1.0,18930973.354427718,18930973.354427714,19019455.53569702,19019455.53569702,0.0,0.0
2021-04-07,IC,front,1.900260178688382,19002601.78688382,15.047990011786363,IC2104,0.002126781576357928,0.0021267815763577496,0.0007904009141985785,0.0013363806621591709,0.0,0.0007851050748055588,False,1.0,18825637.42434521,18825637.42434521,19008620.982888535,19008620.98288853,0.0,0.0
2021-04-08,IC,front,1.909830700335878,19098307.00335878,15.047990011786364,IC2104,0.005036426987646614,0.005036426987646529,0.0013731390560658974,0.0036632879315806315,1.1778437725244533e-20,0.0013657672871167925,False,1.0,18885829.38439236,18885829.38439236,19098307.00335878,19098307.00335878,2.2382096176443156e-09,2.2382096176443156e-13
2021-04-09,IC,front,1.900094932119483,19000949.32119483,15.211956385891277,IC2105,-0.00509771270023196,-0.004898170656973197,-0.0034069001734663416,-0.0014912704835068553,0.00019954204325864082,-0.0033838046171392744,True,1.003010276820295,18882296.061384883,18939494.178690072,18965657.582379565,19022855.69968476,38109152.022310205,3810.915202231021
2021-04-12,IC,front,1.877341620894343,18773416.20894343,15.166301619675961,IC2105,-0.011974828646987512,-0.011974527792304374,-0.017376527339910325,0.0054019995476059495,3.008546831381512e-07,-0.017176934101943986,False,1.0000020554573463,18648445.8835973,18648484.47155356,18704864.5256225,18704903.113578755,57165.2458735214,5.716524587352141
2021-04-13,IC,front,1.8726097289180885,18726097.289180886,15.166270446053957,IC2105,-0.0025205279228829314,-0.0025205277181475317,-0.002688559635883367,0.0001680319177358354,2.0473540115446252e-10,-0.002672482742892446,False,1.0000000083290637,18658759.048400402,18658759.204371262,18694551.44665309,18694551.602623947,38.43582898577722,0.003843582898577722
2021-04-14,IC,front,1.885834716622705,18858347.16622705,15.166270319733126,IC2105,0.007062329913375631,0.0070623299142079385,0.010922314366633249,-0.00385998445242531,8.322317959441846e-13,0.010858677763141422,False,1.0000000000075249,18710931.01871925,18710931.018861152,18876546.69061073,18876546.690752637,0.15584453578000534,1.5584453578000536e-05
2021-04-15,IC,front,1.8912945739377272,18912945.73937727,15.166270319619,IC2105,0.002895193977974886,0.0028951939779757077,-0.00012063308243295846,0.0030158270604086664,7.504143396034858e-16,-0.00011947983260074402,False,1.0000000000000215,18668465.461825013,18668465.46182542,18903239.326372717,18903239.326373123,0.00014151574134757539,1.4151574134757539e-08
2021-04-16,IC,front,1.918654525594319,19186545.25594319,15.166270319618674,IC2105,0.014466256094431529,0.014466256094431536,0.010124775468308997,0.004341480626122538,2.1500627277946324e-18,0.010058217530263924,False,1.0,18868660.230043985,18868660.230043985,19144686.349861044,19144686.349861044,4.066401970703737e-07,4.066401970703737e-11
2021-04-19,IC,front,1.9368540499778613,19368540.499778613,15.166270319618672,IC2105,0.009485566130205125,0.009485566130205205,0.013543807506244676,-0.004058241376039471,1.1687366276066285e-20,0.01351349219744491,False,1.0,19060968.53769675,19060968.53769675,19381886.81765988,19381886.81765988,2.2424018197853e-09,2.2424018197853003e-13
2021-04-20,IC,front,1.94128260091119,19412826.0091119,15.166270319618672,IC2105,0.0022864660005637027,0.0022864660005638433,0.0005136718138252491,0.0017727941867385943,0.0,0.0005104851788098053,False,1.0,19338207.959139377,19338207.959139377,19429812.231869873,19429812.231869876,0.0,0.0
2021-04-21,IC,front,1.9368540499778613,19368540.499778613,15.166270319618672,IC2105,-0.0022812500000000124,-0.002281250000000057,-0.0012937499999999603,-0.0009875000000000966,0.0,-0.0012880062969196082,False,1.0,19215664.49495686,19215664.49495686,19379460.21440874,19379460.21440874,0.0,0.0
2021-04-22,IC,front,1.9404939548545699,19404939.5485457,15.166270319618672,IC2105,0.0018792871237511832,0.0018792871237510572,0.003948069032480352,-0.0020687819087292945,0.0,0.003926632254768414,False,1.0,19352160.927833427,19352160.927833427,19406759.500984054,19406759.500984054,0.0,0.0
2021-04-23,IC,front,1.9543255933860622,19543255.933860622,15.166270319618674,IC2105,0.007127895707631282,0.007127895707631281,0.0027026604558101673,0.004425235251821115,1.1719506130820251e-20,0.0026825041463229837,False,1.0,19312728.625002418,19312728.625002418,19508676.837531894,19508676.83753189,2.2741630800737767e-09,2.2741630800737767e-13
2021-04-26,IC,front,1.9466211280636958,19466211.28063696,15.166270319618674,IC2105,-0.003942262920999529,-0.003942262920999477,-0.003121216824460745,-0.0008210460965387326,0.0,-0.0031116736502672104,False,1.0,19421319.12049089,19421319.120490886,19475311.04282873,19475311.04282873,0.0,0.0
2021-04-27,IC,front,1.9452864962755692,19452864.96275569,15.166270319618672,IC2105,-0.0006856145599603014,-0.0006856145599601946,0.0005656320119671075,-0.001251246571927302,1.1746495221820887e-20,0.0005634327489465463,False,1.0000000000000002,19367327.19815304,19367327.198153045,19457111.518445186,19457111.51844519,2.2865975779495784e-09,2.2865975779495787e-13
2021-04-28,IC,front,1.9602101062700736,19602101.062700737,15.16627031961867,IC2105,0.007671677165845381,0.0076716771658454155,0.00677664816316348,0.0008950290026819363,1.1722776364892949e-20,0.00674187283208294,False,1.0,19332748.101824313,19332748.101824313,19587541.443193905,19587541.443193905,2.2804158561484655e-09,2.2804158561484656e-13
2021-04-29,IC,front,1.9606954269203014,19606954.269203015,15.166270319618668,IC2105,0.00024758603614749575,0.0002475860361476177,0.0003388833869770534,-9.129735082943566e-05,1.1720161120404922e-20,0.00033745573782617555,False,1.0,19498363.773714546,19498363.773714542,19619087.28545871,19619087.28545871,2.297397827533132e-09,2.297397827533132e-13
2021-04-30,IC,front,1.9648206524472378,19648206.52447238,15.166270319618668,IC2105,0.0021039603960395503,0.0021039603960396605,-0.0009622524752475641,0.0030662128712872247,0.0,-0.0009581126105796534,False,1.0,19418892.517239746,19418892.517239742,19605740.967577446,19605740.967577446,0.0,0.0
2021-05-06,IC,front,1.955296234686517,19552962.34686517,15.166270319618668,IC2105,-0.004847474373224858,-0.004847474373224736,0.0005619365196987045,-0.00540941089292344,0.0,0.0005612338510356807,False,1.0,19450438.359504547,19450438.359504547,19634860.20659111,19634860.20659111,0.0,0.0
2021-05-07,IC,front,1.9504430281842389,19504430.28184239,15.166270319618667,IC2105,-0.002482082467190061,-0.0024820824671899716,-0.00696689522509397,0.004484812757903999,1.176160715580699e-20,-0.006920569856765479,False,1.0,19481377.55095657,19481377.55095657,19520809.85378758,19520809.85378758,2.2997426185611403e-09,2.29974261856114e-13
2021-05-10,IC,front,1.9545682537111753,19545682.53711175,15.166270319618665,IC2105,0.0021150197505521717,0.0021150197505521388,0.004906534788964602,-0.002791515038412463,1.1739507039682861e-20,0.004895693031512494,False,1.0,19461358.074134674,19461358.07413467,19543862.584673397,19543862.584673397,2.289723965986923e-09,2.289723965986923e-13
2021-05-11,IC,front,1.952748301272821,19527483.01272821,15.166270319618667,IC2105,-0.0009311275955181664,-0.000931127595518172,-0.0030959992550978954,0.0021648716595797234,1.1631118426015202e-20,-0.003080610068885159,False,1.0,19206564.73276508,19206564.73276508,19518383.250536438,19518383.250536438,2.2733814830644405e-09,2.2733814830644406e-13
2021-05-12,IC,front,1.9736170892326166,19736170.892326165,15.166270319618667,IC2105,0.010686880611389116,0.010686880611389012,0.008700177079126443,0.001986703532262569,0.0,0.008675596805472141,False,1.0,19394019.83391557,19394019.833915565,19704018.399248574,19704018.39924857,0.0,0.0
2021-05-13,IC,front,1.9518989901349224,19518989.901349224,15.166270319618668,IC2105,-0.011004211108720408,-0.01100421110872043,-0.011222451049703442,0.00021823994098301225,1.1611023179733969e-20,-0.011213058867791337,False,1.0,19422532.42211645,19422532.42211645,19500790.376965683,19500790.376965683,2.291571377099899e-09,2.2915713770998994e-13
2021-05-14,IC,front,1.9799795487837237,19799795.487837236,15.293658054148953,IC2106,0.014386276539269272,0.0145869329007825,0.013576902268098625,0.001010030632683874,0.00020065636151335217,0.013475632199259957,True,1.0024401229228328,19421124.51441651,19469438.449253783,19750244.035741795,19798557.97057907,39166094.940206,3916.6094940206
2021-05-17,IC,front,1.990047416394483,19900474.16394483,15.256430488393617,IC2106,0.0050848341423241905,0.005085078109491848,0.008064487458679591,-0.002979409349187743,2.4396716749507035e-07,0.008020472585736682,False,1.0000006916978808,19766827.8328665,19766841.597982306,19930376.76770208,19930390.532817885,48305.00022149325,4.830500022149325
2021-05-18,IC,front,1.9979197306318655,19979197.306318656,15.25641993556028,IC2106,0.0039558425455235025,0.00395584261477817,0.003290401805291211,0.0006654408094869598,6.92546329583903e-11,0.003262320351953507,False,0.999999999223876,19883997.24592076,19883997.230414424,19976756.279128965,19976756.26362263,13.78200033921928,0.0013782000339219282
2021-05-19,IC,front,1.9971874224790194,19971874.224790193,15.256419947401154,IC2106,-0.0003665353225250634,-0.0003665353224476678,-0.002322917619111437,0.001956382296663769,7.73729736188848e-14,-0.002304685132432316,False,0.9999999999976822,19819920.28211408,19819920.28206779,19962110.116023857,19962110.115977567,0.015458499061082875,1.5458499061082875e-06
2021-05-20,IC,front,1.9906576747415312,19906576.74741531,15.256419947436514,IC2106,-0.0032694716900345533,-0.003269471690034228,-0.005451156537400301,0.002181684847366073,2.3101455208314573e-16,-0.005418877071376449,False,0.9999999999999926,19714956.112875514,19714956.11287536,19915120.342585877,19915120.342585728,4.613793578300829e-05,4.6137935783008294e-09
2021-05-21,IC,front,1.9818699768518075,19818699.768518075,15.256419947436628,IC2106,-0.004414469650521169,-0.004414469650521199,-0.0031958920907419423,-0.0012185775597792568,7.469784391013988e-19,-0.0031838331518727614,False,1.0,19744858.695972484,19744858.695972484,19826022.850092847,19826022.850092847,1.486978362663649e-07,1.486978362663649e-11
2021-05-24,IC,front,1.9879115191509924,19879115.191509925,15.256419947436626,IC2106,0.003048404975982244,0.0030484049759822913,0.0025033871166400133,0.0005450178593422781,1.1630791706835068e-20,0.0024908622427564087,False,0.9999999999999998,19699089.436130174,19699089.43613017,19843720.29723187,19843720.297231868,2.305071689079341e-09,2.305071689079341e-13
2021-05-25,IC,front,2.0104910206731987,20104910.206731986,15.256419947436626,IC2106,0.011358403683806584,0.0113584036838066,0.011596316193399873,-0.00023791250959327384,0.0,0.011544714950214807,False,1.0,19829074.134082332,19829074.134082332,20139084.587414242,20139084.587414242,0.0,0.0
2021-05-26,IC,front,2.0140915357807936,20140915.357807938,15.256419947436626,IC2106,0.0017908635604797496,0.0017908635604796147,0.0012960995598725092,0.0004947640006071054,0.0,0.0012900945213281112,False,0.9999999999999998,20078058.907624498,20078058.907624494,20140915.357807938,20140915.357807934,0.0,0.0
2021-05-27,IC,front,2.027761288053697,20277612.88053697,15.256419947436628,IC2106,0.006787056114410328,0.006787056114410402,0.008665616288934646,-0.0018785601745242454,1.1640164883229073e-20,0.008629780891070027,False,1.0,20086602.502795063,20086602.502795063,20286156.47570753,20286156.475707535,2.3444357566404506e-09,2.344435756640451e-13
2021-05-28,IC,front,2.029653084127179,20296530.84127179,15.256419947436626,IC2106,0.0009329481160467168,0.0009329481160466805,-0.002594197664620166,0.0035271457806668465,1.1659809106579234e-20,-0.0025787498448113233,False,0.9999999999999998,20190956.415235527,20190956.415235527,20241607.729461018,20241607.729461018,2.3643309532417334e-09,2.3643309532417333e-13
2021-05-31,IC,front,2.0379525765785846,20379525.765785847,15.256419947436628,IC2106,0.004089118734778463,0.004089118734778529,0.00914338975916289,-0.005054271024384361,1.1649291329666242e-20,0.00912094322730228,False,1.0,20234894.90468415,20234894.90468415,20394782.185733285,20394782.185733285,2.3644020075153094e-09,2.3644020075153096e-13
2021-06-01,IC,front,2.0368541143423693,20368541.14342369,15.256419947436628,IC2106,-0.0005390028447372908,-0.0005390028447372905,0.001612516843838963,-0.0021515196885762535,0.0,0.0016005373763374742,False,1.0,20157392.29135117,20157392.29135117,20389900.131350104,20389900.131350104,0.0,0.0
2021-06-02,IC,front,2.027578211014328,20275782.110143278,15.256419947436626,IC2106,-0.004554034215178082,-0.004554034215178061,-0.008738053150373,0.004184018935194938,1.1634967717586459e-20,-0.008654610846677069,False,0.9999999999999998,20187905.131246045,20187905.131246038,20254423.122216865,20254423.12221686,2.369873186580662e-09,2.3698731865806623e-13
2021-06-03,IC,front,2.0141525614605835,20141525.614605837,15.256419947436628,IC2106,-0.00662151993980431,-0.006621519939804363,-0.002061700526711923,-0.00455981941309244,1.16370320504588e-20,-0.002050459257973314,False,1.0,20141525.614605837,20141525.614605837,20212925.659959838,20212925.659959838,2.3594992626385647e-09,2.3594992626385647e-13
2021-06-04,IC,front,2.0349012925890975,20349012.925890975,15.256419947436628,IC2106,0.010301469474321978,0.010301469474322072,0.0038372973791850986,0.006464172095136973,0.0,0.0037988940763948875,False,1.0,20073176.85324132,20073176.85324132,20268459.02856851,20268459.02856851,0.0,0.0
2021-06-07,IC,front,2.035084369628467,20350843.696284667,15.256419947436628,IC2106,8.996851102116565e-05,8.996851102119722e-05,0.004264507422402098,-0.0041745389113809015,0.0,0.004249177506252755,False,1.0,20254423.12221687,20254423.122216865,20345961.641901486,20345961.641901486,0.0,0.0
2021-06-08,IC,front,2.0300192382059175,20300192.382059176,15.256419947436628,IC2106,-0.00248890488185205,-0.00248890488185204,-0.005538563032265743,0.003049658150413703,0.0,-0.005495797069106523,False,1.0,20178141.02247968,20178141.022479683,20277002.62373907,20277002.62373907,0.0,0.0
2021-06-09,IC,front,2.0315448802006615,20315448.802006613,15.256419947436626,IC2106,0.000751540658349592,0.0007515406583496162,0.0012535698181270454,-0.0005020291597774291,1.1624438997033293e-20,0.0012476513039001436,False,0.9999999999999998,20230012.850300968,20230012.850300964,20304464.179644458,20304464.179644454,2.3597834797328687e-09,2.3597834797328686e-13
2021-06-10,IC,front,2.0584572049879393,20584572.049879394,15.256419947436628,IC2106,0.013247221387804098,0.013247221387804117,0.010925202763592774,0.0023220186242113427,1.1639842405923353e-20,0.010868233501172941,False,1.0,20275782.110143278,20275782.110143278,20571756.657123547,20571756.657123547,2.3646862246096134e-09,2.3646862246096135e-13
2021-06-11,IC,front,2.0537662016021314,20537662.016021315,15.413613120285886,IC2107,-0.002278892839958524,-0.0020785855279358283,-0.0059606413680496975,0.0038820558401138692,0.00020030731202258007,-0.005870841487279899,True,1.0009632096755194,20443947.248249978,20463729.323016353,20509300.96787999,20529083.042646363,41232402.964464724,4123.240296446473
2021-06-15,IC,front,2.032946911374226,20329469.11374226,15.398780865564973,IC2107,-0.010137127688470415,-0.01013703136461405,-0.009335110959549902,-0.0008019204050641492,9.632385634320282e-08,-0.00925672621737994,False,1.000000068126551,20267873.99028,20267875.375256617,20334396.72361924,20334398.10859586,19782.668056564904,1.9782668056564905
2021-06-16,IC,front,2.010218312305069,20102183.12305069,15.39877981649921,IC2107,-0.011180124253118318,-0.011180124246307922,-0.014750795377077354,0.003570671130769432,6.8103845833533425e-12,-0.014612090052613658,False,1.0000000000298495,20024573.272775535,20024573.273375574,20075081.27057365,20075081.27117369,1.384515030399882,0.0001384515030399882
2021-06-17,IC,front,2.0197655557909178,20197655.557909176,15.398779816039564,IC2107,0.004749356538743754,0.004749356538746702,0.007641867875910376,-0.0028925113371636737,2.9804726793438764e-15,0.0075963748174388,False,1.0000000000000473,20068305.80745444,20068305.807455402,20206894.8257988,20206894.825799756,0.0005991400759342014,5.991400759342014e-08
2021-06-18,IC,front,2.037012189184881,20370121.89184881,15.398779816038834,IC2107,0.008538928364490328,0.008538928364490257,0.006341679119270511,0.002197249245219745,4.741172155946241e-18,0.006286114171794255,False,1.0,20158850.63277276,20158850.63277276,20363962.379922394,20363962.379922394,9.576056214655182e-07,9.576056214655182e-11
2021-06-21,IC,front,2.049515998395505,20495159.983955048,15.398779816038832,IC2107,0.00613830848779906,0.0061383084877990315,0.007471803090320835,-0.0013334946025218032,1.1519653133674765e-20,0.0074229170171349335,False,0.9999999999999998,20293743.943961255,20293743.943961255,20506863.056615237,20506863.056615233,2.346567384847731e-09,2.346567384847731e-13
2021-06-22,IC,front,2.056722627349411,20567226.27349411,15.398779816038836,IC2107,0.003516258940914785,0.0035162589409147736,0.0049002223958645895,-0.0013839634549498159,2.3092892012569165e-20,0.004861953906112548,False,1.0,20444036.0349658,20444036.034965802,20564146.517530903,20564146.517530903,4.732925162898027e-09,4.732925162898027e-13
2021-06-23,IC,front,2.080436748266111,20804367.48266111,15.398779816038836,IC2107,0.011530053008295793,0.011530053008295649,0.007511005959689715,0.004019047048605934,0.0,0.007442368382397646,False,1.0,20536428.71386203,20536428.71386203,20792048.458808277,20792048.458808277,0.0,0.0
2021-06-24,IC,front,2.075632328963507,20756323.28963507,15.398779816038836,IC2107,-0.0023093320701088604,-0.002309332070108872,-0.005193036475603968,0.0028837044054950962,0.0,-0.005166459252277211,False,1.0,20657155.14761978,20657155.147619776,20721830.022847142,20721830.022847142,0.0,0.0
2021-06-25,IC,front,2.0941724598620177,20941724.598620176,15.398779816038838,IC2107,0.008932280847528062,0.008932280847528016,0.008685975428808826,0.00024630541871918914,1.1519267032358766e-20,0.008666339988778526,False,1.0,20697807.926334124,20697807.92633412,20944804.354583383,20944804.354583386,2.390976305832737e-09,2.390976305832737e-13
2021-06-28,IC,front,2.0920782258070365,20920782.258070365,15.398779816038836,IC2107,-0.001000029412629777,-0.0010000294126298098,0.0022221241801230304,-0.0032221535927528405,1.1525519819234545e-20,0.0022176854174342786,False,1.0,20862266.894769415,20862266.894769415,20921398.209263004,20921398.209263004,2.4136426191034843e-09,2.4136426191034844e-13
2021-06-29,IC,front,2.077233802064375,20772338.020643752,15.398779816038838,IC2107,-0.007095539525982519,-0.007095539525982603,-0.009288973943765693,0.002193434417783091,1.1547246262165268e-20,-0.009240655368952577,False,0.9999999999999998,20709510.99899431,20709510.99899431,20772338.020643752,20772338.02064375,2.4157742473107646e-09,2.415774247310765e-13
2021-06-30,IC,front,2.083146933513734,20831469.33513734,15.39877981603884,IC2107,0.0028466374095599267,0.00284663740955993,0.006339698730874187,-0.003493061321314257,1.1542881978136377e-20,0.00632037626636639,False,1.0,20744004.26578224,20744004.26578224,20841324.554219607,20841324.554219607,2.397726461822458e-09,2.3977264618224584e-13
2021-07-01,IC,front,2.0591864321199775,20591864.321199775,15.39877981603884,IC2107,-0.011502069781194613,-0.011502069781194587,-0.013528976936723863,0.002026907155529276,0.0,-0.013441183987497385,False,1.0,20530885.153128263,20530885.153128263,20617734.271290723,20617734.271290723,0.0,0.0
2021-07-02,IC,front,2.044649983973637,20446499.83973637,15.398779816038838,IC2107,-0.0070593162035236245,-0.007059316203523648,-0.008767311776494853,0.0017079955729712047,1.1521551218946367e-20,-0.008727539093032699,False,1.0,20391680.18359127,20391680.18359127,20454507.20524071,20454507.205240708,2.3725021947029745e-09,2.3725021947029746e-13
2021-07-05,IC,front,2.0567842224686754,20567842.224686753,15.398779816038838,IC2107,0.005934628709142853,0.005934628709142888,0.007977104985690622,-0.0020424762765477336,0.0,0.007954280908073708,False,1.0,20435412.71826882,20435412.71826882,20568458.175879396,20568458.175879396,0.0,0.0
2021-07-06,IC,front,2.0557987005604486,20557987.005604487,15.398779816038836,IC2107,-0.00047915668423581526,-0.00047915668423571784,-0.0002261020603737749,-0.00025305462386194296,1.1551244508815903e-20,-0.00022500338995179447,False,1.0,20370121.891848817,20370121.891848814,20482225.00890958,20482225.00890958,2.375841745561047e-09,2.3758417455610473e-13
2021-07-07,IC,front,2.0754475436057143,20754475.436057143,15.398779816038836,IC2107,0.009557766059443917,0.009557766059443938,0.008184024448705673,0.0013737416107382657,0.0,0.008142186452045674,False,1.0,20413854.426526364,20413854.426526364,20747699.972938087,20747699.972938087,0.0,0.0
2021-07-08,IC,front,2.070150363348997,20701503.63348997,15.398779816038836,IC2107,-0.0025523074640153576,-0.0025523074640154053,-0.00229707671761396,-0.0002552307464014454,0.0,-0.002288542650717873,False,1.0,20680561.292940155,20680561.29294016,20734149.04669997,20734149.04669997,0.0,0.0
2021-07-09,IC,front,2.089337290908595,20893372.909085948,15.522557536883994,IC2108,0.009268373882058478,0.009467916996603949,0.008413907566590448,0.0010540094300135004,0.0001995431145454059,0.008281656331266207,True,1.0006235701601451,20538837.694943517,20551866.17883441,20875366.74234316,20888395.226234052,41308425.10799625,4130.842510799625
2021-07-12,IC,front,2.1142266361974156,21142266.361974154,15.512884165220775,IC2108,0.011912554950855636,0.011912617633814994,0.014830253623812406,-0.0029176359899974126,6.268295925404737e-08,0.014672556851748952,False,0.9999968408837103,20973486.182256557,20973419.39137849,21159640.7922392,21159574.00136114,13096.584427398517,1.3096584427398517
2021-07-13,IC,front,2.1358826857290407,21358826.857290406,15.51293317238066,IC2108,0.010243012343546631,0.01024301265967147,0.008433612367769594,0.001809400291901875,3.161248822878684e-10,0.008323701766125291,False,1.0000000024238307,21135440.619608123,21135440.671378307,21351380.649367664,21351380.701137844,66.83596464977839,0.006683596464977839
2021-07-14,IC,front,2.129119046891083,21291190.46891083,15.512933134779935,IC2108,-0.003166671504548968,-0.0031666715043061904,-0.009165916158662404,0.005999244654356213,2.428196614188467e-13,-0.009063682785466542,False,0.9999999999958638,21201835.9740545,21201835.973966435,21273815.983799875,21273815.983711813,0.05186343105791025,5.186343105791025e-06
2021-07-15,IC,front,2.132655995645849,21326559.95645849,15.512933134844099,IC2108,0.001661226393108839,0.0016612263931093118,0.004904989508058248,-0.003243763114948936,4.1255398933157606e-16,0.004879144772603761,False,0.9999999999999899,21085799.23420571,21085799.23420549,21311667.540649038,21311667.540648825,8.783765565567592e-05,8.783765565567592e-09
2021-07-16,IC,front,2.136627306528369,21366273.065283693,15.512933134844257,IC2108,0.0018621432104513058,0.0018621432104513052,-0.0010605487503273225,0.002922691960778628,1.0191222854659042e-18,-0.0010515823501494603,False,1.0,21268231.327871475,21268231.327871475,21351380.64947424,21351380.64947424,2.1734372523951606e-07,2.173437252395161e-11
2021-07-19,IC,front,2.1263887706593723,21263887.706593722,15.512933134844259,IC2108,-0.00479191473295959,-0.004791914732959661,-0.005195597246827134,0.0004036825138674728,1.1447154108534943e-20,-0.005166697472390291,False,1.0,21151574.07069745,21151574.07069745,21266369.775895294,21266369.775895298,2.445830205033417e-09,2.445830205033417e-13
2021-07-20,IC,front,2.128498529565711,21284985.29565711,15.512933134844259,IC2108,0.0009921792926343986,0.0009921792926344218,0.0017202638029648594,-0.0007280845103304376,0.0,0.001711339547765034,False,1.0,21111240.444546852,21111240.444546852,21299877.711466562,21299877.711466562,0.0,0.0
2021-07-21,IC,front,2.1529469121862257,21529469.121862255,15.512933134844259,IC2108,0.011486210716576295,0.011486210716576321,0.012158183196315064,-0.0006719724797387434,0.0,0.012086426425817143,False,1.0,21359447.37470436,21359447.37470436,21539397.399068553,21539397.399068557,0.0,0.0
2021-07-22,IC,front,2.164178275775853,21641782.757758528,15.512933134844259,IC2108,0.005216739681807692,0.005216739681807675,0.00605401198985477,-0.0008372723080470951,0.0,0.0060147124935929774,False,1.0,21476104.63187839,21476104.63187839,21638059.653806165,21638059.653806165,0.0,0.0
2021-07-23,IC,front,2.1553669297552616,21553669.297552615,15.512933134844259,IC2108,-0.004071451099578405,-0.004071451099578467,-0.005849126931788884,0.0017776758322104174,0.0,-0.005806548021432989,False,0.9999999999999998,21473002.045251425,21473002.04525142,21540017.916393954,21540017.91639395,0.0,0.0
2021-07-26,IC,front,2.118197941964175,21181979.419641748,15.51293313484426,IC2108,-0.017244853893767065,-0.01724485389376712,-0.016919533611630917,-0.0003253202821362061,1.143894436152422e-20,-0.01682568085030245,False,1.0,20975347.150285624,20975347.150285624,21146609.932094306,21146609.932094302,2.4655122388139716e-09,2.465512238813972e-13
2021-07-27,IC,front,2.0847520581254506,20847520.581254505,15.51293313484426,IC2108,-0.015789782048277523,-0.015789782048277506,-0.0218171431919381,0.006027361143660597,0.0,-0.021686873290129416,False,1.0,20809669.024405483,20809669.024405483,20964798.35575393,20964798.35575393,0.0,0.0
2021-07-28,IC,front,2.0563944163549555,20563944.163549554,15.51293313484426,IC2108,-0.013602404976634674,-0.013602404976634766,-0.014477483108610986,0.0008750781319762179,0.0,-0.014477784756059542,False,1.0,20361655.515471183,20361655.515471183,20543467.091811556,20543467.091811556,0.0,0.0
2021-07-29,IC,front,2.0901505588563767,20901505.588563766,15.512933134844262,IC2108,0.016415208207604115,0.01641520820760413,0.020656306578153406,-0.004241098370549276,1.1593515438160703e-20,0.020675085095394508,False,1.0,20666950.03956492,20666950.039564922,20892818.346008252,20892818.346008252,2.384084041295864e-09,2.3840840412958645e-13
2021-07-30,IC,front,2.096914197703169,20969141.97703169,15.512933134844262,IC2108,0.0032359577247358384,0.0032359577247358068,0.0012513359458495698,0.001984621778886237,0.0,0.0012472462194235145,False,1.0,20724658.15082654,20724658.150826544,20896541.449960615,20896541.449960615,0.0,0.0
2021-08-02,IC,front,2.1202456491379746,21202456.491379745,15.512933134844264,IC2108,0.011126564673157091,0.011126564673157134,0.015488414760453392,-0.004361850087296257,1.1445729422211729e-20,0.015468457232700628,False,1.0,20843797.477302145,20843797.477302145,21200594.939403564,21200594.939403564,2.4000712528504664e-09,2.4000712528504663e-13
2021-08-03,IC,front,2.1084558199554926,21084558.199554928,15.512933134844264,IC2108,-0.005560595861746065,-0.005560595861746028,-0.008193099007872602,0.0026325031461265744,0.0,-0.008147555296856734,False,1.0000000000000002,21029332.157594882,21029332.157594882,21073388.88769784,21073388.887697842,0.0,0.0
2021-08-04,IC,front,2.1306082884720503,21306082.884720504,15.512933134844262,IC2108,0.010506489302216204,0.010506489302216022,0.01697077606757114,-0.0064642867653551175,1.1457889127766199e-20,0.016920456396044115,False,1.0,21078973.543626383,21078973.543626387,21333385.64703783,21333385.64703783,2.4158453015843406e-09,2.4158453015843406e-13
2021-08-05,IC,front,2.1306703402045897,21306703.4020459,15.512933134844262,IC2108,2.9123951537757264e-05,2.912395153771824e-05,-0.0028410414725070217,0.00287016542404474,0.0,-0.0028147515487626507,False,1.0,21181358.902316358,21181358.902316358,21304841.85006972,21304841.850069717,0.0,0.0
2021-08-06,IC,front,2.140226307015654,21402263.07015654,15.512933134844262,IC2108,0.004484957917115784,0.0044849579171156746,0.003937443573987239,0.0005475143431284355,0.0,0.003912133255592254,False,1.0,21228518.219046284,21228518.219046284,21344554.958894923,21344554.95889492,0.0,0.0
2021-08-09,IC,front,2.1450663421537257,21450663.421537258,15.512933134844264,IC2108,0.0022614595111769553,0.0022614595111768816,0.00589429126438779,-0.003632831753210908,1.1410640897189955e-20,0.005859743733489742,False,0.9999999999999998,21234102.87497483,21234102.87497483,21490376.53036246,21490376.530362457,2.4421353828074643e-09,2.4421353828074647e-13
2021-08-10,IC,front,2.1605172235560306,21605172.235560305,15.512933134844266,IC2108,0.007202985333680356,0.007202985333680491,0.005742138910584602,0.0014608464230958886,1.1432924960323826e-20,0.005688062090140722,False,1.0,21417155.485965993,21417155.485965993,21560494.98813195,21560494.988131955,2.4524382524759858e-09,2.452438252475986e-13
2021-08-11,IC,front,2.170631655959949,21706316.55959949,15.512933134844266,IC2108,0.004681486587397199,0.004681486587397245,0.0077962548107302085,-0.003114768223332963,0.0,0.007734466601037493,False,1.0,21549946.19360026,21549946.19360026,21729896.21796445,21729896.217964455,0.0,0.0
2021-08-12,IC,front,2.1887507618614475,21887507.618614472,15.512933134844264,IC2108,0.008347388582373494,0.008347388582373364,0.003098825076469995,0.005248563505903369,1.1427898132790596e-20,0.0030649521030547966,False,0.9999999999999998,21662880.346821927,21662880.346821923,21914810.380931795,21914810.380931795,2.4805757448120858e-09,2.480575744812086e-13
2021-08-13,IC,front,2.193341987550514,21933419.875505142,15.640190089331785,IC2109,0.002097646643495432,0.002296884506644673,-0.0008730325685684199,0.003169917075213093,0.00019923786314911528,-0.0008893336340060065,True,1.0020425836865272,21717585.25227236,21762386.09789982,21877115.19118355,21921916.036811005,43608202.47592728,4360.820247592728
2021-08-16,IC,front,2.1841165946954124,21841165.946954124,15.608308812377347,IC2109,-0.004206089569007254,-0.004205884618749839,-0.005180990547469457,0.0009751059287196189,2.0495025746514025e-07,-0.0051347954334177714,False,0.9999932577034298,21741272.770554908,21741125.510936655,21796214.017574474,21796066.75795622,44952.60050575803,4.495260050575803
2021-08-17,IC,front,2.140912554495942,21409125.544959422,15.608414048933856,IC2109,-0.019781013662182767,-0.019781012990304464,-0.022595254060103657,0.0028142410697991915,6.718783430102163e-10,-0.022416196265432564,False,0.9999999766977969,21333580.82096258,21333580.32208279,21422236.612760525,21422236.113880735,146.746063858507,0.0146746063858507
2021-08-18,IC,front,2.14596968078393,21459696.8078393,15.608414412644295,IC2109,0.0023621358459353647,0.0023621358482643936,0.00679624395021348,-0.004434108101949087,2.329133021184443e-12,0.006760559294499924,False,0.9999999999914764,21302363.990559846,21302363.990376934,21454077.77865075,21454077.778467838,0.49864701261448374,4.9864701261448374e-05
2021-08-19,IC,front,2.149278664639498,21492786.64639498,15.608414412777334,IC2109,0.0015419527522677612,0.001541952752268518,0.0008800768067322937,0.0006618759455362241,8.495240014373498e-16,0.0008716310738638988,False,0.9999999999999725,21217454.21615359,21217454.216152996,21455950.788380824,21455950.78838023,0.00018230527501827964,1.8230527501827966e-08
2021-08-20,IC,front,2.1420363603519688,21420363.60351969,15.608414412777762,IC2109,-0.003369644153957907,-0.0033696441539578514,-0.003927378358750775,0.0005577342047929237,2.7426048245440375e-18,-0.003892294006385466,False,1.0,21194353.76282267,21194353.762822665,21380406.06262298,21380406.062622976,5.894622034929853e-07,5.894622034929854e-11
2021-08-23,IC,front,2.168570664853691,21685706.648536913,15.608414412777762,IC2109,0.012387420210440592,0.01238742021044041,0.015235069515287528,-0.00284764930484712,0.0,0.015106892754645163,False,0.9999999999999998,21508395.060807757,21508395.060807753,21705685.418985266,21705685.418985266,0.0,0.0
2021-08-24,IC,front,2.1927949240223223,21927949.24022322,15.608414412777764,IC2109,0.011170610928772806,0.01117061092877288,0.00953244659411518,0.0016381643346577,1.1378798269016324e-20,0.00942692496042441,False,1.0,21642003.088181138,21642003.088181134,21923578.884187646,21923578.884187646,2.467572812747676e-09,2.467572812747676e-13
2021-08-25,IC,front,2.204407584345429,22044075.84345429,15.608414412777762,IC2109,0.005295825978019586,0.005295825978019578,0.00885769603097777,-0.0035618700529581925,1.1378495951845758e-20,0.008774775130521606,False,1.0,21826182.378251914,21826182.37825191,22042202.833724756,22042202.833724752,2.495070816621592e-09,2.495070816621592e-13
2021-08-26,IC,front,2.2042827170301265,22042827.170301266,15.608414412777764,IC2109,-5.664438654140458e-05,-5.664438654137113e-05,-0.004837430610626466,0.0047807862240850955,1.1386566105884006e-20,-0.004775618621557398,False,1.0,21961039.07877831,21961039.07877831,22045948.85318382,22045948.853183825,2.51006326834613e-09,2.51006326834613e-13
2021-08-27,IC,front,2.2185175909745802,22185175.9097458,15.608414412777762,IC2109,0.006457825865292088,0.006457825865292068,0.008676995411544711,-0.0022191695462526434,1.1338859158126623e-20,0.008606739300222932,False,0.9999999999999998,21947303.674095068,21947303.674095064,22200159.98758207,22200159.987582065,2.4994051273097284e-09,2.4994051273097286e-13
2021-08-30,IC,front,2.223637150901971,22236371.50901971,15.608414412777764,IC2109,0.002307649012213586,0.0023076490122136027,0.00658102099397766,-0.004273371981764057,1.1417916464985025e-20,0.006513827782582693,False,1.0,22163948.466144424,22163948.466144424,22243863.547937844,22243863.547937848,2.533084852984757e-09,2.533084852984757e-13
2021-08-31,IC,front,2.233626536126149,22336265.361261487,15.608414412777762,IC2109,0.004492362982928988,0.004492362982929021,0.003995395327942502,0.0004969676549865184,1.139162858453442e-20,0.003938075628763693,False,1.0,22117123.222906087,22117123.222906087,22321281.28342522,22321281.28342522,2.533084852984757e-09,2.533084852984757e-13
2021-09-01,IC,front,2.2223260440912975,22223260.440912977,15.60841441277776,IC2109,-0.005059257602862188,-0.005059257602862229,-0.008698568872987446,0.0036393112701252174,1.1407485581071263e-20,-0.008578509070560458,False,1.0,21969155.454272956,21969155.454272956,22204530.343617644,22204530.343617644,2.5480062504357193e-09,2.548006250435719e-13
2021-09-02,IC,front,2.253480439259202,22534804.39259202,15.608414412777762,IC2109,0.01401882286838041,0.014018822868380413,0.016000842815002084,-0.0019820199466216723,1.1342716412313147e-20,0.01583600950911279,False,1.0,22148964.388308153,22148964.388308153,22518571.641602732,22518571.641602732,2.5207214093825314e-09,2.5207214093825314e-13
2021-09-03,IC,front,2.252918536340342,22529185.36340342,15.60841441277776,IC2109,-0.0002493489222584744,-0.0002493489222585722,-0.003924474981991457,0.003675126059732885,1.1422069681408496e-20,-0.003877098840702309,False,1.0,22363111.834051464,22363111.834051464,22469873.388634864,22469873.388634864,2.573941060290963e-09,2.573941060290963e-13
2021-09-06,IC,front,2.2659047371317733,22659047.371317733,15.608414412777762,IC2109,0.005764167936815889,0.0057641679368159015,0.010630455868089143,-0.00486628793127324,1.1387071951696579e-20,0.010540372704940904,False,1.0,22420550.79909049,22420550.799090486,22664042.06392982,22664042.06392982,2.5654145474618417e-09,2.565414547461842e-13
2021-09-07,IC,front,2.3240304724049574,23240304.724049576,15.608414412777762,IC2109,0.025652329650345695,0.02565232965034577,0.0197737855784863,0.005878544071859471,0.0,0.0195135546673193,False,1.0,22647809.31294053,22647809.31294053,23230939.675401907,23230939.675401907,0.0,0.0
2021-09-08,IC,front,2.335768000043366,23357680.00043366,15.608414412777762,IC2109,0.005050505050504972,0.005050505050504977,0.006059262841177691,-0.0010087577906727136,0.0,0.006015524881549661,False,1.0,23231564.011978418,23231564.011978418,23378283.107458528,23378283.10745853,0.0,0.0
2021-09-09,IC,front,2.360241993842602,23602419.938426018,15.608414412777758,IC2109,0.01047792152250615,0.01047792152250622,0.009811023201111923,0.000666898321394298,2.275787798561231e-20,0.009730860387802798,False,1.0,23306484.401159752,23306484.40115975,23563086.734105818,23563086.734105814,5.3157123147684615e-09,5.315712314768461e-13
2021-09-10,IC,front,2.3724146320952277,23724146.320952278,15.767322193855396,IC2110,0.005157368729300726,0.005357233742149257,-0.0013014988844317259,0.006658732626580983,0.00019986501284860233,-0.001283894216568493,True,1.0013822783981299,23519801.82531991,23552595.200293437,23705856.227207404,23738649.60218093,47172979.64251624,4717.297964251624
2021-09-13,IC,front,2.3731772290412,23731772.290411998,15.745557449925851,IC2110,0.00032144336645667515,0.0003215818952066695,0.005453981360066495,-0.005132399464859826,1.3852874994531476e-07,0.005399813609160198,False,0.9999971303498565,23542825.601012886,23542757.49912913,23751296.781649906,23751228.67976615,32864.76333361257,3.286476333361257
2021-09-14,IC,front,2.354975327982934,23549753.279829342,15.745602634296707,IC2110,-0.007669844812062121,-0.0076698445257825905,-0.01222531160565393,0.00455546707987134,2.8627958834402143e-10,-0.012045105409380641,False,0.999999993381255,23442053.35781075,23442053.20194094,23586912.90204628,23586912.74617647,67.939220019732,0.006793922001973201
2021-09-15,IC,front,2.3671939157418986,23671939.157418985,15.745602738512838,IC2110,0.005188414338688441,0.005188414339348887,0.004772538865160479,0.000415875474188408,6.603698868142431e-13,0.004723011081674056,False,0.9999999999856884,23486770.86921407,23486770.86887529,23676977.75029531,23676977.749956526,0.1555154790790425,1.5551547907904252e-05
2021-09-16,IC,front,2.318823424128302,23188234.24128302,15.745602738738183,IC2110,-0.020433683650473933,-0.020433683650472455,-0.019338831980890304,-0.0010948516695821482,1.4391583364989752e-15,-0.019147005325125144,False,1.000000000000083,23146036.0259432,23146036.025945127,23231062.280732386,23231062.280734316,0.0003406766857949606,3.406766857949606e-08
2021-09-17,IC,front,2.3054711530058527,23054711.530058526,15.745602738736872,IC2110,-0.005758209522774949,-0.005758209522774907,-0.006977754841513607,0.0012195453187387004,8.310673683642797e-18,-0.0068994781749280865,False,1.0000000000000002,22793964.348705046,22793964.348705046,23011883.49060916,23011883.490609165,1.9270984807917557e-06,1.9270984807917557e-10
2021-09-22,IC,front,2.3258774541552554,23258774.541552555,15.74560273873687,IC2110,0.008851249829258334,0.00885124982925832,0.007930610572326111,0.0009206392569322087,1.1218733355514578e-20,0.007850656339749795,False,1.0,22851908.166783597,22851908.166783597,23259404.365662105,23259404.365662105,2.5864466124403407e-09,2.586446612440341e-13
2021-09-23,IC,front,2.338222006702425,23382220.06702425,15.74560273873687,IC2110,0.005307481924774482,0.005307481924774543,0.006664139294321571,-0.0013566573695470284,0.0,0.006603502727533739,False,1.0000000000000002,23231062.28073238,23231062.28073238,23372142.88127146,23372142.881271463,0.0,0.0
2021-09-24,IC,front,2.3209018436898146,23209018.436898146,15.745602738736869,IC2110,-0.007407407407407307,-0.007407407407407407,-0.0164929292929293,0.009085521885521893,1.126215742325635e-20,-0.016321819471026955,False,0.9999999999999999,23146665.850052748,23146665.850052744,23190753.53772121,23190753.53772121,2.6333424330005073e-09,2.6333424330005073e-13
2021-09-27,IC,front,2.2605017115840202,22605017.1158402,15.745602738736869,IC2110,-0.02602442333785615,-0.0260244233378562,-0.028465400271370414,0.0024409769335142165,0.0,-0.028425365631579935,False,0.9999999999999999,22470234.75639661,22470234.75639661,22579194.32734867,22579194.327348668,0.0,0.0
2021-09-28,IC,front,2.263272937666038,22632729.376660377,15.74560273873687,IC2110,0.0012259340781810568,0.001225934078181185,0.003943885653785001,-0.002717951575603816,1.1285377804079879e-20,0.003948071218686344,False,1.0,22523139.98159877,22523139.98159877,22646585.507070463,22646585.507070463,2.5510615841994877e-09,2.5510615841994876e-13
2021-09-29,IC,front,2.2191852499975746,22191852.499975745,15.74560273873687,IC2110,-0.01947961597328507,-0.0194796159732851,-0.02625295672742443,0.00677334075413933,0.0,-0.026209559793857307,False,1.0,22069666.622723144,22069666.622723147,22154063.053402778,22154063.053402778,0.0,0.0
2021-09-30,IC,front,2.2343640110377168,22343640.110377166,15.74560273873687,IC2110,0.0068397899815524354,0.0068397899815524086,0.013252447850148919,-0.00641265786859651,0.0,0.013321978482843555,False,1.0,22167289.359703314,22167289.359703314,22351827.823801313,22351827.823801313,0.0,0.0
2021-10-08,IC,front,2.235170638157784,22351706.381577842,15.883502125779946,IC2111,0.00036100971734365217,0.0005629085923703849,-0.0018526373890161354,0.00241554598138652,0.000201898875026662,-0.0017272907718750563,True,0.9983884346757643,22230991.765421916,22194970.530479867,22344717.640642498,22308696.405700453,45111558.02285752,4511.155802285752
2021-10-11,IC,front,2.236437573274176,22364375.732741762,15.909140745343526,IC2111,0.0005668180740938666,0.0005669794738018311,-0.00012649434344630053,0.0006934738172481316,1.613997079223231e-07,-0.00012268485222821646,False,1.0000025916856812,22219920.734774042,22219978.696206395,22366284.829631202,22366342.79106356,36075.58881552189,3.6075588815521895
2021-10-12,IC,front,2.1935466331489324,21935466.331489325,15.909099513958116,IC2111,-0.019178241609691282,-0.019178241350847114,-0.01967335174374036,0.0004951103928932469,2.588440911889665e-10,-0.019502233279317216,False,1.0000000035721204,21802466.25955264,21802466.337908763,21878829.937219635,21878830.01557576,57.888865115501176,0.005788886511550118
2021-10-13,IC,front,2.205637548742613,22056375.48742613,15.909099457128898,IC2111,0.005512039457453044,0.005512039457810727,0.004264577896691339,0.0012474615611193878,3.5753329215893836e-13,0.004228883272753059,False,0.9999999999971606,21792284.43643779,21792284.436375163,22066557.31107869,22066557.311016068,0.07842659492538928,7.842659492538928e-06
2021-10-14,IC,front,2.214673917234293,22146739.17234293,15.909099457174069,IC2111,0.0040969417195637625,0.004096941719564187,0.003857472590887311,0.00023946912867687563,2.836531845429675e-16,0.003830073092232489,False,0.9999999999999974,21959011.798748277,21959011.79874822,22181739.191148713,22181739.191148657,6.256361146483869e-05,6.256361146483869e-09
2021-10-15,IC,front,2.233573927389416,22335739.27389416,15.909099457174106,IC2111,0.008533992299293303,0.008533992299293223,0.0022742945807712137,0.006259697718522008,2.3449918935664e-19,0.0022587406700311785,False,1.0,22062102.763230767,22062102.763230763,22295648.34326208,22295648.34326208,5.19339238280736e-08,5.193392382807361e-12
2021-10-18,IC,front,2.233955745776388,22339557.45776388,15.909099457174108,IC2111,0.00017094504116910159,0.0001709450411692382,0.006259437590814624,-0.006088492549645386,1.1148487126108592e-20,0.00625555226532426,False,1.0,22098375.50999312,22098375.50999312,22325557.45024157,22325557.45024157,2.490097017471271e-09,2.490097017471271e-13
2021-10-19,IC,front,2.249546663244419,22495466.632444188,15.909099457174106,IC2111,0.006979062811565351,0.006979062811565303,0.007446232730380251,-0.0004671699188149478,1.1152306840034504e-20,0.007396612951146686,False,1.0,22268921.05617403,22268921.05617403,22518375.73566252,22518375.735662516,2.4913759943956393e-09,2.4913759943956395e-13
2021-10-20,IC,front,2.2513284823836224,22513284.823836222,15.909099457174108,IC2111,0.0007920792079207928,0.0007920792079208428,-0.00022347949080621333,0.001015558698727056,1.1104072782211177e-20,-0.0002218982694743854,False,1.0,22336375.637872446,22336375.637872446,22499284.816313908,22499284.816313908,2.497912987564632e-09,2.4979129875646323e-13
2021-10-21,IC,front,2.244455751418123,22444557.51418123,15.909099457174108,IC2111,-0.003052744643563754,-0.003052744643563848,-0.0029043473345016935,-0.00014839730906215446,0.0,-0.00288672248131705,False,1.0,22313466.534654114,22313466.534654114,22423557.502897758,22423557.502897758,0.0,0.0
2021-10-22,IC,front,2.2286102883587775,22286102.883587774,15.909099457174108,IC2111,-0.0070598242132124955,-0.007059824213212387,-0.010232492203005428,0.0031726679897930406,0.0,-0.010168703553692815,False,1.0,22247284.68091227,22247284.68091227,22279739.243804906,22279739.243804906,0.0,0.0
2021-10-25,IC,front,2.24604666136384,22460466.6136384,15.909099457174106,IC2111,0.007823877102310028,0.00782387710231007,0.011124753719197064,-0.003300876616886995,1.1162158457628183e-20,0.011090125774437132,False,1.0000000000000002,22206557.3863019,22206557.386301905,22471284.801269278,22471284.80126928,2.4876101178961108e-09,2.487610117896111e-13
2021-10-26,IC,front,2.2475102985139,22475102.985139,15.909099457174104,IC2111,0.0006516503754072644,0.0006516503754073332,-0.00022099447513804888,0.0008726448505453821,1.1192239182240392e-20,-0.00021959490370893064,False,1.0,22368193.83678679,22368193.83678679,22449648.426007524,22449648.426007524,2.5138291448456584e-09,2.513829144845659e-13
2021-10-27,IC,front,2.2266375600260875,22266375.600260876,15.909099457174104,IC2111,-0.00928704909677791,-0.009287049096777897,-0.007620759952432177,-0.0016662891443457208,0.0,-0.0075790961684943925,False,1.0,22165193.727713246,22165193.72771325,22242193.76908597,22242193.76908597,0.0,0.0
2021-10-28,IC,front,2.2085011866449094,22085011.86644909,15.909099457174104,IC2111,-0.008145184338382405,-0.008145184338382395,-0.014049728493855475,0.005904544155473079,0.0,-0.013948869279005849,False,1.0,22005466.36916322,22005466.369163223,22062739.12720905,22062739.12720905,0.0,0.0
2021-10-29,IC,front,2.2321739266371843,22321739.266371842,15.909099457174104,IC2111,0.010718916582624916,0.01071891658262493,0.010404840801037351,0.0003140757815875779,0.0,0.01039094827834286,False,1.0,21997830.001423776,21997830.00142378,22302011.98304495,22302011.983044945,0.0,0.0
2021-11-01,IC,front,2.2411466587310307,22411466.587310307,15.909099457174104,IC2111,0.004019728026912306,0.004019728026912326,0.005453716110271719,-0.0014339880833593934,0.0,0.005448202207191111,False,1.0,22228193.76156366,22228193.76156366,22418466.591071464,22418466.59107146,0.0,0.0
2021-11-02,IC,front,2.2236466493281393,22236466.49328139,15.909099457174106,IC2111,-0.007808507013459032,-0.007808507013459027,-0.010741666193423796,0.0029331591799647695,1.1164080341126485e-20,-0.010715560364606636,False,1.0000000000000002,22008011.82507637,22008011.82507637,22170921.003517833,22170921.003517836,2.5020341354320408e-09,2.502034135432041e-13
2021-11-03,IC,front,2.2302648347023233,22302648.347023234,15.909099457174106,IC2111,0.0029762756489140063,0.002976275648913842,0.004686203245285179,-0.0017099275963713373,0.0,0.004688551345005898,False,1.0,22187466.466953292,22187466.466953296,22321739.266371842,22321739.266371846,0.0,0.0
2021-11-04,IC,front,2.2483375716856733,22483375.716856733,15.909099457174104,IC2111,0.008103404000342485,0.008103404000342424,0.007989271549633348,0.00011413245070907409,1.1177772027899313e-20,0.007979651887686456,False,0.9999999999999999,22326830.17819814,22326830.178198136,22484648.444813307,22484648.444813307,2.4929391884143115e-09,2.4929391884143116e-13
2021-11-05,IC,front,2.2284193791652913,22284193.791652914,15.909099457174106,IC2111,-0.008859075599331967,-0.008859075599331955,-0.01159604879567526,0.0027369731963433046,1.1155868624090283e-20,-0.011583508273429688,False,1.0,22273375.604022037,22273375.604022037,22307102.894871246,22307102.894871246,2.5082158572331537e-09,2.508215857233154e-13
2021-11-08,IC,front,2.23433756416336,22343375.6416336,15.909099457174106,IC2111,0.002655777028956363,0.002655777028956459,0.005005996915871894,-0.0023502198869154354,0.0,0.005014366603689258,False,1.0,22205921.022323616,22205921.02232362,22361193.833025638,22361193.833025638,0.0,0.0
2021-11-09,IC,front,2.249928481631391,22499284.816313908,15.909099457174104,IC2111,0.006977870183133561,0.006977870183133491,0.0078009740537153234,-0.0008231038705818325,1.1200964724555139e-20,0.00779567864954589,False,0.9999999999999999,22349739.28141647,22349739.28141647,22516466.643727656,22516466.643727653,2.502673623894225e-09,2.502673623894225e-13
2021-11-10,IC,front,2.2449648426007527,22449648.426007528,15.909099457174106,IC2111,-0.002206131915374887,-0.002206131915374965,-0.0027463513972168898,0.0005402194818419246,1.1139769404149441e-20,-0.002742260034595989,False,1.0,22129557.344929185,22129557.34492918,22403193.85559258,22403193.85559258,2.5063684461201774e-09,2.5063684461201775e-13
2021-11-11,IC,front,2.263546670766732,22635466.70766732,15.909099457174108,IC2111,0.00827711321503477,0.008277113215034814,0.008153806905153316,0.00012330630988149725,1.1149840309462856e-20,0.008146036789558053,False,0.9999999999999999,22407648.403440583,22407648.403440583,22637375.799602184,22637375.79960218,2.503099949535681e-09,2.503099949535681e-13
2021-11-12,IC,front,2.281263527265684,22812635.27265684,15.994535548097316,IC2112,0.00782703388790762,0.008026982996608756,0.005194268961925569,0.002832714034683187,0.00019994910870101758,0.005161618346428254,True,0.9996376451250454,22631577.130252376,22623310.860650767,22814554.61692261,22806288.347321,45259413.93229637,4525.9413932296375
2021-11-15,IC,front,2.2649416433977643,22649416.433977645,16.00033334688646,IC2112,-0.0071547559818671,-0.007154719682334254,-0.00819260142050141,0.0010378817381671566,3.6299532936839864e-08,-0.00816028818113601,False,1.0000006816308489,22562374.62057058,22562390.059111536,22621895.860620998,22621911.299161952,8280.880054559217,0.8280880054559218
2021-11-16,IC,front,2.249645334205015,22496453.34205015,16.00032244057309,IC2112,-0.006753511392815659,-0.006753511324687224,-0.007385064531422937,0.0006315532067357128,6.812841493861986e-11,-0.007363828345456125,False,1.0000000004176486,22454852.503704663,22454852.513100274,22496453.34205015,22496453.351445764,15.430688409316247,0.0015430688409316248
2021-11-17,IC,front,2.2621255857033558,22621255.85703356,16.000322433890577,IC2112,0.00554765291603232,0.005547652916073969,0.00833428164993391,-0.0027866287338599396,4.1764860357577786e-14,0.00831542704025301,False,1.0000000000000417,22449732.400542248,22449732.40054319,22626375.960212406,22626375.960213345,0.009395612323714886,9.395612323714886e-07
2021-11-18,IC,front,2.2579655018705442,22579655.018705443,16.000322433889913,IC2112,-0.0018390154194370956,-0.001839015419436996,-0.0028080350827555914,0.0009690196633185956,4.150388313930866e-18,-0.0027939920022858056,False,1.0,22472132.851949703,22472132.851949703,22601415.457215533,22601415.457215536,9.388699595547223e-07,9.388699595547223e-11
2021-11-19,IC,front,2.294446237019813,22944462.37019813,16.00032243388991,IC2112,0.016156462585033893,0.01615646258503401,0.012074829931972763,0.004081632653061247,2.2204013034609734e-20,0.012025948948999776,False,1.0,22553414.489913862,22553414.489913862,22920781.892995976,22920781.892995976,5.013589543523267e-09,5.013589543523267e-13
2021-11-22,IC,front,2.307310496256661,23073104.962566607,16.00032243388991,IC2112,0.005606694560669423,0.005606694560669431,0.011881450488144993,-0.0062747559274755615,0.0,0.011881649344200884,False,1.0,22959182.66683731,22959182.666837312,23109585.69771588,23109585.697715875,0.0,0.0
2021-11-23,IC,front,2.312046591697092,23120465.91697092,16.00032243388991,IC2112,0.002052647638068228,0.0020526476380683173,0.0008751490943386313,0.001177498543729686,0.0,0.0008697366117764727,False,1.0,23061584.730414208,23061584.730414204,23141586.342583656,23141586.342583656,0.0,0.0
2021-11-24,IC,front,2.3108945684818516,23108945.684818517,16.00032243388991,IC2112,-0.000498269896193837,-0.0004982698961938219,-0.0007294117647059428,0.00023114186851212087,0.0,-0.000725757362925572,False,1.0,23060304.704619493,23060304.704619493,23127506.058841832,23127506.058841832,0.0,0.0
2021-11-25,IC,front,2.3098065465563473,23098065.465563472,16.00032243388991,IC2112,-0.0004708228321378405,-0.00047082283213776226,-0.0031254327415736164,0.0026546099094358544,0.0,-0.003110482062702924,False,1.0,23041104.317698825,23041104.317698825,23077585.052848093,23077585.052848097,0.0,0.0
2021-11-26,IC,front,2.3028944072649065,23028944.072649065,16.00032243388991,IC2112,-0.0029925187032420197,-0.0029925187032419456,-0.0018952618453865742,-0.0010972568578553716,0.0,-0.0018911902056254482,False,1.0000000000000002,22924621.97038011,22924621.97038011,23014863.788907245,23014863.788907245,0.0,0.0
2021-11-29,IC,front,2.308910528500049,23089105.285000492,16.000322433889906,IC2112,0.002612417319771021,0.0026124173197710193,0.0002834750708687575,0.0023289422489022617,2.2018887029652178e-20,0.000282553955339937,False,0.9999999999999999,22836940.203442387,22836940.203442384,23059024.67882478,23059024.678824775,5.070717179478379e-09,5.070717179478379e-13
2021-11-30,IC,front,2.310830567192116,23108305.67192116,16.000322433889906,IC2112,0.0008315777802416768,0.0008315777802417119,0.004277081716376618,-0.003445503936134907,0.0,0.004273113723535449,False,0.9999999999999999,22989903.285910375,22989903.28591037,23069264.88518247,23069264.885182466,0.0,0.0
2021-12-01,IC,front,2.3255508638312947,23255508.638312947,16.000322433889906,IC2112,0.0063701323879687966,0.006370132387968758,0.0027807012684872216,0.0035894311194815368,0.0,0.0027686011945797784,False,0.9999999999999999,23045584.40798031,23045584.407980308,23225428.032137234,23225428.03213723,0.0,0.0
2021-12-02,IC,front,2.308910528500049,23089105.285000492,16.000322433889906,IC2112,-0.007155438132981029,-0.0071554381329810655,-0.005896356230735408,-0.001259081902245657,0.0,-0.005891783677353102,False,0.9999999999999999,23008463.659933686,23008463.659933683,23076305.02705338,23076305.027053375,0.0,0.0
2021-12-03,IC,front,2.3322069979637927,23322069.97963793,16.000322433889906,IC2112,0.01008981040026602,0.010089810400266129,0.009969231622131095,0.00012057877813503425,0.0,0.00994883810351066,False,0.9999999999999999,23062224.743311558,23062224.743311554,23290709.347667504,23290709.3476675,0.0,0.0
2021-12-06,IC,front,2.308910528500049,23089105.285000492,16.000322433889906,IC2112,-0.009989023051591661,-0.009989023051591682,-0.008433040614709114,-0.001555982436882567,0.0,-0.008416964305278607,False,0.9999999999999999,23079505.091540158,23079505.091540154,23133906.187815383,23133906.18781538,0.0,0.0
2021-12-07,IC,front,2.296750283450293,22967502.834502928,16.000322433889906,IC2112,-0.005266659274864249,-0.005266659274864175,-0.00466099345825481,-0.0006056658166093647,0.0,-0.004644732516994821,False,0.9999999999999999,22823499.93259792,22823499.932597917,22921421.905893326,22921421.905893322,0.0,0.0
2021-12-08,IC,front,2.328878930897544,23288789.30897544,16.000322433889906,IC2112,0.013988742127849507,0.013988742127849377,0.01339798250013931,0.0005907596277100677,0.0,0.013342898333941422,False,0.9999999999999999,22996943.427781284,22996943.427781284,23278549.102617748,23278549.102617744,0.0,0.0
2021-12-09,IC,front,2.336815090824753,23368150.90824753,16.00032243388991,IC2112,0.0034077168297239613,0.003407716829723985,0.0023812795427063773,0.001026437287017608,2.2186927391953664e-20,0.002373000647679868,False,1.0000000000000002,23246548.45774997,23246548.45774997,23405911.66919151,23405911.669191517,5.1670667744474486e-09,5.167066774447448e-13
2021-12-10,IC,front,2.348290779303013,23482907.79303013,16.09953351630579,IC2201,0.004910824362320376,0.005110301964567362,-0.0018544276210613107,0.0069647295856286725,0.0001994776022470534,-0.0018674047036195685,True,0.9988701807566982,23306456.905691415,23279925.46457817,23464876.315491866,23438344.87437862,46614227.121245205,4661.42271212452
2021-12-13,IC,front,2.3509241351861037,23509241.351861037,16.11774365324383,IC2201,0.0011213925917097356,0.0011215059861805388,0.006362422463702372,-0.005240916477521834,1.1339447089113177e-07,0.006347642216337102,False,1.0000042341119786,23435099.731056117,23435199.27181653,23540832.129421394,23540931.67018181,26628.319041758867,2.6628319041758868
2021-12-14,IC,front,2.35234247406862,23523424.7406862,16.117675409201315,IC2201,0.0006033112091063941,0.0006033116318556261,-0.003962717193940988,0.004566028825796615,4.2274934571592295e-10,-0.00393035252134144,False,1.0000000070370252,23462177.574131235,23462177.739666168,23507307.065277,23507307.230811935,99.38516399776972,0.009938516399776973
2021-12-15,IC,front,2.3486031733761155,23486031.733761154,16.117675295780828,IC2201,-0.0015896072675324335,-0.0015896072668295973,-0.0013525365241668806,-0.00023707074266271662,7.027574868951207e-13,-0.0013476003293223515,False,1.0000000000101692,23444770.485003956,23444770.48524279,23526648.27550652,23526648.27574536,0.1653126285393114,1.653126285393114e-05
2021-12-16,IC,front,2.370265328973451,23702653.28973451,16.117675295616923,IC2201,0.009223420900941859,0.009223420900942835,0.009160284388823853,6.313651211898166e-05,1.0181518804191013e-15,0.009124641453817528,False,0.999999999999989,23514398.842281707,23514398.842281442,23697495.63363991,23697495.63363965,0.00023912347373311604,2.3912347373311604e-08
2021-12-17,IC,front,2.358338249254694,23583382.492546942,16.1176752956171,IC2201,-0.005031959744322023,-0.005031959744322045,-0.009035767713858233,0.004003807969536188,1.1020872987581434e-18,-0.00900149031296571,False,1.0,23483452.905714117,23483452.905714117,23562751.868168555,23562751.86816855,2.6122393137484323e-07,2.6122393137484324e-11
2021-12-20,IC,front,2.330615847746233,23306158.47746233,16.1176752956171,IC2201,-0.011755057408419867,-0.0117550574084199,-0.016209677419354855,0.004454620010934956,0.0,-0.01621286857992832,False,0.9999999999999999,23225570.100984246,23225570.10098424,23279080.782965694,23279080.78296569,0.0,0.0
2021-12-21,IC,front,2.3431231637756316,23431231.637756318,16.1176752956171,IC2201,0.005366528354080247,0.005366528354080247,0.010995850622406636,-0.005629322268326391,0.0,0.011047850394040104,False,1.0,23283593.732048467,23283593.732048463,23482808.198702294,23482808.19870229,0.0,0.0
2021-12-22,IC,front,2.3522135326423594,23522135.326423597,16.1176752956171,IC2201,0.003879594981289758,0.003879594981289871,0.0037131300902487037,0.0001664648910411673,0.0,0.0037097259695937357,False,1.0,23442191.656957336,23442191.656957336,23535674.173671916,23535674.173671912,0.0,0.0
2021-12-23,IC,front,2.366977323213145,23669773.23213145,16.1176752956171,IC2201,0.0062765520076744075,0.006276552007674412,0.004759490201452592,0.0015170618062218199,0.0,0.004755931562788307,False,0.9999999999999999,23485387.026749592,23485387.026749592,23700719.168699034,23700719.168699034,0.0,0.0
2021-12-24,IC,front,2.356210716115673,23562107.16115673,16.1176752956171,IC2201,-0.0045486735305333426,-0.004548673530533385,-0.0079574549218281,0.003408781391294714,0.0,-0.007963539175079193,False,0.9999999999999999,23441546.94994551,23441546.94994551,23536963.58769557,23536963.587695565,0.0,0.0
2021-12-27,IC,front,2.3526648275506368,23526648.27550637,16.1176752956171,IC2201,-0.0015049114838427968,-0.001504911483842723,-0.0008222289107177358,-0.0006826825731249873,0.0,-0.0008256900900702746,False,0.9999999999999999,23500215.28802156,23500215.288021557,23533095.34562462,23533095.345624615,0.0,0.0
2021-12-28,IC,front,2.3564041282192205,23564041.282192204,16.1176752956171,IC2201,0.0015893894552232446,0.0015893894552231125,0.0018195768935656779,-0.00023018743834256534,0.0,0.0018259942937677298,False,0.9999999999999999,23404798.650271505,23404798.650271505,23561462.454144906,23561462.454144903,0.0,0.0
2021-12-29,IC,front,2.3503438823080685,23503438.823080685,16.117675295617104,IC2201,-0.002571819425444599,-0.0025718194254446213,-0.005233926128590877,0.002662106703146256,2.2015207203464353e-20,-0.005251144999402824,False,1.0,23451217.555122886,23451217.555122886,23494412.92491514,23494412.92491514,5.1876725137844915e-09,5.187672513784492e-13
2021-12-30,IC,front,2.3669773232131455,23669773.232131455,16.117675295617104,IC2201,0.0070770243581304015,0.0070770243581304,0.008666611806012673,-0.0015895874478822737,0.0,0.008718543772774145,False,1.0,23482163.49169047,23482163.491690475,23648497.90074124,23648497.900741242,0.0,0.0
2021-12-31,IC,front,2.3763255748846035,23763255.748846035,16.117675295617104,IC2201,0.003949447077409296,0.0039494470774091624,0.006596938497575803,-0.00264749142016664,0.0,0.006625668858809108,False,1.0,23673641.474202402,23673641.474202402,23782596.959200777,23782596.959200777,0.0,0.0
2022-01-04,IC,front,2.376067692079874,23760676.920798738,16.117675295617104,IC2201,-0.00010852166363706228,-0.00010852166363712813,-0.0006701212729590601,0.0005615996093219319,0.0,-0.0006712503736716613,False,1.0,23589184.85565337,23589184.85565337,23743269.83147947,23743269.83147947,0.0,0.0
2022-01-05,IC,front,2.3279725489977525,23279725.489977524,16.117675295617104,IC2201,-0.020241486908153528,-0.02024148690815355,-0.017879527879527873,-0.0023619590286256746,0.0,-0.017919738498815674,False,1.0,23255871.33054001,23255871.33054001,23314539.668616056,23314539.668616056,0.0,0.0
2022-01-06,IC,front,2.3290685509178544,23290685.50917854,16.117675295617108,IC2201,0.0004707967542716407,0.0004707967542717382,0.0010094436290121534,-0.0005386468747404151,2.196237799984605e-20,0.0010093220374183254,False,1.0000000000000002,23105009.889773034,23105009.889773037,23297132.57929679,23297132.57929679,5.112781309435377e-09,5.112781309435377e-13
2022-01-07,IC,front,2.3183664145215643,23183664.145215645,16.117675295617104,IC2201,-0.004595028511321431,-0.004595028511321461,-0.007512594807064129,0.002917566295742668,2.2055768862736233e-20,-0.007507648728346972,False,1.0,23154652.329683535,23154652.32968353,23203005.355570387,23203005.355570383,5.13693976245122e-09,5.136939762451221e-13
2022-01-10,IC,front,2.318044061015652,23180440.61015652,16.117675295617108,IC2201,-0.00013904338153503115,-0.00013904338153503888,0.0021927141268074987,-0.0023317575083425376,2.2009245225774338e-20,0.0021977011237959143,False,1.0000000000000002,23016040.32214123,23016040.32214123,23187532.387286592,23187532.387286596,5.1025494940404315e-09,5.102549494040431e-13
2022-01-11,IC,front,2.3073419246193625,23073419.246193625,16.117675295617104,IC2201,-0.004616882213878348,-0.004616882213878434,-0.007819496592963365,0.003202614379084931,2.204357162955015e-20,-0.007819007293383029,False,1.0,22984449.678561818,22984449.678561814,23034092.11847232,23034092.11847232,5.1097970299451845e-09,5.109797029945185e-13
2022-01-12,IC,front,2.3209452425688633,23209452.42568863,16.117675295617108,IC2201,0.005895666266171107,0.005895666266171144,0.008621364106289647,-0.0027256978401185026,2.2095928580099482e-20,0.008648647133515208,False,1.0000000000000002,23069551.00412268,23069551.00412268,23206228.890629508,23206228.89062951,5.098286237625871e-09,5.098286237625872e-13
2022-01-13,IC,front,2.294770137888781,22947701.37888781,16.117675295617104,IC2201,-0.011277777777777831,-0.011277777777777751,-0.01377361111111112,0.0024958333333333694,2.207051074144301e-20,-0.013779486531062535,False,1.0,22921913.098414823,22921913.098414823,22955437.863029703,22955437.863029703,5.122444690641714e-09,5.122444690641714e-13
2022-01-14,IC,front,2.2836750546838323,22836750.54683832,16.138531970074133,IC2202,-0.004834943170018979,-0.004635721809151696,-0.0023314420797534447,-0.0023042797293982517,0.00019922136086735764,-0.0023415838236288122,True,1.001522850682255,22753475.721872732,22788252.68302348,22832877.299165502,22867654.260316245,45716722.97479768,4571.6722974797685
2022-01-17,IC,front,2.30404328450445,23040432.845044497,16.1139927651978,IC2202,0.008919057805024444,0.008919210111583696,0.01082687102986799,-0.0019076609182842928,1.52306559203234e-07,0.010834413667855758,False,0.9999999379502075,22839330.21533483,22839328.785680752,23075239.069417324,23075237.639763247,34781.868991715164,3.478186899171517
2022-01-18,IC,front,2.3091997625829723,23091997.625829723,16.113993765067768,IC2202,0.00223801267675916,0.0022380126829602037,0.000741341642840846,0.001496671040119358,6.201160365793622e-12,0.0007404447698056149,False,0.9999999999680839,22968242.153714005,22968242.152976997,23067504.355306823,23067504.354569815,1.4287741896941952,0.00014287741896941954
2022-01-19,IC,front,2.299015718523212,22990157.185232118,16.113993765582066,IC2202,-0.004410204879100266,-0.004410204879097,-0.006196616981996795,0.0017864121028997953,3.187525047324605e-15,-0.006198381719799584,False,0.999999999999962,22866401.713112444,22866401.713111572,22943104.323436618,22943104.323435746,0.0007360632082509255,7.360632082509256e-08
2022-01-20,IC,front,2.2836107404833146,22836107.404833145,16.113993765582677,IC2202,-0.006700684086576314,-0.006700684086576208,-0.008687058427722367,0.0019863743411461595,3.790235892717141e-18,-0.008705167753934706,False,1.0,22743935.360494014,22743935.360494014,22834173.725581273,22834173.725581277,8.713811894267565e-07,8.713811894267565e-11
2022-01-21,IC,front,2.2589241020344417,22589241.020344418,16.113993765582677,IC2202,-0.010810353100567438,-0.010810353100567384,-0.011314177651076812,0.0005038245505094291,0.0,-0.011360689491964449,False,1.0,22523495.92578084,22523495.925780844,22566681.429072604,22566681.429072604,0.0,0.0
2022-01-24,IC,front,2.2573127026578836,22573127.026578836,16.113993765582677,IC2202,-0.0007133481709752365,-0.0007133481709752898,0.00037522113793301843,-0.0010885693089083082,0.0,0.00037697337679287735,False,1.0,22373313.50388561,22373313.503885612,22558302.152314503,22558302.152314503,0.0,0.0
2022-01-25,IC,front,2.179320972832463,21793209.728324633,16.113993765582677,IC2202,-0.034550698152537085,-0.03455069815253706,-0.03359270152194397,-0.0009579966305930841,0.0,-0.033712791489056815,False,1.0000000000000002,21760981.740793467,21760981.74079347,21902784.885930594,21902784.885930598,0.0,0.0
2022-01-26,IC,front,2.187055689839943,21870556.89839943,16.113993765582673,IC2202,0.003549140812161733,0.0035491408121617234,0.005711159090236889,-0.002162018278075165,2.213736814083701e-20,0.005726605733129997,False,0.9999999999999998,21744867.747027885,21744867.74702788,21871846.01790068,21871846.017900676,4.824443067263928e-09,4.824443067263929e-13
2022-01-27,IC,front,2.1341373343137695,21341373.343137696,16.113993765582677,IC2202,-0.02419616280097847,-0.02419616280097843,-0.026032241902684845,0.0018360791017064126,2.200189751668695e-20,-0.026046135836215734,False,1.0,21282718.405830976,21282718.405830976,21365222.05391076,21365222.05391076,4.8119375151145505e-09,4.811937515114551e-13
2022-01-28,IC,front,2.114478261919759,21144782.61919759,16.113993765582677,IC2202,-0.00921171851404401,-0.009211718514044094,-0.0038341890667472557,-0.005377529447296839,0.0,-0.0038435221740500403,False,1.0,20941746.297751244,20941746.297751248,21218262.430768646,21218262.430768646,0.0,0.0
2022-02-07,IC,front,2.1468996173761115,21468996.173761114,16.113993765582677,IC2202,0.015333028501752999,0.01533302850175284,0.014644109129705828,0.0006889193720470108,0.0,0.01460064766819702,False,1.0,21392938.12318756,21392938.12318756,21447725.701990545,21447725.701990545,0.0,0.0
2022-02-08,IC,front,2.1729398313012926,21729398.313012928,16.113993765582677,IC2202,0.012129218205836345,0.012129218205836324,0.00984448180617268,0.0022847363996636454,0.0,0.009822349965027177,False,1.0,21251134.978050433,21251134.978050433,21667520.57695309,21667520.57695309,0.0,0.0
2022-02-09,IC,front,2.2049744509072715,22049744.509072714,16.113993765582677,IC2202,0.014742524916943722,0.014742524916943603,0.014956098718557211,-0.00021357380161360828,0.0,0.01495656455840022,False,1.0,21699104.004733637,21699104.004733633,22038142.433561493,22038142.433561493,0.0,0.0
2022-02-10,IC,front,2.2032341395805886,22032341.395805884,16.113993765582677,IC2202,-0.0007892659826361781,-0.0007892659826362281,-0.00037124733257329405,-0.000418018650062934,0.0,-0.00037118060274465847,False,0.9999999999999998,21918254.31994556,21918254.31994556,22018161.08129217,22018161.08129217,0.0,0.0
2022-02-11,IC,front,2.1783261739761506,21783261.739761505,16.153690389323337,IC2203,-0.01130518321088625,-0.011105868552859124,-0.013989009190774901,0.002883140637915777,0.00019931465802711185,-0.013956602524088146,True,1.0007855876800333,21699908.697352596,21717021.359406296,21776800.263605777,21793912.925659474,43913685.9084163,4391.36859084163
2022-02-14,IC,front,2.162239971423289,21622399.714232888,16.14101021055863,IC2203,-0.0073846620148254605,-0.007384583896129915,-0.007312940839406048,-7.16430567238672e-05,7.811869547146974e-08,-0.007312061343035414,False,1.0000045121648264,21548796.70767274,21548894.271504194,21604967.423205487,21605064.987036936,17016.79990223747,1.7016799902237472
2022-02-15,IC,front,2.181157159252258,21811571.592522576,16.14093737998872,IC2203,0.008748884526686762,0.00874888497837476,0.00964168753393309,-0.0008928025555583303,4.516880435980162e-10,0.00964499604223601,False,0.9999999957730593,21568166.256832346,21568166.164636128,21752818.580459416,21752818.488263197,97.66579424816157,0.009766579424816157
2022-02-16,IC,front,2.1848372929575954,21848372.929575954,16.140937448215507,IC2203,0.0016872391288849098,0.0016872391293090052,0.0017390403338933802,-5.1801204584375016e-05,4.2415798156343423e-13,0.0017380936884270337,False,1.000000000015038,21757983.67986595,21757983.680194505,21822547.429658808,21822547.429987364,0.09251552181410716,9.251552181410717e-06
2022-02-17,IC,front,2.1835460179617163,21835460.179617163,16.140937447972778,IC2203,-0.0005910165484822594,-0.000591016548480688,-0.00047872340427239574,-0.00011229314420829224,1.5020736214818659e-15,-0.00047843851843532015,False,1.0000000000000189,21704395.76753962,21704395.767540034,21840625.279600516,21840625.279600926,0.0003281786464981451,3.2817864649814514e-08
2022-02-18,IC,front,2.204658364143664,22046583.64143664,16.140937447972473,IC2203,0.00966883500887028,0.009668835008870362,0.009791543465405058,-0.00012270845653469678,1.8855216787216897e-18,0.00978461438455036,False,0.9999999999999998,21736032.00493765,21736032.00493765,22023986.329009477,22023986.329009477,4.117123353353236e-07,4.117123353353236e-11
2022-02-21,IC,front,2.2091132628793044,22091132.628793046,16.140937447972473,IC2203,0.0020206753155476154,0.002020675315547512,0.00469880223738531,-0.002678126921837798,0.0,0.004694938712688446,False,0.9999999999999998,21983956.80413851,21983956.804138508,22091132.628793046,22091132.628793042,0.0,0.0
2022-02-22,IC,front,2.1905189029392407,21905189.029392406,16.140937447972473,IC2203,-0.008417114800093328,-0.008417114800093443,-0.01203384381575863,0.0036167290156651865,0.0,-0.011991944209427174,False,0.9999999999999998,21725701.80497095,21725701.804970946,21834168.90462133,21834168.90462132,0.0,0.0
2022-02-23,IC,front,2.222671650335602,22226716.503356017,16.140937447972476,IC2203,0.014678141947653822,0.014678141947653775,0.01512909691110585,-0.0004509549634520748,2.2010578321439262e-20,0.015130969997464883,False,1.0,21903252.11689865,21903252.11689865,22193143.353464235,22193143.353464235,4.821458787773736e-09,4.821458787773736e-13
2022-02-24,IC,front,2.1866450779517272,21866450.779517274,16.140937447972476,IC2203,-0.016208679486434563,-0.01620867948643459,-0.01779759484110846,0.0015889153546738686,0.0,-0.017791858199441846,False,1.0,21614652.155328903,21614652.155328903,21792848.10475452,21792848.10475452,0.0,0.0
2022-02-25,IC,front,2.2010427941553186,22010427.941553187,16.140937447972476,IC2203,0.006584386441478518,0.0065843864414786004,0.008053324672257023,-0.0014689382307784236,0.0,0.008063705490710893,False,1.0,21953611.841736324,21953611.841736324,22008491.029059432,22008491.029059432,0.0,0.0
2022-02-28,IC,front,2.2106627928743103,22106627.9287431,16.140937447972476,IC2203,0.004370655011586511,0.004370655011586662,0.004969053415857573,-0.0005983984042709111,0.0,0.004968157162695386,False,1.0,21845790.37958387,21845790.37958387,22084030.61631594,22084030.616315942,0.0,0.0
2022-03-01,IC,front,2.2140846716132803,22140846.716132805,16.140937447972476,IC2203,0.0015478971962616939,0.0015478971962617355,0.0030271612149532076,-0.0014792640186914719,0.0,0.0030248157459680236,False,1.0,22029151.428992834,22029151.428992834,22117603.76620772,22117603.766207725,0.0,0.0
2022-03-02,IC,front,2.2169254766041235,22169254.766041234,16.140937447972476,IC2203,0.001283060682938153,0.001283060682938103,0.00017496282040063845,0.0011080978625374644,0.0,0.00017456983084174205,False,1.0,21991058.81661562,21991058.81661562,22167963.491045397,22167963.4910454,0.0,0.0
2022-03-03,IC,front,2.212406014118691,22124060.14118691,16.140937447972476,IC2203,-0.002038617235052498,-0.002038617235052568,-0.002284707458426713,0.0002460902233741447,0.0,-0.0022821021520702534,False,1.0,22045292.366440807,22045292.366440807,22125351.416182753,22125351.416182753,0.0,0.0
2022-03-04,IC,front,2.2006554116565673,22006554.116565675,16.140937447972476,IC2203,-0.0053112323810078355,-0.005311232381007914,-0.008130271106312233,0.0028190387253043195,0.0,-0.008122981828254106,False,1.0,21900023.929409053,21900023.929409057,21966524.591694705,21966524.591694705,0.0,0.0
2022-03-07,IC,front,2.1501665593193096,21501665.593193095,16.140937447972476,IC2203,-0.02294264339152119,-0.02294264339152114,-0.02118820595569893,-0.0017544374358222114,0.0,-0.021229219424941492,False,1.0,21380285.743584342,21380285.743584342,21472611.905786745,21472611.905786745,0.0,0.0
2022-03-08,IC,front,2.0646841545948473,20646841.545948472,16.140937447972476,IC2203,-0.0397561781220912,-0.03975617812209113,-0.03445635528330781,-0.0052998228387833215,0.0,-0.03446261594530431,False,1.0,20607457.65857542,20607457.65857542,20793401.257976063,20793401.257976063,0.0,0.0
2022-03-09,IC,front,2.0275599984645107,20275599.984645106,16.140937447972476,IC2203,-0.017980549735764018,-0.017980549735764094,-0.019431501923137164,0.001450952187373069,0.0,-0.019328479958444222,False,1.0,19355566.550110675,19355566.550110675,20008951.6980046,20008951.6980046,0.0,0.0
2022-03-10,IC,front,2.058356907115242,20583569.07115242,16.140937447972476,IC2203,0.015189147879250964,0.015189147879250995,0.017407018214240216,-0.0022178703349892193,0.0,0.01733852870697672,False,1.0,20524170.42134388,20524170.42134388,20626826.783512987,20626826.783512987,0.0,0.0
2022-03-11,IC,front,2.101573198782077,21015731.98782077,16.19682184315289,IC2204,0.020995528772219663,0.021192741055673394,0.0093540589284842,0.011838682127189195,0.000197212283453715,0.009226898458910116,True,0.996299131774937,20168314.268987007,20090537.814246845,20890044.650317904,20812268.195577737,40593326.58149232,4059.332658149232
2022-03-14,IC,front,2.047090510775921,20470905.10775921,16.256986809069847,IC2204,-0.025924715845125124,-0.025924349399852428,-0.02326054510537881,-0.0026638042944736188,3.664452726097559e-07,-0.02325408973869847,False,0.9999629915117658,20450096.1646436,20449338.567392778,20574299.543864895,20573541.946614075,77011.15637370548,7.701115637370549
2022-03-15,IC,front,1.9028538978923473,19028538.978923474,16.257588477841743,IC2204,-0.07045932367147889,-0.07045932000578227,-0.056958306710173774,-0.013501013295608488,3.6656966966470805e-09,-0.056708383542234064,False,0.9999996257769241,18926441.32328263,18926434.202364244,19408966.54930497,19408959.428386588,750.401292308888,0.07504012923088879
2022-03-16,IC,front,1.9977332033041773,19977332.03304177,16.257594561808784,IC2204,0.04986158186759404,0.04986158190587714,0.032686846162253314,0.017174735743623822,3.828301680723283e-11,0.03206884180667857,False,1.0000000082347764,18745006.365256667,18745006.529765528,19912301.654794537,19912301.819303397,7.284698775472123,0.0007284698775472123
2022-03-17,IC,front,2.024135536875707,20241355.36875707,16.257594427931128,IC2204,0.013216145943743207,0.013216145944577842,0.01810709645786534,-0.004890950513287496,8.34602098235556e-13,0.018071007282006724,False,0.9999999998910303,20143159.498412367,20143159.496206667,20271269.34250446,20271269.340298764,0.16673123231925047,1.667312323192505e-05
2022-03-18,IC,front,2.046180834923212,20461808.349232122,16.257594429702717,IC2204,0.010891216346871957,0.010891216346882905,0.010393240378134942,0.0004979759687479628,1.0854982892363727e-14,0.010323062391504045,False,0.9999999999995953,20120398.866208363,20120398.866200082,20489121.10787402,20489121.10786574,0.0021971956624611266,2.1971956624611267e-07
2022-03-21,IC,front,2.049952596830905,20499525.96830905,16.257594429709297,IC2204,0.0018433179723502668,0.001843317972350275,0.004245987605275062,-0.0024026696329247873,4.047237659260089e-17,0.004219689145354977,False,1.0,20199085.62324802,20199085.62324802,20443599.843470845,20443599.843470845,8.281380132757477e-06,8.281380132757476e-10
2022-03-22,IC,front,2.051058113252125,20510581.13252125,16.257594429709297,IC2204,0.0005392887732764695,0.0005392887732765974,-0.00013164990641752476,0.0006709386796941222,0.0,-0.0001305248988038299,False,1.0,20333048.201348823,20333048.201348823,20470912.60211276,20470912.60211276,0.0,0.0
2022-03-23,IC,front,2.065559887483426,20655598.874834258,16.257594429709297,IC2204,0.00707038681039962,0.00707038681039955,0.006339568801521987,0.0007308180088775631,0.0,0.006289604929766934,False,1.0,20491072.019205596,20491072.0192056,20641292.191736113,20641292.191736113,0.0,0.0
2022-03-24,IC,front,2.0483918677656527,20483918.677656528,16.2575944297093,IC2204,-0.008311557472530984,-0.008311557472530961,-0.008497308188773174,0.00018575071624221323,2.176526580005723e-20,-0.008436879698660582,False,1.0000000000000002,20408483.439502675,20408483.43950268,20524237.511842206,20524237.511842206,4.495745997701306e-09,4.4957459977013063e-13
2022-03-25,IC,front,2.019518380058489,20195183.80058489,16.257594429709297,IC2204,-0.014095685577319994,-0.01409568557731994,-0.012044826819899062,-0.002050858757420879,2.187414704292219e-20,-0.01196068170211162,False,1.0,20186729.851481438,20186729.851481438,20295330.5822719,20295330.5822719,4.480682491703192e-09,4.480682491703192e-13
2022-03-28,IC,front,2.035060640333291,20350606.40333291,16.257594429709297,IC2204,0.007696023184672329,0.007696023184672385,0.002421510223796484,0.005274512960875901,0.0,0.002399397598049857,False,1.0,19907749.531067632,19907749.53106763,20314839.69558755,20314839.69558755,0.0,0.0
2022-03-29,IC,front,2.0211441395014598,20211441.3950146,16.257594429709297,IC2204,-0.006838371572825519,-0.006838371572825492,-0.0048268038601648935,-0.0020115677126605986,0.0,-0.0048079983702778994,False,1.0,20147711.624850135,20147711.624850135,20246557.798982773,20246557.798982773,0.0,0.0
2022-03-30,IC,front,2.0728432897879356,20728432.897879355,16.257594429709297,IC2204,0.0255791505791505,0.025579150579150577,0.020077220077220105,0.0055019305019304715,0.0,0.01995819653386266,False,1.0,20299232.40493503,20299232.40493503,20699169.227905877,20699169.227905877,0.0,0.0
2022-03-31,IC,front,2.0545047232712235,20545047.232712235,16.257594429709297,IC2204,-0.008847058823529319,-0.008847058823529355,-0.008299607843137232,-0.0005474509803921228,0.0,-0.008295873073612348,False,1.0,20487820.500319656,20487820.500319656,20543746.625157855,20543746.625157855,0.0,0.0
2022-04-01,IC,front,2.0706972873232137,20706972.873232137,16.2575944297093,IC2204,0.007881492735732465,0.007881492735732486,0.00626088057481094,0.0016206121609215454,2.1743353174730176e-20,0.00625458500923326,False,1.0000000000000002,20413685.869720183,20413685.869720183,20689414.671248052,20689414.671248056,4.46718217972375e-09,4.46718217972375e-13
2022-04-06,IC,front,2.0643893406844867,20643893.406844866,16.257594429709297,IC2204,-0.0030462910621191774,-0.003046291062119157,-0.001191822121726045,-0.0018544689403931119,2.1806659589498055e-20,-0.0011925486918102912,False,1.0,20342152.454229463,20342152.45422946,20580813.940457594,20580813.940457594,4.515499085755437e-09,4.515499085755437e-13
2022-04-07,IC,front,2.0144460105964197,20144460.105964195,16.257594429709297,IC2204,-0.024192786265553656,-0.024192786265553688,-0.021316742794140833,-0.002876043471412853,0.0,-0.021290151063485085,False,1.0,20116497.043545097,20116497.043545097,20219895.344118048,20219895.344118048,0.0,0.0
2022-04-08,IC,front,2.0186774434257684,20186774.434257682,16.348899579570993,IC2205,0.002100544172983776,0.0023007255505641104,0.0004055754667109863,0.0018951500838531243,0.00020018137758037778,0.0004066484612454957,True,1.0005278756335751,19743392.277659714,19754048.384004038,20135765.86756942,20146421.973913744,40325457.74624875,4032.5457746248753
2022-04-11,IC,front,1.9459233304417811,19459233.30441781,16.340273947108372,IC2205,-0.036040484437434794,-0.03604043200195947,-0.03144595532645322,-0.004594476675506244,5.243547535195686e-08,-0.031206017878832593,False,1.0000037069145262,19412173.31545014,19412245.449164744,19521979.95637471,19522052.090089314,10585.031132830316,1.0585031132830316
2022-04-12,IC,front,1.992852430529078,19928524.30529078,16.34021337533405,IC2205,0.024116623380348035,0.0241166237514504,0.016293826769335797,0.0078227969821146,3.7110233593814756e-10,0.016089845751746656,False,0.9999999963502879,19312825.0653082,19312824.992574822,19886039.750514913,19886039.677781537,72.21366934834847,0.0072213669348348474
2022-04-13,IC,front,1.961544581633706,19615445.81633706,16.340213434971123,IC2205,-0.01571006885194215,-0.01571006885157945,-0.0135421449462725,-0.0021679239053069483,3.6262504748250914e-13,-0.01347824596738001,False,0.9999999999765324,19591915.908990704,19591915.908530377,19716101.531096485,19716101.530636154,0.07226582072462406,7.226582072462407e-06
2022-04-14,IC,front,1.9893883053272419,19893883.05327242,16.34021343535459,IC2205,0.01419479524158751,0.014194795241589835,0.013688314284645717,0.0005064809569441186,2.362243621597836e-15,0.013592904424477137,False,1.000000000000155,19685381.929837298,19685381.92984038,19940289.25942883,19940289.25943191,0.00046336461764440173,4.633646176444018e-08
2022-04-15,IC,front,1.9667080890789714,19667080.890789714,16.340213435352055,IC2205,-0.011400597956435554,-0.01140059795643551,-0.009156618589217862,-0.0022439793672176483,1.5405382115308402e-17,-0.009098194888100708,False,1.0000000000000009,19610870.556572106,19610870.55657212,19724598.442082155,19724598.442082174,3.064728701929198e-06,3.064728701929198e-10
2022-04-18,IC,front,1.9774926299463038,19774926.299463037,16.340213435352037,IC2205,0.0054835493519442835,0.005483549351944157,0.0005417082087072392,0.004941841143236918,1.0777140708080295e-19,0.0005370011942511521,False,0.9999999999999998,19346159.0989194,19346159.0989194,19771004.648238555,19771004.64823855,2.119548980772379e-08,2.119548980772379e-12
2022-04-19,IC,front,1.9825907765381336,19825907.765381336,16.340213435352037,IC2205,0.0025780862667328375,0.0025780862667328314,0.003039167079821421,-0.0004610808130885896,0.0,0.0030276538892757276,False,0.9999999999999998,19677538.62738834,19677538.627388336,19783423.21044942,19783423.21044942,0.0,0.0
2022-04-20,IC,front,1.92951776330011,19295177.6330011,16.34021343535204,IC2205,-0.026769524939834644,-0.026769524939834595,-0.02233211353970916,-0.004437411400125436,2.1739282647624664e-20,-0.022237541855426368,False,1.0000000000000002,19287987.939089548,19287987.939089548,19363152.920892164,19363152.920892168,4.310010126573616e-09,4.310010126573616e-13
2022-04-21,IC,front,1.8691243344430488,18691243.344430488,16.340213435352037,IC2205,-0.031299752718403906,-0.03129975271840388,-0.033386402899630754,0.002086650181226879,2.1730365811968953e-20,-0.03309092618332965,False,1.0,18604313.408954415,18604313.408954415,18723923.77130119,18723923.77130119,4.192912683720351e-09,4.1929126837203516e-13
2022-04-22,IC,front,1.858405154429458,18584051.54429458,16.340213435352037,IC2205,-0.005734867293771928,-0.005734867293771947,-0.00329055495331689,-0.002444312340455057,0.0,-0.0032674745650891346,False,1.0,18348098.862288095,18348098.862288095,18642222.704124432,18642222.70412443,0.0,0.0
2022-04-25,IC,front,1.7375529358615942,17375529.358615942,16.340213435352037,IC2205,-0.06503007069250533,-0.0650300706925052,-0.06528681461681836,0.0002567439243131467,0.0,-0.06466840156210252,False,1.0,17274873.643854175,17274873.64385417,17554618.0978674,17554618.0978674,0.0,0.0
2022-04-26,IC,front,1.6898395126303662,16898395.12630366,16.340213435352037,IC2205,-0.02746012639181472,-0.027460126391814624,-0.025524751730364132,-0.0019353746614504906,0.0,-0.025273198602534186,False,1.0,16834341.489637084,16834341.48963708,17029770.44232389,17029770.442323893,0.0,0.0
2022-04-27,IC,front,1.769449032487401,17694490.32487401,16.340213435352037,IC2205,0.047110698537943696,0.04711069853794373,0.03926471725845126,0.007845981279492473,0.0,0.03879052581099374,False,1.0000000000000002,16723881.6468141,16723881.6468141,17595795.435724486,17595795.435724486,0.0,0.0
2022-04-28,IC,front,1.7624554211370702,17624554.211370703,16.340213435352034,IC2205,-0.003952423167848718,-0.0039524231678486335,-0.0033761820330968813,-0.0005762411347517525,2.1644971875285493e-20,-0.0033621235083795,False,1.0,17246768.476745363,17246768.476745363,17542199.53565653,17542199.53565653,3.829967454294092e-09,3.829967454294092e-13
2022-04-29,IC,front,1.8363131858648614,18363131.858648613,16.340213435352034,IC2205,0.041906174670869545,0.04190617467086965,0.03877989987020201,0.003126274800667642,0.0,0.038595545844436696,False,1.0000000000000002,17619325.34307139,17619325.34307139,18285352.442696337,18285352.44269634,0.0,0.0
2022-05-05,IC,front,1.847163087585935,18471630.87585935,16.34021343535203,IC2205,0.005908524648513991,0.005908524648513936,0.01046449546182598,-0.004555970813312042,2.1659344649412317e-20,0.010447946836297684,False,0.9999999999999998,18268358.620723568,18268358.620723568,18489278.306369532,18489278.30636953,3.977334017690737e-09,3.977334017690737e-13
2022-05-06,IC,front,1.798796055817293,17987960.55817293,16.34021343535203,IC2205,-0.02618449453310212,-0.026184494533102152,-0.021749053465906967,-0.0044354410671951835,0.0,-0.021617106582024648,False,0.9999999999999998,17957894.565451883,17957894.56545188,18038942.02409123,18038942.02409123,0.0,0.0
2022-05-09,IC,front,1.8127832785179545,18127832.785179544,16.34021343535203,IC2205,0.007775880236910115,0.007775880236910029,0.008130155154245847,-0.0003542749173358187,0.0,0.008043107461307653,False,0.9999999999999998,17893187.32024789,17893187.320247885,18124564.742492475,18124564.74249247,0.0,0.0
2022-05-10,IC,front,1.8536991729600758,18536991.729600757,16.34021343535203,IC2205,0.022570758968811777,0.022570758968811937,0.014705246078961549,0.00786551288985039,0.0,0.014543943856846209,False,1.0,17785341.911574565,17785341.91157456,18470977.267321937,18470977.267321933,0.0,0.0
2022-05-11,IC,front,1.8635686618750282,18635686.61875028,16.34021343535203,IC2205,0.005324212827474195,0.005324212827474316,0.008414724445541333,-0.003090511618067018,0.0,0.008388268023880041,False,1.0,18507579.345417123,18507579.345417123,18762486.675008614,18762486.675008614,0.0,0.0
2022-05-12,IC,front,1.8687321693205994,18687321.693205994,16.34021343535203,IC2205,0.002770763187429859,0.002770763187429886,0.0009259259259260403,0.001844837261503846,0.0,0.0009202101146430497,False,1.0,18482088.612457972,18482088.612457972,18656602.091947533,18656602.091947533,0.0,0.0
2022-05-13,IC,front,1.8786888739811405,18786888.739811406,16.477957192795916,IC2206,0.005328053331559612,0.005529752610432413,0.009437474769681157,-0.003907722159248744,0.0002016992788727814,0.009350350855809486,True,1.0069444833369108,18519945.83328811,18650411.06909413,18739432.223096155,18869897.458902173,37692193.09583333,3769.219309583333
2022-05-16,IC,front,1.8659074888285518,18659074.888285518,16.36431547664838,IC2206,-0.006803353833412351,-0.006802656747718748,-0.000943927327243798,-0.005858729420474949,6.970856936566735e-07,-0.0009867513110681791,False,0.9999741476030336,18562852.713282827,18562370.33147179,18652529.162094858,18652046.78028382,130960.71368842182,13.096071368842182
2022-05-17,IC,front,1.8806356776121784,18806356.776121784,16.364738544365476,IC2206,0.00789331136286564,0.00789331395191466,0.004430806874018715,0.0034625070778959446,2.5890488552698146e-09,0.004361880685467945,False,1.000000040362045,18513755.250948533,18513756.01001155,18766426.814073533,18766427.573136553,483.0925647990936,0.048309256479909364
2022-05-18,IC,front,1.8727806034044885,18727806.034044884,16.364737883851188,IC2206,-0.004176818668921278,-0.0041768186648859125,-0.0032805429915531946,-0.0008962756733327182,4.0353615857719215e-12,-0.003240869687810566,False,1.0000000000125169,18667583.798632313,18667583.798866726,18792610.396064937,18792610.39629935,0.7589044970268333,7.589044970268333e-05
2022-05-19,IC,front,1.8921564530584816,18921564.530584816,16.364737883646352,IC2206,0.010346032855514498,0.010346032855515788,0.007151345683133512,0.003194687172382276,1.2387805325475335e-15,0.0070582269223404825,False,1.0000000000001292,18467279.406934794,18467279.406937234,18844977.55728935,18844977.557291795,0.0002319964153230103,2.319964153230103e-08
2022-05-20,IC,front,1.9281588764025,19281588.764025,16.36473788364424,IC2206,0.01902719158652233,0.019027191586522295,0.01575451463364041,0.0032726769528818823,1.2963666524503018e-17,0.01560013770872537,False,0.9999999999999994,18907818.15076256,18907818.150762554,19191255.410907283,19191255.410907272,2.4529285269636603e-06,2.4529285269636604e-10
2022-05-23,IC,front,1.927111533177947,19271115.33177947,16.36473788364425,IC2206,-0.0005431830526886339,-0.0005431830526887256,0.006151548071700126,-0.006694731124388851,6.515302151980612e-20,0.00611182411978084,False,1.0,19122523.51179598,19122523.51179598,19297298.912393298,19297298.912393298,1.2562537676785723e-08,1.2562537676785725e-12
2022-05-24,IC,front,1.8584450930181757,18584450.930181757,16.36473788364425,IC2206,-0.03563179347826084,-0.035631793478260905,-0.03737262228260857,0.0017408288043476712,0.0,-0.03688567870151671,False,1.0,18544520.969745662,18544520.969745666,18674129.69378413,18674129.69378413,0.0,0.0
2022-05-25,IC,front,1.8880325391118047,18880325.391118046,16.36473788364425,IC2206,0.015920538198725076,0.01592053819872504,0.017359374449649485,-0.0014388362509244411,0.0,0.01715549769566005,False,1.0,18552376.04392981,18552376.04392981,18815521.029098812,18815521.029098812,0.0,0.0
2022-05-26,IC,front,1.9155907577078615,19155907.577078614,16.364737883644253,IC2206,0.014596262524702697,0.014596262524702672,0.011668342405436398,0.002927920119266274,2.167343798623006e-20,0.01151730333233525,False,1.0000000000000002,18578559.624543644,18578559.624543644,19126451.048888054,19126451.048888057,4.092015615242417e-09,4.092015615242417e-13
2022-05-27,IC,front,1.9130378585980128,19130378.58598013,16.36473788364425,IC2206,-0.001332695462001099,-0.001332695462001123,-0.0019887916894478414,0.0006560962274467187,2.184013266571369e-20,-0.0019690234049896116,False,1.0,18989641.84018079,18989641.84018079,19072120.119114354,19072120.119114354,4.18367562815547e-09,4.18367562815547e-13
2022-05-30,IC,front,1.9220057349582498,19220057.349582497,16.36473788364425,IC2206,0.004687767322497649,0.004687767322497798,0.007341317365269435,-0.0026535500427716367,0.0,0.007272979972609672,False,1.0,18998151.503880285,18998151.503880285,19186673.28429986,19186673.284299865,0.0,0.0
2022-05-31,IC,front,1.9555861770954877,19555861.770954877,16.36473788364425,IC2206,0.01747156188270549,0.017471561882705603,0.014203732715755034,0.0032678291669505687,0.0,0.014035400642454787,False,1.0,19048554.896561906,19048554.896561906,19556516.360470224,19556516.360470224,0.0,0.0
2022-06-01,IC,front,1.9539497033071231,19539497.03307123,16.36473788364425,IC2206,-0.0008368200836821327,-0.0008368200836820085,-0.00043514644351455323,-0.0004016736401674553,0.0,-0.0004314464740865498,False,1.0000000000000002,19362757.863927875,19362757.863927875,19508076.736334633,19508076.736334637,0.0,0.0
2022-06-02,IC,front,1.9801987428724885,19801987.428724885,16.364737883644246,IC2206,0.01343383584589608,0.013433835845896113,0.009177554438860962,0.004256281407035151,2.1630292190709023e-20,0.00909582910001272,False,0.9999999999999998,19416434.204186227,19416434.204186223,19788895.63841797,19788895.638417967,4.226450300848228e-09,4.226450300848228e-13
2022-06-06,IC,front,2.015415658798091,20154156.58798091,16.364737883644246,IC2206,0.01778453604839525,0.017784536048395153,0.018017586195497554,-0.0002330501471024019,0.0,0.017933907275398342,False,0.9999999999999998,19739801.424767036,19739801.424767032,20162666.251680404,20162666.2516804,0.0,0.0
2022-06-07,IC,front,2.0122081701728964,20122081.701728966,16.36473788364425,IC2206,-0.0015914774757219696,-0.0015914774757218777,-0.0001412842248854933,-0.0014501932508363844,2.1665849966374467e-20,-0.00014060742407195903,False,1.0000000000000002,20033057.527641945,20033057.527641945,20139101.029127955,20139101.02912796,4.36656932834012e-09,4.3665693283401197e-13
2022-06-08,IC,front,2.025954549995158,20259545.49995158,16.364737883644246,IC2206,0.006831489915419597,0.006831489915419648,0.005084580351333802,0.0017469095640858454,2.1748409406221797e-20,0.005052880675398441,False,0.9999999999999998,19932250.74227869,19932250.74227869,20196050.31696304,20196050.316963036,4.376232709546457e-09,4.3762327095464573e-13
2022-06-09,IC,front,2.0029784580065213,20029784.580065213,16.36473788364425,IC2206,-0.011340872374798083,-0.011340872374798033,-0.014077544426494401,0.0027366720516963676,2.1679404737080506e-20,-0.014014535617731694,False,1.0000000000000002,19815733.808547143,19815733.808547147,19989854.619629122,19989854.619629126,4.392148866827483e-09,4.3921488668274833e-13
2022-06-10,IC,front,2.0480286970744723,20480286.970744725,16.49954247262283,IC2207,0.022491624354656237,0.022690232631271963,0.018088825301561758,0.004601407329710207,0.00019860827661579122,0.017846278314512798,True,0.9993039898452729,19892903.25871935,19878648.771015987,20448607.849197287,20434353.361493923,39780809.964323014,3978.0809964323016
2022-06-13,IC,front,2.0363483963481706,20363483.963481706,16.511034320174723,IC2207,-0.005703191924501305,-0.0057031227948244265,-0.0010390638179229802,-0.0046640589769014465,6.912967676748917e-08,-0.0010384448967164506,False,0.999995329103606,20166011.993012417,20165916.8772886,20326499.246604513,20326404.130880695,14157.956183930026,1.4157956183930027
2022-06-14,IC,front,2.0616434863083435,20616434.863083437,16.51111144186562,IC2207,0.012421788926460398,0.012421789390202068,0.006802830782690654,0.005618958607511415,4.6374170666664567e-10,0.006729637032735436,False,0.9999999673894949,19808050.84688969,19808050.174577344,20401790.414339185,20401789.742026832,94.43396806903877,0.009443396806903877
2022-06-15,IC,front,2.049623396706727,20496233.967067268,16.51111198030132,IC2207,-0.005830343452417397,-0.0058303434491528494,-0.0023241286509285636,-0.0035062147982242863,3.264602386140725e-12,-0.0023121405704978892,False,1.000000000039011,20473778.854774058,20473778.855573636,20676535.309892155,20676535.310691733,0.6730446244773702,6.730446244773702e-05
2022-06-16,IC,front,2.0512084634571677,20512084.63457168,16.511111979657205,IC2207,0.0007733453633422815,0.0007733453633462209,0.0006057872011418593,0.00016755816220436154,3.9207043923513474e-15,0.0006005372892128324,False,0.999999999999808,20487648.188841783,20487648.188837845,20555013.525718786,20555013.52571485,0.0008035967454134152,8.035967454134152e-08
2022-06-17,IC,front,2.0745881980203684,20745881.980203684,16.511111979660377,IC2207,0.011398029493207007,0.011398029493207009,0.008289329641317728,0.0031086998518892804,1.9128162447822053e-17,0.008218911317484201,False,0.9999999999999993,20212903.285500247,20212903.285500232,20712199.31176518,20712199.311765164,3.923584870335617e-06,3.923584870335617e-10
2022-06-20,IC,front,2.0688423310514468,20688423.31051447,16.511111979660388,IC2207,-0.0027696421749648925,-0.002769642174964924,0.0022411817139946395,-0.005010823888959563,6.46170815139899e-20,0.002229149614252579,False,0.9999999999999998,20530577.07998891,20530577.07998891,20741258.86884938,20741258.86884938,1.3405383469944354e-08,1.3405383469944355e-12
2022-06-21,IC,front,2.055369263676044,20553692.63676044,16.51111197966039,IC2207,-0.006512370311252957,-0.006512370311253022,-0.008521947326416653,0.00200957701516363,2.151916798278126e-20,-0.008433919553139768,False,1.0,20379995.738734417,20379995.738734413,20516707.745926,20516707.745926,4.451976565178484e-09,4.451976565178484e-13
2022-06-22,IC,front,2.0193750395603844,20193750.395603843,16.51111197966039,IC2207,-0.017512290736158898,-0.017512290736158866,-0.015653417306641867,-0.0018588734295169984,0.0,-0.015521746057033714,False,1.0,20160067.727165334,20160067.727165338,20255832.176647365,20255832.17664737,0.0,0.0
2022-06-23,IC,front,2.071550153416111,20715501.53416111,16.511111979660388,IC2207,0.025837257980114936,0.02583725798011512,0.019770408163265394,0.006066849816849726,2.1587479824373714e-20,0.01956446807787615,False,1.0,20156765.504769403,20156765.504769403,20686441.977076907,20686441.977076907,4.359321792435367e-09,4.359321792435367e-13
2022-06-24,IC,front,2.096448910281439,20964489.10281439,16.511111979660388,IC2207,0.012019384046419779,0.012019384046419777,0.010809475227953754,0.0012099088184660217,0.0,0.010762689132715497,False,1.0,20697669.533223078,20697669.533223078,20950619.768751476,20950619.768751472,0.0,0.0
2022-06-27,IC,front,2.1014022438753375,21014022.438753374,16.51111197966039,IC2207,0.002362725640298713,0.002362725640298648,0.006215543584412317,-0.003852817944113669,2.160251684158498e-20,0.006196335588259272,False,1.0,20988925.548544288,20988925.548544288,21043742.440316763,21043742.440316763,4.5288572891877266e-09,4.5288572891877265e-13
2022-06-28,IC,front,2.1388494458452074,21388494.458452072,16.51111197966039,IC2207,0.01782010182915328,0.01782010182915325,0.014710226915582464,0.003109874913570786,0.0,0.014608894867769395,False,1.0,20998832.215732083,20998832.215732086,21358774.456888683,21358774.456888683,0.0,0.0
2022-06-29,IC,front,2.107544377531771,21075443.77531771,16.51111197966039,IC2207,-0.01463640574339975,-0.014636405743399748,-0.019615562760537313,0.004979157017137566,0.0,-0.01954209510332472,False,1.0,20980339.770314865,20980339.770314865,21079406.442192826,21079406.442192826,0.0,0.0
2022-06-30,IC,front,2.121942067178035,21219420.671780348,16.51111197966039,IC2207,0.006831500109679922,0.0068315001096801034,0.012500391714455788,-0.005668891604775684,0.0,0.012515884097077379,False,1.0,21101201.110005982,21101201.11000598,21248480.22886455,21248480.22886455,0.0,0.0
2022-07-01,IC,front,2.11778126695916,21177812.669591602,16.51111197966039,IC2207,-0.0019608453422143013,-0.0019608453422142558,-0.0024183759220641732,0.00045753057984991753,0.0,-0.0024077792652089647,False,1.0,21129600.222610995,21129600.222610995,21184417.114383467,21184417.114383467,0.0,0.0
2022-07-04,IC,front,2.1437367349911867,21437367.349911865,16.511111979660388,IC2207,0.012255972057631181,0.012255972057631194,0.013189983159733073,-0.0009340111021018803,2.1489595236046652e-20,0.013138071674634322,False,0.9999999999999998,21013361.994274184,21013361.99427418,21417554.01553627,21417554.01553627,4.551026222543442e-09,4.551026222543441e-13
2022-07-05,IC,front,2.138651312501451,21386513.12501451,16.51111197966039,IC2207,-0.002372223420314845,-0.002372223420314944,-0.0017868695893281314,-0.0005853538309868125,2.160659893665527e-20,-0.0017782874172368457,False,1.0,21134883.778444484,21134883.778444488,21298674.00928272,21298674.00928272,4.631885985872941e-09,4.631885985872941e-13
2022-07-06,IC,front,2.1139506889798794,21139506.889798794,16.51111197966039,IC2207,-0.011549626335618401,-0.011549626335618441,-0.01435674139954289,0.002807115063924447,0.0,-0.014279286127837798,False,1.0,20919578.878229715,20919578.878229715,21054309.551983744,21054309.551983744,0.0,0.0
2022-07-07,IC,front,2.1205551337717434,21205551.337717436,16.51111197966039,IC2207,0.0031242189452638236,0.003124218945263684,0.0053799050237440015,-0.002255686078480317,0.0,0.0053656978601084315,False,0.9999999999999998,21019966.43906605,21019966.43906605,21228006.45000977,21228006.45000977,0.0,0.0
2022-07-08,IC,front,2.1078348067575594,21078348.067575596,16.618770640844385,IC2208,-0.005998583489578491,-0.005797674228788213,-0.00763540702948867,0.0018377328007004568,0.0002009092607902873,-0.007523644078171521,True,1.000200412640784,21071700.559319258,21075924.92671885,21125545.376195595,21129769.743595183,42603916.439112976,4260.391643911298
2022-07-11,IC,front,2.081314656579919,20813146.56579919,16.61544069649661,IC2208,-0.012581702367101433,-0.012581682414305873,-0.01344843213160432,0.0008667497172984464,1.995279562590831e-08,-0.01331888502351486,False,1.0000009161642263,20666266.070042163,20666285.138302483,20775927.97863904,20775947.04689936,4205.719711240952,0.4205719711240952
2022-07-12,IC,front,2.0546635139288796,20546635.139288794,16.615425474038183,IC2208,-0.012804956024685676,-0.012804955933069328,-0.012399412625234335,-0.00040554330783499417,9.161642264297184e-11,-0.01228964700892854,False,1.0000000000928047,20527361.24573891,20527361.247645732,20573884.437066216,20573884.43897304,19.068260323023765,0.0019068260323023766
2022-07-13,IC,front,2.059781064974784,20597810.649747837,16.615425472496195,IC2208,0.0024907003074770007,0.0024907003074862584,0.004368429564894123,-0.0018777292574078648,9.299672072494021e-15,0.00432749924697351,False,0.9999999999998177,20473527.267213568,20473527.267209813,20590499.86253994,20590499.862536184,0.001910769689885683,1.9107696898856832e-07
2022-07-14,IC,front,2.0823780436173824,20823780.436173823,16.615425472499222,IC2208,0.010970573051109822,0.010970573051109746,0.005475606608157054,0.005494966442952691,1.823923051457014e-17,0.005414382092018943,False,1.0,20578536.756199736,20578536.756199736,20797860.372436725,20797860.372436725,3.7568821653621853e-06,3.7568821653621857e-10
2022-07-15,IC,front,2.0411717884455842,20411717.88445584,16.61542547249922,IC2208,-0.01978807608834421,-0.019788076088344184,-0.016856568364611278,-0.0029315077237329064,2.13772434509733e-20,-0.016760202017317094,False,0.9999999999999998,20403742.480229042,20403742.480229042,20531348.947857834,20531348.947857834,4.451550239537028e-09,4.451550239537028e-13
2022-07-18,IC,front,2.083574354251402,20835743.542514022,16.61542547249922,IC2208,0.02077363896848139,0.020773638968481434,0.018813493097160638,0.0019601458713207976,0.0,0.01864833462432225,False,0.9999999999999998,20459570.30981664,20459570.30981664,20834414.308476225,20834414.30847622,0.0,0.0
2022-07-19,IC,front,2.089356522315832,20893565.22315832,16.615425472499222,IC2208,0.002775119617224764,0.0027751196172248224,0.0037240829346093084,-0.000948963317384486,2.13990715416372e-20,0.00369909194025686,False,1.0,20712789.39401753,20712789.39401753,20903534.47844182,20903534.47844182,4.458655666894629e-09,4.4586556668946287e-13
2022-07-20,IC,front,2.1178021307247503,21178021.307247505,16.61542547249922,IC2208,0.013614530648598855,0.013614530648598843,0.011928619143048002,0.0016859115055508412,2.14622787326487e-20,0.011837663024349299,False,1.0,20971990.031388517,20971990.031388514,21148113.541397005,21148113.541397005,4.484235205381992e-09,4.4842352053819927e-13
2022-07-21,IC,front,2.0969331563312914,20969331.563312914,16.61542547249922,IC2208,-0.009854071865683323,-0.00985407186568338,-0.009902714577122183,4.864271143880211e-05,0.0,-0.009844463405769388,False,1.0,20956703.839953814,20956703.839953814,21058390.24384551,21058390.24384551,0.0,0.0
2022-07-22,IC,front,2.0752001798132627,20752001.798132624,16.61542547249922,IC2208,-0.01036417229247888,-0.010364172292478786,-0.009202560933092551,-0.0011616113593862357,0.0,-0.009148339529901128,False,1.0,20525367.39468774,20525367.394687735,20713454.011036426,20713454.011036426,0.0,0.0
2022-07-25,IC,front,2.0515398139404235,20515398.139404237,16.61542547249922,IC2208,-0.011401486036382136,-0.01140148603638224,-0.009334166026133737,-0.0020673200102485027,0.0,-0.009267783125289197,False,1.0,20412382.50147474,20412382.50147474,20514068.905366436,20514068.905366436,0.0,0.0
2022-07-26,IC,front,2.0847042031835317,20847042.031835318,16.61542547249922,IC2208,0.016165608397045395,0.016165608397045363,0.012427108980173683,0.0037384994168716814,0.0,0.01231215616795378,False,1.0,20521379.692574333,20521379.692574333,20813146.56387142,20813146.56387142,0.0,0.0
2022-07-27,IC,front,2.092878992516001,20928789.925160013,16.61542547249922,IC2208,0.003921318583224309,0.003921318583224466,0.0038687155290591272,5.2603054165338784e-05,0.0,0.003847519641849262,False,1.0000000000000002,20749343.33005702,20749343.330057025,20935436.095349014,20935436.095349018,0.0,0.0
2022-07-28,IC,front,2.0954045371878216,20954045.371878214,16.615425472499215,IC2208,0.0012067322959670168,0.001206732295967033,0.00253096221022555,-0.0013242299142585169,2.1507637312699625e-20,0.0025172806420488136,False,0.9999999999999998,20928789.925160013,20928789.92516001,20979300.81859641,20979300.818596408,4.501288231040235e-09,4.501288231040235e-13
2022-07-29,IC,front,2.0786561883115424,20786561.883115422,16.61542547249922,IC2208,-0.007992895204262829,-0.007992895204262964,-0.008573331641715365,0.0005804364374524002,2.1430850274050523e-20,-0.008515839997983776,False,1.0,20753995.64918932,20753995.649189323,20809158.86175802,20809158.861758024,4.490630090003833e-09,4.4906300900038334e-13
2022-08-01,IC,front,2.097331926542631,20973319.26542631,16.61542547249922,IC2208,0.008984524875303768,0.008984524875303719,0.008490535874152797,0.0004939890011509206,0.0,0.008438047635011214,False,1.0,20640346.13895743,20640346.13895743,20960026.925048314,20960026.925048314,0.0,0.0
2022-08-02,IC,front,2.0494795011818336,20494795.011818334,16.61542547249922,IC2208,-0.02281585702062927,-0.02281585702062934,-0.02807934848052734,0.005263491459898001,0.0,-0.027920885048887567,False,1.0,20137895.67266905,20137895.672669053,20571225.96899183,20571225.96899183,0.0,0.0
2022-08-03,IC,front,2.0279459097694748,20279459.097694747,16.61542547249922,IC2208,-0.010506858643836825,-0.010506858643836832,-0.007408308201186821,-0.0030985504426500107,0.0,-0.0074051863857373945,False,1.0,20208345.07667245,20208345.07667245,20349243.884679243,20349243.884679243,0.0,0.0
2022-08-04,IC,front,2.035190235275484,20351902.352754842,16.61542547249922,IC2208,0.003572247894340075,0.0035722478943399985,0.005640218923081828,-0.0020679710287418297,0.0,0.005620224972282539,False,1.0,20088049.396251556,20088049.396251556,20299397.60826175,20299397.608261745,0.0,0.0
2022-08-05,IC,front,2.079586652138002,20795866.521380022,16.61542547249922,IC2208,0.021814381816994244,0.021814381816994376,0.018251583828620053,0.0035627979883743237,0.0,0.01814984582860446,False,1.0,20373834.714378543,20373834.714378543,20746684.861981425,20746684.861981425,0.0,0.0
2022-08-08,IC,front,2.0906857563536314,20906857.563536316,16.61542547249922,IC2208,0.005337168424416783,0.005337168424416689,0.008398849472674894,-0.0030616810482582057,0.0,0.008382093322552686,False,1.0,20723423.266319923,20723423.266319927,20915497.584782016,20915497.584782016,0.0,0.0
2022-08-09,IC,front,2.0966673095237316,20966673.095237315,16.61542547249922,IC2208,0.002861048415297107,0.0028610484152970725,0.002926216740312149,-6.51683250150767e-05,0.0,0.002911560365455257,False,1.0,20802512.691569023,20802512.691569023,20960026.925048314,20960026.925048314,0.0,0.0
2022-08-10,IC,front,2.090552832949852,20905528.32949852,16.61542547249922,IC2208,-0.0029162836402827352,-0.002916283640282695,-0.00307794718990699,0.00016166354962429504,0.0,-0.0030623766060918767,False,1.0,20812481.946852524,20812481.94685252,20892900.606139418,20892900.606139418,0.0,0.0
2022-08-11,IC,front,2.1354809434274897,21354809.434274897,16.61542547249922,IC2208,0.021491018915911653,0.02149101891591159,0.018645684310920247,0.0028453346049913436,0.0,0.018554078892006665,False,1.0,20992593.158974413,20992593.158974413,21357467.902350497,21357467.902350497,0.0,0.0
2022-08-12,IC,front,2.131593588071493,21315935.880714927,16.710076555036853,IC2209,-0.0018203652755419686,-0.0016205022858631873,-0.0028841722053795133,0.001263669919516326,0.00019986298967876603,-0.0028745092680017015,True,1.0013219736033379,21274494.890858434,21302673.995423183,21322619.91133694,21350799.01590169,42680360.57554499,4268.036057554499
2022-08-15,IC,front,2.135526119078815,21355261.19078815,16.688015439134222,IC2209,0.0018448784183480171,0.0018450103548988837,0.003435317467726416,-0.0015903071128275325,1.3193655071048235e-07,0.0034201079296354298,False,1.000002734987065,21227097.232215602,21227155.63857873,21360601.355728675,21360659.762091804,28123.51055267335,2.812351055267335
2022-08-16,IC,front,2.144070368706206,21440703.687062062,16.68796979775268,IC2209,0.004001004507065975,0.0040010047810176376,0.0034977511257811493,0.0005032536552364886,2.7395180203976936e-10,0.0034736396075623066,False,0.9999999957599609,21339908.349483635,21339908.258574214,21441371.205853973,21441371.11494455,58.50312286246364,0.005850312286246364
2022-08-17,IC,front,2.157287240839742,21572872.40839742,16.687969868510322,IC2209,0.006164383560559816,0.006164383560983862,0.004406911576249328,0.0017574719847345337,4.2406990445705444e-13,0.004378834960766964,False,1.0000000000010774,21308534.965680216,21308534.965703458,21575542.48357638,21575542.483599626,0.09092357164064424,9.092357164064424e-06
2022-08-18,IC,front,2.14907675966444,21490767.596644398,16.687969868492342,IC2209,-0.0038059285846915314,-0.003805928584691369,-0.003819852713659983,1.3924128968613715e-05,1.0757729259568966e-16,-0.0038022638022637834,False,1.000000000000002,21400652.559354536,21400652.559354577,21490767.596644398,21490767.59664444,2.3207512072076497e-05,2.3207512072076497e-09
2022-08-19,IC,front,2.1194389251779975,21194389.251779974,16.68796986849231,IC2209,-0.013790961329399054,-0.013790961329399005,-0.011972355955893793,-0.0018186053735052112,1.915778298154631e-19,-0.011917184149789595,False,1.0,21183708.95106414,21183708.95106414,21232437.823080137,21232437.823080137,4.117154617233609e-08,4.117154617233609e-12
2022-08-22,IC,front,2.1456056619317936,21456056.619317934,16.68796986849231,IC2209,0.012346067840383057,0.012346067840383066,0.012749204749456717,-0.00040313690907365014,0.0,0.012666387138360324,False,1.0,21086251.207032144,21086251.207032144,21479419.777133822,21479419.777133822,0.0,0.0
2022-08-23,IC,front,2.146740443882851,21467404.43882851,16.68796986849231,IC2209,0.0005288865382819807,0.0005288865382819955,-0.000976884547179892,0.0015057710854618875,0.0,-0.000970231805063837,False,0.9999999999999998,21322552.860369995,21322552.860369995,21435363.536681004,21435363.536681,0.0,0.0
2022-08-24,IC,front,2.085128459128377,20851284.591283772,16.68796986849231,IC2209,-0.028700248756218905,-0.02870024875621896,-0.0282680348258706,-0.0004322139303483597,0.0,-0.028117654336261233,False,0.9999999999999998,20763839.629172873,20763839.62917287,20843274.365746897,20843274.365746893,0.0,0.0
2022-08-25,IC,front,2.0954750004468425,20954750.004468426,16.68796986849231,IC2209,0.004962064218715145,0.004962064218714986,0.006101738323142409,-0.0011396741044274235,0.0,0.006065640026859276,False,0.9999999999999998,20683069.855009373,20683069.85500937,20860629.85441013,20860629.854410127,0.0,0.0
2022-08-26,IC,front,2.092337662111566,20923376.621115662,16.687969868492313,IC2209,-0.0014971967380223994,-0.001497196738022369,-0.0038751911314984597,0.0023779943934760907,2.132840433304137e-20,-0.003848039603334019,False,1.0,20827921.433467884,20827921.433467887,20894673.312941853,20894673.312941857,4.46931380793103e-09,4.4693138079310306e-13
2022-08-29,IC,front,2.093338940303676,20933389.40303676,16.687969868492313,IC2209,0.00047854522252355203,0.00047854522252352855,0.0019189663423193094,-0.0014404211197957808,0.0,0.0019100179887812097,False,1.0,20640348.652146034,20640348.652146034,20957420.07964739,20957420.07964739,0.0,0.0
2022-08-30,IC,front,2.0916701433168265,20916701.433168266,16.687969868492313,IC2209,-0.0007971938775510612,-0.0007971938775510204,-0.0039014668367345893,0.003104272959183569,0.0,-0.0038777256592290588,False,1.0,20734468.80220433,20734468.80220433,20898010.906915553,20898010.906915553,0.0,0.0
2022-08-31,IC,front,2.0490824442124342,20490824.44212434,16.687969868492313,IC2209,-0.020360619116004508,-0.020360619116004525,-0.020772299345779528,0.0004116802297750022,0.0,-0.02070974382470059,False,1.0,20416729.855908237,20416729.855908237,20503507.299224395,20503507.299224395,0.0,0.0
2022-09-01,IC,front,2.04093871491661,20409387.1491661,16.687969868492313,IC2209,-0.003974329739062421,-0.00397432973906239,-0.004720330976968363,0.0007460012379059725,0.0,-0.004707793526377735,False,1.0,20334625.044155255,20334625.044155255,20417397.374702975,20417397.374702975,0.0,0.0
2022-09-02,IC,front,2.0460118577566315,20460118.577566314,16.687969868492313,IC2209,0.002485690923957451,0.002485690923957452,0.0037056418642681696,-0.0012199509403107176,0.0,0.0036985230390564894,False,1.0,20379348.803402815,20379348.803402815,20456780.983592615,20456780.98359262,0.0,0.0
2022-09-05,IC,front,2.055423872762461,20554238.72762461,16.687969868492313,IC2209,0.004600176176959847,0.00460017617695994,0.005419072787184651,-0.0008188966102247119,0.0,0.005402126701173904,False,1.0000000000000002,20359323.239560623,20359323.239560623,20526202.938245542,20526202.938245546,0.0,0.0
2022-09-06,IC,front,2.0935391959420975,20935391.959420975,16.68796986849231,IC2209,0.01854377760457271,0.018543777604572733,0.017686412055079252,0.0008573655494934809,2.1356826101402428e-20,0.017617041236362985,False,1.0,20602300.08084587,20602300.080845866,20907356.170041908,20907356.170041904,4.389733021525899e-09,4.389733021525899e-13
2022-09-07,IC,front,2.1003478876484425,21003478.876484424,16.687969868492313,IC2209,0.0032522399005197045,0.0032522399005196637,0.0015926410101075627,0.0016595988904121012,2.1239518462350725e-20,0.0015878389654728764,False,1.0000000000000002,20849949.553694293,20849949.553694297,20984788.35023171,20984788.350231715,4.446576440386707e-09,4.4465764403867073e-13
2022-09-08,IC,front,2.092537917749988,20925379.177499883,16.687969868492313,IC2209,-0.0037184172890512013,-0.00371841728905127,-0.004605116796440566,0.0008866995073892956,0.0,-0.00459886123436104,False,1.0,20910693.764015608,20910693.764015608,20934056.921831496,20934056.9218315,0.0,0.0
2022-09-09,IC,front,2.107595685513375,21075956.85513375,16.77035581962868,IC2210,0.007195935440719614,0.007396293586459593,0.007112536094693226,0.00028375749176636644,0.00020035814574000137,0.0070768328183936635,True,1.0001441823825519,20871358.51413428,20874397.29580821,21086689.88285831,21089728.664532244,41925701.70910311,4192.570170910311
2022-09-13,IC,front,2.100017020879248,21000170.208792478,16.767938178351645,IC2210,-0.003595881641919929,-0.0035958672011983835,-0.0026330109437635385,-0.000962856257434845,1.4440721585040689e-08,-0.002619926958652652,False,0.9999997888481458,20976024.37781565,20976019.943590775,21014925.994389426,21014921.56016455,3043.520250833162,0.3043520250833162
2022-09-14,IC,front,2.0869380306140792,20869380.30614079,16.76794171893363,IC2210,-0.006228040123071321,-0.006228040102161752,-0.008058125510125358,0.0018300854079636051,2.0909496138139607e-11,-0.00800898987686538,False,0.9999999979512573,20756699.737789556,20756699.695033565,20879441.07117215,20879441.02841616,4.391029778810207,0.0004391029778810207
2022-09-15,IC,front,2.034957411166094,20349574.11166094,16.76794175328683,IC2210,-0.024907600841741373,-0.024907600841535812,-0.022844287331265627,-0.0020633135102701866,2.0546687471021715e-13,-0.022745745572771647,False,1.0000000000062879,20188601.870829385,20188601.870957345,20301953.157081604,20301953.157209564,0.04287966348641703,4.2879663486417034e-06
2022-09-16,IC,front,1.9846535859065209,19846535.85906521,16.767941753181393,IC2210,-0.024719841793026665,-0.024719841793025995,-0.025263678312475807,0.0005438365194498109,6.274565500627164e-16,-0.02509905366907894,False,1.0000000000000147,19790866.292444646,19790866.292444933,19885437.483932592,19885437.48393288,0.00012768473567348337,1.2768473567348338e-08
2022-09-19,IC,front,1.9708368019018996,19708368.019018997,16.767941753181148,IC2210,-0.006961811422777964,-0.006961811422777934,-0.006987157823589127,2.5346400811193305e-05,1.461939977163435e-18,-0.006944327819296436,False,1.0,19570870.896642912,19570870.89664291,19685563.618234668,19685563.618234668,2.9014444180575083e-07,2.9014444180575084e-11
2022-09-20,IC,front,1.984854801207559,19848548.01207559,16.76794175318115,IC2210,0.007112714402395914,0.007112714402395892,0.0076810509120610404,-0.0005683365096651491,2.1325978825401258e-20,0.0076338330669778465,False,1.0,19786841.986423884,19786841.986423884,19836475.0940133,19836475.0940133,4.203002390568145e-09,4.2030023905681447e-13
2022-09-21,IC,front,1.995116781560506,19951167.81560506,16.76794175318115,IC2210,0.005170141587537591,0.0051701415875375,0.0034281755820633197,0.0017419660054741803,0.0,0.003405339451419742,False,1.0,19613796.827531055,19613796.82753106,19976655.087069895,19976655.087069895,0.0,0.0
2022-09-22,IC,front,1.9915619779088318,19915619.77908832,16.767941753181148,IC2210,-0.0017817521683586302,-0.0017817521683586802,-0.002133059907214348,0.00035130773885566776,2.1065735704622124e-20,-0.002122577602039266,False,0.9999999999999998,19812329.25788872,19812329.25788872,19933058.438511625,19933058.43851162,4.202860282020993e-09,4.202860282020993e-13
2022-09-23,IC,front,1.9696965818626833,19696965.818626832,16.76794175318115,IC2210,-0.010979018623918257,-0.010979018623918216,-0.012846462129121333,0.0018674435052031169,2.121679158313191e-20,-0.012787698063490893,False,1.0,19451483.151360262,19451483.151360262,19730501.702133194,19730501.702133194,4.225455541018164e-09,4.225455541018164e-13
2022-09-26,IC,front,1.9465568222432934,19465568.222432934,16.767941753181148,IC2210,-0.0117478802737766,-0.01174788027377669,-0.014179180713045367,0.0024313004392686782,2.1030975976837913e-20,-0.014140179299103606,False,0.9999999999999998,19429349.468246065,19429349.46824606,19511847.741671715,19511847.74167171,4.142464149481384e-09,4.1424641494813844e-13
2022-09-27,IC,front,1.9828426481971777,19828426.481971778,16.76794175318115,IC2210,0.018641030942044168,0.01864103094204409,0.019593756460616167,-0.0009527255185720739,2.1262001088084042e-20,0.019587277311619244,False,0.9999999999999998,19468251.093113445,19468251.09311344,19799585.622156303,19799585.622156303,4.1387693272554316e-09,4.138769327255432e-13
2022-09-28,IC,front,1.9356911959872325,19356911.959872324,16.767941753181155,IC2210,-0.02377972465581979,-0.023779724655819838,-0.025459188850928485,0.0016794641951086466,2.1145967823178475e-20,-0.025427150108529473,False,1.0000000000000002,19346851.194820415,19346851.19482042,19418617.98552403,19418617.985524032,4.192912683720351e-09,4.1929126837203516e-13
2022-09-29,IC,front,1.9419959420864283,19419959.420864284,16.767941753181155,IC2210,0.0032571032571031555,0.0032571032571032887,0.0004088704088703515,0.002848232848232937,0.0,0.0004090461598191819,False,1.0000000000000002,19259657.89770387,19259657.897703875,19374350.61929563,19374350.619295634,0.0,0.0
2022-09-30,IC,front,1.9149660199803002,19149660.199803002,16.76794175318115,IC2210,-0.013918629550321304,-0.01391862955032126,-0.009984803481384214,-0.0039338260689370476,2.1169973530897167e-20,-0.010017533282050128,False,1.0,19133562.975719947,19133562.975719947,19204659.048753437,19204659.048753437,4.11120026910794e-09,4.1112002691079396e-13
2022-10-10,IC,front,1.8913567579918213,18913567.579918213,16.76794175318115,IC2210,-0.012328815102798374,-0.012328815102798438,-0.013721060558299247,0.0013922454555008099,0.0,-0.013711791615768854,False,1.0,18838447.200863957,18838447.200863957,18924969.780310374,18924969.780310374,0.0,0.0
2022-10-11,IC,front,1.905777187899557,19057771.87899557,16.76794175318115,IC2210,0.007624383843398697,0.007624383843398703,0.008652789105996697,-0.0010284052625979946,0.0,0.008659068688772198,False,1.0,18850520.118926253,18850520.11892625,19073198.385408495,19073198.385408495,0.0,0.0
2022-10-12,IC,front,1.9493738364578281,19493738.36457828,16.76794175318115,IC2210,0.022876047019074974,0.022876047019075103,0.023921306398254308,-0.0010452593791792058,0.0,0.023914110451032755,False,1.0,18735827.397334494,18735827.39733449,19432032.338926572,19432032.338926572,0.0,0.0
2022-10-13,IC,front,1.955209080187935,19552090.80187935,16.76794175318115,IC2210,0.0029933938893476064,0.0029933938893475843,0.0017014175612442067,0.0012919763281033774,0.0,0.001699181334776645,False,1.0,19425325.1622253,19425325.1622253,19568858.743632533,19568858.74363253,0.0,0.0
2022-10-14,IC,front,2.0091797097123782,20091797.097123783,16.818713486115808,IC2211,0.027603508019334422,0.02780543868535139,0.02459996468454647,0.00320547400080492,0.0002019306660169713,0.024544023161599426,True,0.9992887800992067,19682093.236601997,19667803.550663825,20090451.60004489,20076161.914106715,39481667.176477954,3948.1667176477954
2022-10-17,IC,front,2.0144993079348743,20144993.079348743,16.830683803380733,IC2211,0.002647646796740455,0.0026477178567692514,0.007065905758462585,-0.004418187901693333,7.10600288227353e-08,0.007057909680184382,False,0.999999452896001,19969953.967793584,19969942.946387306,20198178.040167425,20198167.018761147,14277.236808221653,1.4277236808221654
2022-10-18,IC,front,2.025809529955286,20258095.29955286,16.83069301152019,IC2211,0.005614408491411371,0.005614408546299146,0.0033536061804035223,0.0022608023658956234,5.4887752085728894e-11,0.0033363255535607816,False,1.0000000018182014,20102579.696126416,20102579.732959714,20227126.824411664,20227126.86124496,11.057133859080182,0.0011057133859080181
2022-10-19,IC,front,2.0072957676677072,20072957.67667707,16.8306929809186,IC2211,-0.009138945203791105,-0.0091389452036097,-0.010459938191688258,0.0013209929880785576,1.8141530927453968e-13,-0.010429662324149547,False,1.0000000000042688,20031890.785803627,20031890.785889316,20093827.73597341,20093827.736059096,0.03675128624081481,3.675128624081481e-06
2022-10-20,IC,front,1.9988130984052983,19988130.984052982,16.830692980846752,IC2211,-0.004225918969711584,-0.004225918969711173,-0.0040012074054409374,-0.00022471156427023608,4.238284809135691e-16,-0.003994829826276858,False,1.000000000000031,19709414.70829016,19709414.70829078,19987457.75633375,19987457.75633437,8.507491159548408e-05,8.507491159548409e-09
2022-10-21,IC,front,2.0007654587910766,20007654.587910764,16.83069298084623,IC2211,0.0009767598518020115,0.0009767598518020367,0.001350623105422829,-0.0003738632536207923,3.108181073877895e-18,0.0013481574621021508,False,1.0,19867623.222310122,19867623.222310122,20005634.904753063,20005634.904753063,6.212673042682582e-07,6.212673042682583e-11
2022-10-24,IC,front,1.9850792529329278,19850792.529329278,16.83069298084623,IC2211,-0.007840102291463369,-0.007840102291463435,-0.010091187455836412,0.0022510851643729774,0.0,-0.010069029424799592,False,1.0,19625261.243385937,19625261.243385937,19798953.99494827,19798953.99494827,0.0,0.0
2022-10-25,IC,front,1.9737690272497992,19737690.272497993,16.83069298084623,IC2211,-0.005697619209116045,-0.005697619209116098,-0.00459879264735805,-0.0010988265617580476,0.0,-0.004599026607200352,False,0.9999999999999998,19456281.085858244,19456281.08585824,19760580.01495194,19760580.01495194,0.0,0.0
2022-10-26,IC,front,2.011537102298818,20115371.02298818,16.830692980846234,IC2211,0.019135002387611566,0.019135002387611674,0.017364758851217788,0.0017702435363938856,2.113590016156803e-20,0.017346476358568896,False,1.0000000000000002,19754520.96547884,19754520.96547884,20056126.9836956,20056126.983695604,4.1717385101947e-09,4.1717385101947004e-13
2022-10-27,IC,front,2.0099886785445804,20099886.785445802,16.83069298084623,IC2211,-0.0007697714113592546,-0.0007697714113592076,-0.0014391378560193382,0.0006693664446601306,2.1190490928323085e-20,-0.0014401500435394787,False,1.0,20074304.132114917,20074304.132114917,20155764.686142214,20155764.68614221,4.262545871824841e-09,4.262545871824841e-13
2022-10-28,IC,front,1.942598583849272,19425985.83849272,16.83069298084623,IC2211,-0.03352759914255077,-0.03352759914255088,-0.03034565916398711,-0.003181939978563773,0.0,-0.03038738889820558,False,0.9999999999999998,19341159.145869255,19341159.145869255,19496001.521293044,19496001.52129304,0.0,0.0
2022-10-31,IC,front,1.9540434550762475,19540434.550762475,16.830692980846234,IC2211,0.0058915265985097776,0.0058915265985097914,0.0043857217120082306,0.0015058048865015607,2.108659455284979e-20,0.004377529489086429,False,1.0000000000000002,19325001.680607647,19325001.680607647,19541107.778481707,19541107.77848171,4.0962788716569776e-09,4.096278871656978e-13
2022-11-01,IC,front,2.008036318158802,20080363.18158802,16.83069298084623,IC2211,0.0276313522825149,0.02763135228251501,0.02309043927648578,0.004540913006029229,2.116672100671452e-20,0.023082049418729822,False,0.9999999999999998,19477151.14515449,19477151.14515449,19967260.924756736,19967260.92475673,4.136069264859543e-09,4.136069264859543e-13
2022-11-02,IC,front,2.020154417105011,20201544.171050113,16.83069298084623,IC2211,0.00603480068394413,0.006034800683944078,0.009496429409595424,-0.0034616287256513463,0.0,0.009535190998375853,False,0.9999999999999998,20006981.36019153,20006981.36019153,20210969.359119385,20210969.359119385,0.0,0.0
2022-11-03,IC,front,2.0206929992803984,20206929.992803983,16.83069298084623,IC2211,0.0002666044589596517,0.0002666044589596368,-0.00017995800979770052,0.0004465624687573373,0.0,-0.00018006602420883588,False,1.0,20082382.864745725,20082382.86474572,20214335.497715555,20214335.497715555,0.0,0.0
2022-11-04,IC,front,2.072262242573711,20722622.425737113,16.83069298084623,IC2211,0.02552057304680999,0.025520573046809897,0.02277861069465264,0.0027419623521572596,0.0,0.022802465347723455,False,0.9999999999999998,20214335.497715555,20214335.497715555,20697039.772406228,20697039.772406228,0.0,0.0
2022-11-07,IC,front,2.065597288153296,20655972.88153296,16.83069298084623,IC2211,-0.003216269776810443,-0.0032162697768103993,0.0012913810467495887,-0.004507650823559988,0.0,0.001296168883468729,False,1.0,20540850.941543974,20540850.94154397,20674823.25767151,20674823.25767151,0.0,0.0
2022-11-08,IC,front,2.068424844574078,20684248.44574078,16.83069298084623,IC2211,0.0013688807770029232,0.0013688807770028916,-0.0011651782804249456,0.002534059057427837,0.0,-0.0011642277587718963,False,1.0,20552969.040490184,20552969.04049018,20640488.64399058,20640488.643990584,0.0,0.0
2022-11-09,IC,front,2.0611539852063525,20611539.852063525,16.83069298084623,IC2211,-0.003515167295925048,-0.0035151672959250688,-0.0021855878140867547,-0.0013295794818383138,0.0,-0.0021893431318529277,False,1.0,20595382.386801913,20595382.386801913,20635776.04995594,20635776.04995594,0.0,0.0
2022-11-10,IC,front,2.0553642268209416,20553642.268209416,16.83069298084623,IC2211,-0.002808988764044895,-0.0028089887640449143,-0.005083943036320896,0.002274954272275982,0.0,-0.005085911551211186,False,1.0,20405532.169977967,20405532.169977967,20557681.63452482,20557681.63452482,0.0,0.0
2022-11-11,IC,front,2.069265424448366,20692654.244483657,16.83951814594073,IC2212,0.006763374318782045,0.006968036515368015,0.008004525841891255,-0.001036489326523239,0.00020466219658592754,0.008033236448429237,True,0.9996621915232586,20685918.43722528,20678928.283215214,20821981.74384448,20814991.589834414,42065535.74453105,4206.553574453105
2022-11-14,IC,front,2.0656898906740593,20656898.906740595,16.845208600198355,IC2212,-0.0017279241860717054,-0.0017278901984249173,-0.0014833165677805532,-0.00024457363064436403,3.398764674163802e-08,-0.0014840469030498182,False,1.0000021056166677,20594908.539091866,20594952.034602508,20652182.24833254,20652225.743843183,7032.94622608367,0.7032946226083671
2022-11-15,IC,front,2.099717140956207,20997171.40956207,16.845173130721037,IC2212,0.016472584019397107,0.01647258423000674,0.017429949234316233,-0.0009573650043094934,2.1060974493547372e-10,0.017435325172811433,False,0.9999999997342064,20639379.932265557,20639379.926684644,21006604.706515275,21006604.70093436,43.50544209906502,0.004350544209906502
2022-11-16,IC,front,2.0929790717017314,20929790.717017315,16.845173135198376,IC2212,-0.0032090366473871423,-0.0032090366473605707,-0.005208266478497013,0.0019992298311364426,2.659556694341206e-14,-0.005204942610937735,False,1.0000000000001894,20879255.19761172,20879255.197615683,20919683.613136195,20919683.61314016,0.005584316778453058,5.584316778453058e-07
2022-11-17,IC,front,2.0978304815646664,20978304.815646663,16.845173135195186,IC2212,0.0023179447556493926,0.0023179447556493952,0.0021392698474013176,0.00017867490824807766,1.8870886552341348e-17,0.002142193967684891,False,1.0000000000000007,20739103.357126895,20739103.357126907,20912945.543882105,20912945.54388212,3.949637061850808e-06,3.9496370618508084e-10
2022-11-18,IC,front,2.0940571627823825,20940571.627823826,16.845173135195175,IC2212,-0.0017986766878653748,-0.0017986766878653267,-0.004104837155521361,0.0023061604676560335,6.328541279789734e-20,-0.004111168836182233,False,1.0,20890709.915343646,20890709.91534365,20958090.60788443,20958090.60788443,1.3276206800583168e-08,1.3276206800583168e-12
2022-11-21,IC,front,2.090216463307558,20902164.63307558,16.845173135195175,IC2212,-0.0018340948580990446,-0.0018340948580990654,-0.00031211789690449907,-0.0015219769611945664,0.0,-0.0003133252041054302,False,1.0,20679808.347691,20679808.347691003,20910924.123105884,20910924.123105884,0.0,0.0
2022-11-22,IC,front,2.0674417892287744,20674417.892287742,16.845173135195175,IC2212,-0.010895844750330341,-0.010895844750330336,-0.010365558814996357,-0.0005302859353339777,0.0,-0.010389824402112557,False,1.0,20577389.695029017,20577389.69502902,20635337.090614088,20635337.090614088,0.0,0.0
2022-11-23,IC,front,2.064746561527143,20647465.61527143,16.845173135195175,IC2212,-0.0013036534889026008,-0.0013036534889026496,-0.0015969755239056273,0.0002933220350029775,0.0,-0.0015998955170273277,False,1.0,20405568.929050025,20405568.92905003,20654203.68452551,20654203.68452551,0.0,0.0
2022-11-24,IC,front,2.0663636981481215,20663636.981481217,16.845173135195175,IC2212,0.0007832131318734614,0.0007832131318733922,0.0007293672290571004,5.3845902816291836e-05,0.0,0.0007309176532146466,False,1.0,20561218.32881923,20561218.32881923,20669027.43688448,20669027.43688448,0.0,0.0
2022-11-25,IC,front,2.0538308893355364,20538308.893355366,16.845173135195175,IC2212,-0.0060651514657449335,-0.006065151465744908,-0.005251573352463566,-0.0008135781132813428,0.0,-0.00526301169757859,False,1.0,20435216.433767974,20435216.43376797,20573346.853476573,20573346.853476573,0.0,0.0
2022-11-28,IC,front,2.046621155233673,20466211.55233673,16.845173135195175,IC2212,-0.0035103835176011344,-0.0035103835176010702,-0.005344312850628249,0.001833929333027179,0.0,-0.005351634236004155,False,1.0,20134024.73811068,20134024.73811068,20423087.909110628,20423087.90911063,0.0,0.0
2022-11-29,IC,front,2.0796376945786554,20796376.945786554,16.845173135195175,IC2212,0.01613221834463685,0.01613221834463686,0.01786725488904984,-0.0017350365444129769,0.0,0.017924852360254206,False,1.0,20534266.05180292,20534266.05180292,20810526.89122012,20810526.89122012,0.0,0.0
2022-11-30,IC,front,2.0766055634143203,20766055.634143203,16.845173135195175,IC2212,-0.0014580093312597242,-0.00145800933125972,-0.0012425479523069066,-0.00021546137895281343,0.0,-0.0012443582064369796,False,1.0,20658920.33300336,20658920.333003365,20711477.27318517,20711477.273185175,0.0,0.0
2022-12-01,IC,front,2.0854324341371626,20854324.341371626,16.845173135195175,IC2212,0.004250624614685616,0.004250624614685716,0.0048590155423603515,-0.0006083909276746346,0.0,0.004865053645541462,False,1.0,20854324.341371626,20854324.341371626,20900817.019224767,20900817.019224767,0.0,0.0
2022-12-02,IC,front,2.080715785659308,20807157.85659308,16.845173135195175,IC2212,-0.0022617124394184174,-0.0022617124394184174,-0.002922455573505678,0.0006607431340872609,0.0,-0.002924298022986993,False,1.0,20797724.55963737,20797724.55963737,20838152.97516184,20838152.97516184,0.0,0.0
2022-12-05,IC,front,2.0920357420061593,20920357.420061592,16.845173135195175,IC2212,0.005440414507771996,0.005440414507772079,0.007627914507771969,-0.0021874999999998896,0.0,0.00763779565856737,False,1.0,20840848.20286347,20840848.20286347,20923052.647763222,20923052.647763222,0.0,0.0
2022-12-06,IC,front,2.093720259319679,20937202.593196787,16.845173135195175,IC2212,0.0008052048441122839,0.0008052048441123422,-0.0006232285493429353,0.0014284333934552775,0.0,-0.0006226750247783075,False,1.0,20833436.326683987,20833436.326683987,20891383.722269055,20891383.72226906,0.0,0.0
2022-12-07,IC,front,2.089205752919446,20892057.529194463,16.845173135195175,IC2212,-0.0021562127892382765,-0.0021562127892383333,-0.0011649985517973452,-0.000991214237440988,0.0,-0.001165626886697524,False,1.0,20830741.098982353,20830741.098982353,20879255.197611716,20879255.197611716,0.0,0.0
2022-12-08,IC,front,2.086173621755111,20861736.217551112,16.845173135195175,IC2212,-0.0014513320002580432,-0.0014513320002580148,-0.002859124040508365,0.00140779204025035,0.0,-0.002857829049276228,False,1.0,20774815.124173503,20774815.124173503,20845564.851341326,20845564.851341326,0.0,0.0
2022-12-09,IC,front,2.0913483900472043,20913483.90047204,16.843541061838838,IC2301,0.0024805070096416415,0.002680613593155732,0.000972088961522065,0.0017085246316336676,0.00020010658351407595,0.0009731211649004479,True,0.9995874327852937,20747743.456423547,20739115.238620926,20935717.37467367,20927089.156871047,41745707.60666014,4174.570760666014
2022-12-12,IC,front,2.0808349588394006,20808349.588394005,16.850493022811687,IC2301,-0.005027106558542549,-0.005027065366974444,-0.006040582217127293,0.0010135168501528497,4.119156808168559e-08,-0.006054293235146835,False,0.9999993865739204,20708594.669698965,20708581.90531465,20803631.450347617,20803618.685963307,8614.591959115296,0.8614591959115296
2022-12-13,IC,front,2.068635195189294,20686351.95189294,16.8505033593499,IC2301,-0.005862917478525631,-0.005862917417226786,-0.005368942624973219,-0.0004939747922535677,6.129889399278263e-11,-0.005386031412830006,False,0.9999999996219426,20641192.60288988,20641192.595069256,20686351.95189294,20686351.94407231,12.755288155837263,0.0012755288155837264
2022-12-14,IC,front,2.058053079075518,20580530.79075518,16.850503365720357,IC2301,-0.00511550617449863,-0.0051155061744607945,-0.004116842071012778,-0.0009986641034480169,3.780696393385721e-14,-0.004127965290460334,False,1.0000000000000504,20518520.938369326,20518520.938370362,20561658.22698557,20561658.226986606,0.007820881621682929,7.82088162168293e-07
2022-12-15,IC,front,2.0576486669947402,20576486.669947404,16.850503365719508,IC2301,-0.00019650225977607683,-0.0001965022597760137,0.0008989978384750551,-0.0010955000982510689,5.0333991139333434e-18,0.0009005329383453553,False,1.0000000000000002,20496952.29406121,20496952.29406121,20599403.35452478,20599403.354524784,1.03590025446465e-06,1.03590025446465e-10
2022-12-16,IC,front,2.057783471021666,20577834.71021666,16.850503365719508,IC2301,6.551362683437922e-05,6.551362683432207e-05,-0.004753013626834453,0.004818527253668776,0.0,-0.004755911292913084,False,1.0000000000000002,20387087.012116715,20387087.012116715,20504366.515542123,20504366.515542123,0.0,0.0
2022-12-19,IC,front,2.012556719988075,20125567.19988075,16.850503365719504,IC2301,-0.021978381919423473,-0.021978381919423487,-0.02233540779561089,0.0003570258761874043,2.1020880610984334e-20,-0.022457293598074024,False,1.0,19977956.790397048,19977956.790397044,20054795.085744727,20054795.085744727,4.325642066760338e-09,4.325642066760338e-13
2022-12-20,IC,front,1.9874831709798844,19874831.709798843,16.850503365719504,IC2301,-0.012458555209484579,-0.012458555209484667,-0.009787668709601764,-0.002670886499882904,0.0,-0.009845901948629443,False,1.0,19824280.199701685,19824280.19970168,19887638.09235679,19887638.09235679,0.0,0.0
2022-12-21,IC,front,1.97683365285275,19768336.5285275,16.850503365719504,IC2301,-0.005358293485264509,-0.0053582934852646,-0.0054583375724895035,0.00010004408722490274,0.0,-0.005476324550912404,False,0.9999999999999998,19632858.481467113,19632858.481467113,19739353.66273846,19739353.662738457,0.0,0.0
2022-12-22,IC,front,1.9553324105580918,19553324.10558092,16.850503365719508,IC2301,-0.010876606771454855,-0.010876606771454904,-0.011384636366735952,0.0005080295952810482,2.1169988678817614e-20,-0.01142350799885039,False,1.0,19442784.803501796,19442784.803501796,19535125.56194594,19535125.56194594,4.184954605079838e-09,4.1849546050798383e-13
2022-12-23,IC,front,1.9518949078714851,19518949.07871485,16.850503365719508,IC2301,-0.0017580144777662454,-0.0017580144777662558,-0.002707687004481219,0.0009496725267149635,0.0,-0.00271843517803938,False,1.0,19386841.132327612,19386841.13232761,19462331.387406033,19462331.387406033,0.0,0.0
2022-12-26,IC,front,1.9750812005027152,19750812.005027153,16.85050336571951,IC2301,0.011878863220415203,0.011878863220415101,0.013797092441037304,-0.0019182292206222028,2.1100469584456835e-20,0.01386519992712576,False,1.0000000000000002,19531755.4612728,19531755.461272802,19751486.02516178,19751486.025161784,4.118589913559845e-09,4.118589913559845e-13
2022-12-27,IC,front,1.9875505729933478,19875505.729933478,16.85050336571951,IC2301,0.006313346756304794,0.006313346756304816,0.007234754120738429,-0.0009214073644336133,0.0,0.007256223409535023,False,1.0000000000000002,19700260.494929995,19700260.49493,19882245.931279767,19882245.931279767,0.0,0.0
2022-12-28,IC,front,1.982428019970169,19824280.19970169,16.85050336571951,IC2301,-0.002577319587628968,-0.0025773195876289895,-0.003994845360824656,0.0014175257731956661,0.0,-0.004002949541767498,False,1.0,19759574.266777325,19759574.26677733,19812821.857413,19812821.857413,0.0,0.0
2022-12-29,IC,front,1.9780468890950818,19780468.890950818,16.85050336571951,IC2301,-0.002209982320141468,-0.002209982320141439,-0.0007989936080512593,-0.00141098871209018,0.0,-0.0008017604612682305,False,1.0000000000000002,19711044.81708406,19711044.817084055,19810799.797009114,19810799.797009114,0.0,0.0
2022-12-30,IC,front,1.9785187031893219,19785187.03189322,16.850503365719508,IC2301,0.00023852523256207014,0.00023852523256219523,0.0012045524244387199,-0.0009660271918765246,2.113976176702851e-20,0.0012070201796019475,False,0.9999999999999998,19737331.602334578,19737331.602334574,19797993.414451167,19797993.414451167,4.18154399994819e-09,4.1815439999481897e-13
2023-01-03,IC,front,2.0081755891129887,20081755.891129885,16.85050336571951,IC2301,0.014989439258704218,0.014989439258704098,0.015573686720719388,-0.000584247462015291,2.1025545495604158e-20,0.015590496668923093,False,1.0,19715762.958026454,19715762.958026458,20107368.656245776,20107368.65624578,4.1599435007810825e-09,4.1599435007810825e-13
2023-01-04,IC,front,2.0075689709918225,20075689.709918227,16.85050336571951,IC2301,-0.00030207424313610787,-0.00030207424313623244,-0.0005789756326776899,0.00027690138954145744,0.0,-0.0005792575429406366,False,1.0,19965150.407839105,19965150.407839105,20059513.226687137,20059513.226687137,0.0,0.0
2023-01-05,IC,front,2.0285983991922403,20285983.991922405,16.85050336571951,IC2301,0.010475071344636433,0.0104750713446365,0.009738123216384124,0.000736948128252377,0.0,0.009745566951423479,False,1.0,20066927.44816805,20066927.44816805,20289354.092595547,20289354.092595547,0.0,0.0
2023-01-06,IC,front,2.0302160475153497,20302160.475153495,16.85050336571951,IC2301,0.0007974216699337955,0.0007974216699339107,0.00039206565438410363,0.0004053560155498071,0.0,0.0003926488155647778,False,1.0,20243520.723440792,20243520.723440792,20304856.55569201,20304856.555692013,0.0,0.0
2023-01-09,IC,front,2.033383942148105,20333839.42148105,16.85050336571951,IC2301,0.0015603731615818628,0.0015603731615817119,0.004515122339895875,-0.0029547491783141634,0.0,0.00452366776321278,False,1.0,20332491.381211787,20332491.38121179,20372258.56915489,20372258.56915489,0.0,0.0
2023-01-10,IC,front,2.0395175253732267,20395175.253732268,16.85050336571951,IC2301,0.0030164412622646353,0.003016441262264621,0.0013723150357994804,0.0016441262264651406,0.0,0.0013708563878926938,False,1.0,20285309.971787777,20285309.971787777,20404611.535617072,20404611.535617072,0.0,0.0
2023-01-11,IC,front,2.030553057582664,20305530.575826637,16.85050336571951,IC2301,-0.004395386496579667,-0.004395386496579591,-0.005641296804256639,0.0012459103076770484,0.0,-0.0056445612816825586,False,1.0000000000000002,20264415.347614285,20264415.347614285,20311596.757038295,20311596.7570383,0.0,0.0
2023-01-12,IC,front,2.029339821340332,20293398.21340332,16.850503365719508,IC2301,-0.0005974905397330144,-0.0005974905397330299,0.00018754564163847026,-0.0007850361813715001,2.1118017055989364e-20,0.00018788991313845038,False,0.9999999999999998,20240150.622767646,20240150.622767646,20325751.1798655,20325751.179865498,4.288125410312205e-09,4.2881254103122047e-13
2023-01-13,IC,front,2.0465907171656488,20465907.17165649,16.848824527085885,IC2302,0.008500742775511494,0.008701446867925138,0.00704087516020663,0.0016605717077185082,0.00020070409241353693,0.007048704218749258,True,1.0010549007243015,20277874.289934214,20299463.790233076,20397837.92056706,20419427.420865927,40729680.70407605,4072.9680704076054
2023-01-16,IC,front,2.0668599377582946,20668599.377582945,16.831069419764212,IC2302,0.00990389549929982,0.009904001225344636,0.01126711996876992,-0.0013631187434252825,1.0572604482806637e-07,0.01130629002144401,False,0.9999977681065055,20500288.683385305,20500242.55327281,20671292.348690107,20671246.218577616,21637.794190775992,2.163779419077599
2023-01-17,IC,front,2.0707647505108904,20707647.505108904,16.8311069850024,IC2302,0.001889248846165703,0.0018892490695295752,0.0010521159734166337,0.0008371330961129414,2.2336382973860425e-10,0.0010544907266845094,False,1.0000000019644555,20642342.810007095,20642342.85068634,20721112.390696906,20721112.431376155,46.16617512309858,0.0046166175123098585
2023-01-18,IC,front,2.078776357423838,20787763.57423838,16.83110695193844,IC2302,0.0038689121547828,0.0038689121549794823,0.0030593666710854277,0.0008095454838940545,1.9664991642725534e-13,0.0030688251715411674,False,0.9999999999981599,20728518.07776756,20728518.077729307,20818732.81102995,20818732.810991697,0.04072157151284728,4.072157151284728e-06
2023-01-19,IC,front,2.099108334621822,20991083.34621822,16.83110695196941,IC2302,0.009780742947827825,0.009780742947827832,0.008561388735954049,0.0012193542118737828,1.837483421481375e-16,0.008594707597870954,False,0.9999999999999976,20703608.03947858,20703608.03947853,20964153.57509507,20964153.575095017,3.819717093733743e-05,3.819717093733743e-09
2023-01-20,IC,front,2.112707869039013,21127078.690390132,16.831106951969453,IC2302,0.006478719651047182,0.006478719651047113,0.007553160781295157,-0.0010744411302480439,2.5414114787120205e-19,0.007591472407173727,False,1.0000000000000002,21020032.850175608,21020032.850175608,21103515.140657376,21103515.140657376,5.3346980166679714e-08,5.334698016667972e-12
2023-01-30,IC,front,2.1148622507288652,21148622.507288653,16.83110695196945,IC2302,0.0010197253114943017,0.001019725311494304,0.005082693349478926,-0.004062968037984622,2.1376403688719356e-20,0.005102832471930441,False,1.0,21139870.33167363,21139870.33167363,21184304.454026826,21184304.45402683,4.516209628491197e-09,4.516209628491197e-13
2023-01-31,IC,front,2.1213927202262295,21213927.202262294,16.83110695196945,IC2302,0.0030878935472573588,0.0030878935472574472,0.0009263680641772048,0.002161525483080242,0.0,0.0009262604383344364,False,1.0,21114960.293384716,21114960.293384716,21239510.484829288,21239510.484829288,0.0,0.0
2023-02-01,IC,front,2.1412534264295533,21412534.264295533,16.83110695196945,IC2302,0.009362107267534059,0.009362107267534118,0.012180260234846117,-0.0028181529673119996,0.0,0.012205146959445967,False,1.0,21209214.492315743,21209214.492315743,21412534.264295533,21412534.264295533,0.0,0.0
2023-02-02,IC,front,2.1439464035418685,21439464.035418686,16.83110695196945,IC2302,0.0012576638893255776,0.0012576638893255778,0.0006649897814809736,0.0005926741078446042,0.0,0.0006644768776185028,False,1.0,21357328.233493075,21357328.233493075,21458988.11948297,21458988.11948297,0.0,0.0
2023-02-03,IC,front,2.1352615523546525,21352615.523546524,16.83110695196945,IC2302,-0.004050871408384338,-0.004050871408384391,-0.004152928246192609,0.00010205683780821797,0.0,-0.004152185038319489,False,1.0,21116306.781940874,21116306.781940874,21353288.7678246,21353288.7678246,0.0,0.0
2023-02-06,IC,front,2.1248262660444315,21248262.660444316,16.831106951969453,IC2302,-0.00488712321856466,-0.004887123218564762,-0.006520368268381839,0.0016332450498170762,2.10168436066528e-20,-0.006519864621379656,False,1.0,21106881.36204777,21106881.362047773,21224699.11071156,21224699.110711556,4.487645810513641e-09,4.487645810513641e-13
2023-02-07,IC,front,2.127451918728939,21274519.187289387,16.831106951969453,IC2302,0.0012357022908018322,0.0012357022908019678,0.002362092455879068,-0.0011263901650771001,0.0,0.0023657916992603223,False,1.0,21080624.835202698,21080624.835202698,21224699.110711556,21224699.110711556,0.0,0.0
2023-02-08,IC,front,2.109274323220812,21092743.232208118,16.831106951969453,IC2302,-0.008544303797468289,-0.008544303797468355,-0.00774683544303798,-0.0007974683544303739,0.0,-0.007750220032799127,False,1.0,21042249.91135221,21042249.91135221,21104861.629213538,21104861.629213538,0.0,0.0
2023-02-09,IC,front,2.1419266707076328,21419266.707076326,16.831106951969453,IC2302,0.01548037025215443,0.015480370252154487,0.01376954995212267,0.001710820300031816,0.0,0.013764541469111213,False,1.0,21040903.422796052,21040903.422796052,21408494.798627067,21408494.798627064,0.0,0.0
2023-02-10,IC,front,2.1318686362728885,21318686.362728886,16.839046153361892,IC2303,-0.004695788409703638,-0.004496039900486063,-0.0031929840558180436,-0.0013030558446680191,0.00019974850921749857,-0.003196130023164545,True,1.0011477187345381,21128741.922118966,21153209.77785321,21289049.64149897,21313517.497233216,42784665.932704955,4278.466593270496
2023-02-13,IC,front,2.1397357842378355,21397357.842378356,16.81974182056434,IC2303,0.00369025925476385,0.0036903738274245953,0.007823211072317253,-0.004132837244892658,1.1457266074700755e-07,0.007827288155661583,False,1.000002098954044,21264145.487159483,21264190.39923026,21394666.683687065,21394711.59575784,24425.38620208793,2.442538620208793
2023-02-14,IC,front,2.146800066879807,21468000.668798067,16.819706516773326,IC2303,0.003301474272669358,0.0033014744828616517,0.002103512553093046,0.0011979619297686058,2.101923888426144e-10,0.002095920474072699,False,0.9999999972494288,21368428.00621877,21368427.947169505,21439743.561849885,21439743.50280062,44.97561759809756,0.004497561759809756
2023-02-15,IC,front,2.141485039600114,21414850.39600114,16.819706563037126,IC2303,-0.0024757905320067497,-0.0024757905317313892,-0.0020151054568563133,-0.000460685074875076,2.7529847800348884e-13,-0.0020102513439451686,False,1.0000000000026956,21338152.534073696,21338152.53413142,21398030.689438105,21398030.68949583,0.05910107909897988,5.910107909897988e-06
2023-02-16,IC,front,2.1147080667518328,21147080.66751833,16.819706562991787,IC2303,-0.012503927112785918,-0.012503927112785551,-0.014902607602890541,0.00239868049010499,2.696817205103105e-16,-0.014859774291823058,False,0.9999999999999993,21001085.614551563,21001085.614551544,21201576.516782425,21201576.516782407,5.7751936992644914e-05,5.775193699264492e-09
2023-02-17,IC,front,2.0979556390150935,20979556.390150934,16.819706562991797,IC2303,-0.00792186306948317,-0.007921863069483214,-0.008282960040722783,0.0003610969712395692,6.34476256976405e-20,-0.008278903820347572,False,0.9999999999999997,20931115.635249518,20931115.63524951,21030688.298102427,21030688.298102424,1.3417320587905124e-08,1.3417320587905125e-12
2023-02-20,IC,front,2.128567504959739,21285675.049597386,16.8197065629918,IC2303,0.014591283712279246,0.014591283712279125,0.0174229548151236,-0.002831671102844477,2.1167712109420234e-20,0.01742069224245313,False,1.0,20883347.66861062,20883347.66861062,21270873.70782195,21270873.70782195,4.440892098500626e-09,4.440892098500626e-13
2023-02-21,IC,front,2.137784704156258,21377847.04156258,16.819706562991804,IC2303,0.004330235792401549,0.004330235792401485,0.005902711928693401,-0.0015724761362919167,2.1146363044653458e-20,0.005885532305820895,False,1.0000000000000002,21264145.825196754,21264145.825196758,21360354.546737067,21360354.546737075,4.501146122493083e-09,4.501146122493083e-13
2023-02-22,IC,front,2.140475857206337,21404758.572063368,16.8197065629918,IC2303,0.0012588512981903666,0.0012588512981904002,-0.0013139260424862899,0.00257277734067669,2.1055853857915996e-20,-0.0013080762349962916,False,0.9999999999999998,21304513.120947935,21304513.120947935,21374483.100249983,21374483.10024998,4.501288231040235e-09,4.501288231040235e-13
2023-02-23,IC,front,2.1367082429362267,21367082.429362267,16.8197065629918,IC2303,-0.0017601760176017,-0.0017601760176017315,-0.002318088951752318,0.0005579129341505862,0.0,-0.0023137000848617584,False,0.9999999999999998,21207631.6111451,21207631.6111451,21314604.94488573,21314604.944885727,0.0,0.0
2023-02-24,IC,front,2.1325369557086047,21325369.557086047,16.819706562991804,IC2303,-0.0019522025252685093,-0.0019522025252685143,-0.0030668471929216237,0.0011146446676531096,2.1143611147873072e-20,-0.003062738981686408,False,1.0000000000000002,21112095.677867312,21112095.677867316,21269528.131296914,21269528.131296918,4.517772822509869e-09,4.517772822509869e-13
2023-02-27,IC,front,2.1201576516782428,21201576.51678243,16.819706562991804,IC2303,-0.005804965769631076,-0.0058049657696310816,-0.0053049184465407,-0.0005000473230903814,0.0,-0.005303713703547208,False,1.0000000000000002,21062309.346440855,21062309.34644086,21163900.374081325,21163900.37408133,0.0,0.0
2023-02-28,IC,front,2.134689878148668,21346898.78148668,16.819706562991804,IC2303,0.006854314092596736,0.006854314092596677,0.00798559324723129,-0.0011312791546346124,0.0,0.007979756500893442,False,1.0,21109404.524817232,21109404.524817236,21312586.580098175,21312586.58009818,0.0,0.0
2023-03-01,IC,front,2.1485493163565734,21485493.163565733,16.819706562991804,IC2303,0.006492483217246159,0.006492483217246024,0.007028270667213017,-0.000535787449966993,0.0,0.0070152920783825845,False,1.0,21297112.450060222,21297112.450060222,21488184.316615812,21488184.316615812,0.0,0.0
2023-03-02,IC,front,2.1465309515690145,21465309.515690144,16.819706562991804,IC2303,-0.0009394081728509862,-0.0009394081728511037,-0.0031172694535776986,0.002177861280726595,0.0,-0.003109897627980751,False,0.9999999999999998,21404758.57206337,21404758.57206337,21444453.079552036,21444453.079552032,0.0,0.0
2023-03-03,IC,front,2.143705240866432,21437052.40866432,16.819706562991808,IC2303,-0.0013164080865066818,-0.0013164080865067603,0.0012678263595048028,-0.002584234446011563,2.1156754520672433e-20,0.0012675820207044275,False,1.0,21301149.179635342,21301149.179635342,21443780.291289516,21443780.291289516,4.541362841337104e-09,4.5413628413371044e-13
2023-03-06,IC,front,2.1408122513375973,21408122.51337597,16.819706562991808,IC2303,-0.0013495276653172628,-0.001349527665317196,0.0007689169255877578,-0.002118444590904954,0.0,0.0007667847619525769,False,1.0,21316623.3096733,21316623.3096733,21424269.431676444,21424269.431676444,0.0,0.0
2023-03-07,IC,front,2.1114114042654877,21114114.042654876,16.819706562991808,IC2303,-0.013733500942803234,-0.013733500942803211,-0.017429289754871163,0.003695788812067951,0.0,-0.017344203952326942,False,1.0,21108731.736554716,21108731.73655472,21173319.409756605,21173319.409756605,0.0,0.0
2023-03-08,IC,front,2.1152462973618498,21152462.973618496,16.819706562991808,IC2303,0.0018162699550712258,0.0018162699550711588,0.0027435235637128788,-0.0009272536086417202,0.0,0.0027401619909934727,False,1.0,21045489.639877867,21045489.639877867,21140352.78489314,21140352.78489314,0.0,0.0
2023-03-09,IC,front,2.1119496348755034,21119496.34875503,16.819706562991808,IC2303,-0.001558524173028042,-0.0015585241730280191,-0.002476145038168037,0.0009176208651400181,0.0,-0.0024708324340795285,False,1.0,21004449.55586417,21004449.55586417,21123533.078330148,21123533.07833015,0.0,0.0
2023-03-10,IC,front,2.085325441654217,20853254.41654217,16.85514473164807,IC2304,-0.012606452721044992,-0.012407457233727612,-0.012925410145592313,0.0005179529118646998,0.00019899548731732963,-0.0128938346630183,True,1.0003523147508775,20820218.332868136,20827565.24200289,20886290.5002162,20893637.40935095,42026844.6781707,4202.684467817071
2023-03-13,IC,front,2.0994109503590717,20994109.503590718,16.84920850695046,IC2304,0.006754585362791721,0.006754620577186831,0.006479225536329993,0.0002753950408568375,3.5214395092721206e-08,0.006462634369611253,False,1.00000020463214,20772373.919639245,20772378.215708803,20949627.59313237,20949631.889201924,7343.347399931493,0.7343347399931494
2023-03-14,IC,front,2.083909680930895,20839096.80930895,16.84920505906157,IC2304,-0.007383627976945362,-0.007383627956516963,-0.008924558826272234,0.0015409308697552707,2.0428396982969065e-11,-0.008903122497998406,False,1.0000000003713405,20623426.98455296,20623426.992291365,20835053.000094775,20835053.00783318,4.288760032432748,0.0004288760032432748
2023-03-15,IC,front,2.093682219865198,20936822.19865198,16.849205052804777,IC2304,0.004689521347171599,0.0046895213472089615,0.005698576974126075,-0.0010090556269171135,3.7314207497971584e-14,0.005693605195980389,False,0.999999999998244,20880882.837876666,20880882.837839905,20920646.961801287,20920646.961764522,0.007775943824128717,7.775943824128717e-07
2023-03-16,IC,front,2.0670604758817315,20670604.758817315,16.849205052834364,IC2304,-0.012715274424587975,-0.012715274424587829,-0.013489457588917085,0.0007741831643292559,1.7502221824387853e-16,-0.01346423246966899,False,0.9999999999999942,20630840.634892628,20630840.63489251,20692171.74128494,20692171.741284825,3.6644090641857474e-05,3.6644090641857474e-09
2023-03-17,IC,front,2.0816855858675916,20816855.858675916,16.84920505283446,IC2304,0.007075317900228084,0.007075317900228136,0.0069041408542550005,0.0001711770459731358,5.733138688530919e-19,0.006896461878931781,False,1.0,20748111.10206035,20748111.10206035,20822921.572494935,20822921.572494935,1.1850744385810685e-07,1.1850744385810686e-11
2023-03-20,IC,front,2.0775743798347,20775743.798347,16.849205052834456,IC2304,-0.0019749409136530227,-0.0019749409136529633,-0.00369572959497522,0.0017207886813222569,2.1159076321994697e-20,-0.003692274848864141,False,0.9999999999999998,20727892.05599695,20727892.055996947,20766308.243517414,20766308.24351741,4.404654418976861e-09,4.404654418976861e-13
2023-03-21,IC,front,2.098130409999158,20981304.09999158,16.849205052834456,IC2304,0.009894245117757716,0.009894245117757737,0.012056380977097242,-0.0021621358593395057,0.0,0.012065872880599349,False,1.0,20825617.44530339,20825617.445303388,20972542.513364106,20972542.513364106,0.0,0.0
2023-03-22,IC,front,2.110935805839312,21109358.05839312,16.849205052834456,IC2304,0.0061032411422696775,0.006103241142269763,0.00563104301178881,0.0004721981304809527,0.0,0.005623384038956125,False,1.0,21021742.19211838,21021742.19211838,21095878.694350854,21095878.694350854,0.0,0.0
2023-03-23,IC,front,2.122595455735874,21225954.557358738,16.849205052834456,IC2304,0.005523450719964407,0.005523450719964299,0.005750135691708508,-0.0002266849717442091,0.0,0.005745054818860229,False,0.9999999999999998,21059484.41143673,21059484.41143673,21207757.415901676,21207757.415901672,0.0,0.0
2023-03-24,IC,front,2.1258978999262297,21258978.999262296,16.84920505283446,IC2304,0.0015558519083000988,0.0015558519083000225,0.0006890201308185917,0.0008668317774814308,2.1086018442460136e-20,0.0006882596229478288,False,1.0,21163275.514562193,21163275.514562193,21245499.63522003,21245499.63522003,4.475708692552871e-09,4.475708692552871e-13
2023-03-27,IC,front,2.1217192970731267,21217192.970731266,16.84920505283446,IC2304,-0.001965570808103223,-0.0019655708081033106,0.0002377706622705512,-0.002203341470373862,0.0,0.00023771414082185416,False,0.9999999999999998,21103292.344574105,21103292.3445741,21234716.143986214,21234716.14398621,0.0,0.0
2023-03-28,IC,front,2.1188886306242507,21188886.306242507,16.84920505283446,IC2304,-0.0013341380515230483,-0.0013341380515230832,-0.0050316063657444635,0.00369746831422138,0.0,-0.005019329488560764,False,0.9999999999999998,21132272.977264978,21132272.977264978,21180124.71961503,21180124.719615027,0.0,0.0
2023-03-29,IC,front,2.1099248535361426,21099248.535361428,16.849205052834463,IC2304,-0.0042304144533859,-0.004230414453385981,-0.0030805687203791297,-0.001149845733006851,2.113632023301043e-20,-0.003084434196613972,False,1.0,21061506.31604308,21061506.31604308,21121489.48603117,21121489.48603117,4.4785508634959115e-09,4.4785508634959116e-13
2023-03-30,IC,front,2.1240107889603124,21240107.889603123,16.849205052834463,IC2304,0.006676036542515806,0.00667603654251584,0.004093464511595239,0.0025825720309206016,0.0,0.004093889514499516,False,1.0,20983999.972800042,20983999.972800042,21196299.956465755,21196299.956465755,0.0,0.0
2023-03-31,IC,front,2.1388380894068066,21388380.894068066,16.849205052834463,IC2304,0.00698080279232105,0.006980802792321118,0.008510233222275017,-0.0015294304299538987,0.0,0.008533004145601764,False,1.0000000000000002,21218540.907135498,21218540.907135498,21368835.816206776,21368835.81620678,0.0,0.0
2023-04-03,IC,front,2.158720151369151,21587201.51369151,16.849205052834463,IC2304,0.00929573026626751,0.00929573026626753,0.011657475972900693,-0.002361745706633164,0.0,0.011670678347334817,False,1.0000000000000002,21408599.940131467,21408599.94013147,21612812.30537182,21612812.305371825,0.0,0.0
2023-04-04,IC,front,2.1617530082786613,21617530.082786612,16.84920505283446,IC2304,0.00140493287542931,0.0014049328754292853,-0.0007664689353732068,0.002171401810802492,2.1105097938721495e-20,-0.0007655356176751171,False,1.0,21506999.29764002,21506999.297640014,21579113.89526615,21579113.89526615,4.556000021693762e-09,4.556000021693763e-13
2023-04-06,IC,front,2.160539865514857,21605398.65514857,16.84920505283446,IC2304,-0.0005611847233047973,-0.0005611847233048114,0.0012392829306314462,-0.0018004676539362576,0.0,0.0012404624818613819,False,1.0,21536653.89853301,21536653.898533005,21595289.13211687,21595289.13211687,0.0,0.0
2023-04-07,IC,front,2.175906340523042,21759063.40523042,16.84920505283446,IC2304,0.00711233116012111,0.007112331160121091,0.007427394952740414,-0.0003150637926193227,0.0,0.007421086670250876,False,1.0,21606072.623350687,21606072.623350684,21773890.705676913,21773890.705676913,0.0,0.0
2023-04-10,IC,front,2.1635727224243673,21635727.22424367,16.84920505283446,IC2304,-0.0056682669970575805,-0.005668266997057513,-0.00835527334675543,0.002687006349697918,0.0,-0.008345618434303148,False,1.0,21584505.640883055,21584505.640883055,21624269.764807746,21624269.764807746,0.0,0.0
2023-04-11,IC,front,2.162089992379718,21620899.92379718,16.849205052834456,IC2304,-0.0006853155566630686,-0.0006853155566630795,0.0016136066288704246,-0.002298922185533504,2.1093887644660223e-20,0.001616093546233266,False,0.9999999999999998,21550807.230777387,21550807.230777383,21609442.464361254,21609442.46436125,4.5638159917871235e-09,4.563815991787124e-13
2023-04-12,IC,front,2.168897071221063,21688970.71221063,16.84920505283446,IC2304,0.003148379052368977,0.003148379052369049,0.0035162094763091472,-0.0003678304239400986,2.1065630719696442e-20,0.003513537085259255,False,1.0,21600680.87773378,21600680.877733774,21684926.90299795,21684926.90299795,4.554578936222242e-09,4.554578936222243e-13
2023-04-13,IC,front,2.1593941195712643,21593941.195712645,16.84920505283446,IC2304,-0.004381467325440425,-0.004381467325440449,-0.006026848140206949,0.0016453808147665,0.0,-0.006020076232571392,False,0.9999999999999998,21574396.117851354,21574396.117851354,21609442.464361254,21609442.46436125,0.0,0.0
2023-04-14,IC,front,2.1625974500729113,21625974.500729114,16.896138771644583,IC2305,0.0014834394854621458,0.0016840022395404356,0.004127648586898699,-0.002443646347358263,0.0002005627540782935,0.004125127836806186,True,1.001456404970969,21534735.351362232,21566231.528127145,21638815.566195562,21670311.742960475,43309403.17616846,4330.940317616846
2023-04-17,IC,front,2.1722440351317394,21722440.351317395,16.871566937688495,IC2305,0.004460647569201059,0.004460793041537711,0.004393518096308024,6.72749452296869e-05,1.454723367476367e-07,0.004380297524362309,False,1.0000018189620807,21578019.73833078,21578059.250626076,21719740.900607362,21719780.41290266,31459.810450658697,3.14598104506587
2023-04-18,IC,front,2.1675874904864068,21675874.904864065,16.871536249003817,IC2305,-0.0021436563157833932,-0.002143656133898505,-0.001458621079707037,-0.0006850350541914679,1.8188490594406643e-10,-0.0014537313987402767,False,1.0000000002955396,21593541.807968922,21593541.814375006,21681948.657913707,21681948.664319787,39.50984020174957,0.0039509840201749575
2023-04-19,IC,front,2.159016750073863,21590167.50073863,16.871536244017612,IC2305,-0.003954045892108571,-0.003954045892079042,-0.005118465705886219,0.001164419813807177,2.9530025438141024e-14,-0.005097792971929582,False,1.0000000000002698,21528755.108810402,21528755.108816233,21590842.36218839,21590842.362194218,0.006400891373345985,6.400891373345986e-07
2023-04-20,IC,front,2.155844901259988,21558449.01259988,16.871536244013058,IC2305,-0.0014691172793198648,-0.0014691172793198407,-0.0008142660665169792,-0.0006548512128028615,2.698888791689986e-17,-0.0008119096707636109,False,1.0000000000000002,21482189.668776944,21482189.668776944,21541577.47635587,21541577.476355873,5.826946107845288e-06,5.826946107845288e-10
2023-04-21,IC,front,2.1057701816877574,21057701.816877574,16.871536244013054,IC2305,-0.023227422131789077,-0.023227422131788952,-0.02523399593050559,0.0020065737987166386,2.104227924529952e-20,-0.025144422124346533,False,1.0,21052302.92527949,21052302.92527949,21111015.871408653,21111015.871408653,4.536389042186784e-09,4.5363890421867837e-13
2023-04-24,IC,front,2.0934202171571394,20934202.171571396,16.871536244013054,IC2305,-0.005864820690318351,-0.005864820690318297,-0.006691664263051665,0.0008268435727333668,0.0,-0.006681022759633559,False,1.0000000000000002,20853893.659049895,20853893.659049895,20909232.29793026,20909232.29793026,0.0,0.0
2023-04-25,IC,front,2.061229326003563,20612293.260035627,16.871536244013054,IC2305,-0.015377176015473948,-0.01537717601547383,-0.01460831721470021,-0.0007688588007736192,0.0,-0.014597070600021245,False,1.0000000000000002,20372042.58392088,20372042.58392088,20600145.753939938,20600145.75393994,0.0,0.0
2023-04-26,IC,front,2.0689902326758087,20689902.326758087,16.871536244013054,IC2305,0.0037651835117702426,0.003765183511770291,0.003928887142716826,-0.0001637036309465343,0.0,0.003922754427400532,False,1.0000000000000002,20566402.68145191,20566402.681451913,20713522.477499705,20713522.47749971,0.0,0.0
2023-04-27,IC,front,2.082419975526043,20824199.755260427,16.871536244013054,IC2305,0.006490964837888802,0.0064909648378888496,0.0025751842912127283,0.003915780546676122,0.0,0.0025707610527259117,False,1.0000000000000002,20654134.66992078,20654134.669920783,20793830.990021203,20793830.99002121,0.0,0.0
2023-04-28,IC,front,2.1104942118360808,21104942.118360806,16.87153624401305,IC2305,0.01348154389603673,0.013481543896036676,0.013497747674757784,-1.620377872110784e-05,2.1058122758879544e-20,0.01352725099627472,False,1.0,20824874.61671019,20824874.61671019,21055002.37107853,21055002.37107853,4.385185548017034e-09,4.3851855480170344e-13
2023-05-04,IC,front,2.1111690732858412,21111690.732858412,16.87153624401305,IC2305,0.0003197646532151488,0.0003197646532152334,0.003381511207751182,-0.0030617465545359486,0.0,0.0033887496715396814,False,1.0,21008436.931045048,21008436.93104505,21092119.750815358,21092119.750815354,0.0,0.0
2023-05-05,IC,front,2.0908557436480493,20908557.436480492,16.87153624401305,IC2305,-0.009621839337659588,-0.009621839337659548,-0.009879167599015503,0.000257328261355956,0.0,-0.00987003364530159,False,1.0,20800579.60451881,20800579.60451881,20886961.870088156,20886961.870088156,0.0,0.0
2023-05-08,IC,front,2.1019909575690976,21019909.575690977,16.87153624401305,IC2305,0.0053256729714026285,0.00532567297140275,0.007746433412949455,-0.0024207604415467047,0.0,0.0077412113060391086,False,1.0,20890336.17733696,20890336.177336957,21046229.172231637,21046229.172231637,0.0,0.0
2023-05-09,IC,front,2.0838371845705397,20838371.845705397,16.87153624401305,IC2305,-0.008636465791247883,-0.008636465791247838,-0.01069123832150775,0.0020547725302599113,0.0,-0.010658421593386036,False,1.0000000000000002,20819475.725112103,20819475.725112103,20888986.45443744,20888986.45443744,0.0,0.0
2023-05-10,IC,front,2.081002766481545,20810027.664815452,16.87153624401305,IC2305,-0.001360191722261983,-0.0013601917222618928,-0.0013229483774854533,-3.724334477643962e-05,0.0,-0.0013215830526788208,False,1.0000000000000002,20720271.091997307,20720271.091997307,20787757.236973356,20787757.23697336,0.0,0.0
2023-05-11,IC,front,2.074321638128916,20743216.381289158,16.871536244013047,IC2305,-0.003210533143079619,-0.0032105331430795467,-0.003135944999351431,-7.458814372811577e-05,2.1152361346814466e-20,-0.003132587494594108,False,1.0000000000000002,20724995.122145627,20724995.122145627,20758738.19463365,20758738.194633655,4.401812248033821e-09,4.401812248033821e-13
2023-05-12,IC,front,2.0529200969262114,20529200.969262112,16.931026462902118,IC2306,-0.01031736872880007,-0.01011757079571672,-0.010246079294228818,0.00012850849851209865,0.00019979793308334587,-0.010207215243554835,True,1.0001982874975581,20516333.389150307,20520404.073037367,20561708.540070884,20565779.223957945,41444517.584821746,4144.451758482175
2023-05-15,IC,front,2.077363745828765,20773637.458287653,16.92766991759467,IC2306,0.011906770720961246,0.01190679055625102,0.011171311852488257,0.0007354787037627629,1.983528979661584e-08,0.011120139863583844,False,0.9999999549710312,20391749.224946715,20391748.289531246,20736396.584468946,20736395.649053473,4072.026505182808,0.4072026505182808
2023-05-16,IC,front,2.063347634569694,20633476.345696937,16.927670679830225,IC2306,-0.006747066462103768,-0.006747066457604398,-0.007913950454708935,0.0011668839971045372,4.499374403932312e-12,-0.007883897593755296,False,0.999999999969066,20563057.235668845,20563057.235030565,20609777.606745176,20609777.606106896,0.9346837265638896,9.346837265638896e-05
2023-05-17,IC,front,2.062670527742301,20626705.277423013,16.92767068035387,IC2306,-0.0003281593542687755,-0.000328159354265632,0.0018409739770284773,-0.0021691333312941095,3.1017510758431193e-15,0.0018360844598852566,False,1.0000000000000866,20554931.953738313,20554931.953740094,20611808.9272243,20611808.927226085,0.0006399990745364903,6.399990745364903e-08
2023-05-18,IC,front,2.065649797782043,20656497.977820434,16.927670680352406,IC2306,0.0014443751436168384,0.0014443751436168325,0.0010061385943605382,0.0004382365492562943,8.657398161726116e-18,0.0010012985846243883,False,1.0,20557640.381047178,20557640.381047178,20628059.49107744,20628059.491077445,1.7857360035122838e-06,1.7857360035122838e-10
2023-05-19,IC,front,2.0681550930427357,20681550.930427358,16.927670680352406,IC2306,0.0012128363982037982,0.0012128363982037806,-0.0018192545973055962,0.003032090995509377,0.0,-0.001811304498236077,False,1.0,20517691.078241542,20517691.078241546,20672071.43484636,20672071.43484636,0.0,0.0
2023-05-22,IC,front,2.06307679183863,20630767.9183863,16.927670680352406,IC2306,-0.0024554740701938638,-0.0024554740701938187,-0.0002881089575694437,-0.0021673651126243748,0.0,-0.000287718977028284,False,1.0,20531233.214785825,20531233.214785825,20638216.093485653,20638216.093485657,0.0,0.0
2023-05-23,IC,front,2.041612505415943,20416125.05415943,16.927670680352406,IC2306,-0.010404017197807702,-0.010404017197807699,-0.010320325576815685,-8.36916209920133e-05,0.0,-0.010284008032286018,False,1.0,20415447.947332215,20415447.94733222,20487898.377844125,20487898.37784413,0.0,0.0
2023-05-24,IC,front,2.0288828970643182,20288828.97064318,16.927670680352406,IC2306,-0.006235075616874419,-0.006235075616874412,-0.007734146988591194,0.0014990713717167813,0.0,-0.007705995773598429,False,1.0,20237368.85177491,20237368.851774912,20342997.516820308,20342997.51682031,0.0,0.0
2023-05-25,IC,front,2.0200127976278135,20200127.976278134,16.927670680352406,IC2306,-0.0043719129622213915,-0.004371912962221302,-0.0029368575624082838,-0.0014350553998130184,0.0,-0.002930505395626559,False,1.0000000000000002,19988193.53936012,19988193.539360125,20129708.866247866,20129708.86624787,0.0,0.0
2023-05-26,IC,front,2.0389717887898082,20389717.88789808,16.927670680352406,IC2306,0.00938557972714782,0.00938557972714779,0.007841987061307943,0.0015435926658398478,0.0,0.007813713325729443,False,1.0000000000000002,20099916.165850446,20099916.16585045,20380915.499144297,20380915.499144297,0.0,0.0
2023-05-29,IC,front,2.03666962557728,20366696.2557728,16.927670680352406,IC2306,-0.0011290804635872842,-0.0011290804635871853,-0.0016305250224155198,0.0005014445588283345,0.0,-0.0016271802060652263,False,1.0000000000000002,20270547.086308397,20270547.0863084,20340289.08951145,20340289.089511454,0.0,0.0
2023-05-30,IC,front,2.0474356241299843,20474356.24129984,16.927670680352406,IC2306,0.005286079989361481,0.005286079989361381,0.006009175836962757,-0.0007230958476013763,0.0,0.00599984066813164,False,1.0000000000000002,20150699.177891504,20150699.177891508,20436438.25897585,20436438.258975852,0.0,0.0
2023-05-31,IC,front,2.0426958763394856,20426958.763394855,16.927670680352406,IC2306,-0.002314967921158817,-0.0023149679211588066,-0.002233944043918285,-8.102387724052175e-05,0.0,-0.002228891114297138,False,1.0000000000000002,20286797.650161535,20286797.65016154,20403937.131269574,20403937.131269578,0.0,0.0
2023-06-01,IC,front,2.04723249208182,20472324.9208182,16.927670680352406,IC2306,0.0022208963139749294,0.0022208963139750126,0.0006066030230707792,0.0016142932909042336,0.0,0.0006051787426832878,False,1.0000000000000002,20324715.632485524,20324715.632485528,20473002.027645413,20473002.027645417,0.0,0.0
2023-06-02,IC,front,2.063957030714008,20639570.30714008,16.927670680352406,IC2306,0.008169340168678652,0.008169340168678626,0.008890358855630928,-0.0007210186869523032,0.0,0.008883806552468343,False,1.0000000000000002,20532587.428440254,20532587.428440258,20653112.443684362,20653112.443684366,0.0,0.0
2023-06-05,IC,front,2.0584047547308524,20584047.547308523,16.927670680352403,IC2306,-0.002690112197362371,-0.002690112197362318,-0.0013302932878421008,-0.0013598189095202172,2.0981414307183603e-20,-0.0013283714591776352,False,1.0,20533264.535267465,20533264.535267465,20594204.149716735,20594204.149716735,4.330473757363507e-09,4.330473757363507e-13
2023-06-06,IC,front,2.0184554519252207,20184554.519252207,16.927670680352403,IC2306,-0.019407894736842124,-0.019407894736842103,-0.01869901315789467,-0.0007088815789474334,0.0,-0.0186465390980316,False,1.0,20166949.74174464,20166949.74174464,20252265.201973617,20252265.201973613,0.0,0.0
2023-06-07,IC,front,2.0215024326476843,20215024.326476842,16.927670680352403,IC2306,0.0015095605501509457,0.001509560550150956,0.000602146930560239,0.000907413619590717,0.0,0.0005999913093182041,False,0.9999999999999998,20175752.13049842,20175752.13049842,20218409.860612914,20218409.86061291,0.0,0.0
2023-06-08,IC,front,2.017507502367121,20175075.02367121,16.927670680352406,IC2306,-0.0019762183888796248,-0.001976218388879615,-0.003493552168816041,0.0015173337799364258,2.096652148599062e-20,-0.0034842099812761873,False,1.0000000000000002,20024080.201202467,20024080.20120247,20167626.848571856,20167626.84857186,4.238387418808998e-09,4.238387418808998e-13
2023-06-09,IC,front,2.0340814723218874,20340814.723218873,16.982386383561625,IC2307,0.008215072278700442,0.008415230300047052,0.007310064668703461,0.0011051656313435915,0.00020015802134650305,0.007279401288938558,True,1.0003677650903593,20165556.495740518,20173037.13730518,20337418.24594216,20344898.887506828,40382030.97255282,4038.2030972552825
2023-06-12,IC,front,2.03543791583019,20354379.158301897,16.97614315074184,IC2307,0.0006668580028674764,0.0006668947020299573,0.003025594568469393,-0.002358699866439436,3.6699162346917235e-08,0.003016849763211482,False,1.000000809626147,20283079.357068785,20283095.83650635,20418888.502274718,20418904.981712285,7464.908617959738,0.7464908617959738
2023-06-13,IC,front,2.0444013099030593,20444013.099030595,16.9761294064236,IC2307,0.004403668617528833,0.00440366869838881,0.00272393512559129,0.00167973357279752,8.085997651967718e-11,0.0027091548863498183,False,1.000000001102387,20328575.419066913,20328575.44160413,20450124.505616907,20450124.528154124,16.45854620812898,0.001645854620812898
2023-06-14,IC,front,2.0450803550846297,20450803.550846297,16.97612938770933,IC2307,0.00033214867270969783,0.00033214867282029177,6.642973834273251e-06,0.0003255056989860185,1.105462897955273e-13,6.618089887000522e-06,False,0.9999999999970357,20410060.840315793,20410060.840255175,20460310.183303416,20460310.183242794,0.022600097966289923,2.260009796628992e-06
2023-06-15,IC,front,2.063346670305844,20633466.70305844,16.976129387759652,IC2307,0.008931832519831984,0.00893183251983214,0.008754191984590844,0.00017764053524129504,2.971384500491929e-16,0.008724239255602173,False,1.0000000000000073,20473212.041637987,20473212.04163814,20632787.65788293,20632787.65788308,6.0767200693589984e-05,6.076720069358999e-09
2023-06-16,IC,front,2.082563648772788,20825636.48772788,16.976129387759528,IC2307,0.00931349963799133,0.009313499637991244,0.008424932534719905,0.0008885671032713377,7.328070282408572e-19,0.008397834277269478,False,1.0,20636182.883760482,20636182.883760482,20818846.035972778,20818846.035972778,1.5120349416974932e-07,1.5120349416974932e-11
2023-06-19,IC,front,2.074415106666663,20744151.066666633,16.976129387759528,IC2307,-0.003912745769343751,-0.003912745769343637,-0.0027112067560077125,-0.0012015390133359241,0.0,-0.002704940297754921,False,1.0,20728533.027629893,20728533.027629893,20763164.331580922,20763164.331580922,0.0,0.0
2023-06-20,IC,front,2.073192825350745,20731928.253507446,16.976129387759528,IC2307,-0.0005892173229892217,-0.0005892173229893555,-0.0008625486922649575,0.00027333136927560204,0.0,-0.0008595128665978002,False,1.0,20673530.368413553,20673530.368413553,20743472.021491125,20743472.021491125,0.0,0.0
2023-06-21,IC,front,2.0300734567058356,20300734.567058355,16.976129387759528,IC2307,-0.020798532638957146,-0.02079853263895713,-0.0221512561003569,0.001352723461399774,0.0,-0.022079264002768384,False,1.0,20283079.392495085,20283079.392495085,20368639.084609393,20368639.084609393,0.0,0.0
2023-06-26,IC,front,1.9997880418780725,19997880.418780725,16.976129387759528,IC2307,-0.014918383730264884,-0.014918383730264889,-0.017363526893229966,0.002445143162965076,0.0,-0.01732976121919272,False,1.0,19942198.714388877,19942198.714388873,19979546.199041948,19979546.199041948,0.0,0.0
2023-06-27,IC,front,2.010992287273994,20109922.872739937,16.976129387759528,IC2307,0.005602716468590785,0.005602716468590833,0.010351443123938923,-0.004748726655348092,0.0,0.010356665415328425,False,1.0,19974113.83763786,19974113.83763786,20120108.550372593,20120108.550372593,0.0,0.0
2023-06-28,IC,front,2.0139121815286884,20139121.815286886,16.976129387759528,IC2307,0.0014519669086612286,0.001451966908661213,-0.0009606618267769037,0.0024126287354381167,0.0,-0.0009566240753193789,False,1.0,19815217.266568433,19815217.266568433,20103132.420984834,20103132.420984834,0.0,0.0
2023-06-29,IC,front,2.012146664072361,20121466.640723612,16.97612938775953,IC2307,-0.0008766605974781516,-0.0008766605974780377,-0.0002916582372379242,-0.0005850023602401134,2.0904415535055553e-20,-0.0002911325730230452,False,1.0000000000000002,20043376.44553992,20043376.44553992,20132331.36353178,20132331.363531783,4.209965709378594e-09,4.2099657093785936e-13
2023-06-30,IC,front,2.034690963899306,20346909.638993062,16.976129387759528,IC2307,0.011204103671706322,0.011204103671706357,0.009812027537796916,0.001392076133909442,2.0897332569043314e-20,0.009788606499701924,False,1.0,20080044.88501748,20080044.88501748,20340119.18723796,20340119.18723796,4.204849801681121e-09,4.204849801681121e-13
2023-07-03,IC,front,2.044061787321349,20440617.873213492,16.97612938775953,IC2307,0.004605526631958234,0.004605526631958259,0.007272059805099593,-0.002666533173141334,2.0951448023815303e-20,0.0072648710643754555,False,1.0000000000000002,20322464.01267469,20322464.012674693,20449445.46049513,20449445.460495133,4.262972197466297e-09,4.262972197466297e-13
2023-07-04,IC,front,2.0498336713131873,20498336.713131875,16.976129387759528,IC2307,0.0028237326423492526,0.002823732642349346,0.0021510198657896185,0.0006727127765597272,2.0927006240004953e-20,0.0021432200598776596,False,1.0,20421604.608299203,20421604.608299203,20481360.583744116,20481360.583744116,4.277609377822955e-09,4.2776093778229555e-13
2023-07-05,IC,front,2.039580089162981,20395800.891629808,16.976129387759528,IC2307,-0.005002153244774266,-0.00500215324477421,-0.005704442309603556,0.0007022890648293455,0.0,-0.005687617046997273,False,1.0,20347588.68416857,20347588.68416857,20397158.98198083,20397158.98198083,0.0,0.0
2023-07-06,IC,front,2.02579547210012,20257954.7210012,16.976129387759528,IC2307,-0.006758556398987925,-0.0067585563989877905,-0.005371887068850633,-0.0013866693301371575,0.0,-0.005359735052700376,False,1.0000000000000002,20243694.77231548,20243694.772315484,20270856.579335894,20270856.5793359,0.0,0.0
2023-07-07,IC,front,2.020498919731139,20204989.19731139,16.976129387759528,IC2307,-0.002614554352562637,-0.0026145543525626595,-0.004515134247310111,0.0019005798947474516,0.0,-0.004498584799325411,False,1.0,20099737.195107277,20099737.19510728,20204989.19731139,20204989.19731139,0.0,0.0
2023-07-10,IC,front,2.0263387082405284,20263387.082405284,16.976129387759528,IC2307,0.002890270542766027,0.0028902705427658907,0.0038094437909595154,-0.0009191732481936243,0.0,0.003802664045450932,False,1.0,20172395.028886892,20172395.028886892,20253880.44994814,20253880.449948136,0.0,0.0
2023-07-11,IC,front,2.0437901692511455,20437901.692511454,16.976129387759528,IC2307,0.00861231191984202,0.008612311919841919,0.007531584062196276,0.0010807278576456432,0.0,0.007511346394219576,False,1.0,20257954.7210012,20257954.721001204,20430432.195580836,20430432.195580836,0.0,0.0
2023-07-12,IC,front,2.0231471959156297,20231471.959156297,16.97612938775953,IC2307,-0.0101003388929497,-0.010100338892949728,-0.011037278224466675,0.000936939331516947,2.0946475070497036e-20,-0.01101964927528054,False,1.0000000000000002,20217212.01047058,20217212.010470584,20266782.308282837,20266782.308282837,4.281019982954604e-09,4.2810199829546036e-13
2023-07-13,IC,front,2.0545190830242093,20545190.830242094,16.97612938775953,IC2307,0.015506477814325015,0.015506477814324973,0.013638652077599591,0.001867825736725382,0.0,0.013629525775685547,False,1.0,20320426.877148155,20320426.87714816,20524140.429801274,20524140.429801274,0.0,0.0
2023-07-14,IC,front,2.0465475483869775,20465475.483869776,17.014368979596274,IC2308,-0.003880000289653074,-0.0036797123711327633,-0.0022459222487780897,-0.0014337901223546736,0.0002002879185204063,-0.002240216013739138,True,1.000636145492078,20451863.988686096,20464883.008658398,20481128.703331005,20494147.723303307,41149535.069937274,4114.953506993727
2023-07-17,IC,front,2.0396723156878447,20396723.156878445,17.003552246485356,IC2308,-0.00335942974037029,-0.003359366402773723,-0.0029646556902526,-0.00039471071252112326,6.333759653430033e-08,-0.0029566272891891066,False,1.0000028424132192,20272257.15443417,20272315.1303497,20361355.768205754,20361413.744121283,12962.340290799586,1.2962340290799588
2023-07-18,IC,front,2.0356594939831654,20356594.93983165,17.003503915501057,IC2308,-0.0019673854833520688,-0.001967385198826381,-0.0018156641849444678,-0.00015172101388191326,2.845256674842372e-10,-0.0018111693767680626,False,0.9999999974360256,20273617.840724006,20273617.78853022,20374958.72406039,20374958.671866603,58.03391270702036,0.005803391270702037
2023-07-19,IC,front,2.0336870875270505,20336870.875270505,17.003503959097603,IC2308,-0.0009689274959513439,-0.0009689274956952037,-0.001401603740599989,0.00043267624490478526,2.562175300153712e-13,-0.0013979139591456802,False,0.9999999999984556,20234169.711357556,20234169.71132615,20323948.21226159,20323948.212230183,0.052157164750070706,5.215716475007071e-06
2023-07-20,IC,front,2.0127387706494035,20127387.706494037,17.00350395912386,IC2308,-0.010300658840844412,-0.0103006588408444,-0.011359151867831442,0.0010584930269870417,1.5473233508799973e-16,-0.01133411530330819,False,1.000000000000003,20100182.100159436,20100182.1001595,20171596.81678776,20171596.81678782,3.146771518913738e-05,3.146771518913738e-09
2023-07-21,IC,front,2.015051247187844,20150512.471878443,17.00350395912381,IC2308,0.0011489203527859093,0.0011489203527860039,2.534383131154535e-05,0.0011235765214744585,2.919922426953962e-19,2.531440490916026e-05,False,1.0000000000000002,20088619.71746723,20088619.717467234,20163435.13488738,20163435.13488738,5.8770410760189407e-08,5.877041076018941e-12
2023-07-24,IC,front,2.011990616475202,20119906.16475202,17.003503959123808,IC2308,-0.0015188848010260214,-0.0015188848010260915,-0.0015053836027947608,-1.3501198231330661e-05,2.083617988111166e-20,-0.001505325172175831,False,1.0,20053932.56939062,20053932.56939062,20123306.865543846,20123306.865543846,4.198597025606432e-09,4.198597025606432e-13
2023-07-25,IC,front,2.0470858486468337,20470858.486468337,17.003503959123808,IC2308,0.01744303968629568,0.017443039686295844,0.016888648502467726,0.000554391183828117,0.0,0.0168877636389142,False,1.0,20338231.155587174,20338231.15558717,20455215.262825944,20455215.262825944,0.0,0.0
2023-07-26,IC,front,2.0421208254907692,20421208.254907694,17.00350395912381,IC2308,-0.0024254103262676407,-0.002425410326267586,-0.002506811083792967,8.140075752538088e-05,2.087943099951886e-20,-0.002508048525503459,False,1.0000000000000002,20354554.51938793,20354554.51938793,20401484.19031511,20401484.190315112,4.274198772691307e-09,4.274198772691307e-13
2023-07-27,IC,front,2.0281779522442878,20281779.522442877,17.003503959123808,IC2308,-0.006827643630308189,-0.006827643630308077,-0.006721065778517847,-0.0001065778517902297,2.08974886192132e-20,-0.006724940598579643,False,1.0000000000000002,20234169.711357333,20234169.711357333,20274297.98070086,20274297.980700865,4.267519670975162e-09,4.267519670975162e-13
2023-07-28,IC,front,2.058172133228182,20581721.33228182,17.003503959123808,IC2308,0.014788732394366066,0.014788732394366167,0.013759221998658535,0.0010295103957076329,0.0,0.013765730945886512,False,1.0000000000000002,20188600.32074688,20188600.320746884,20583081.612598553,20583081.612598553,0.0,0.0
2023-07-31,IC,front,2.0725230905696823,20725230.905696824,17.003503959123808,IC2308,0.006972671094808369,0.00697267109480847,0.00743531277882423,-0.00046264168401575974,0.0,0.007446336733275549,False,1.0000000000000002,20643614.08669303,20643614.086693034,20734752.867913935,20734752.86791394,0.0,0.0
2023-08-01,IC,front,2.0740874129339217,20740874.12933922,17.003503959123805,IC2308,0.0007547912838015147,0.0007547912838015825,0.0017458650564453149,-0.0009910737726437325,2.091320819468034e-20,0.0017476314994153697,False,1.0,20715708.943479717,20715708.943479713,20753796.792348154,20753796.79234815,4.334310688136611e-09,4.334310688136611e-13
2023-08-02,IC,front,2.0661977870968884,20661977.870968886,17.003503959123805,IC2308,-0.0038039022790620214,-0.003803902279062112,-0.0035120511559272134,-0.0002918511231348986,0.0,-0.0035121202581457345,False,0.9999999999999998,20596004.27560748,20596004.27560748,20644294.226851396,20644294.226851396,0.0,0.0
2023-08-03,IC,front,2.0721150064746636,20721150.064746637,17.003503959123808,IC2308,0.002863820402251527,0.0028638204022514964,0.003494190065505706,-0.0006303696632542096,2.0853430279311404e-20,0.0034932356609505,False,1.0,20553835.585788857,20553835.58578886,20694624.598570403,20694624.598570403,4.3087311496492475e-09,4.3087311496492476e-13
2023-08-04,IC,front,2.0834733471193587,20834733.471193586,17.003503959123808,IC2308,0.0054815203833782356,0.005481520383378282,0.004902186043458413,0.0005793343399198695,0.0,0.0048977731283277315,False,1.0,20744274.830131046,20744274.830131046,20853097.255469438,20853097.25546944,0.0,0.0
2023-08-07,IC,front,2.0759237913615074,20759237.913615074,17.003503959123808,IC2308,-0.0036235432376849896,-0.003623543237684968,-0.0061747135442171575,0.0025511703065321896,0.0,-0.006172738783662202,False,1.0,20698705.439520594,20698705.439520597,20739513.849022493,20739513.849022493,0.0,0.0
2023-08-08,IC,front,2.0666738852077438,20666738.85207744,17.003503959123808,IC2308,-0.0044558023720595585,-0.004455802372059469,-0.0040347945744052165,-0.0004210077976542527,0.0,-0.004043850244551783,False,1.0000000000000002,20576960.35117327,20576960.35117327,20670819.693027627,20670819.69302763,0.0,0.0
2023-08-09,IC,front,2.052662997945426,20526629.97945426,17.003503959123808,IC2308,-0.006779437899032348,-0.006779437899032421,-0.007297768709274069,0.0005183308102416486,0.0,-0.007311122467483333,False,1.0000000000000002,20489902.410902552,20489902.410902556,20518468.297553882,20518468.297553886,0.0,0.0
2023-08-10,IC,front,2.050758605502004,20507586.05502004,17.003503959123808,IC2308,-0.0009277667329357087,-0.0009277667329357795,0.0016500994035785349,-0.0025778661365143144,0.0,0.0016540042346493422,False,1.0,20419167.834432594,20419167.8344326,20509626.475495137,20509626.475495137,0.0,0.0
2023-08-11,IC,front,2.005049716712534,20050497.16712534,16.978727360428568,IC2309,-0.02228877092937087,-0.022088631799439144,-0.0195990234456894,-0.002489608353749746,0.00020013912993172654,-0.01962295932662539,True,1.0010849765066663,20048459.719842084,20070214.0382154,20126561.86570006,20148316.18407337,41043704.30051719,4104.370430051719
2023-08-14,IC,front,2.0073369677753985,20073369.677753985,16.96032580538432,IC2309,0.001140745311101199,0.001140852854280752,0.0005746873960614156,0.0005661654582193364,1.0754317970831214e-07,0.000583425638597479,False,1.000009641254547,19815572.725512143,19815766.257978823,20055730.938916385,20055924.471383065,21562.942200851638,2.156294220085164
2023-08-15,IC,front,1.9971609247114945,19971609.247114945,16.96016228814254,IC2309,-0.00506942443011027,-0.005069423463182569,-0.0062556982942097465,0.0011862748310271782,9.669276713641201e-10,-0.006256760411033069,False,0.9999999728069077,19797937.185284365,19797936.642194554,19938367.329030186,19938366.78594037,194.094965989418,0.0194094965989418
2023-08-16,IC,front,1.982100300367301,19821003.00367301,16.960162749341812,IC2309,-0.007541016929504152,-0.007541016926793933,-0.007907877207794048,0.00036686028100011504,2.7101645014319983e-12,-0.007918663623468825,False,0.9999999999105887,19816932.56461317,19816932.562840946,19849496.077091906,19849496.075319685,0.5412634641800196,5.412634641800196e-05
2023-08-17,IC,front,1.9951935460115042,19951935.46011504,16.96016275085824,IC2309,0.006605743231952843,0.006605743231961791,0.007040421672685937,-0.00043467844072414595,8.912972467620802e-15,0.007052708452621292,False,0.9999999999997291,19643260.49804942,19643260.498044014,19958041.11870535,19958041.118699946,0.0017666405405236674,1.7666405405236674e-07
2023-08-18,IC,front,1.9629692367848641,19629692.367848642,16.960162750862835,IC2309,-0.016150969058143727,-0.01615096905814367,-0.016416184971098213,0.0002652159129545409,2.7103411268047314e-17,-0.016437535322996855,False,1.0000000000000002,19618159.45717806,19618159.45717806,19696854.61234206,19696854.612342063,5.407655123690347e-06,5.407655123690348e-10
2023-08-21,IC,front,1.9384787617726185,19384787.617726184,16.960162750862832,IC2309,-0.012476239847935,-0.012476239847934997,-0.011581130119232839,-0.0008951097287021576,2.0901794569604837e-20,-0.011599570770881695,False,1.0,19334585.53598363,19334585.53598363,19454663.488259736,19454663.488259736,4.1029579733731225e-09,4.1029579733731225e-13
2023-08-22,IC,front,1.9440416951549013,19440416.951549012,16.960162750862835,IC2309,0.002869741723244834,0.0028697417232448437,0.005298523132918152,-0.0024287814096733084,2.1050036262412984e-20,0.005302252932174012,False,1.0000000000000002,19173124.786595415,19173124.786595415,19432276.0734286,19432276.0734286,4.080504822923103e-09,4.0805048229231037e-13
2023-08-23,IC,front,1.912292270485286,19122922.70485286,16.960162750862832,IC2309,-0.01633165829145722,-0.016331658291457194,-0.0194653824678951,0.0031337241764379073,2.0918163408929254e-20,-0.019431951590821228,False,1.0,19069328.590560135,19069328.590560135,19146666.93270407,19146666.93270407,4.066578185302205e-09,4.0665781853022053e-13
2023-08-24,IC,front,1.9165662314985032,19165662.314985033,16.960162750862832,IC2309,0.002234993614303793,0.0022349936143038623,0.0041099049240811815,-0.0018749113097773196,0.0,0.004115818456346121,False,1.0,19089680.785861168,19089680.78586117,19204331.486057002,19204331.486057002,0.0,0.0
2023-08-25,IC,front,1.8953999483854267,18953999.483854268,16.960162750862832,IC2309,-0.0110438568546245,-0.011043856854624553,-0.012647339917171083,0.00160348306254653,0.0,-0.012641813514675415,False,1.0,18849524.88130895,18849524.88130895,18935004.1015733,18935004.1015733,0.0,0.0
2023-08-28,IC,front,1.9155486217334516,19155486.217334516,16.960162750862832,IC2309,0.010630301728766112,0.01063030172876618,0.01126203514800105,-0.0006317334192348714,0.0,0.011275332768342361,False,1.0,19071363.810090236,19071363.810090236,19166340.72149507,19166340.72149507,0.0,0.0
2023-08-29,IC,front,1.9576098253555916,19576098.253555916,16.960162750862832,IC2309,0.021957784388723756,0.021957784388723613,0.022343816404589777,-0.0003860320158661623,0.0,0.022355930221433118,False,1.0,19124279.51787293,19124279.51787293,19588309.57073654,19588309.57073654,0.0,0.0
2023-08-30,IC,front,1.9574063034025815,19574063.034025814,16.960162750862832,IC2309,-0.00010396451344596436,-0.00010396451344598261,0.0008369143332409081,-0.0009408788466868907,0.0,0.0008370419664767148,False,1.0,19527252.984833434,19527252.98483343,19621551.48972823,19621551.48972823,0.0,0.0
2023-08-31,IC,front,1.9478407716110944,19478407.716110945,16.960162750862835,IC2309,-0.004886840189928465,-0.004886840189928384,-0.0061951963400686235,0.00130835615014024,2.0945225210570718e-20,-0.00619031540306314,False,1.0000000000000002,19432276.0734286,19432276.0734286,19483156.56168119,19483156.561681192,4.099831585335778e-09,4.0998315853357783e-13
2023-09-01,IC,front,1.950757919604243,19507579.19604243,16.960162750862832,IC2309,0.0014976316522707922,0.0014976316522708913,0.0019852326553358433,-0.0004876010030649521,2.1007227933270964e-20,0.001986270341847618,False,1.0,19452628.268729635,19452628.268729635,19506222.38302236,19506222.38302236,4.091873506695265e-09,4.091873506695265e-13
2023-09-04,IC,front,1.9788439491196719,19788439.491196718,16.960162750862832,IC2309,0.014397496087636963,0.014397496087636965,0.01373326378021206,0.0006642323074249025,0.0,0.01373374139250183,False,1.0,19542177.928054187,19542177.92805419,19759946.417775266,19759946.41777527,0.0,0.0
2023-09-05,IC,front,1.9631049180868707,19631049.180868708,16.960162750862832,IC2309,-0.00795364942233212,-0.007953649422332022,-0.007040008227913146,-0.0009136411944188765,0.0,-0.00704486275639904,False,1.0000000000000002,19591023.196776673,19591023.196776677,19620194.676708154,19620194.676708158,0.0,0.0
2023-09-06,IC,front,1.96269787418085,19626978.7418085,16.96016275086283,IC2309,-0.00020734699519653343,-0.00020734699519643027,0.00028855790164842036,-0.0004959048968448507,2.0909760587255857e-20,0.00028849260025110013,False,1.0,19472302.05752063,19472302.05752063,19656150.221739985,19656150.221739985,4.104805384486099e-09,4.104805384486099e-13
2023-09-07,IC,front,1.9340012788063903,19340012.788063902,16.96016275086283,IC2309,-0.014620994780685015,-0.014620994780684984,-0.015153295772700612,0.0005323009920156288,0.0,-0.015142356805598278,False,1.0,19311519.71464245,19311519.71464245,19356294.54430473,19356294.54430473,0.0,0.0
2023-09-08,IC,front,1.9355827900993534,19355827.900993533,16.95956784529789,IC2310,0.0008177405621672129,0.0010171512674372813,0.0010381576335847206,-2.100636614743923e-05,0.00019941070527020716,0.0010381047573957414,True,0.9983768239980222,19296808.604891896,19265390.689544592,19399922.777391307,19368504.862044003,38566055.900026485,3856.6055900026486
2023-09-11,IC,front,1.9565727360668637,19565727.360668637,16.987140964854255,IC2310,0.010844251186193254,0.010844413805795691,0.01159984312742596,-0.0007554293216302697,1.626196023325278e-07,0.011580732296071483,False,1.0000031484978482,19340138.128655374,19340199.731305867,19612611.869731635,19612673.47238213,31476.370360764144,3.1476370360764143
2023-09-12,IC,front,1.9607855436279145,19607855.436279144,16.987087481045872,IC2310,0.002153156631181208,0.0021531569465668603,-0.000659836919362513,0.0028129938659293735,3.1538555977227227e-10,-0.0006580394234880771,False,0.9999999949684697,19555535.206837527,19555535.10818001,19616009.238270048,19616009.13961253,61.70747875996142,0.006170747875996142
2023-09-13,IC,front,1.940604883605428,19406048.83605428,16.987087566516916,IC2310,-0.010292130155726942,-0.010292130155224193,-0.00962158227973421,-0.0006705478754899832,5.02769423106816e-13,-0.009622365892499207,False,0.9999999999966321,19283741.80557536,19283741.805510003,19353728.60634941,19353728.606284052,0.09858230166059911,9.858230166059912e-06
2023-09-14,IC,front,1.9388382264985151,19388382.26498515,16.987087566574125,IC2310,-0.000910364145652709,-0.0009103641456523353,-0.002328431372548462,0.0014180672268961265,3.3619177933646264e-16,-0.002327046225985785,False,0.9999999999999944,19263357.300495163,19263357.30049506,19346254.287820045,19346254.28781994,6.524154088083378e-05,6.5241540880833786e-09
2023-09-15,IC,front,1.9412843671081017,19412843.671081018,16.98708756657422,IC2310,0.0012616527651223564,0.0012616527651222716,0.0004485876498211626,0.000813065115301109,5.653760781000755e-19,0.0004489574016588449,False,1.0000000000000002,19275588.003543098,19275588.0035431,19343536.353809398,19343536.353809398,1.0961727525682363e-07,1.0961727525682364e-11
2023-09-18,IC,front,1.9472638219315361,19472638.21931536,16.987087566574218,IC2310,0.003080154007700564,0.003080154007700448,0.0026303815190759083,0.00044977248862453973,2.0855638550225848e-20,0.0026346881321586135,False,1.0,19249767.630441904,19249767.630441904,19499817.55942188,19499817.55942188,4.048672508361051e-09,4.048672508361051e-13
2023-09-19,IC,front,1.9391100198995805,19391100.198995806,16.98708756657422,IC2310,-0.004187312443296731,-0.004187312443296811,-0.005546444273850227,0.0013591318305534168,2.091930974238516e-20,-0.005557993527621208,False,1.0,19297331.475628313,19297331.475628316,19370036.21041325,19370036.21041325,4.073541504112654e-09,4.073541504112655e-13
2023-09-20,IC,front,1.9258600915976527,19258600.915976528,16.98708756657422,IC2310,-0.006832994603686249,-0.006832994603686313,-0.006463312075127797,-0.0003696825285585155,0.0,-0.006485697709171956,False,1.0,19253165.047955222,19253165.047955222,19270831.61902446,19270831.61902446,0.0,0.0
2023-09-21,IC,front,1.9102999193866708,19102999.193866707,16.987087566574225,IC2310,-0.008079596373002151,-0.008079596373002186,-0.006895882581237016,-0.0011837137917651696,2.0857383209320843e-20,-0.006917347518408223,False,1.0000000000000002,19086691.589802794,19086691.5898028,19126781.11645991,19126781.116459917,4.016840193798998e-09,4.0168401937989986e-13
2023-09-22,IC,front,1.9455651131748788,19455651.131748788,16.98708756657422,IC2310,0.018460553460909246,0.018460553460909187,0.015454933485096327,0.0030056199758128586,2.0912713427848678e-20,0.01548489643473161,False,1.0,19086691.589802794,19086691.589802794,19406048.83605439,19406048.83605439,3.994955477537587e-09,3.9949554775375876e-13
2023-09-25,IC,front,1.9321792881724182,19321792.881724183,16.98708756657422,IC2310,-0.00688017322669654,-0.006880173226696563,-0.005615897740369478,-0.0012642754863270856,0.0,-0.005643273519781222,False,1.0,19249767.630441908,19249767.630441908,19300049.409638967,19300049.409638967,0.0,0.0
2023-09-26,IC,front,1.9269472652019135,19269472.652019136,16.98708756657422,IC2310,-0.002707835138556658,-0.0027078351385566948,-0.0035184273456182686,0.0008105922070615735,0.0,-0.0035311806249184174,False,1.0,19257921.432473864,19257921.43247386,19275588.0035431,19275588.0035431,0.0,0.0
2023-09-27,IC,front,1.9365279825894612,19365279.825894613,16.987087566574225,IC2310,0.004971966571458708,0.004971966571458765,0.004883811135794763,8.815543566400278e-05,2.0910513840793482e-20,0.004905563475689156,False,1.0000000000000002,19255203.498463213,19255203.498463217,19389061.748487815,19389061.748487823,4.029345745948376e-09,4.0293457459483765e-13
2023-09-28,IC,front,1.934829273832804,19348292.73832804,16.98708756657422,IC2310,-0.0008771929824560321,-0.0008771929824561387,0.002880701754385978,-0.0037578947368421167,2.098831823571215e-20,0.0028937235101818004,False,0.9999999999999998,19334703.06827478,19334703.068274777,19357805.507365324,19357805.50736532,4.064446557094925e-09,4.0644465570949255e-13
2023-10-09,IC,front,1.9223267773838055,19223267.773838054,16.98708756657422,IC2310,-0.006461808604038555,-0.006461808604038661,-0.005740122914837666,-0.0007216856892009959,0.0,-0.005744389599298572,False,0.9999999999999998,19143088.720523827,19143088.720523823,19251806.080949903,19251806.0809499,0.0,0.0
2023-10-10,IC,front,1.9145806654534474,19145806.654534474,16.987087566574225,IC2310,-0.004029550033579632,-0.004029550033579616,-0.004897317168003967,0.0008677671344243499,2.099477979810494e-20,-0.004897421033283389,False,1.0000000000000002,19123383.6989466,19123383.6989466,19146486.138037138,19146486.13803714,4.035882739117369e-09,4.0358827391173694e-13
2023-10-11,IC,front,1.9097563325845406,19097563.325845405,16.98708756657422,IC2310,-0.002519785640770711,-0.0025197856407708085,-0.00010292082194696459,-0.0024168648188238437,2.0986941126200705e-20,-0.00010301276825497307,False,0.9999999999999998,19073101.91974954,19073101.919749536,19117947.830925293,19117947.83092529,4.0181191707233666e-09,4.018119170723367e-13
2023-10-12,IC,front,1.9249088146939248,19249088.146939248,16.987087566574225,IC2310,0.007934248914822417,0.007934248914822521,0.007445029531061048,0.0004892193837614731,2.1069722058017173e-20,0.007433669817169086,False,1.0000000000000002,19164832.192609042,19164832.192609042,19259280.39947919,19259280.399479195,4.023803512609447e-09,4.0238035126094475e-13
2023-10-13,IC,front,1.919701116477007,19197011.16477007,16.98768722371792,IC2311,-0.0027054259283163518,-0.002506230773364882,-0.006752872626495099,0.004246641853130216,0.000199195154951469,-0.006745844235529819,True,0.9991377160708734,19117508.788563073,19100955.51434843,19169830.86521212,19153277.59099748,38343250.96104048,3834.3250961040485
2023-10-16,IC,front,1.9008623492769208,19008623.492769208,17.002348075220596,IC2311,-0.00981338555173561,-0.009813299323342834,-0.009336792967245138,-0.0004765063560976957,8.622839291263822e-08,-0.009356727222378014,False,1.0000000870829715,18935173.349084254,18935175.00441167,18983460.01761788,18983461.672945302,16553.274214640962,1.6553274214640963
2023-10-17,IC,front,1.9018144809716806,19018144.809716806,17.002346594605733,IC2311,0.0005008946045577112,0.0005008946132820197,0.0026243292288481135,-0.002123434615566094,8.724187058918372e-12,0.0026287166236311776,False,0.9999999998499004,18907289.50991998,18907289.50706536,19001142.4631222,19001142.460267585,1.6583478708346888,0.0001658347870834689
2023-10-18,IC,front,1.8807995805779527,18807995.805779528,17.00234659715778,IC2311,-0.011049921327232037,-0.011049921327217032,-0.012648405092011308,0.0015984837647942756,1.4989564657791442e-14,-0.012642663359152428,False,0.9999999999998088,18763789.704626918,18763789.704623323,18804595.336460095,18804595.336456504,0.0028507371129649073,2.8507371129649077e-07
2023-10-19,IC,front,1.8607368115933038,18607368.11593304,17.002346597161026,IC2311,-0.010667148797685155,-0.01066714879768512,-0.01095100343518266,0.0002838546374975396,1.9033508352356663e-17,-0.010963689678890942,False,0.9999999999999994,18447546.057919726,18447546.057919715,18628451.02571352,18628451.025713507,3.5798214526039374e-06,3.5798214526039375e-10
2023-10-20,IC,front,1.8459787747469683,18459787.747469682,17.002346597161036,IC2311,-0.007931286549707539,-0.007931286549707534,-0.007375730994151986,-0.0005555555555555476,6.256715374439893e-20,-0.007386489459245249,False,1.0,18382257.04698663,18382257.046986625,18437344.649961427,18437344.649961427,1.164210061688209e-08,1.164210061688209e-12
2023-10-23,IC,front,1.7910271905449435,17910271.905449435,17.002346597161036,IC2311,-0.029768264377556086,-0.02976826437755597,-0.024562502302619485,-0.005205762074936483,0.0,-0.024584829091740534,False,1.0,17802136.981091492,17802136.981091492,17916392.750224415,17916392.750224415,0.0,0.0
2023-10-24,IC,front,1.8076214808237727,18076214.808237728,17.002346597161036,IC2311,0.009265236377444586,0.0092652363774445,0.011710651224606093,-0.0024454148471615925,0.0,0.011659008039196062,False,1.0,17893269.558852274,17893269.558852274,18123141.284845892,18123141.284845892,0.0,0.0
2023-10-25,IC,front,1.8185029826459558,18185029.826459557,17.002346597161036,IC2311,0.0060197900598215615,0.006019790059821663,0.0045129613604725114,0.0015068286993491508,0.0,0.004482428097107416,False,1.0,18182989.5448679,18182989.5448679,18227875.739884403,18227875.739884403,0.0,0.0
2023-10-26,IC,front,1.8292484656953614,18292484.656953614,17.002346597161036,IC2311,0.005908971913684002,0.005908971913684031,0.004287744493062622,0.0016212274206214082,0.0,0.0042652529761906255,False,1.0,18113619.97075148,18113619.970751483,18288404.093770295,18288404.093770295,0.0,0.0
2023-10-27,IC,front,1.8658375155724523,18658375.15572452,17.002346597161036,IC2311,0.020002230732051984,0.02000223073205197,0.017306762836003915,0.002695467896048055,0.0,0.017244157638643065,False,1.0,18237397.053978812,18237397.053978812,18691699.75505496,18691699.75505496,0.0,0.0
2023-10-30,IC,front,1.8797114303957358,18797114.303957358,17.002346597161036,IC2311,0.007435757244395935,0.007435757244395878,0.009907053034445158,-0.0024712957900492796,0.0,0.009897979435655069,False,0.9999999999999998,18620969.993210766,18620969.993210766,18834519.466471113,18834519.46647111,0.0,0.0
2023-10-31,IC,front,1.8754948484396399,18754948.484396398,17.00234659716104,IC2311,-0.002243207062484154,-0.0022432070624842705,-0.0032834038858136237,0.0010401968233293532,2.0921135881532234e-20,-0.0032723988035462392,False,1.0,18675377.502321687,18675377.502321687,18740666.513254784,18740666.513254784,3.9325698253378505e-09,3.9325698253378507e-13
2023-11-01,IC,front,1.8727064635977055,18727064.635977056,17.00234659716104,IC2311,-0.001486746201544653,-0.0014867462015447329,-0.0033125430612466057,0.001825796859701873,0.0,-0.0033048492829543807,False,1.0,18625730.650257975,18625730.650257975,18704621.538468804,18704621.538468804,0.0,0.0
2023-11-02,IC,front,1.8564522202508196,18564522.202508196,17.00234659716104,IC2311,-0.00867954677513072,-0.008679546775130772,-0.00917344567112152,0.0004938988959907488,0.0,-0.009168833950094157,False,1.0,18542079.104999945,18542079.104999945,18572003.235010948,18572003.235010948,0.0,0.0
2023-11-03,IC,front,1.8712102570971556,18712102.570971556,17.00234659716104,IC2311,0.007949591530204803,0.007949591530204884,0.009325200571491346,-0.0013756090412864617,0.0,0.00932511516727863,False,1.0,18591045.863199767,18591045.863199767,18735905.856207583,18735905.85620758,0.0,0.0
2023-11-06,IC,front,1.9029026311542638,19029026.311542638,17.00234659716104,IC2311,0.016936832158173987,0.016936832158173987,0.01720942065857395,-0.0002725885003999636,0.0,0.017185810001524526,False,1.0,18849481.531476613,18849481.531476617,19009303.58948993,19009303.58948993,0.0,0.0
2023-11-07,IC,front,1.9035827250181503,19035827.250181504,17.00234659716104,IC2311,0.00035739814152968563,0.0003573981415296642,0.001079342387419579,-0.0007219442458899147,0.0,0.0010775977420403038,False,0.9999999999999998,18944694.672420718,18944694.672420718,19075952.788150806,19075952.788150802,0.0,0.0
2023-11-08,IC,front,1.9018824903584342,19018824.903584342,17.002346597161043,IC2311,-0.0008931761343337064,-0.0008931761343336905,-0.0005501964987495402,-0.00034297963558415034,2.086482364097908e-20,-0.0005489119780435203,False,1.0,18927692.32582356,18927692.325823557,18996381.806076087,18996381.806076087,3.971791784351808e-09,3.971791784351808e-13
2023-11-09,IC,front,1.8984140116526134,18984140.116526134,17.002346597161043,IC2311,-0.0018237082066868693,-0.0018237082066868975,-0.0028535669586983795,0.0010298587520114822,0.0,-0.0028459242299421206,False,1.0,18927692.32582356,18927692.325823557,18968497.957656745,18968497.957656745,0.0,0.0
2023-11-10,IC,front,1.891642031048511,18916420.31048511,17.021249611345745,IC2312,-0.0035671779509293122,-0.0033678841400534075,-0.003396989679628645,2.9105539575237728e-05,0.00019929381087588458,-0.003390521560927451,True,0.9991528660399921,18839484.26224182,18823459.52019503,18916420.31048511,18900395.568438314,37834216.30024253,3783.421630024253
2023-11-13,IC,front,1.9010375997899347,19010375.997899346,17.035681115350425,IC2312,0.0049668851649569135,0.004966970299478413,0.005845907734509658,-0.0008789374350312454,8.513452167255923e-08,0.005826200857691255,False,1.0000042751570253,18851603.449904274,18851684.722246777,18984481.762604013,18984563.034946512,16104.403948902342,1.6104403948902342
2023-11-14,IC,front,1.9058757225080263,19058757.225080263,17.035608285449985,IC2312,0.0025449905454928423,0.00254499097357549,0.004477021458051434,-0.0019320304844759437,4.280826994684411e-10,0.004456281876776158,False,0.99999999477142,18984481.972955704,18984481.873305462,19053987.254760336,19053987.1551101,81.38013075090811,0.008138013075090812
2023-11-15,IC,front,1.918482072581957,19184820.72581957,17.035608374522027,IC2312,0.006614465951295889,0.006614465951825129,0.006090671771292583,0.0005237941805325459,5.292701152757337e-13,0.006050918649155079,False,1.0000000000642257,19098961.25961198,19098961.260844138,19154838.05508041,19154838.05631257,0.10087230633530453,1.0087230633530454e-05
2023-11-16,IC,front,1.9012420369078427,19012420.369078428,17.035608373427905,IC2312,-0.008986289692512917,-0.008986289692506493,-0.009813880798665912,0.00082759110615942,6.412522359828526e-15,-0.009755288086403024,False,1.000000000000108,18999473.306714624,18999473.306716673,19050580.131834906,19050580.13183696,0.001230230918736197,1.230230918736197e-07
2023-11-17,IC,front,1.9051261556169838,19051261.556169838,17.035608373426065,IC2312,0.0020429375291206586,0.0020429375291207198,0.003953263323895071,-0.0019103257947743505,1.0782953953161302e-17,0.003932712466306443,False,1.0,18950410.754599154,18950410.754599154,19066252.891538452,19066252.891538452,2.0501005337791867e-06,2.0501005337791868e-10
2023-11-20,IC,front,1.9192316393501803,19192316.393501803,17.035608373426065,IC2312,0.007403963087488252,0.00740396308748831,0.005070105157736669,0.0023338579297516406,0.0,0.005034254237829883,False,1.0,18933375.146225728,18933375.146225728,19186864.998822305,19186864.998822305,0.0,0.0
2023-11-21,IC,front,1.9138483871041774,19138483.871041775,17.035608373426065,IC2312,-0.002804899698207075,-0.002804899698207027,-0.003317947807562668,0.000513048109355641,0.0,-0.003302254331889909,False,1.0000000000000002,19094191.289270867,19094191.28927087,19152112.357740514,19152112.357740518,0.0,0.0
2023-11-22,IC,front,1.891225099184268,18912250.99184268,17.03560837342606,IC2312,-0.011820836003702762,-0.011820836003702848,-0.012137719860428737,0.0003168838567258878,2.081527946077439e-20,-0.012086338077105907,False,0.9999999999999998,18892489.686129503,18892489.686129503,18947685.057259403,18947685.057259403,3.983728902312578e-09,3.983728902312578e-13
2023-11-23,IC,front,1.9122129687003289,19122129.68700329,17.035608373426065,IC2312,0.011097499459537419,0.011097499459537266,0.009023924479354354,0.0020735749801829113,2.083659958946835e-20,0.008988139029948439,False,1.0,18810718.76593706,18810718.76593706,19108501.20030455,19108501.200304545,3.940670012525516e-09,3.9406700125255157e-13
2023-11-24,IC,front,1.891225099184268,18912250.99184268,17.035608373426065,IC2312,-0.010975696671655655,-0.010975696671655523,-0.009366759318651507,-0.0016089373530040166,0.0,-0.009349118529465628,False,1.0,18844789.982683912,18844789.982683912,18912932.416177616,18912932.416177616,0.0,0.0
2023-11-27,IC,front,1.8897259656474061,18897259.65647406,17.035608373426065,IC2312,-0.0007926785328242758,-0.0007926785328241957,-0.0007044029689413878,-8.8275563882808e-05,0.0,-0.0007019219376636077,False,1.0000000000000002,18757567.66781197,18757567.66781197,18878861.199430764,18878861.199430764,0.0,0.0
2023-11-28,IC,front,1.8949729330264213,18949729.330264214,17.03560837342606,IC2312,0.002776575796913372,0.002776575796913412,0.004505625270445655,-0.001729049473532243,2.0832825252542272e-20,0.004489347903803287,False,1.0,18712593.661706124,18712593.661706124,18940189.389575094,18940189.389575094,3.936833081752411e-09,3.9368330817524115e-13
2023-11-29,IC,front,1.8872728380416326,18872728.380416326,17.03560837342606,IC2312,-0.0040634327016434435,-0.004063432701643418,-0.006862886116005622,0.002799453414362204,0.0,-0.006826432978628283,False,1.0,18797090.279238313,18797090.279238317,18843427.134014037,18843427.134014037,0.0,0.0
2023-11-30,IC,front,1.8801178825247935,18801178.825247936,17.03560837342606,IC2312,-0.003791161178509528,-0.0037911611785095326,-0.0014948006932408555,-0.002296360485268677,0.0,-0.0014909972935157612,False,1.0000000000000002,18675796.74761952,18675796.74761952,18780054.670864888,18780054.67086489,0.0,0.0
2023-12-01,IC,front,1.8861825591057335,18861825.591057334,17.035608373426058,IC2312,0.003225689536443088,0.003225689536443076,0.003954187959841924,-0.0007284984233988484,2.0861436071916252e-20,0.003935041162838937,False,0.9999999999999998,18688743.809983324,18688743.80998332,18870002.68307658,18870002.683076575,3.922195901395753e-09,3.922195901395753e-13
2023-12-04,IC,front,1.881480731194668,18814807.31194668,17.03560837342606,IC2312,-0.0024927745664738987,-0.002492774566474022,-0.001408959537572288,-0.001083815028901734,2.0888537277418936e-20,-0.0014011464251905137,False,1.0,18812081.614606928,18812081.61460693,18837294.314999603,18837294.314999603,3.9399594697897555e-09,3.9399594697897557e-13
2023-12-05,IC,front,1.8521794847923752,18521794.847923752,17.03560837342606,IC2312,-0.01557350331389662,-0.015573503313896637,-0.01786606787150046,0.002292564557603826,0.0,-0.017747572885392637,False,1.0,18491130.752851583,18491130.752851583,18581760.189398214,18581760.18939821,0.0,0.0
2023-12-06,IC,front,1.862809704417393,18628097.04417393,17.03560837342606,IC2312,0.005739303189728151,0.005739303189728085,0.0039384128619255835,0.0018008903278025018,0.0,0.00392095099085954,False,1.0,18455696.68743486,18455696.68743486,18631504.165848617,18631504.165848613,0.0,0.0
2023-12-07,IC,front,1.866080541225091,18660805.41225091,17.03560837342606,IC2312,0.0017558620185098572,0.0017558620185097787,-0.00012437355964432488,0.0018802355781541034,0.0,-0.0001240463933509517,False,1.0,18447519.595415615,18447519.595415615,18683292.415303834,18683292.41530383,0.0,0.0
2023-12-08,IC,front,1.8736414955762453,18736414.955762453,17.113724699423067,IC2401,0.004051783502436956,0.004251970254854825,0.0030876451795816664,0.0011643250752731583,0.000200186752418002,0.003074177999467187,True,1.0006046075510322,18654269.077205222,18665597.25516675,18747367.739570085,18758695.917531613,37356460.329827845,3735.6460329827846
2023-12-11,IC,front,1.8945710851176358,18945710.85117636,17.10338386439045,IC2401,0.011170541211222185,0.011170601413682873,0.012203834639100387,-0.0010332332254175134,6.020246071731635e-08,0.012160807858872191,False,1.0000026139471156,18516073.848502867,18516123.371589106,18948447.392594658,18948496.915680893,11279.782853576276,1.1279782853576277
2023-12-12,IC,front,1.8982654053439196,18982654.053439196,17.103339157166396,IC2401,0.0019499507066815802,0.001949950968048063,0.00024013080426337827,0.0017098201637846847,2.6136639450245657e-10,0.00023900015274436193,False,1.0000000005434773,18895769.09052079,18895769.10083743,18979233.385607764,18979233.395924404,49.517721364580325,0.0049517721364580325
2023-12-13,IC,front,1.877194091512152,18771940.91512152,17.103339147871118,IC2401,-0.011100299132275393,-0.011100299132221011,-0.010572314124943602,-0.0005279850072774094,5.4269387454929996e-14,-0.01054044245784358,False,1.000000000000847,18745943.839616753,18745943.83963266,18793833.189230796,18793833.1892467,0.010301770077489891,1.0301770077489891e-06
2023-12-14,IC,front,1.8711053027755222,18711053.027755223,17.10333914785663,IC2401,-0.003243558438714822,-0.0032435584387147244,-0.0033128029447098487,6.924450599512425e-05,8.510047695038115e-17,-0.0033009472520250105,False,0.9999999999999962,18673425.68162994,18673425.681629866,18724051.565507594,18724051.565507524,1.597501125161216e-05,1.597501125161216e-09
2023-12-15,IC,front,1.8578331115967854,18578331.115967855,17.103339147856694,IC2401,-0.007093235831809874,-0.007093235831809922,-0.007228519195612432,0.0001352833638025094,3.755646891078043e-19,-0.007203064854909402,False,1.0,18506497.091546856,18506497.091546856,18561911.91038591,18561911.91038591,7.02721081324853e-08,7.0272108132485306e-12
2023-12-18,IC,front,1.8416191460846174,18416191.460846175,17.103339147856694,IC2401,-0.008727353071144472,-0.00872735307114443,-0.011879510973633732,0.0031521579024893004,0.0,-0.011838988291291819,False,1.0,18364197.30983669,18364197.30983669,18402508.78952789,18402508.78952789,0.0,0.0
2023-12-19,IC,front,1.8379932381852717,18379932.381852716,17.103339147856694,IC2401,-0.001968869571678078,-0.0019688695716780645,-0.001003009027081345,-0.0009658605445967195,0.0,-0.0010027352389018196,False,1.0,18273207.54557009,18273207.54557009,18345041.56999109,18345041.56999109,0.0,0.0
2023-12-20,IC,front,1.8198636986885437,18198636.986885436,17.103339147856694,IC2401,-0.009863768331720313,-0.009863768331720391,-0.013135561676468387,0.003271793344747995,0.0,-0.013119276116337342,False,1.0,18164430.308589723,18164430.308589723,18198636.986885436,18198636.986885436,0.0,0.0
2023-12-21,IC,front,1.8251315271460835,18251315.271460835,17.103339147856694,IC2401,0.0028946280215029763,0.0028946280215030535,0.005539265441148877,-0.002644637419645823,0.0,0.005550648015083093,False,1.0,17989292.115715668,17989292.11571567,18264997.94277912,18264997.94277912,0.0,0.0
2023-12-22,IC,front,1.8206162456110493,18206162.456110492,17.103339147856694,IC2401,-0.0024739485718570098,-0.002473948571857097,-0.0050734687757704134,0.0025995202039133165,0.0,-0.00507046580104753,False,1.0,18089175.61633915,18089175.61633915,18194532.185489953,18194532.18548995,0.0,0.0
2023-12-25,IC,front,1.818495431556715,18184954.31556715,17.103339147856694,IC2401,-0.001164888020441901,-0.0011648880204418717,0.0006914174056817019,-0.0018563054261235734,0.0,0.0006928115157323056,False,1.0,18109699.623316582,18109699.62331658,18196584.586187694,18196584.586187694,0.0,0.0
2023-12-26,IC,front,1.802828772897278,18028287.72897278,17.103339147856694,IC2401,-0.008615176253715218,-0.008615176253715095,-0.010738873631541353,0.0021236973778262585,0.0,-0.01074055051670908,False,1.0,17927720.094783388,17927720.094783384,18024182.927577298,18024182.927577298,0.0,0.0
2023-12-27,IC,front,1.8070704010059468,18070704.01005947,17.10333914785669,IC2401,0.0023527625986643486,0.0023527625986643416,0.00517038554948391,-0.0028176229508195686,2.0779141468072452e-20,0.005182302958381735,False,0.9999999999999998,17898302.35144907,17898302.35144907,18085070.814943668,18085070.814943664,3.7461234114744e-09,3.7461234114744003e-13
2023-12-28,IC,front,1.8430558265730375,18430558.265730374,17.103339147856694,IC2401,0.019913682138259947,0.01991368213825998,0.0184125842356327,0.0015010979026272762,2.0752387116224568e-20,0.01840307405312247,False,1.0,18030340.129670523,18030340.129670527,18427137.5979008,18427137.5979008,3.750102450794657e-09,3.750102450794657e-13
2023-12-29,IC,front,1.85803835166656,18580383.5166656,17.103339147856694,IC2401,0.00812917594654805,0.008129175946547917,0.008617297698589344,-0.0004881217520414258,0.0,0.00862562235267883,False,0.9999999999999998,18417559.727978002,18417559.727978002,18597486.85581346,18597486.855813455,0.0,0.0
2024-01-02,IC,front,1.8451766406273715,18451766.406273715,17.103339147856698,IC2401,-0.0069221989027580255,-0.0069221989027579015,-0.0036396774549872103,-0.003282521447770691,2.0772047189660677e-20,-0.0036414003459053212,False,1.0000000000000002,18446977.471312318,18446977.47131232,18504444.690849114,18504444.690849118,3.859526032101712e-09,3.8595260321017125e-13
2024-01-03,IC,front,1.843261066642812,18432610.66642812,17.103339147856694,IC2401,-0.0010381520892809304,-0.001038152089280979,-0.0014941974713582,0.0004560453820772209,2.0728918101283498e-20,-0.0014899823642287036,False,0.9999999999999998,18341620.902161516,18341620.902161516,18425085.19720306,18425085.19720306,3.824851546596619e-09,3.8248515465966197e-13
2024-01-04,IC,front,1.8293047418981607,18293047.418981608,17.103339147856698,IC2401,-0.007571539917603842,-0.007571539917603864,-0.008551386259881959,0.0009798463422780958,2.0748147346923064e-20,-0.008531121561076715,False,1.0000000000000002,18177428.846342094,18177428.846342098,18266366.20991095,18266366.20991095,3.824425220955163e-09,3.8244252209551636e-13
2024-01-05,IC,front,1.8068651609361728,18068651.609361727,17.103339147856698,IC2401,-0.012266726504357006,-0.012266726504357001,-0.013734619843674002,0.0014678933393170001,0.0,-0.013715333537491659,False,1.0000000000000002,17985871.447886102,17985871.447886102,18046075.201686557,18046075.20168656,0.0,0.0
2024-01-08,IC,front,1.7550078366398714,17550078.366398714,17.103339147856694,IC2401,-0.02870016281094978,-0.028700162810949878,-0.02161410018552877,-0.007086062625421111,2.0746092944942233e-20,-0.021615450588522656,False,0.9999999999999998,17528870.22585537,17528870.225855365,17619859.990121968,17619859.990121964,3.7485392567759845e-09,3.7485392567759846e-13
2024-01-09,IC,front,1.7633542661440254,17633542.661440253,17.103339147856694,IC2401,0.004755779051182962,0.004755779051183026,0.0025240712587221406,0.0022317077924608845,0.0,0.002505950422818648,False,0.9999999999999998,17544605.2978714,17544605.297871396,17623280.657951538,17623280.657951538,0.0,0.0
2024-01-10,IC,front,1.7578127842601199,17578127.8426012,17.103339147856694,IC2401,-0.0031425800193985998,-0.0031425800193986063,-0.004378273520853482,0.001235693501454876,0.0,-0.004356596180015937,False,0.9999999999999998,17400937.2490294,17400937.249029398,17622596.524385627,17622596.524385624,0.0,0.0
2024-01-11,IC,front,1.782031112493485,17820311.12493485,17.103339147856698,IC2401,0.013777535611426694,0.013777535611426828,0.012800653849147612,0.000976881762279217,2.0772047189660677e-20,0.012752807246106945,False,1.0000000000000002,17545973.565003227,17545973.565003227,17810733.255012047,17810733.25501205,3.651337010524003e-09,3.651337010524003e-13
2024-01-12,IC,front,1.7733126962061692,17733126.962061692,17.179183978844375,IC2402,-0.004892404081046853,-0.004692854086001917,-0.003399659119687536,-0.0012931949663143815,0.0001995499950448761,-0.003384470487340696,True,1.0009251569063602,17726255.288470156,17742661.213350467,17779854.34248415,17796260.267364465,35560429.96678899,3556.0429966788993
2024-01-15,IC,front,1.7684309769845863,17684309.769845862,17.16330522847628,IC2402,-0.0027528812216971454,-0.0027527891107401387,-0.0024962067097349994,-0.00025658240100513924,9.211095687521898e-08,-0.002473982843466782,False,1.000004150875432,17608104.69463143,17608178.099998385,17703532.67170175,17703606.077068713,16334.152928652473,1.6334152928652474
2024-01-16,IC,front,1.7678817482039186,17678817.482039187,17.16323398602999,IC2402,-0.00031057405565471097,-0.0003105736408249052,-0.0005629140230242684,0.00025234038219936324,4.148297148570303e-10,-0.0005584117998190807,False,1.0000000029940432,17417249.796092093,17417249.849023234,17588195.60659295,17588195.659524094,73.35977179268554,0.007335977179268554
2024-01-17,IC,front,1.7087715705125444,17087715.705125444,17.163233934642527,IC2402,-0.03343559474576141,-0.03343559474546314,-0.025020387563270022,-0.00841520718219312,2.982765066937444e-13,-0.024826602959309385,False,1.0000000000119769,17003959.123524386,17003959.123729046,17242184.810537226,17242184.810741883,0.052731759210189466,5.273175921018947e-06
2024-01-18,IC,front,1.7106251997774005,17106251.997774005,17.163233934436967,IC2402,0.001084773001168493,0.0010847730011696224,0.0010887906789191356,-4.0176777495133335e-06,1.194115675128897e-15,0.001070820343215706,False,1.0000000000000369,16463660.51926869,16463660.519269316,16889995.2502001,16889995.25020073,0.00020404709175636526,2.0404709175636526e-08
2024-01-19,IC,front,1.6994347712521478,16994347.71252148,17.163233934436334,IC2402,-0.0065417185054381655,-0.006541718505438053,-0.009738331259782504,0.003196612754344452,3.673874675132491e-18,-0.009577734973238328,False,1.0000000000000002,16940798.42264604,16940798.42264604,17032793.356534615,17032793.35653462,6.284622600105649e-07,6.284622600105649e-11
2024-01-22,IC,front,1.5946703913163485,15946703.913163485,17.16323393443633,IC2402,-0.06164660256928167,-0.061646602569281686,-0.04796396541973015,-0.013682637149551537,2.0679489619246038e-20,-0.04731758737294334,False,1.0,15655615.465635445,15655615.465635443,16105292.194717675,16105292.194717675,3.5143443710694555e-09,3.5143443710694556e-13
2024-01-23,IC,front,1.6478077635773631,16478077.63577363,17.16323393443633,IC2402,0.03332185293611145,0.03332185293611143,0.01824737385913542,0.015074479076976007,0.0,0.01773071155016659,False,1.0,15819695.982048657,15819695.982048655,16547417.100868756,16547417.100868756,0.0,0.0
2024-01-24,IC,front,1.6786329317236106,16786329.317236107,17.16323393443633,IC2402,0.018706774435463647,0.018706774435463747,0.014157153570535798,0.00454962086492795,0.0,0.013967043039702087,False,1.0,16077831.020422578,16077831.020422578,16670305.855839316,16670305.855839318,0.0,0.0
2024-01-25,IC,front,1.7369192741649564,17369192.741649564,17.163233934436327,IC2402,0.0347225062369636,0.03472250623696376,0.028522350824097268,0.006200155412866491,2.055733439560976e-20,0.02827087175953147,False,1.0,16635979.387970444,16635979.387970442,17310151.216915105,17310151.216915105,3.450821850492503e-09,3.450821850492503e-13
2024-01-26,IC,front,1.7137832348213364,17137832.348213363,17.163233934436327,IC2402,-0.013320158102766766,-0.013320158102766726,-0.009108695652173942,-0.0042114624505927845,0.0,-0.009085031479269423,False,1.0,17056821.884042826,17056821.88404282,17147443.759216644,17147443.759216644,0.0,0.0
2024-01-29,IC,front,1.6796627257596768,16796627.25759677,17.163233934436327,IC2402,-0.019909466009694343,-0.019909466009694454,-0.019865400793173952,-4.4065216520500354e-05,0.0,-0.019729107694511194,False,1.0,16773285.259445934,16773285.259445934,16856355.31168861,16856355.311688606,0.0,0.0
2024-01-30,IC,front,1.6366173350521107,16366173.350521106,17.163233934436327,IC2402,-0.025627401291588248,-0.02562740129158825,-0.023076923076923092,-0.0025504782146651616,0.0,-0.02291437952397668,False,0.9999999999999999,16288595.533137454,16288595.533137452,16454049.108265419,16454049.108265417,0.0,0.0
2024-01-31,IC,front,1.598720914524875,15987209.14524875,17.16323393443633,IC2402,-0.023155333696883384,-0.023155333696883374,-0.024751457695373173,0.0015961239984897992,2.0622279396502983e-20,-0.02450887748468844,False,1.0000000000000002,15954942.26545201,15954942.265452012,16085382.843353728,16085382.843353728,3.375077994860476e-09,3.375077994860476e-13
2024-02-01,IC,front,1.5957688382881523,15957688.382881522,17.16323393443633,IC2402,-0.001846523811568579,-0.0018465238115685694,-0.003918495297805643,0.0020719714862370738,0.0,-0.003885475347989553,False,1.0,15776444.632533873,15776444.632533874,15998193.614966793,15998193.614966793,0.0,0.0
2024-02-02,IC,front,1.5490848419864853,15490848.419864854,17.16323393443633,IC2402,-0.029254861469626525,-0.02925486146962657,-0.02484727241438636,-0.004407589055240209,0.0,-0.02468832354078976,False,1.0,14920342.523884192,14920342.523884192,15392674.721759876,15392674.721759878,0.0,0.0
2024-02-05,IC,front,1.5034992926566224,15034992.926566225,17.16323393443633,IC2402,-0.029427406488211294,-0.02942740648821135,-0.022815103705016854,-0.0066123027831944976,0.0,-0.022563014713294582,False,1.0,14445950.737936368,14445950.737936368,15341871.549313946,15341871.549313946,0.0,0.0
2024-02-06,IC,front,1.655428239444253,16554282.39444253,17.16323393443633,IC2402,0.10105022831050237,0.10105022831050238,0.07891324200913229,0.022136986301370096,0.0,0.07749324030437665,False,1.0,14966339.990828479,14966339.99082848,16460914.401839195,16460914.401839195,0.0,0.0
2024-02-07,IC,front,1.7644491013957926,17644491.013957925,17.16323393443633,IC2402,0.06585659187989878,0.06585659187989867,0.0629681084891967,0.0028884833907019698,0.0,0.06318691608231553,False,1.0,16554282.39444253,16554282.39444253,17448830.14710535,17448830.14710535,0.0,0.0
2024-02-08,IC,front,1.7693234598331724,17693234.598331723,17.16323393443633,IC2402,0.0027625384226295235,0.0027625384226294338,0.00791019804676858,-0.005147659624139146,0.0,0.007957616785756905,False,1.0,17549749.96263984,17549749.96263984,17714517.008410428,17714517.008410428,0.0,0.0
2024-02-19,IC,front,1.7401283392331746,17401283.392331745,17.310330096595038,IC2403,-0.01650072542572323,-0.016298285282036896,-0.001813202909275108,-0.01448508237276179,0.00020244014368640912,-0.0016756533203370338,True,1.011366001335376,17199098.736803517,17396881.747078013,17386742.715050608,17584525.725325104,35818209.54363619,3581.820954363619
2024-02-20,IC,front,1.7448580933359095,17448580.933359094,17.115791982070807,IC2403,0.0027180490059826035,0.0027191821181036598,-0.00020198784778753927,0.0029211699658911994,1.1331121211672816e-06,-0.00012447487163536053,False,1.0000359156154215,17247299.219649944,17247925.896172393,17481443.25396467,17482069.930487122,197176.0513571801,19.717605135718014
2024-02-21,IC,front,1.7482122635288693,17482122.635288693,17.11517727994575,IC2403,0.0019223168954372039,0.0019223204641700719,-0.00037694127645269884,0.002299261740622771,3.568732924812064e-09,-0.0003734711026734949,False,1.0000002314100627,17316447.719218817,17316451.764757913,17625890.124440238,17625894.16997933,622.6932526812661,0.06226932526812662
2024-02-22,IC,front,1.7660120445325547,17660120.445325546,17.11517331932242,IC2403,0.010181704690570781,0.010181704713757171,0.00730341453821251,0.0028782901755446603,2.3186316827633535e-11,0.00725816494909548,False,0.9999999995744138,17447207.689233176,17447207.681717273,17601928.85603985,17601928.84852395,4.053460342413473,0.00040534603424134734
2024-02-23,IC,front,1.7751857774325102,17751857.774325103,17.1151733266064,IC2403,0.00519460381278658,0.00519460381282912,0.00414211505541746,0.0010524887574116602,4.2730189367240054e-14,0.004128399602808086,False,1.0000000000017493,17430092.515784897,17430092.51581596,17716258.21380576,17716258.21383682,0.007546202908770283,7.546202908770284e-07
2024-02-26,IC,front,1.769092775728245,17690927.75728245,17.115173326576457,IC2403,-0.0034323177786370618,-0.003432317778636912,-0.00043386039336775856,-0.0029984573852691538,1.747366125860707e-16,-0.00043288294268051253,False,1.000000000000002,17601244.249051187,17601244.24905123,17744327.09806137,17744327.09806141,3.101899494595273e-05,3.1018994945952727e-09
2024-02-27,IC,front,1.8168783396560464,18168783.396560464,17.11517332657642,IC2403,0.027011338570488652,0.02701133857048883,0.021736774892612536,0.005274563677876292,2.0724749808629156e-19,0.021622724455582443,False,1.0000000000000002,17614936.387712453,17614936.387712453,18055823.25260506,18055823.252605062,3.666400516522117e-08,3.666400516522117e-12
2024-02-28,IC,front,1.7714888999939657,17714888.999939658,17.11517332657642,IC2403,-0.024982101812426993,-0.024982101812427066,-0.023314744338520668,-0.0016673574739063965,0.0,-0.023314744338520654,False,1.0,17697773.82661308,17697773.826613083,17951078.39184641,17951078.39184641,0.0,0.0
2024-02-29,IC,front,1.8300912534641636,18300912.534641635,17.11517332657642,IC2403,0.03308084711701964,0.0330808471170196,0.0314461276858865,0.0016347194311331003,0.0,0.03139244413151876,False,1.0,17676551.011688128,17676551.011688128,18202329.136280555,18202329.136280555,0.0,0.0
2024-03-01,IC,front,1.842482638952605,18424826.38952605,17.11517332657642,IC2403,0.006770911267395041,0.006770911267395019,0.006033966781385645,0.0007369444860093731,0.0,0.006033526658050903,False,1.0,18207805.99174506,18207805.99174506,18395388.291404337,18395388.291404337,0.0,0.0
2024-03-04,IC,front,1.8405657395400281,18405657.395400282,17.11517332657642,IC2403,-0.0010403894028909733,-0.001040389402890864,0.0018151079404004618,-0.0028554973432913257,0.0,0.0018163058532638665,False,1.0,18193429.246150736,18193429.246150736,18387173.008207582,18387173.008207582,0.0,0.0
2024-03-05,IC,front,1.826120533252398,18261205.33252398,17.11517332657642,IC2403,-0.007848242514413073,-0.007848242514413208,-0.006879300725311472,-0.000968941789101737,0.0,-0.0068642114600226956,False,1.0,18179737.10748947,18179737.107489474,18272843.65038605,18272843.65038605,0.0,0.0
2024-03-06,IC,front,1.8288589609846502,18288589.609846503,17.11517332657642,IC2403,0.0014995876134062947,0.001499587613406313,-0.0003242858213990331,0.0018238734348053462,0.0,-0.0003232539150158642,False,1.0,18111276.414183166,18111276.41418317,18302966.355440825,18302966.355440825,0.0,0.0
2024-03-07,IC,front,1.8047607969408304,18047607.969408303,17.11517332657642,IC2403,-0.013176611514561842,-0.013176611514561752,-0.013625814179830832,0.00044920266526907995,0.0,-0.013607222294910404,False,1.0,18042131.1139438,18042131.1139438,18122230.125112176,18122230.125112176,0.0,0.0
2024-03-08,IC,front,1.8313765763038472,18313765.76303847,17.184270232907053,IC2404,0.014747538514872538,0.014948404927577348,0.01376436871582329,0.0011840362117540582,0.00020086641270482356,0.013700187595929725,True,0.9991663403132227,18042941.66416786,18027674.215938132,18291769.89714035,18276502.448910628,36251582.70718031,3625.158270718031
2024-03-11,IC,front,1.870660568047658,18706605.68047658,17.198608019081245,IC2404,0.021450526479428467,0.02145060970760743,0.01717745121424359,0.0042731584933638385,8.322817886435032e-08,0.0170947360550322,False,0.9999987325181972,18279392.257282604,18279368.54700031,18580023.925456144,18580000.21517385,15242.213726059808,1.524221372605981
2024-03-12,IC,front,1.8594470605587672,18594470.605587672,17.19862981803157,IC2404,-0.005994410573690434,-0.005994410446909749,-0.0031866001253929525,-0.0028078103215167967,1.267808088784417e-10,-0.003185047003795183,False,1.000000000455799,18460321.293007024,18460321.30148237,18577271.97576964,18577271.98424498,23.71638599540873,0.002371638599540873
2024-03-13,IC,front,1.8562137181523595,18562137.181523595,17.198629810192454,IC2404,-0.0017388730633912663,-0.0017388730633458088,-0.0015927337299049046,-0.00014613933344090425,4.5471961647801753e-14,-0.0015874713296409881,False,1.0000000000011267,18464448.964201704,18464448.964222617,18598598.276721206,18598598.27674212,0.008455270542384596,8.455270542384597e-07
2024-03-14,IC,front,1.851329307286274,18513293.07286274,17.198629810173074,IC2404,-0.002631383885551286,-0.002631383885551294,-0.004110147505744448,0.0014787636201931535,1.128841642862312e-16,-0.00409594634273347,False,0.999999999999998,18362633.075725622,18362633.075725585,18459633.347855,18459633.347854964,2.09537134310267e-05,2.09537134310267e-09
2024-03-15,IC,front,1.875544978058998,18755449.78058998,17.19862981017311,IC2404,0.013080153097246638,0.013080153097246588,0.011374530860986096,0.0017056222362604916,2.0584035403266602e-19,0.01135189961672034,False,1.0,18364008.96611044,18364008.966110438,18683903.48057966,18683903.48057966,3.810782800428569e-08,3.81078280042857e-12
2024-03-18,IC,front,1.903200374793756,19032003.74793756,17.19862981017311,IC2404,0.014745259142427303,0.014745259142427398,0.013626526794556757,0.0011187323478706415,0.0,0.013622654309104032,False,1.0000000000000002,18733435.534432955,18733435.534432955,18962521.28350446,18962521.283504464,0.0,0.0
2024-03-19,IC,front,1.8822868409445856,18822868.409445856,17.198629810173106,IC2404,-0.010988613771913958,-0.010988613771914003,-0.00907825772636898,-0.0019103560455450237,2.059796978634184e-20,-0.009085729273123455,False,0.9999999999999998,18798102.382519208,18798102.382519204,18864833.066182677,18864833.066182677,3.920206381735625e-09,3.920206381735625e-13
2024-03-20,IC,front,1.8870336627721935,18870336.627721936,17.198629810173106,IC2404,0.0025218376521327635,0.0025218376521326303,0.002775848835934286,-0.00025401118380165516,0.0,0.0027727984637344605,False,0.9999999999999998,18753385.945012756,18753385.945012756,18872400.46329916,18872400.463299155,0.0,0.0
2024-03-21,IC,front,1.877333635559256,18773336.35559256,17.19862981017311,IC2404,-0.0051403572730586156,-0.005140357273058661,-0.005027342325920512,-0.00011301494713814897,2.069762393209423e-20,-0.005020560999452028,False,1.0,18734123.479625363,18734123.479625363,18804293.88925087,18804293.88925087,3.905711309926119e-09,3.905711309926119e-13
2024-03-22,IC,front,1.8461009238239818,18461009.238239817,17.19862981017311,IC2404,-0.016636740078419865,-0.016636740078419907,-0.014888783026127783,-0.001747957052292125,0.0,-0.01486690950871139,False,0.9999999999999998,18378455.815150987,18378455.815150984,18522924.30555644,18522924.30555644,0.0,0.0
2024-03-25,IC,front,1.8209221297818885,18209221.297818884,17.19862981017311,IC2404,-0.013638904415874675,-0.013638904415874755,-0.016735606484069257,0.0030967020681945015,0.0,-0.016680997739838,False,0.9999999999999998,18162441.024735212,18162441.02473521,18275264.03628995,18275264.036289945,0.0,0.0
2024-03-26,IC,front,1.8118412532421169,18118412.532421168,17.198629810173113,IC2404,-0.004986965884619887,-0.004986965884619847,-0.0019513393025803634,-0.0030356265820394844,2.0679589867389185e-20,-0.001950989187402552,False,1.0000000000000002,18024851.986253828,18024851.986253828,18172760.202621315,18172760.20262132,3.765592282434227e-09,3.765592282434227e-13
2024-03-27,IC,front,1.7716652540055529,17716652.54005553,17.19862981017311,IC2404,-0.02217412765311133,-0.022174127653111452,-0.024251053650757446,0.0020769259976459935,2.0631859033702854e-20,-0.02417294613221499,False,0.9999999999999998,17698078.01986054,17698078.019860536,17850801.852574877,17850801.852574874,3.738165332833887e-09,3.738165332833887e-13
2024-03-28,IC,front,1.7944362398742222,17944362.39874222,17.198629810173113,IC2404,0.012852871510115271,0.012852871510115289,0.01303343299809733,-0.00018056148798204204,2.0733158921983925e-20,0.013018065887353991,False,1.0,17748985.96409865,17748985.96409865,17947802.124704257,17947802.124704253,3.6732217267854143e-09,3.6732217267854143e-13
2024-03-29,IC,front,1.81906467776239,18190646.7776239,17.198629810173117,IC2404,0.013724888820732861,0.013724888820732913,0.011951771200735978,0.0017731176199969338,2.064587050756867e-20,0.011935732731473747,False,1.0,17892766.509311702,17892766.509311702,18134923.21703894,18134923.21703894,3.7047698242531624e-09,3.7047698242531624e-13
2024-04-01,IC,front,1.8588279098835103,18588279.098835103,17.198629810173113,IC2404,0.02185916345208394,0.021859163452083875,0.02175705317298245,0.00010211027910142564,2.0774921533094062e-20,0.021766272681871257,False,0.9999999999999998,18282143.488214023,18282143.48821402,18560761.291138828,18560761.291138824,3.779092594413669e-09,3.779092594413669e-13
2024-04-02,IC,front,1.8511917182477937,18511917.182477936,17.198629810173117,IC2404,-0.004108068097705364,-0.004108068097705369,-0.0036991117690600836,-0.0004089563286452856,2.0613380811029682e-20,-0.0037010156964538687,False,1.0,18408725.403616898,18408725.403616898,18476144.032472774,18476144.032472774,3.831672756859916e-09,3.8316727568599164e-13
2024-04-03,IC,front,1.8478207868049998,18478207.868049998,17.198629810173117,IC2404,-0.0018209520978110794,-0.001820952097811175,-0.0012319298376006539,-0.0005890222602105212,0.0,-0.001232060328214768,False,0.9999999999999998,18375016.08918896,18375016.089188956,18473392.25170315,18473392.251703147,0.0,0.0
2024-04-08,IC,front,1.8183079380507428,18183079.38050743,17.198629810173117,IC2404,-0.015971705137751258,-0.015971705137751334,-0.01414929262844382,-0.0018224125093075124,0.0,-0.01414244781006968,False,0.9999999999999998,18168632.531466883,18168632.53146688,18223668.146859437,18223668.146859434,0.0,0.0
2024-04-09,IC,front,1.8348186226685093,18348186.22668509,17.19862981017312,IC2404,0.00908024668003482,0.009080246680034808,0.008382202716507036,0.0006980439635277706,2.0675714691852023e-20,0.008362602126225971,False,1.0,18176199.928583357,18176199.92858336,18302093.898793828,18302093.898793828,3.75948161490669e-09,3.7594816149066903e-13
2024-04-10,IC,front,1.8123916093960435,18123916.093960434,17.19862981017312,IC2404,-0.012223013760263912,-0.012223013760263923,-0.01264107082599066,0.0004180570657267373,0.0,-0.012620487001441028,False,1.0,17973944.042015724,17973944.042015724,18101901.847803414,18101901.847803414,0.0,0.0
2024-04-11,IC,front,1.824086677666961,18240866.77666961,17.19862981017312,IC2404,0.006452837350540808,0.0064528373505409,0.004999051053330831,0.0014537862972100685,0.0,0.004992920062098838,False,1.0,18002837.74009682,18002837.740096815,18245682.393016458,18245682.393016458,0.0,0.0
2024-04-12,IC,front,1.8102390168888978,18102390.16888898,17.264392724189456,IC2405,-0.007591558530417264,-0.007391101305270988,-0.004658989960423789,-0.0027321113448471996,0.0002004572251462201,-0.004638038707535763,True,1.0002488577585,18071314.26198544,18075819.18222636,18142443.5600091,18146948.480250023,36565135.38313066,3656.5135383130664
2024-04-15,IC,front,1.8366804618469756,18366804.618469756,17.260097415035258,IC2405,0.014606604272357604,0.014606629104033842,0.01191804218178756,0.002688586922246282,2.4831676337287586e-08,0.01184335691898375,False,1.000000557680978,17910447.64281622,17910457.885633785,18252197.57163392,18252207.814451482,4495.126936051479,0.4495126936051479
2024-04-16,IC,front,1.7851763558155802,17851763.5581558,17.26008778941262,IC2405,-0.02804195237074758,-0.02804195231519544,-0.027848366176031203,-0.0001935861391642391,5.5552178012279963e-11,-0.027748645996419352,False,1.000000002278648,17782723.20699815,17782723.24767603,17905615.032058768,17905615.07273665,10.203159996819977,0.0010203159996819977
2024-04-17,IC,front,1.8381303050675064,18381303.050675064,17.26008775008296,IC2405,0.02966314732962827,0.029663147329858114,0.02865761690159129,0.0010055304282668206,2.298299587440162e-13,0.02854638788030539,False,0.9999999999811375,17937373.59374293,17937373.593396213,18310191.48914472,18310191.488798007,0.0410287008207888,4.10287008207888e-06
2024-04-18,IC,front,1.8422727261277194,18422727.261277195,17.260087750408527,IC2405,0.002253605769293454,0.002253605769295241,0.0018949068510393217,0.0003586989182559192,1.8797954867385563e-15,0.0018896015731073579,False,0.9999999999999377,18221819.839862444,18221819.839861292,18462770.66485814,18462770.664856993,0.00034553090515032636,3.455309051503264e-08
2024-04-19,IC,front,1.82542688048332,18254268.8048332,17.260087750409603,IC2405,-0.009144056363363684,-0.009144056363363753,-0.0065526157997299024,-0.002591440563633852,6.227422483195062e-18,-0.00653664408655219,False,0.9999999999999998,18195584.506481808,18195584.506481804,18260482.436423346,18260482.436423343,1.1472610594864818e-06,1.1472610594864819e-10
2024-04-22,IC,front,1.8109974471239776,18109974.471239775,17.260087750409607,IC2405,-0.007904689863842629,-0.007904689863842696,-0.008942889561270794,0.0010381996974280982,2.0512561466812427e-20,-0.008897677647807023,False,1.0,18073383.08520891,18073383.085208908,18153469.89237081,18153469.89237081,3.744418108908576e-09,3.744418108908576e-13
2024-04-23,IC,front,1.7900782207704813,17900782.207704812,17.260087750409607,IC2405,-0.011551218024474785,-0.011551218024474754,-0.011305325759597326,-0.0002458922648774282,0.0,-0.011259439818664285,False,1.0,17863500.418163925,17863500.41816393,17911828.663865075,17911828.663865075,0.0,0.0
2024-04-24,IC,front,1.8126544155480169,18126544.15548017,17.260087750409607,IC2405,0.012611848195001496,0.012611848195001473,0.0105619407590249,0.002049907435976572,0.0,0.010515967874169307,False,1.0,17813791.365442745,17813791.365442745,18069240.664148808,18069240.664148808,0.0,0.0
2024-04-25,IC,front,1.8112045681769826,18112045.681769826,17.260087750409607,IC2405,-0.0007998476480669536,-0.0007998476480670005,-0.0007046276899637817,-9.521995810321871e-05,0.0,-0.0007030157475527155,False,1.0,17991915.471026976,17991915.471026976,18087881.55891925,18087881.55891925,0.0,0.0
2024-04-26,IC,front,1.8549071103610195,18549071.103610195,17.260087750409607,IC2405,0.024128992909964175,0.024128992909964064,0.021495006480140223,0.002633986429823839,0.0,0.02144375530009457,False,1.0,18164516.34853107,18164516.34853107,18546309.489570133,18546309.489570133,0.0,0.0
2024-04-29,IC,front,1.8933625858689322,18933625.858689323,17.260087750409607,IC2405,0.020731752707782825,0.020731752707782884,0.019795660103472643,0.0009360926043102418,0.0,0.019800376760012783,False,1.0,18616730.6475918,18616730.647591803,18944672.314849585,18944672.314849585,0.0,0.0
2024-04-30,IC,front,1.8785879507545817,18785879.507545818,17.260087750409607,IC2405,-0.007803383897316163,-0.007803383897316251,-0.006809728704784032,-0.0009936551925322202,0.0,-0.006817571995202942,False,1.0,18772071.437345486,18772071.43734549,18815566.858476523,18815566.858476523,0.0,0.0
2024-05-06,IC,front,1.9066873736122485,19066873.736122485,17.260087750409607,IC2405,0.014957736126424148,0.01495773612642404,0.01607129731716281,-0.0011135611907387725,0.0,0.01607383746788349,False,1.0,18986786.928960584,18986786.928960584,19075158.578242682,19075158.578242682,0.0,0.0
2024-05-07,IC,front,1.9062040911552374,19062040.911552373,17.260087750409607,IC2405,-0.0002534670673859374,-0.0002534670673859644,-0.00027519281601919775,2.1725748633233363e-05,0.0,-0.0002749339796694894,False,0.9999999999999998,18990238.94651067,18990238.946510665,19057208.08698226,19057208.086982258,0.0,0.0
2024-05-08,IC,front,1.8815566858476527,18815566.858476527,17.26008775040961,IC2405,-0.01293009779065546,-0.012930097790655494,-0.012372328866352719,-0.0005577689243027747,2.0507362948154625e-20,-0.012360957322853916,False,1.0,18794854.753176033,18794854.753176037,18831446.1392069,18831446.1392069,3.909121915057767e-09,3.9091219150577676e-13
2024-05-09,IC,front,1.9153864578384556,19153864.578384556,17.260087750409614,IC2405,0.017979671962719657,0.017979671962719698,0.017981506623124102,-1.8346604044030946e-06,2.0656665801470553e-20,0.017954627058159867,False,1.0000000000000002,18847325.41993728,18847325.419937283,19163530.227524783,19163530.227524783,3.886668764607748e-09,3.886668764607748e-13
2024-05-10,IC,front,1.908177485317239,19081774.85317239,17.362096245816314,IC2406,-0.0037637169729975994,-0.003563311882866102,-0.003879957293188214,0.0003166454103221121,0.0002004050901315104,-0.003845759317013475,True,1.0008663249279879,18910237.34226373,18926768.35948928,19053301.015329253,19069832.03255481,38385319.57197901,3838.531957197901
2024-05-13,IC,front,1.8955420427222271,18955420.42722227,17.34706804833854,IC2406,-0.006621733403856522,-0.006621647117893704,-0.0054850829646228335,-0.0011365641532708707,8.628596282758003e-08,-0.005444954294179127,False,1.000003575260094,18781255.86401695,18781323.634575166,18946399.951837134,18946467.72239535,16464.893156650844,1.6464893156650844
2024-05-14,IC,front,1.8922114441731885,18922114.441731885,17.347006028280138,IC2406,-0.0017570692044663883,-0.0017570688455008242,-0.0008272912591360159,-0.0009297775863648083,3.5896564116894e-10,-0.0008210329757359913,False,0.9999999859379398,18863134.621235736,18863134.355151825,18939461.447760165,18939461.181676254,68.04344647284665,0.0068043446472846655
2024-05-15,IC,front,1.8754889301475328,18754889.301475327,17.347006272214784,IC2406,-0.008837550410737971,-0.008837550409332954,-0.009915658219134298,0.0010781078098013432,1.4049684361798207e-12,-0.009831404501939756,False,0.9999999999889315,18704929.923411347,18704929.92320376,18772930.18799843,18772930.18779084,0.26584973536415646,2.658497353641565e-05
2024-05-16,IC,front,1.8659827707101586,18659827.707101587,17.34700627240679,IC2406,-0.005068629990061413,-0.00506862999006038,-0.004067853046757134,-0.0010007769433032455,1.111811212240302e-15,-0.0040373366430068724,False,1.0000000000000508,18591133.562262855,18591133.562263805,18678562.473875787,18678562.473876737,0.00020851896209705956,2.0851896209705956e-08
2024-05-17,IC,front,1.8944318609969046,18944318.609969046,17.34700627240591,IC2406,0.015246169864643777,0.015246169864643848,0.012498140710992109,0.00274802915365174,5.087606073811293e-18,0.012391537181063672,False,1.0,18630684.736563947,18630684.736563947,18847869.255094472,18847869.255094472,9.493385277892229e-07,9.493385277892229e-11
2024-05-20,IC,front,1.8991502467029993,18991502.467029992,17.34700627240591,IC2406,0.0024906600249068322,0.0024906600249066674,0.005788953190242413,-0.003298293165335746,0.0,0.005755759856806986,False,1.0,18896440.87265721,18896440.87265721,19003992.311546125,19003992.311546125,0.0,0.0
2024-05-21,IC,front,1.887562446513032,18875624.46513032,17.347006272405913,IC2406,-0.006101571063207856,-0.006101571063207826,-0.00814578005115092,0.002044208987943095,2.045408015055249e-20,-0.008072779940255348,False,1.0,18786113.91276471,18786113.91276471,18836073.290829234,18836073.290829238,3.884537136400468e-09,3.884537136400468e-13
2024-05-22,IC,front,1.881803240430593,18818032.40430593,17.347006272405913,IC2406,-0.0030511340660958064,-0.003051134066095718,-0.001893173547035287,-0.0011579605190604311,0.0,-0.0018799359726661136,False,1.0000000000000002,18771542.427495886,18771542.42749589,18845093.734090883,18845093.734090887,0.0,0.0
2024-05-23,IC,front,1.8478031081366775,18478031.081366774,17.34700627240591,IC2406,-0.01806784660766969,-0.018067846607669618,-0.019598082595870075,0.0015302359882004562,2.042740770061886e-20,-0.019438211903938907,False,1.0000000000000002,18389214.409252055,18389214.409252055,18450969.75158182,18450969.75158182,3.844036200462142e-09,3.844036200462142e-13
2024-05-24,IC,front,1.8285132371617618,18285132.37161762,17.34700627240591,IC2406,-0.010439354111903887,-0.010439354111903937,-0.009173864063086856,-0.0012654900488170814,0.0,-0.009111744751795547,False,1.0000000000000002,18271948.646850593,18271948.646850593,18342724.43244201,18342724.43244201,0.0,0.0
2024-05-27,IC,front,1.8465541236850642,18465541.23685064,17.347006272405906,IC2406,0.009866423800850121,0.009866423800850031,0.010989678202792971,-0.00112325440194294,2.0560319381347212e-20,0.010900638944565166,False,0.9999999999999998,18174805.41172512,18174805.41172512,18431541.10455673,18431541.104556724,3.75948161490669e-09,3.7594816149066903e-13
2024-05-28,IC,front,1.8318438623660642,18318438.623660643,17.34700627240591,IC2406,-0.007966330978505742,-0.007966330978505869,-0.010378776491808166,0.002412445513302297,2.044255995305404e-20,-0.010284154694239933,False,1.0,18253213.880076393,18253213.880076393,18292071.174126584,18292071.174126584,3.774829337999108e-09,3.7748293379991086e-13
2024-05-29,IC,front,1.8353132636205454,18353132.636205453,17.347006272405913,IC2406,0.0018939393939392257,0.0018939393939393946,0.002306818181818237,-0.00041287878787884267,2.0464754397944137e-20,0.0022911403596226343,False,1.0000000000000002,18275418.048105076,18275418.04810508,18335785.629933048,18335785.62993305,3.7488234738702886e-09,3.748823473870289e-13
2024-05-30,IC,front,1.834272443244201,18342724.43244201,17.34700627240591,IC2406,-0.0005671077504726396,-0.0005671077504725901,-0.003714555765595567,0.003147448015122977,2.0441554688121045e-20,-0.003687848492298751,False,1.0,18251132.23932371,18251132.23932371,18321908.02491512,18321908.02491512,3.751665644813329e-09,3.7516656448133293e-13
2024-05-31,IC,front,1.8326071306420497,18326071.306420498,17.34700627240591,IC2406,-0.0009078872706640428,-0.0009078872706639265,-2.2697181766576633e-05,-0.0008851900888973498,0.0,-2.2604574412388168e-05,False,1.0000000000000002,18319132.50391154,18319132.503911536,18357989.797961723,18357989.797961727,0.0,0.0
2024-06-03,IC,front,1.8178968693230495,18178968.693230495,17.34700627240591,IC2406,-0.008026958464276257,-0.008026958464276182,-0.006525690053386895,-0.0015012684108892866,0.0,-0.006493310778481476,False,1.0000000000000002,18020070.115775257,18020070.11577526,18115131.71014804,18115131.710148044,0.0,0.0
2024-06-04,IC,front,1.8412806337782524,18412806.337782525,17.347006272405906,IC2406,0.012863086377342459,0.012863086377342575,0.012954692927210982,-9.160654986840603e-05,2.043805689963655e-20,0.012870515560089224,False,1.0,18103335.745882805,18103335.745882805,18406561.415524457,18406561.415524457,3.715427965289564e-09,3.715427965289564e-13
2024-06-05,IC,front,1.8206030023015447,18206030.023015447,17.347006272405906,IC2406,-0.011230027132951403,-0.01123002713295136,-0.012060973771480295,0.0008309466385289347,0.0,-0.011982515747994693,False,1.0,18199091.220506486,18199091.220506486,18256683.28133087,18256683.281330872,0.0,0.0
2024-06-06,IC,front,1.8069335613588888,18069335.61358889,17.347006272405906,IC2406,-0.007508194222120568,-0.0075081942221206935,-0.009364280814086327,0.001856086591965634,0.0,-0.00931045066825309,False,1.0,17983988.342728652,17983988.342728652,18072111.134592474,18072111.134592474,0.0,0.0
2024-06-07,IC,front,1.796455969570356,17964559.69570356,17.347006272405906,IC2406,-0.005798548442840001,-0.005798548442840102,-0.0038055374217581157,-0.0019930110210819862,0.0,-0.0037905446756426597,False,0.9999999999999998,17863947.0593236,17863947.0593236,17999947.588499267,17999947.588499263,0.0,0.0
2024-06-11,IC,front,1.803602936154587,18036029.361545872,17.34700627240591,IC2406,0.003978370027037492,0.003978370027037538,0.0016396292004636347,0.0023387408265739037,2.0386134871597142e-20,0.00162987763439304,False,1.0000000000000002,17812599.92075728,17812599.920757286,18036723.24179677,18036723.24179677,3.6622793686547084e-09,3.6622793686547085e-13
2024-06-12,IC,front,1.8075580535846956,18075580.535846956,17.347006272405906,IC2406,0.0021928980879466486,0.002192898087946684,0.0029777247720539296,-0.0007848266841072454,2.0446389416826973e-20,0.0029669552484248296,False,1.0,17992314.905739404,17992314.905739404,18097090.823624738,18097090.823624738,3.68771679859492e-09,3.6877167985949204e-13
2024-06-13,IC,front,1.7985376103230446,17985376.103230447,17.347006272405906,IC2406,-0.004990403071017169,-0.004990403071017274,-0.007362763915546961,0.0023723608445296866,0.0,-0.007330473251225378,False,0.9999999999999998,17909743.155882757,17909743.155882753,17955539.252441905,17955539.252441905,0.0,0.0
2024-06-14,IC,front,1.8088793625540007,18088793.625540007,17.45475165297986,IC2407,0.005750089501380229,0.005949745034889857,0.0036079719730082054,0.002341773061881651,0.0001996555335097002,0.003561397530892796,True,1.0000724751266146,17880034.795770366,17881345.783378683,18101361.046730153,18102672.03433847,35908798.612630874,3590.8798612630876
2024-06-17,IC,front,1.8040618380228146,18040618.380228147,17.45348670932073,IC2407,-0.0026632646880243582,-0.002663257459812324,-0.0011504680881444873,-0.001512789371667837,7.22821206812659e-09,-0.0011432758690143041,False,1.000000200768846,18005711.406809505,18005715.02880364,18053883.03012723,18053886.652121365,1307.496363819796,0.13074963638197962
2024-06-18,IC,front,1.8146037420107193,18146037.420107193,17.45348320520505,IC2407,0.005843427185100447,0.005843427205186535,0.004597345336994261,0.0012460818681922746,2.0086207871377276e-11,0.004562974229566086,False,0.9999999999272784,18048996.053486258,18048996.05216665,18112526.732353203,18112526.731033593,3.623676109134522,0.0003623676109134522
2024-06-19,IC,front,1.7938690039612166,17938690.039612167,17.453483206474296,IC2407,-0.01142659279790037,-0.01142659279789298,-0.011940212373102187,0.0005136195752092063,7.283076286909823e-15,-0.011866049563267533,False,1.000000000000118,17914255.163123105,17914255.163125217,17948463.99020779,17948463.990209907,0.00132158974835761,1.32158974835761e-07
2024-06-20,IC,front,1.765873616898035,17658736.16898035,17.45348320647224,IC2407,-0.015606149056236807,-0.015606149056236746,-0.014448336252189295,-0.0011578128040474513,1.1769680927492127e-17,-0.014364980788652004,False,1.0000000000000002,17634999.431819547,17634999.43181955,17690152.438752,17690152.438752003,2.111326580234163e-06,2.1113265802341632e-10
2024-06-21,IC,front,1.766501942293468,17665019.42293468,17.453483206472235,IC2407,0.00035581560844488713,0.0003558156084447263,0.0015339606230727087,-0.0011781450146279824,2.031991860148901e-20,0.0015231903772054967,False,1.0,17597998.047421824,17597998.047421824,17706907.782630216,17706907.782630213,3.588240815588506e-09,3.588240815588506e-13
2024-06-24,IC,front,1.7331308824026932,17331308.82402693,17.453483206472235,IC2407,-0.01889104058807256,-0.018891040588072634,-0.021621942062206072,0.0027309014741334395,0.0,-0.021445104491477407,False,1.0,17276155.81709448,17276155.81709448,17357139.97917251,17357139.97917251,0.0,0.0
2024-06-25,IC,front,1.718609584374908,17186095.84374908,17.453483206472235,IC2407,-0.00837865055387732,-0.008378650553877213,-0.008918429003021096,0.000539778449143884,0.0,-0.008868575640257781,False,1.0,17042977.28145601,17042977.28145601,17136527.9514427,17136527.9514427,0.0,0.0
2024-06-26,IC,front,1.741927437938755,17419274.37938755,17.453483206472235,IC2407,0.01356785960921325,0.013567859609213183,0.014583417963196205,-0.0010155583539830204,0.0,0.014509066145579785,False,1.0,17057638.207349446,17057638.207349446,17392745.084913716,17392745.084913712,0.0,0.0
2024-06-27,IC,front,1.7132339115473147,17132339.115473147,17.453483206472235,IC2407,-0.01647228567993264,-0.01647228567993263,-0.01851228407679053,0.002039998396857899,0.0,-0.018400814272880983,False,1.0,17076487.969212435,17076487.969212435,17120470.746892747,17120470.746892747,0.0,0.0
2024-06-28,IC,front,1.7135829812114443,17135829.812114444,17.453483206472235,IC2407,0.0002037489812551918,0.00020374898125509363,0.003001222493887441,-0.002797473512632347,0.0,0.0029890118809670074,False,0.9999999999999998,17094639.59174717,17094639.591747165,17165849.803229578,17165849.803229574,0.0,0.0
2024-07-01,IC,front,1.7342479053279076,17342479.053279076,17.45348320647224,IC2407,0.012059482583010928,0.01205948258301076,0.012299857404766778,-0.00024037482175601855,2.0425818619415673e-20,0.012215797587592503,False,0.9999999999999998,17098130.28838846,17098130.28838846,17375291.601707246,17375291.601707242,3.5001335163542535e-09,3.500133516354254e-13
2024-07-02,IC,front,1.719028467971864,17190284.67971864,17.45348320647224,IC2407,-0.00877581417817308,-0.008775814178173072,-0.010804718006521535,0.002028903828348464,0.0,-0.010729219133507661,False,0.9999999999999998,17112791.214281898,17112791.214281898,17180510.729123015,17180510.72912301,0.0,0.0
2024-07-03,IC,front,1.7033901470188648,17033901.470188648,17.45348320647224,IC2407,-0.009097185558217924,-0.00909718555821796,-0.007830077569751752,-0.001267107988466208,0.0,-0.007790717408697412,False,1.0,17017146.126310434,17017146.12631043,17061128.903990746,17061128.90399074,0.0,0.0
2024-07-04,IC,front,1.6768608525450268,16768608.525450269,17.45348320647224,IC2407,-0.015574408787245475,-0.01557440878724538,-0.015660477888438065,8.606910119268533e-05,0.0,-0.015561239034641128,False,0.9999999999999999,16737890.395006878,16737890.395006876,16791647.12328281,16791647.12328281,0.0,0.0
2024-07-05,IC,front,1.6901953137147716,16901953.137147717,17.45348320647224,IC2407,0.007952037969940484,0.007952037969940425,0.006611432615845833,0.0013406053540945915,0.0,0.006569448753749096,False,0.9999999999999998,16654811.81494407,16654811.814944068,16899160.57983468,16899160.579834677,0.0,0.0
2024-07-08,IC,front,1.6624093684500678,16624093.684500678,17.45348320647224,IC2407,-0.016439487814952636,-0.016439487814952573,-0.01706732755059899,0.0006278397356464167,0.0,-0.016982240981780694,False,0.9999999999999999,16541015.104437873,16541015.10443787,16608036.479950724,16608036.479950722,0.0,0.0
2024-07-09,IC,front,1.6946634054156284,16946634.054156285,17.45348320647224,IC2407,0.019401982193851808,0.019401982193851957,0.019586762976650372,-0.00018478078279841818,0.0,0.019499876662443905,False,1.0,16515183.949292291,16515183.94929229,16974559.62728664,16974559.62728664,0.0,0.0
2024-07-10,IC,front,1.6864951752749995,16864951.752749994,17.45348320647224,IC2407,-0.004819971986487648,-0.004819971986487712,-0.00674384114690611,0.0019238691604183977,0.0,-0.006713280977670211,False,1.0,16849592.687528297,16849592.687528297,16888688.489910796,16888688.489910796,0.0,0.0
2024-07-11,IC,front,1.7193077237031673,17193077.237031672,17.45348320647224,IC2407,0.019456058285383104,0.019456058285383118,0.01978101585461765,-0.00032495756923453224,0.0,0.019728910688334045,False,1.0,16948030.332812805,16948030.3328128,17182605.147107787,17182605.147107787,0.0,0.0
2024-07-12,IC,front,1.7117497879323789,17117497.879323788,17.528931565833034,IC2408,-0.004395918000362098,-0.004196092921427947,-0.004142392481634041,-5.370043979390639e-05,0.0001998250789342754,-0.004123707166181156,True,1.000483029736786,17069118.028202083,17077386.288697176,17143440.69804122,17151708.958536305,34356080.16012947,3435.6080160129472
2024-07-15,IC,front,1.696049672919571,16960496.72919571,17.520468658468566,IC2408,-0.009171968428733912,-0.009171920224640338,-0.007260522249955113,-0.0019113979746852245,4.8204093486833966e-08,-0.007208254732322894,False,1.0000010466054436,16913541.873191018,16913559.624139216,16954890.179225,16954907.930173203,8251.33468035606,0.825133468035606
2024-07-16,IC,front,1.7006750695733912,17006750.695733912,17.520450321469887,IC2408,0.0027271587192714275,0.0027271588238108623,0.0029874784939435853,-0.0002603196701327231,1.0453945450655992e-10,0.002960748582075734,False,1.00000000131186,16855374.00495641,16855374.02726689,17004648.241695337,17004648.264005814,17.730410762304132,0.0017730410762304132
2024-07-17,IC,front,1.6900226357924246,16900226.357924245,17.52045029848551,IC2408,-0.006263650224283435,-0.006263650224152277,-0.008608398237625882,0.0023447480134736044,1.312292426259163e-13,-0.008529385345299234,False,0.9999999999996969,16861681.367267575,16861681.367262453,16911439.446115274,16911439.44611015,0.022317830133289362,2.2317830133289364e-06
2024-07-18,IC,front,1.7006750695739086,17006750.695739087,17.52045029849082,IC2408,0.006303130831433634,0.006303130831433711,0.004376943810908172,0.0019261870205255385,3.020804651980586e-17,0.004346680174114326,False,0.9999999999999989,16673161.32205582,16673161.322055804,16958394.252915256,16958394.252915237,5.105228240154247e-06,5.105228240154247e-10
2024-07-19,IC,front,1.698152124730926,16981521.24730926,17.52045029849084,IC2408,-0.001483496105822768,-0.0014834961058226802,-0.0011620719495610077,-0.0003214241562616726,1.0091968824230087e-19,-0.0011562850447649486,False,1.0,16846964.189016853,16846964.189016853,16972410.613154046,16972410.613154046,1.716315978228522e-08,1.716315978228522e-12
2024-07-22,IC,front,1.694017298460482,16940172.98460482,17.52045029849084,IC2408,-0.002434897445421247,-0.002434897445421192,-0.0012525277537040608,-0.0011823696917171312,0.0,-0.0012458821235415973,False,1.0,16844160.91696909,16844160.916969094,16924754.98834215,16924754.98834215,0.0,0.0
2024-07-23,IC,front,1.6437686470044104,16437686.470044104,17.52045029849084,IC2408,-0.02966241932814817,-0.029662419328148195,-0.029616912129736758,-4.5507198411435796e-05,0.0,-0.02942469964940242,False,1.0,16434883.197996344,16434883.197996346,16522485.4494888,16522485.4494888,0.0,0.0
2024-07-24,IC,front,1.6228842702486093,16228842.702486092,17.52045029849084,IC2408,-0.012705180132168037,-0.01270518013216806,-0.011669153698571688,-0.0010360264335963715,0.0,-0.011590581858219706,False,1.0,16205715.708092086,16205715.708092088,16269490.147178592,16269490.147178594,0.0,0.0
2024-07-25,IC,front,1.621412552423536,16214125.52423536,17.52045029849084,IC2408,-0.0009068532193289291,-0.0009068532193288895,-0.0005635445005831024,-0.00034330871874578697,0.0,-0.0005591187773937856,False,1.0000000000000002,16146846.995089157,16146846.995089157,16232346.79254579,16232346.792545792,0.0,0.0
2024-07-26,IC,front,1.6502161727142548,16502161.727142548,17.520450298490836,IC2408,0.01776452282157659,0.017764522821576725,0.015328924619640449,0.002435598201936275,2.038971041640867e-20,0.015203249418598519,False,1.0,16284207.325429324,16284207.325429322,16478333.914736602,16478333.914736602,3.306013240944594e-09,3.306013240944594e-13
2024-07-29,IC,front,1.6397039025351603,16397039.025351603,17.52045029849084,IC2408,-0.00637023824691052,-0.006370238246910437,-0.0058478787106637726,-0.000522359536246664,2.0320582494538837e-20,-0.0058145672433377316,False,1.0000000000000002,16371108.758909838,16371108.75890984,16411055.385590395,16411055.385590399,3.3533353871462164e-09,3.3533353871462165e-13
2024-07-30,IC,front,1.6374612848969536,16374612.848969536,17.520450298490836,IC2408,-0.0013676967132537632,-0.0013676967132537586,-0.002042996965423004,0.0006753002521692453,2.0219457915119134e-20,-0.002030224004213488,False,1.0,16183990.349721957,16183990.349721957,16364801.39680238,16364801.39680238,3.3153924050566275e-09,3.3153924050566277e-13
2024-07-31,IC,front,1.7135701209935978,17135701.209935978,17.520450298490836,IC2408,0.046479777444896175,0.046479777444896175,0.04004493901134177,0.006434838433554406,0.0,0.03982099385437765,False,1.0,16329059.67819346,16329059.67819346,17093652.1292196,17093652.1292196,0.0,0.0
2024-08-01,IC,front,1.696329997899883,16963299.97899883,17.520450298490836,IC2408,-0.01006093820293641,-0.010060938202936449,-0.006838166128174635,-0.003222772074761814,0.0,-0.006843469950331582,False,1.0,16877800.181542195,16877800.181542195,16981521.24730926,16981521.247309256,0.0,0.0
2024-08-02,IC,front,1.6741841487225906,16741841.487225905,17.520450298490836,IC2408,-0.013055153893823612,-0.013055153893823553,-0.013292708118157479,0.0002375542243339263,0.0,-0.013259921244104245,False,1.0,16708202.2226528,16708202.2226528,16755157.029452758,16755157.029452758,0.0,0.0
2024-08-05,IC,front,1.6433481561972465,16433481.561972465,17.52045029849084,IC2408,-0.01841851898363267,-0.018418518983632635,-0.019835489137259726,0.0014169701536270918,2.0168026814184563e-20,-0.01979067038102822,False,1.0000000000000002,16386526.755172508,16386526.755172512,16445395.468175437,16445395.468175441,3.376499080331996e-09,3.3764990803319963e-13
2024-08-06,IC,front,1.6603079520861854,16603079.520861855,17.520450298490836,IC2408,0.010320269521088221,0.010320269521088244,0.012139110409825448,-0.0018188408887372053,2.0576728471872568e-20,0.012128636407213511,False,1.0000000000000002,16418063.565709792,16418063.565709792,16558927.98610966,16558927.986109661,3.3814728794823168e-09,3.381472879482317e-13
2024-08-07,IC,front,1.659396888670664,16593968.886706641,17.520450298490836,IC2408,-0.000548731585834239,-0.000548731585834168,0.00024481870752603396,-0.000793550293360202,0.0,0.0002441704309608106,False,1.0000000000000002,16483239.640820177,16483239.64082018,16620599.971160345,16620599.971160347,0.0,0.0
2024-08-08,IC,front,1.6652837599709567,16652837.599709567,17.520450298490836,IC2408,0.0035475969254157302,0.0035475969254158443,0.0008172142917477829,0.0027303826336680615,0.0,0.0008144042222757442,False,1.0000000000000002,16439088.10606798,16439088.106067982,16671058.86802,16671058.868020002,0.0,0.0
2024-08-09,IC,front,1.6478491682752252,16478491.682752252,17.612358913306505,IC2409,-0.0104694419742829,-0.010268218182681995,-0.007533876266660202,-0.002734341916021794,0.0002012237916008028,-0.007464553882514213,True,1.0008326735196476,16466515.278691206,16480236.482359163,16515125.389291927,16528846.592959886,33509471.22725971,3350.947122725971
2024-08-12,IC,front,1.6520697259324,16520697.259324,17.597705769705524,IC2409,0.0025612524121927382,0.0025613355123697804,-0.0013141370047610775,0.003875472517130858,8.31001770163321e-08,-0.0013028805311516845,False,1.0000017503665306,16394697.686012905,16394726.603288453,16497468.287707986,16497497.204983532,13693.655757988683,1.3693655757988683
2024-08-13,IC,front,1.6559412209118847,16559412.209118847,17.59767496732424,IC2409,0.002343421054640915,0.002343421230087737,0.0037665103642792893,-0.0014230891341915522,1.754468369672342e-10,0.003750403041050898,False,0.9999999960827876,16366541.691476973,16366541.626610238,16470016.02028484,16470015.955418106,28.985040786416505,0.0028985040786416506
2024-08-14,IC,front,1.6283480664598986,16283480.664598987,17.597675036258074,IC2409,-0.01666312433287409,-0.016663124332482637,-0.013766206161965675,-0.0028969181705169604,3.913882258643259e-13,-0.01368812132278363,False,0.9999999999970115,16280665.036593184,16280665.03654452,16334865.875704858,16334865.875656195,0.06481158965883083,6.481158965883083e-06
2024-08-15,IC,front,1.6405256575850278,16405256.575850278,17.597675036310665,IC2409,0.007478493926426744,0.007478493926427143,0.006767388579092939,0.0007111053473342043,2.9867009546692816e-16,0.006708705890419608,False,0.9999999999999986,16246173.59352203,16246173.593522007,16402440.947844468,16402440.947844444,4.863388724629658e-05,4.8633887246296585e-09
2024-08-16,IC,front,1.6340497131716656,16340497.131716656,17.59767503631069,IC2409,-0.003947481335278447,-0.003947481335278396,-0.0060070368145541935,0.0020595554792757972,1.41798810146584e-19,-0.005959500934364592,False,1.0,16327122.898689058,16327122.89868906,16357390.899751514,16357390.899751514,2.326245862604992e-08,2.3262458626049923e-12
2024-08-19,IC,front,1.6408072203856088,16408072.203856088,17.59767503631069,IC2409,0.00413543551305251,0.004135435513052429,0.0027095718101145705,0.001425863702937859,0.0,0.002693570972811532,False,1.0,16326418.991687607,16326418.991687607,16410887.831861898,16410887.831861898,0.0,0.0
2024-08-20,IC,front,1.6091314053202495,16091314.053202495,17.59767503631069,IC2409,-0.019305019305019377,-0.019305019305019305,-0.017363792363792326,-0.0019412269412269773,0.0,-0.017286075473632034,False,1.0,16025146.795065967,16025146.795065967,16071604.657161826,16071604.657161826,0.0,0.0
2024-08-21,IC,front,1.608638670419233,16086386.70419233,17.59767503631069,IC2409,-0.00030621172353451076,-0.0003062117235344786,-0.0032567804024497657,0.002950568678915287,0.0,-0.003235542730241847,False,1.0,16037113.21409066,16037113.21409066,16082867.169185067,16082867.169185068,0.0,0.0
2024-08-22,IC,front,1.588929274378565,15889292.74378565,17.59767503631069,IC2409,-0.012252220715004536,-0.012252220715004593,-0.01175994398984816,-0.0004922767251564326,0.0,-0.011717591865920252,False,1.0,15827348.927657835,15827348.927657835,15875918.510758054,15875918.510758054,0.0,0.0
2024-08-23,IC,front,1.5903370883814698,15903370.883814698,17.59767503631069,IC2409,0.0008860142648297042,0.0008860142648296637,0.0008239932662916439,6.202099853801987e-05,0.0,0.0008205815982371689,False,1.0,15840019.253683979,15840019.25368398,15908298.232824864,15908298.232824864,0.0,0.0
2024-08-26,IC,front,1.59329349778757,15932934.977875698,17.59767503631069,IC2409,0.0018589828708006628,0.0018589828708006097,0.001608905413180969,0.00025007745761964067,0.0,0.001602348641970952,False,1.0000000000000002,15856209.114717383,15856209.114717385,15911113.860830674,15911113.860830674,0.0,0.0
2024-08-27,IC,front,1.576822073953583,15768220.739535829,17.59767503631069,IC2409,-0.010337972166998055,-0.010337972166998052,-0.010839407996465586,0.0005014358294675345,0.0,-0.010798000158438126,False,1.0000000000000002,15742176.180482091,15742176.180482091,15766109.018531473,15766109.018531475,0.0,0.0
2024-08-28,IC,front,1.5778075437556165,15778075.437556164,17.597675036310687,IC2409,0.0006249720994599972,0.0006249720994598858,0.0010535243962323674,-0.0004285522967724817,2.0168712940079464e-20,0.0010499878761993653,False,0.9999999999999998,15725282.412447233,15725282.412447229,15790041.856580853,15790041.856580852,3.1802471767150564e-09,3.1802471767150566e-13
2024-08-29,IC,front,1.6004029585022395,16004029.585022394,17.59767503631069,IC2409,0.014320767343296792,0.01432076734329686,0.01291322774927491,0.001407539594021949,2.0129996471480884e-20,0.012864415856853606,False,1.0,15702757.388400756,15702757.388400758,16034297.58608485,16034297.58608485,3.176126028847648e-09,3.176126028847648e-13
2024-08-30,IC,front,1.6289815827612077,16289815.827612078,17.59767503631069,IC2409,0.017857142857142794,0.017857142857142818,0.017859342012667145,-2.1991555243269764e-06,0.0,0.017817415915224233,False,1.0000000000000002,15985728.002984632,15985728.002984632,16370765.132779106,16370765.132779108,0.0,0.0
2024-09-02,IC,front,1.5951940466914913,15951940.466914913,17.59767503631069,IC2409,-0.020741508944775777,-0.020741508944775736,-0.01992697260392351,-0.0008145363408522251,0.0,-0.019880968547846378,False,1.0000000000000002,15932231.070874246,15932231.070874248,15992767.072999155,15992767.072999155,0.0,0.0
2024-09-03,IC,front,1.6105392193231542,16105392.193231544,17.59767503631069,IC2409,0.00961962757038215,0.009619627570382218,0.010943429529608917,-0.0013238019592266986,0.0,0.010908579069603741,False,1.0,15953348.28091782,15953348.28091782,16108911.728238806,16108911.728238806,0.0,0.0
2024-09-04,IC,front,1.608145935518216,16081459.35518216,17.59767503631069,IC2409,-0.001486013986014112,-0.0014860139860140259,-0.003146853146853067,0.0016608391608390412,0.0,-0.0031328320802004317,False,1.0000000000000002,15950532.65291201,15950532.65291201,16083571.07618652,16083571.07618652,0.0,0.0
2024-09-05,IC,front,1.6163112567350642,16163112.56735064,17.59767503631069,IC2409,0.005077475269193776,0.005077475269193693,0.004160465727041981,0.0009170095421517122,0.0,0.004148770863887208,False,1.0000000000000002,16082867.169185067,16082867.169185068,16150442.2413245,16150442.241324501,0.0,0.0
2024-09-06,IC,front,1.5923080279855364,15923080.279855363,17.59767503631069,IC2409,-0.014850622768051602,-0.014850622768051526,-0.013857677902621797,-0.0009929448654297293,0.0,-0.013831505143346523,False,1.0000000000000002,15882957.580772577,15882957.580772577,15928711.535866983,15928711.535866985,0.0,0.0
2024-09-09,IC,front,1.5818902043640406,15818902.043640405,17.597675036310687,IC2409,-0.00654259316564243,-0.006542593165642424,-0.006688475310552191,0.00014588214490976714,2.0147486513746282e-20,-0.006668944010402411,False,0.9999999999999999,15749919.157498067,15749919.157498064,15794969.205591021,15794969.20559102,3.2081004519568523e-09,3.2081004519568527e-13
2024-09-10,IC,front,1.5813270787628784,15813270.787628785,17.597675036310687,IC2409,-0.00035598273483739007,-0.0003559827348374414,0.00011569438882223918,-0.0004716771236596806,0.0,0.00011537121798732564,False,0.9999999999999999,15526780.638037648,15526780.638037646,15817494.229637498,15817494.229637496,0.0,0.0
2024-09-11,IC,front,1.5870287254746431,15870287.254746431,17.59767503631069,IC2409,0.0036056087246827406,0.003605608724682801,0.0016047184509236682,0.0020008902737591325,2.015439076317909e-20,0.0015994817767779335,False,1.0000000000000002,15708388.644412372,15708388.644412374,15841427.067686882,15841427.067686884,3.187068386978353e-09,3.1870683869783533e-13
2024-09-12,IC,front,1.5825237206653475,15825237.206653476,17.59767503631069,IC2409,-0.002838641000620923,-0.002838641000620994,-0.004065022620420458,0.001226381619799464,0.0,-0.0040598726001789265,False,1.0000000000000002,15786522.32157359,15786522.321573593,15832980.183669455,15832980.183669455,0.0,0.0
2024-09-13,IC,front,1.5634933752506315,15634933.752506316,17.70319179194276,IC2410,-0.012025314481046157,-0.011824872661886683,-0.010214034640794616,-0.0016108380210920663,0.00020044181915944228,-0.010147689693745687,True,1.0007129645311679,15632101.241819605,15643248.395032302,15680962.051165367,15692109.204378063,31720393.343313135,3172.0393343313135
2024-09-18,IC,front,1.5702884639681942,15702884.639681943,17.690579036553878,IC2410,0.004346093706008469,0.0043461651315340934,0.002695039538551197,0.0016511255929828965,7.142552567276932e-08,0.002675827237270223,False,0.9999987859762268,15419835.37509708,15419816.31142182,15685194.060645388,15685174.996970128,11167.333621316871,1.1167333621316873
2024-09-19,IC,front,1.595196825520077,15951968.25520077,17.69060051336346,IC2410,0.015862283983758108,0.01586228410540114,0.012960204008674349,0.002902080096726792,1.2164309221400306e-10,0.012888567222437697,False,1.000000002489306,15567728.412050514,15567728.451759845,15905972.693866026,15905972.733575355,19.101474442506827,0.0019101474442506827
2024-09-20,IC,front,1.583237979591319,15832379.79591319,17.690600469326142,IC2410,-0.007496783931261297,-0.007496783931013049,-0.004879563503863047,-0.0026172204271500024,2.48234923273285e-13,-0.004866836710991751,False,1.0000000000072595,15731189.561228644,15731189.561343577,15809735.82731245,15809735.827427385,0.03959835615887641,3.959835615887641e-06
2024-09-23,IC,front,1.5845117028250746,15845117.028250746,17.69060046919772,IC2410,0.0008045052292671162,0.0008045052292679701,-0.0008268525967684979,0.0016313578260364681,7.24352129465252e-16,-0.0008225165003480361,False,1.0000000000000167,15754541.153848456,15754541.15384872,15838040.788063068,15838040.788063332,0.0001146821801967235,1.146821801967235e-08
2024-09-24,IC,front,1.6648977913571081,16648977.913571082,17.690600469197424,IC2410,0.05073240443015403,0.05073240443015399,0.0435222400857452,0.007210164344408786,1.6860523197280129e-18,0.0433645034474015,False,1.0,15888989.71741436,15888989.71741436,16525851.334305467,16525851.334305467,2.6715696321844007e-07,2.6715696321844008e-11
2024-09-25,IC,front,1.6742384284048444,16742384.284048444,17.690600469197424,IC2410,0.005610336620197165,0.005610336620197134,0.008900034002039953,-0.0032896973818428194,0.0,0.00893039918116667,False,1.0,16701342.090959905,16701342.090959903,16773519.74087423,16773519.74087423,0.0,0.0
2024-09-26,IC,front,1.7673617492746994,17673617.492746994,17.690600469197424,IC2410,0.0556213017751479,0.055621301775147895,0.04368131868131883,0.011939983093829064,0.0,0.0436861193537752,False,1.0,16711248.827222656,16711248.827222655,17473359.89543568,17473359.895435683,0.0,0.0
2024-09-27,IC,front,1.9212699733567171,19212699.73356717,17.690600469197424,IC2410,0.08708360025624606,0.08708360025624601,0.05274863869314538,0.03433496156310062,0.0,0.053357714785609245,False,1.0,17786129.71173109,17786129.71173109,18986260.047561444,18986260.047561444,0.0,0.0
2024-09-30,IC,front,2.0884815289915712,20884815.28991571,17.690600469197424,IC2410,0.08703178520128163,0.08703178520128178,0.09972929173879419,-0.01269750653751241,0.0,0.10411079518693045,False,1.0000000000000002,19286292.63151903,19286292.63151903,20852972.209071156,20852972.209071156,0.0,0.0
2024-10-08,IC,front,2.1576163956251944,21576163.956251945,17.690600469197424,IC2410,0.033102934200718304,0.03310293420071824,0.06985837229789249,-0.03675543809717425,0.0,0.07179944351774781,False,1.0,20789993.67140081,20789993.671400815,21617206.149340484,21617206.149340484,0.0,0.0
2024-10-09,IC,front,2.0488545839405687,20488545.83940569,17.690600469197424,IC2410,-0.05040831720835648,-0.050408317208356514,-0.0688629431635564,0.018454625955199894,0.0,-0.06822102872515667,False,1.0,20131903.333946668,20131903.33394667,20676066.204379182,20676066.204379182,0.0,0.0
2024-10-10,IC,front,2.0211864848067442,20211864.848067444,17.690600469197424,IC2410,-0.013504179042619247,-0.013504179042619297,-0.00772950196863995,-0.005774677073979346,0.0,-0.007803837060903485,False,1.0,19938721.976823032,19938721.976823032,20274135.76171902,20274135.761719014,0.0,0.0
2024-10-11,IC,front,1.939193965486578,19391939.65486578,17.726596077940226,IC2411,-0.04056652858927379,-0.040367625516708756,-0.03858745669912981,-0.00178016881757895,0.00019890307256497533,-0.03867064496176331,True,1.0003052763884384,19121077.266794857,19126997.168097503,19331669.228200782,19337589.129503433,40202020.20548633,4020.202020548633
2024-10-14,IC,front,1.9835697688445415,19835697.688445415,17.721186218212686,IC2411,0.022883633173244267,0.022883663804661634,0.025103268866578123,-0.002219605061916486,3.063141741650138e-08,0.02510414362772595,False,0.9999990153774323,19134647.56165292,19134628.03097733,19753471.384392906,19753451.853717316,5940.025980837994,0.5940025980837994
2024-10-15,IC,front,1.92898846994077,19289884.6994077,17.721203666909744,IC2411,-0.02751670234194281,-0.027516702243913237,-0.024227204118506002,-0.0032894981254072376,9.802946337822053e-11,-0.024177313374285525,False,0.9999999956504092,19271454.647594113,19271454.563691005,19457881.710170005,19457881.6262669,19.444828001309133,0.0019444828001309135
2024-10-16,IC,front,1.934375715934532,19343757.15934532,17.72120374398973,IC2411,0.0027927828899503293,0.002792782890382325,-0.0021074485828209,0.004900231473203225,4.3203410049872374e-13,-0.0020959112371541355,False,0.9999999999712624,19114090.35882321,19114090.358267322,19298390.87776071,19298390.877204813,0.083338879848327,8.3338879848327e-06
2024-10-17,IC,front,1.9143153132955275,19143153.132955275,17.721203744498993,IC2411,-0.010370478947681061,-0.010370478947678249,-0.007713730807488719,-0.002656748140189529,2.8854428689806987e-15,-0.007709083717719389,False,1.000000000000121,19137482.347757038,19137482.347759355,19251606.89987161,19251606.899873927,0.000558153061547273,5.5815306154727296e-08
2024-10-18,IC,front,1.989524101987173,19895241.01987173,17.721203744496847,IC2411,0.03928756572613534,0.039287565726135475,0.04092238761756652,-0.001634821891431046,1.21667193576399e-17,0.0407880435284067,False,0.9999999999999994,19158038.944100663,19158038.944100652,20283689.805951104,20283689.805951092,2.3290937178899185e-06,2.3290937178899186e-10
2024-10-21,IC,front,2.015467944269117,20154679.442691166,17.721203744496854,IC2411,0.013040225175473097,0.0130402251754731,0.011438700252965957,0.0016015249225071436,4.0378481278411204e-20,0.011384711401732472,False,0.9999999999999998,19953366.568153683,19953366.56815368,20185159.9131317,20185159.913131695,8.033396170503693e-09,8.033396170503693e-13
2024-10-22,IC,front,2.0379384306171384,20379384.306171384,17.721203744496858,IC2411,0.011149016987303417,0.011149016987303422,0.008725776386593186,0.0024232406007102373,2.0034415681276337e-20,0.008698807726897462,False,1.0000000000000002,20060402.63877044,20060402.638770442,20335435.72088503,20335435.72088504,4.037872258777497e-09,4.0378722587774975e-13
2024-10-23,IC,front,2.0441762943352013,20441762.943352014,17.721203744496854,IC2411,0.00306086956521745,0.003060869565217454,0.003918260869565173,-0.0008573913043477192,2.0012946622866814e-20,0.003915639093824197,False,1.0,20273765.93185418,20273765.93185418,20453813.36189827,20453813.36189827,4.078515303262975e-09,4.0785153032629755e-13
2024-10-24,IC,front,2.0278727868902644,20278727.868902642,17.721203744496858,IC2411,-0.007975587766141934,-0.007975587766141896,-0.008613634787433298,0.000638047021291401,1.9993587771358378e-20,-0.008600542208095807,False,1.0000000000000002,20152552.89824182,20152552.89824183,20255335.879959904,20255335.87995991,4.087041816092096e-09,4.0870418160920965e-13
2024-10-25,IC,front,2.057786178810975,20577861.78810975,17.721203744496854,IC2411,0.014751118568232746,0.014751118568232599,0.014504684004474234,0.00024643456375836434,2.0066032570962934e-20,0.01449176663698104,False,0.9999999999999998,20273765.93185418,20273765.93185418,20565811.369563494,20565811.36956349,4.069136139150942e-09,4.069136139150942e-13
2024-10-28,IC,front,2.080894628493799,20808946.28493799,17.721203744496858,IC2411,0.011229762314846736,0.01122976231484668,0.012750602824664255,-0.001520840509817574,2.004850297300622e-20,0.012742504333277838,False,1.0,20468699.17304365,20468699.17304365,20772795.029299214,20772795.02929922,4.125553232370294e-09,4.125553232370294e-13
2024-10-29,IC,front,2.0613304195598743,20613304.195598744,17.721203744496858,IC2411,-0.009401825861834023,-0.009401825861834008,-0.012125289548984964,0.0027234636871509574,0.0,-0.012099488078970544,False,1.0000000000000002,20526115.87317582,20526115.87317582,20586367.965907108,20586367.965907108,0.0,0.0
2024-10-30,IC,front,2.0662214717933556,20662214.717933554,17.721203744496858,IC2411,0.002372764786795045,0.00237276478679508,0.004367262723521415,-0.001994497936726335,0.0,0.004369869918950942,False,1.0000000000000002,20421915.195158176,20421915.19515818,20618266.1326472,20618266.132647205,0.0,0.0
2024-10-31,IC,front,2.0852894870224343,20852894.87022434,17.721203744496854,IC2411,0.009228446945006796,0.00922844694500672,0.010868297368691835,-0.0016398504236851154,2.0056065625449584e-20,0.010853161994062832,False,0.9999999999999998,20558722.888065696,20558722.888065692,20923070.837052546,20923070.837052543,4.144027343500056e-09,4.1440273435000565e-13
2024-11-01,IC,front,2.069127749207453,20691277.49207453,17.721203744496858,IC2411,-0.007750356924332014,-0.007750356924332104,-0.011807396831871687,0.004057039907539584,2.0014419807329014e-20,-0.011772002392697267,False,1.0,20531786.658374056,20531786.65837406,20712542.93656793,20712542.93656793,4.1735859213076765e-09,4.1735859213076764e-13
2024-11-04,IC,front,2.1015221096523935,21015221.096523933,17.721203744496858,IC2411,0.01565604659129849,0.01565604659129833,0.01663069544364511,-0.0009746488523467801,0.0,0.016648319049627824,False,1.0,20696948.27727277,20696948.277272772,20939374.344497487,20939374.344497487,0.0,0.0
2024-11-05,IC,front,2.1648222494277363,21648222.49427736,17.721203744496858,IC2411,0.030121091510102227,0.03012109151010227,0.030873275542213446,-0.0007521840321111789,0.0,0.030875827091320307,False,1.0,20928741.622250788,20928741.62225079,21614906.631237708,21614906.631237708,0.0,0.0
2024-11-06,IC,front,2.1682247205466796,21682247.205466796,17.721203744496858,IC2411,0.001571709233791685,0.001571709233791808,0.002262606417812657,-0.0006908971840208492,0.0,0.00226113675296169,False,1.0000000000000002,21509997.105070285,21509997.105070285,21702094.95366063,21702094.953660633,0.0,0.0
2024-11-07,IC,front,2.2079202169343524,22079202.169343524,17.721203744496858,IC2411,0.018307833137177987,0.018307833137177976,0.01859716228586381,-0.00028932914868583075,0.0,0.018572298430080014,False,1.0000000000000002,21502908.623572484,21502908.623572487,22012570.443264216,22012570.44326422,0.0,0.0
2024-11-08,IC,front,2.196593275220228,21965932.75220228,17.783435491916237,IC2412,-0.005130140857105614,-0.0049284074663369735,-0.002794114040872949,-0.002134293425464024,0.0002017333907685569,-0.002742180538371386,True,0.9996837554379102,21886262.961198498,21879316.354414385,22015726.371579647,22008779.764795534,44541123.190861456,4454.112319086146
2024-11-11,IC,front,2.220077579647608,22200775.79647608,17.78906118578092,IC2412,0.01069123933515903,0.01069127083156013,0.01752083114883368,-0.00682956031727355,3.149640123565356e-08,0.017383827913442396,False,0.9999987641593363,21823647.699337523,21823620.262716033,22230661.41926819,22230633.9826467,6918.478314787469,0.6918478314787468
2024-11-12,IC,front,2.2001538018252242,22001538.018252242,17.78908317025327,IC2412,-0.008974361078654902,-0.00897436095487286,-0.010695516506249125,0.0017211555513762643,1.2378211775436955e-10,-0.010542411327800427,False,1.0000000021233517,21891245.702596672,21891245.749313675,21988729.87836966,21988729.925086662,27.480590438777597,0.0027480590438777597
2024-11-13,IC,front,2.201007677788678,22010076.777886778,17.78908313248079,IC2412,0.00038809830601160833,0.0003880983062228867,-0.0006532988459097631,0.00104139715213265,2.111334043043427e-13,-0.0006449676558298867,False,1.0000000000122242,21768145.247285042,21768145.247554094,22040674.000874646,22040674.0011437,0.046452596217250175,4.645259621725018e-06
2024-11-14,IC,front,2.1551118433073677,21551118.433073677,17.789083132263332,IC2412,-0.020852191904855655,-0.02085219190485431,-0.02934339842238375,0.00849120651752944,1.2193416298754571e-15,-0.02899914374808299,False,1.0000000000000326,21472134.903966434,21472134.903967135,21536175.603242576,21536175.60324328,0.00026837802892032414,2.6837802892032415e-08
2024-11-15,IC,front,2.103808127553922,21038081.27553922,17.78908313226275,IC2412,-0.023805593158780947,-0.02380559315878092,-0.025395384158219955,0.001589790999439034,3.279945626743006e-18,-0.025308021473074094,False,0.9999999999999998,21023138.445708122,21023138.44570812,21156200.787537444,21156200.78753744,7.068649665598059e-07,7.068649665598059e-11
2024-11-18,IC,front,2.0713608399206747,20713608.399206746,17.78908313226275,IC2412,-0.015423121152675412,-0.015423121152675339,-0.015463708313603396,4.0587160928058215e-05,0.0,-0.015434265960894367,False,1.0,20536429.13120941,20536429.131209407,20669491.473038737,20669491.473038733,0.0,0.0
2024-11-19,IC,front,2.095625149313081,20956251.49313081,17.78908313226275,IC2412,0.011714187564410894,0.011714187564410825,0.017787701820680245,-0.006073514256269423,0.0,0.017754035631506015,False,0.9999999999999998,20525044.11800476,20525044.11800476,20888652.977228213,20888652.97722821,0.0,0.0
2024-11-20,IC,front,2.114695046430867,21146950.464308668,17.78908313226275,IC2412,0.009099860785711789,0.00909986078571192,0.009471664799157918,-0.0003718040134459967,0.0,0.009397635009938288,False,1.0,20891499.230529375,20891499.23052937,21114930.114670593,21114930.114670593,0.0,0.0
2024-11-21,IC,front,2.110994917139356,21109949.17139356,17.78908313226275,IC2412,-0.0017497223998117484,-0.0017497223998116601,-0.0011911571721794011,-0.0005585652276322589,0.0,-0.0011814985339738682,False,1.0,20959809.309757262,20959809.309757262,21072236.315153163,21072236.315153163,0.0,0.0
2024-11-22,IC,front,2.0311575120417604,20311575.120417606,17.78908313226275,IC2412,-0.03781979977753058,-0.03781979977753053,-0.03961640880439553,0.0017966090268649994,0.0,-0.03927281962003648,False,1.0,20292362.910634764,20292362.910634764,20452464.65882513,20452464.65882513,0.0,0.0
2024-11-25,IC,front,2.023970722456326,20239707.224563263,17.78908313226275,IC2412,-0.0035382729024348025,-0.0035382729024347206,-0.0025573655631459737,-0.0009809073392887473,0.0,-0.0025390200426068654,False,1.0000000000000002,20023391.97367495,20023391.97367495,20152184.93555253,20152184.935552534,0.0,0.0
2024-11-26,IC,front,2.0111625826010973,20111625.826010972,17.789083132262746,IC2412,-0.006328223878498074,-0.006328223878498102,-0.00794016312754888,0.001611939249050778,1.9897590775688685e-20,-0.007875306198948717,False,1.0,20034776.986879595,20034776.986879595,20124433.9658662,20124433.9658662,4.027214117741096e-09,4.027214117741096e-13
2024-11-27,IC,front,2.0520063174727725,20520063.174727727,17.789083132262746,IC2412,0.020308519671667247,0.02030851967166717,0.020248372487970567,6.014718369660091e-05,0.0,0.020114296157793365,False,1.0,19822731.115943026,19822731.115943026,20440368.082295187,20440368.082295187,0.0,0.0
2024-11-28,IC,front,2.0363519243163815,20363519.243163813,17.78908313226275,IC2412,-0.0076288230806575985,-0.007628823080657466,-0.008207920105416332,0.0005790970247588664,1.991729645903649e-20,-0.008155123050367363,False,1.0000000000000002,20281689.460755404,20281689.460755408,20389847.08619956,20389847.086199563,4.087041816092096e-09,4.0870418160920965e-13
2024-11-29,IC,front,2.0715031525857324,20715031.525857322,17.789083132262746,IC2412,0.017261863163044122,0.017261863163044112,0.016482633307708303,0.0007792298553358087,1.9992947774609133e-20,0.016385299430317968,False,1.0,20286670.404032435,20286670.404032435,20733532.17231488,20733532.17231488,4.071267767358222e-09,4.071267767358222e-13
2024-12-02,IC,front,2.103381189558747,21033811.89558747,17.789083132262746,IC2412,0.015388843088760762,0.01538884308876071,0.015746084089035498,-0.00035724100027478904,0.0,0.015666599452489383,False,1.0,20714319.962532032,20714319.962532032,21032388.76893689,21032388.76893689,0.0,0.0
2024-12-03,IC,front,2.100250310927469,21002503.10927469,17.789083132262746,IC2412,-0.001488497970229985,-0.0014884979702300713,-0.001945196211096076,0.0004566982408660045,0.0,-0.0019348477863658786,False,1.0,20817496.644699156,20817496.644699156,21033100.33226218,21033100.33226218,0.0,0.0
2024-12-04,IC,front,2.0848805431011943,20848805.43101194,17.789083132262746,IC2412,-0.007318064778425115,-0.00731806477842523,-0.008952771378235441,0.001634706599810211,0.0,-0.00890912523684606,False,0.9999999999999998,20700088.69602622,20700088.69602622,20794015.054964572,20794015.054964572,0.0,0.0
2024-12-05,IC,front,2.0912846130288085,20912846.130288087,17.78908313226275,IC2412,0.0030716723549488734,0.0030716723549488057,0.0038771331058019376,-0.0008054607508531315,1.9918829820562603e-20,0.0038644253453232746,False,1.0,20729262.792363133,20729262.792363133,20894345.483830534,20894345.483830534,4.1528380734234815e-09,4.152838073423482e-13
2024-12-06,IC,front,2.1216683670187133,21216683.670187134,17.78908313226275,IC2412,0.014528751275944218,0.014528751275944139,0.013135420210956114,0.0013933310649880248,0.0,0.013082028265042789,False,1.0,20771245.028555274,20771245.028555274,21223799.303440038,21223799.303440038,0.0,0.0
2024-12-09,IC,front,2.1071524751827875,21071524.751827873,17.789083132262746,IC2412,-0.006841734580943615,-0.006841734580943636,-0.005381158399570739,-0.0014605761813728964,1.9966625587929847e-20,-0.005366938720899106,False,0.9999999999999998,20919961.763540994,20919961.76354099,21054447.2320209,21054447.232020896,4.236255790601717e-09,4.2362557906017176e-13
2024-12-10,IC,front,2.1316302535727805,21316302.535727806,17.78908313226275,IC2412,0.011616519771721734,0.011616519771721748,0.0075946374902915005,0.004021882281430247,2.0638306013279248e-20,0.00756333748661131,False,1.0,21231626.50001824,21231626.50001824,21326975.985607166,21326975.985607162,4.348805759946117e-09,4.348805759946117e-13
2024-12-11,IC,front,2.147640428391817,21476404.283918172,17.78908313226275,IC2412,0.007510765430450261,0.0075107654304503125,0.009183162532963834,-0.0016723971025135228,0.0,0.009182105075190794,False,1.0,21294955.63596909,21294955.63596909,21490635.550423983,21490635.55042398,0.0,0.0
2024-12-12,IC,front,2.167777670497539,21677776.70497539,17.78908313226275,IC2412,0.009376449539460818,0.009376449539460666,0.008826452852693767,0.000549996686766899,0.0,0.008810820375352968,False,0.9999999999999998,21410940.457991447,21410940.457991444,21699123.604734104,21699123.6047341,0.0,0.0
2024-12-13,IC,front,2.1279029291228277,21279029.29122828,17.85884194372849,IC2501,-0.018394294727447358,-0.018195484868433972,-0.01844814360474667,0.0002526587363126968,0.0001988098590133214,-0.018375874329346176,True,1.0024571553205357,21174733.654276907,21227019.534315683,21329748.402348466,21382034.282387245,43097557.304384194,4309.75573043842
2024-12-16,IC,front,2.0946966960605873,20946966.960605875,17.815067555698302,IC2501,-0.015605144674493587,-0.015604898884903864,-0.012675832223769123,-0.002929066661134741,2.4578958984762976e-07,-0.012639668419532013,False,0.9999994973680042,20882832.717405356,20882822.18878955,20937703.12547691,20937692.596861098,52301.638818466985,5.230163881846699
2024-12-17,IC,front,2.0755276745259383,20755276.74525938,17.815076510125767,IC2501,-0.009151215815969782,-0.009151215765749312,-0.010961046460939346,0.0018098306951900335,5.0220451509586876e-11,-0.01089875858336442,False,0.9999999996192555,20721071.79835994,20721071.790457483,20774517.02789032,20774517.01998786,10.519661385180257,0.0010519661385180257
2024-12-18,IC,front,2.0883545296152115,20883545.296152115,17.81507651690876,IC2501,0.006180045318934679,0.006180045318972828,0.006945684267495071,-0.0007656389485222432,3.8210409610032825e-14,0.006918415364832731,False,1.0000000000013893,20753138.936048344,20753138.936077356,20892096.53288023,20892096.532909244,0.0079306762600595,7.930676260059499e-07
2024-12-19,IC,front,2.0964782045068935,20964782.045068935,17.815076516884012,IC2501,0.0038899883982719263,0.0038899883982720937,0.002269159898982753,0.001620828499289341,1.3810186922797035e-16,0.002258593694278055,False,1.0000000000000082,20647673.683068395,20647673.68306857,20965494.64812961,20965494.64812978,2.8840566415055946e-05,2.884056641505595e-09
2024-12-20,IC,front,2.1006113022588107,21006113.022588108,17.815076516883867,IC2501,0.001971447994561615,0.0019714479945615697,0.0025934738273283684,-0.0006220258327667989,8.161006234363609e-19,0.0025855992626129254,False,1.0,20914899.83082166,20914899.83082166,21025353.30522634,21025353.30522634,1.710937169718818e-07,1.7109371697188182e-11
2024-12-23,IC,front,2.0676177805495417,20676177.80549542,17.81507651688387,IC2501,-0.01570662867223016,-0.015706628672230202,-0.01672942533414752,0.0010227966619173194,1.9953675359842507e-20,-0.01666841299402755,False,1.0000000000000002,20664063.553463936,20664063.55346394,20712520.56158986,20712520.561589863,4.191491598248831e-09,4.191491598248831e-13
2024-12-24,IC,front,2.0947679571612725,20947679.571612727,17.81507651688387,IC2501,0.013131139066000275,0.013131139066000316,0.01321902464242634,-8.788557642602441e-05,0.0,0.013183696969176095,False,1.0000000000000002,20718933.98913594,20718933.989135943,20921313.25836774,20921313.258367743,0.0,0.0
2024-12-25,IC,front,2.0766678394201183,20766678.394201186,17.815076516883867,IC2501,-0.008640631378418862,-0.008640631378418863,-0.009349911552592231,0.0007092801741733689,1.9914360382429624e-20,-0.009324440313065119,False,1.0,20562873.918848034,20562873.918848034,20729623.035046067,20729623.035046067,4.171596401647548e-09,4.171596401647548e-13
2024-12-26,IC,front,2.091489983082166,20914899.83082166,17.815076516883867,IC2501,0.0071374648273969665,0.007137464827396946,0.008024500720609505,-0.0008870358932125589,0.0,0.008008163978158622,False,1.0,20739599.477895524,20739599.477895524,20918462.846125036,20918462.846125036,0.0,0.0
2024-12-27,IC,front,2.0978321503221764,20978321.503221765,17.815076516883867,IC2501,0.0030323679727426445,0.0030323679727427906,0.002063032367972687,0.0009693356047701039,0.0,0.002057053945432763,False,1.0,20879269.677787893,20879269.677787893,20986872.739949867,20986872.73994987,0.0,0.0
2024-12-30,IC,front,2.098330972464649,20983309.72464649,17.815076516883867,IC2501,0.0002377798158903488,0.00023777981589042364,-4.925439043445143e-05,0.0002870342063248751,0.0,-4.9159458025416214e-05,False,1.0000000000000002,20862167.20433168,20862167.20433168,20994711.373617295,20994711.3736173,0.0,0.0
2024-12-31,IC,front,2.028424612212397,20284246.122123968,17.815076516883863,IC2501,-0.03331522108265972,-0.03331522108265975,-0.02940127691367258,-0.0039139441689871775,1.9962492051160496e-20,-0.02935302972767717,False,1.0,20279257.900699243,20279257.900699243,20379022.32919379,20379022.32919379,4.188791535852943e-09,4.188791535852943e-13
2025-01-02,IC,front,1.9719864498069088,19719864.49806909,17.815076516883863,IC2501,-0.027823643070437276,-0.027823643070437314,-0.031601967328297884,0.003778324257860567,0.0,-0.03142132094946848,False,1.0,19515347.41965526,19515347.41965526,19680671.329731945,19680671.329731945,0.0,0.0
2025-01-03,IC,front,1.9342897478971823,19342897.478971824,17.815076516883867,IC2501,-0.019116105951649698,-0.019116105951649653,-0.021324034257218145,0.0022079283055684894,1.9980368418468144e-20,-0.021280892636255655,False,1.0000000000000002,19268786.760661587,19268786.76066159,19369976.395277485,19369976.39527749,3.9401015783369076e-09,3.940101578336908e-13
2025-01-06,IC,front,1.9304416913695355,19304416.913695354,17.815076516883863,IC2501,-0.0019893899204244114,-0.001989389920424437,-0.00012894193928673342,-0.0018604479811377037,1.9914256813335542e-20,-0.00012896569512510503,False,1.0,19172585.347470414,19172585.347470414,19275200.188207664,19275200.188207667,3.851994279102655e-09,3.8519942791026554e-13
2025-01-07,IC,front,1.9485418091106896,19485418.091106895,17.815076516883863,IC2501,0.009376153562200118,0.009376153562200108,0.010627537836840149,-0.0012513842746400417,0.0,0.01060971789721954,False,1.0,19222467.56171769,19222467.56171769,19451213.144194476,19451213.144194476,0.0,0.0
2025-01-08,IC,front,1.9412019975857333,19412019.975857332,17.815076516883863,IC2501,-0.003766822703335393,-0.0037668227033353504,-0.004222132826214187,0.00045531012287883683,0.0,-0.004209908326465728,False,1.0,18914623.039505936,18914623.039505936,19466177.80846866,19466177.80846866,0.0,0.0
2025-01-09,IC,front,1.937282680752019,19372826.80752019,17.815076516883863,IC2501,-0.0020190154546455563,-0.002019015454645571,-0.000917734297566169,-0.0011012811570794022,0.0,-0.0009154843186690576,False,1.0,19338621.860607773,19338621.860607773,19417008.19728206,19417008.19728206,0.0,0.0
2025-01-10,IC,front,1.912565473674353,19125654.73674353,17.896045160847088,IC2502,-0.012758699245724592,-0.012558931601213361,-0.016124535324701175,0.003565603723487812,0.0001997676445112381,-0.01600083568675681,True,0.999786234597565,19117064.635066323,19112976.23178469,19197238.917386916,19193150.514105283,38700639.78862476,3870.0639788624767
2025-01-13,IC,front,1.9186546342008959,19186546.34200896,17.899871534089108,IC2502,0.003183765790169213,0.0031837869970543667,0.002326781687753221,0.0008570053093011454,2.1206885162208754e-08,0.002313159306275736,False,0.9999983299730469,18961723.955540802,18961691.913491275,19136426.70171351,19136394.659663983,4055.9556365417393,0.40559556365417393
2025-01-14,IC,front,1.9868174411761832,19868174.41176183,17.89990142740695,IC2502,0.035526355687080846,0.03552635585498729,0.035558081102264355,-3.172524727706061e-05,1.6790635581960575e-10,0.035410743817009704,False,1.0000000088887273,19131414.469009764,19131414.645612545,19846694.530048944,19846694.70665173,32.21543077050711,0.003221543077050711
2025-01-15,IC,front,1.9692755379251197,19692755.379251197,17.899901268299608,IC2502,-0.008829147000380067,-0.008829146999491416,-0.00897509822206176,0.00014595122257034346,8.885524015307657e-13,-0.008938906406186442,False,1.0000000000041285,19636907.687294103,19636907.687375404,19680583.44638875,19680583.446470052,0.17653914087603084,1.7653914087603084e-05
2025-01-16,IC,front,1.9745023090954676,19745023.090954676,17.899901268225708,IC2502,0.002654159395010236,0.002654159395010802,0.004212114601530713,-0.0015579552065199114,4.1423239853638814e-16,0.0041955939925322205,False,0.9999999999999866,19610415.833417624,19610415.833417356,19727839.18573718,19727839.185736917,8.157377294537582e-05,8.157377294537583e-09
2025-01-17,IC,front,1.9933330052296414,19933330.052296415,17.899901268225946,IC2502,0.00953693295137259,0.009536932951372666,0.007553395945896969,0.0019835370054756963,1.3219821964712907e-18,0.00751222133463636,False,1.0,19629031.730736576,19629031.730736572,19951945.94961537,19951945.94961537,2.6102568995156616e-07,2.6102568995156617e-11
2025-01-20,IC,front,2.0037865475702854,20037865.475702852,17.899901268225946,IC2502,0.0052442528735630045,0.005244252873563186,0.004856321839080453,0.0003879310344827334,0.0,0.004839555491123582,False,1.0,19983449.77584745,19983449.775847446,20038581.47175358,20038581.471753582,0.0,0.0
2025-01-21,IC,front,2.010731709262357,20107317.09262357,17.899901268225946,IC2502,0.0034660187236474904,0.003466018723647636,0.003499964267848236,-3.394554420059995e-05,0.0,0.0034892854534736006,False,1.0000000000000002,19893950.269506317,19893950.269506317,20072949.282188576,20072949.282188576,0.0,0.0
2025-01-22,IC,front,2.0029989519144835,20029989.519144833,17.899901268225946,IC2502,-0.0038457429761777906,-0.003845742976177824,-0.004782252608339507,0.0009365096321616828,0.0,-0.004767550834942624,False,1.0,19808746.739469558,19808746.73946956,19993473.720557652,19993473.720557652,0.0,0.0
2025-01-23,IC,front,1.9909702182622355,19909702.182622354,17.899901268225946,IC2502,-0.0060053619302948835,-0.006005361930294971,-0.004076854334227061,-0.0019285075960679102,0.0,-0.004068085592092929,False,1.0,19898962.241861418,19898962.241861418,19945501.985158805,19945501.985158805,0.0,0.0
2025-01-24,IC,front,2.023906036595771,20239060.36595771,17.899901268225946,IC2502,0.016542597187758412,0.01654259718775848,0.011813572122127488,0.004729025065630993,0.0,0.011765232573756501,False,1.0,19905406.20631798,19905406.20631798,20206124.547624175,20206124.54762418,0.0,0.0
2025-01-27,IC,front,1.9906122202368706,19906122.202368706,17.899901268225946,IC2502,-0.016450277708989325,-0.016450277708989283,-0.010720982063890699,-0.0057292956450985845,0.0,-0.010727528562199606,False,1.0000000000000002,19883926.32479611,19883926.32479611,20004929.657369316,20004929.65736932,0.0,0.0
2025-02-05,IC,front,2.001495360207952,20014953.602079522,17.899901268225943,IC2502,0.005467232573196146,0.005467232573196273,0.004505071577584382,0.0009621609956118915,2.0060412240896377e-20,0.004481745608605037,False,1.0,19922590.11153548,19922590.111535475,20006361.649470773,20006361.64947077,3.993250174971763e-09,3.993250174971763e-13
2025-02-06,IC,front,2.0510422869184013,20510422.869184013,17.899901268225943,IC2502,0.02475495456821908,0.024754954568219148,0.0238803033555125,0.0008746512127066493,0.0,0.023779965410311688,False,1.0,19958389.91407193,19958389.914071925,20508990.877082556,20508990.877082556,0.0,0.0
2025-02-07,IC,front,2.0857680953787594,20857680.953787595,17.899901268225943,IC2502,0.016930810584374623,0.016930810584374782,0.015026530754730181,0.0019042798296445998,0.0,0.014977644009116498,False,1.0,20464599.121937353,20464599.121937353,20757441.50668553,20757441.506685533,0.0,0.0
2025-02-10,IC,front,2.1008040124440694,21008040.124440692,17.89990126822594,IC2502,0.007208815351343878,0.00720881535134393,0.009364594418317326,-0.0021557790669733956,1.9956002564737738e-20,0.009352090079002506,False,1.0,20842645.036722284,20842645.036722284,21019496.061252356,21019496.061252356,4.162359346082667e-09,4.1623593460826673e-13
2025-02-11,IC,front,2.0940736495672163,20940736.495672163,17.89990126822594,IC2502,-0.003203708121740867,-0.0032037081217409394,-0.005158310896015889,0.0019546027742749494,0.0,-0.005140484499579712,False,1.0,20792525.313171253,20792525.313171253,20927848.566759042,20927848.566759042,0.0,0.0
2025-02-12,IC,front,2.125792274614513,21257922.74614513,17.89990126822594,IC2502,0.015146852668650013,0.015146852668649837,0.014061271241494856,0.001085581427154982,0.0,0.014039957120520086,False,0.9999999999999998,20891332.76817186,20891332.76817186,21177731.18846348,21177731.188463476,0.0,0.0
2025-02-13,IC,front,2.1126179472810986,21126179.472810987,17.899901268225943,IC2502,-0.0061973728528122995,-0.0061973728528124244,-0.0071185584371841575,0.0009211855843717334,1.974940288685282e-20,-0.007115526729096433,False,0.9999999999999998,21035247.974368397,21035247.974368397,21142647.381977756,21142647.381977756,4.198312808512128e-09,4.1983128085121284e-13
2025-02-14,IC,front,2.132323244764024,21323232.44764024,17.985850053474362,IC2503,0.009327430692466443,0.009527675133741234,0.008438735181971253,0.0010889399517699813,0.00020024444127465454,0.00839908718842497,True,0.9995310216545416,21071430.546891604,21061430.412618477,21286541.313531153,21276541.179258034,42304000.04801112,4230.400004801112
2025-02-17,IC,front,2.126703356347244,21267033.563472442,17.994288985350412,IC2503,-0.0026355705827338927,-0.002635523423696286,0.00015273821667706022,-0.002788261640373346,4.7159037674956637e-08,0.00015467904098986907,False,1.0000026662173327,21091409.302975424,21091466.005508926,21218089.097432293,21218145.799965795,10055.831223501238,1.005583122350124
2025-02-18,IC,front,2.0954653449459246,20954653.449459247,17.994241008793146,IC2503,-0.014688466686286206,-0.014688466420061561,-0.018277665287066938,0.0035891988670053777,2.662246927449153e-10,-0.018156847187294156,False,1.0000000042997872,20812139.060669605,20812139.150770154,20929461.512046937,20929461.602147486,56.618094760312516,0.005661809476031252
2025-02-19,IC,front,2.1281428864764855,21281428.864764854,17.994240931421743,IC2503,0.015594407995997539,0.015594407996427587,0.017718888464815254,-0.002124480468387666,4.2997870152538583e-13,0.017663948389836204,False,1.0000000000004234,20897071.878469687,20897071.878478702,21276390.477304056,21276390.477313068,0.09010054681112933,9.010054681112935e-06
2025-02-20,IC,front,2.1297983566421728,21297983.56642173,17.994240931414122,IC2503,0.0007778942740204187,0.000777894274020457,0.002311698853451332,-0.0015338045794308747,4.2218279038803605e-17,0.002299844545986751,False,1.0000000000000013,21167705.26207829,21167705.26207832,21341169.74465712,21341169.744657148,8.98465302157092e-06,8.984653021570921e-10
2025-02-21,IC,front,2.1696735945461865,21696735.945461866,17.9942409314141,IC2503,0.01872254139912144,0.01872254139912136,0.016814802298073715,0.0019077391010476463,1.1876194865445506e-19,0.016703174962862333,False,1.0000000000000002,21265593.932745185,21265593.932745185,21714730.18639328,21714730.186393283,2.5293900307588046e-08,2.5293900307588048e-12
2025-02-24,IC,front,2.1572935567853735,21572935.567853734,17.9942409314141,IC2503,-0.005705944798301554,-0.005705944798301578,-0.0020053742038216803,-0.0037005705944798974,0.0,-0.0019960178700557663,False,1.0000000000000002,21441937.49387304,21441937.493873045,21536227.31635365,21536227.316353653,0.0,0.0
2025-02-25,IC,front,2.141458624765729,21414586.24765729,17.994240931414097,IC2503,-0.007340184171893638,-0.007340184171893769,-0.010843453890297613,0.0035032697184038445,1.9590788555447145e-20,-0.010752741535524524,False,0.9999999999999998,21292945.178960934,21292945.17896093,21428981.64040242,21428981.640402418,4.226308192301076e-09,4.226308192301076e-13
2025-02-26,IC,front,2.158229257313807,21582292.573138073,17.9942409314141,IC2503,0.007831406292014176,0.007831406292014044,0.012061374025275531,-0.004229967733261487,1.9783431529803615e-20,0.012001732450162672,False,1.0,21314538.268078633,21314538.268078633,21559259.944745865,21559259.944745865,4.236540007696021e-09,4.2365400076960215e-13
2025-02-27,IC,front,2.152974938961834,21529749.38961834,17.9942409314141,IC2503,-0.002434550608637842,-0.002434550608637713,-0.003793563448390862,0.0013590128397531491,0.0,-0.0037592494059559556,False,1.0,21192177.42974502,21192177.42974502,21453453.808069147,21453453.808069147,0.0,0.0
2025-02-28,IC,front,2.1011515250793615,21011515.250793613,17.994240931414097,IC2503,-0.024070607114201725,-0.024070607114201656,-0.02826959079967904,0.004198983685477383,1.9673649143615023e-20,-0.02805113294266537,False,0.9999999999999998,20903549.805205133,20903549.805205125,20978405.847479813,20978405.84747981,4.235687356413109e-09,4.2356873564131094e-13
2025-03-03,IC,front,2.1043185114832905,21043185.114832904,17.994240931414097,IC2503,0.0015072622636340682,0.0015072622636339034,0.004436146889558876,-0.002928884625924973,0.0,0.004419893274082876,False,0.9999999999999998,20953213.910175834,20953213.91017583,21042465.345195647,21042465.345195644,0.0,0.0
2025-03-04,IC,front,2.122024844559802,21220248.445598017,17.9942409314141,IC2503,0.008414283759748287,0.008414283759748226,0.008869202353263049,-0.0004549185935148223,1.962003184345614e-20,0.008811081642673635,False,1.0000000000000002,20909307.962303184,20909307.962303184,21237522.916892175,21237522.91689218,4.128679620407638e-09,4.1286796204076383e-13
2025-03-05,IC,front,2.1254077618549077,21254077.61854908,17.994240931414097,IC2503,0.0015941930669562954,0.0015941930669562015,0.0022166067430974337,-0.0006224136761412321,1.9755669457556384e-20,0.002201214962872289,False,0.9999999999999998,21006476.86333282,21006476.863332815,21249759.00072554,21249759.000725538,4.192202140984591e-09,4.192202140984591e-13
2025-03-06,IC,front,2.1665066081422575,21665066.081422575,17.9942409314141,IC2503,0.01933692302482304,0.019336923024823024,0.0164363845710997,0.0029005384537233226,1.9861291884370784e-20,0.016312366612331486,False,1.0000000000000002,21377158.22651995,21377158.226519953,21691697.558001067,21691697.55800107,4.221334393150755e-09,4.2213343931507555e-13
2025-03-07,IC,front,2.1565737871481168,21565737.87148117,17.994240931414097,IC2503,-0.00458471760797341,-0.004584717607973483,-0.005647840531561463,0.0010631229235879799,1.969769976669717e-20,-0.005621906917756436,False,0.9999999999999998,21478645.745373126,21478645.745373122,21545584.321637988,21545584.321637984,4.267519670975162e-09,4.267519670975162e-13
2025-03-10,IC,front,2.1453453808069147,21453453.808069147,17.994240931414097,IC2503,-0.005206595020359028,-0.00520659502035909,-2.5031706828740748e-05,-0.005181563313530349,0.0,-2.4942756374213282e-05,False,0.9999999999999998,21305901.03243155,21305901.032431547,21454173.577706404,21454173.577706397,0.0,0.0
2025-03-11,IC,front,2.1632676447746033,21632676.44774603,17.9942409314141,IC2503,0.008354022679997186,0.00835402267999735,0.005259008253371869,0.00309501442662548,1.9560791632631027e-20,0.005213166112923773,False,1.0,21236803.14725492,21236803.14725492,21579413.494589046,21579413.494589046,4.196465397399152e-09,4.196465397399152e-13
2025-03-12,IC,front,2.1661467233236293,21661467.233236294,17.9942409314141,IC2503,0.0013308933621694052,0.0013308933621693562,-0.0007436366661121705,0.0020745300282815266,0.0,-0.000739457764058371,False,1.0,21588050.730236124,21588050.730236128,21688098.709814787,21688098.709814787,0.0,0.0
2025-03-13,IC,front,2.147720620609862,21477206.206098616,17.9942409314141,IC2503,-0.008506396411363859,-0.008506396411363984,-0.007730520019936824,-0.0007758763914271601,0.0,-0.00770300471815244,False,1.0,21285747.48258837,21285747.48258837,21415306.017294552,21415306.017294552,0.0,0.0
2025-03-14,IC,front,2.1952479182580644,21952479.182580646,18.140757995555962,IC2504,0.022129180672813664,0.022329315489625134,0.017908304615176583,0.004421010874448551,0.00020013481681148025,0.017686107871744294,True,1.0007278790657186,21401000.139515746,21416978.889553368,21903136.320832733,21919115.070870355,42983367.29679933,4298.336729679933
2025-03-17,IC,front,2.188580773174494,21885807.73174494,18.127563321701608,IC2504,-0.0030370806996873334,-0.0030370077314638907,0.001330187987788758,-0.004367195719252649,7.296822343371758e-08,0.0013180371083185705,False,0.999998264528839,21874206.09121905,21874168.109030895,21919887.55078974,21919849.568601582,16018.334059185783,1.6018334059185784
2025-03-18,IC,front,2.199022261473829,21990222.61473829,18.12759478161957,IC2504,0.004770894648859381,0.004770894822676731,0.004187782646988275,0.0005831121756884564,1.7381735811320563e-10,0.004138820763520679,False,1.0000000028625804,21919887.546985608,21919887.609934386,21993848.13369461,21993848.19664339,38.04133280105475,0.003804133280105475
2025-03-19,IC,front,2.1935114726751546,21935114.726751547,18.127594729727875,IC2504,-0.0025060177403483097,-0.0025060177400620465,-0.005252745086137495,0.0027467273460754483,2.8624859488762236e-13,-0.005194593448877516,False,1.0000000000003817,21796619.903016426,21796619.903024796,21877831.527405605,21877831.527413975,0.06294670324734852,6.294670324734852e-06
2025-03-20,IC,front,2.177341658176245,21773416.581762448,18.127594729720958,IC2504,-0.0073716571353007465,-0.00737165713530078,-0.006933655085782675,-0.0004380020495181056,3.8202181074271026e-17,-0.006875426128913786,False,0.9999999999999997,21734260.97714625,21734260.97714624,21789368.865124602,21789368.86512459,8.379692246762716e-06,8.379692246762716e-10
2025-03-21,IC,front,2.143986883873558,21439868.83873558,18.12759472972097,IC2504,-0.015319035566804362,-0.015319035566804317,-0.014579725589449762,-0.0007393099773545559,5.863064696265013e-20,-0.01445006097872914,False,1.0000000000000002,21319501.609730233,21319501.609730236,21406514.064432893,21406514.064432897,1.2765895007760264e-08,1.2765895007760265e-12
2025-03-24,IC,front,2.1404338753065324,21404338.753065325,18.127594729720965,IC2504,-0.0016571969696970168,-0.0016571969696970003,-0.00048193993506499654,-0.0011752570346320037,1.9596384792050124e-20,-0.0004772326534303595,False,1.0000000000000002,21167954.917789765,21167954.91778977,21320951.81730861,21320951.817308612,4.201439196549472e-09,4.2014391965494726e-13
2025-03-25,IC,front,2.1373159290130204,21373159.290130205,18.127594729720965,IC2504,-0.0014566889122260562,-0.0014566889122260857,-0.0037484332125072174,0.0022917443002811316,0.0,-0.0037074390023252857,False,1.0,21260043.099016745,21260043.09901675,21355031.695400484,21355031.695400484,0.0,0.0
2025-03-26,IC,front,2.1375334601497773,21375334.601497773,18.127594729720965,IC2504,0.00010177771746500142,0.00010177771746511801,0.00026292577011809295,-0.00016114805265297495,0.0,0.00026063780593421626,False,1.0,21367358.459816698,21367358.459816698,21424641.65916261,21424641.659162614,0.0,0.0
2025-03-27,IC,front,2.14710483016707,21471048.3016707,18.127594729720965,IC2504,0.004477763831880255,0.00447776383188026,0.0015434716238678994,0.0029342922080123606,0.0,0.0015297974279231408,False,1.0,21159978.776108686,21159978.776108686,21479749.547140967,21479749.547140967,0.0,0.0
2025-03-28,IC,front,2.1280346005114037,21280346.005114038,18.127594729720965,IC2504,-0.008881834453412507,-0.008881834453412491,-0.007019350916889097,-0.0018624835365233944,0.0,-0.006977642003491491,False,1.0,21230313.84366001,21230313.84366001,21326752.64762212,21326752.64762212,0.0,0.0
2025-03-31,IC,front,2.109907005781683,21099070.05781683,18.12759472972097,IC2504,-0.008518468038707816,-0.008518468038707918,-0.009925718958702348,0.0014072509199944305,1.9528922847001442e-20,-0.009847820244319183,False,1.0,20851084.561914247,20851084.561914247,21071516.113827653,21071516.113827653,4.155822352913674e-09,4.155822352913674e-13
2025-04-01,IC,front,2.1211461145141097,21211461.1451411,18.12759472972097,IC2504,0.005326826586019573,0.005326826586019657,0.006027905697986103,-0.0007010791119664456,0.0,0.005988627071394026,False,1.0,21118647.860124927,21118647.860124927,21225238.117135685,21225238.117135685,0.0,0.0
2025-04-02,IC,front,2.1276720486168093,21276720.486168094,18.12759472972097,IC2504,0.003076607527433106,0.0030766075274330836,0.0010665572761767651,0.002010050251256319,0.0,0.0010589103744367279,False,1.0,21185357.4087303,21185357.4087303,21275270.278589714,21275270.278589714,0.0,0.0
2025-04-03,IC,front,2.110922151086547,21109221.51086547,18.12759472972097,IC2504,-0.007872405684490547,-0.007872405684490463,-0.009131649797225938,0.0012592441127354751,0.0,-0.009084452008699673,False,1.0000000000000002,20984503.65912499,20984503.659124993,21093269.227503315,21093269.22750332,0.0,0.0
2025-04-07,IC,front,1.8983942304752983,18983942.304752983,18.127594729720965,IC2504,-0.10068013190436931,-0.10068013190436931,-0.09591749106897506,-0.004762640835394253,1.9051056780019238e-20,-0.09553844837909509,False,1.0,18983942.304752983,18983942.304752983,18983942.304752983,18983942.304752983,4.021529775855015e-09,4.0215297758550155e-13
2025-04-08,IC,front,1.9110110364071842,19110110.364071842,18.127594729720965,IC2504,0.006646041022115412,0.006646041022115309,0.007616210228791893,-0.0009701692066765851,0.0,0.007542987272627588,False,1.0,18751183.988423366,18751183.988423366,18966539.81381245,18966539.81381245,0.0,0.0
2025-04-09,IC,front,1.9531395665590559,19531395.66559056,18.127594729720965,IC2504,0.022045152722443673,0.022045152722443524,0.02141149686966431,0.0006336558527792118,0.0,0.0211867668122796,False,1.0,18495222.350839704,18495222.350839704,19608256.667244576,19608256.667244572,0.0,0.0
2025-04-10,IC,front,1.9972983873206562,19972983.873206563,18.12759472972097,IC2504,0.022609147609147673,0.02260914760914764,0.019358850608850602,0.0032502970002970407,2.017244203767261e-20,0.01917176645336105,False,1.0,19820712.077476908,19820712.077476908,20044044.04454707,20044044.04454707,3.9399594697897555e-09,3.9399594697897557e-13
2025-04-11,IC,front,2.0238964967393107,20238964.967393108,18.316444621626648,IC2505,0.013317043456053446,0.013516157442950564,0.006890424357635514,0.00662573308531505,0.00019911398689722413,0.006720706485860317,True,0.9946772469427536,19936377.302243836,19828650.289588142,20312963.40366448,20205236.391008787,39769004.492281206,3976.9004492281206
2025-04-14,IC,front,2.031307357009862,20313073.57009862,18.414460246199646,IC2505,0.003661679479405544,0.003662216752601564,0.008287070709068945,-0.004624853956467381,5.372731959192182e-07,0.008209527495288027,False,1.0000503318759446,20313073.570098624,20314095.965197604,20356531.696279652,20357554.091378633,108738.53390128392,10.873853390128392
2025-04-15,IC,front,2.0264461739528623,20264461.739528622,18.41353345851791,IC2505,-0.0023931302371471563,-0.002393125203959501,-0.004461747654051108,0.0020686224500916068,5.0331875944537215e-09,-0.004373447257399077,False,1.0000000050452618,20131884.298627295,20131884.400866803,20229844.296626605,20229844.398866117,1022.3950989824613,0.10223950989824614
2025-04-16,IC,front,2.008842836032388,20088428.360323876,18.41353336561682,IC2505,-0.008686802613728895,-0.008686802613225433,-0.008299712874700535,-0.0003870897385248982,5.03444215510659e-13,-0.008151674332846026,False,1.0000000000114222,19883669.869298216,19883669.869527668,20030978.13622315,20030978.136452604,0.1020202604320275,1.020202604320275e-05
2025-04-17,IC,front,2.0194490312507543,20194490.312507544,18.4135333654065,IC2505,0.005279753611444615,0.005279753611445815,2.7498716665363034e-05,0.0052522548947804525,1.1369720355606007e-15,2.6993661888186082e-05,False,1.0000000000000533,19996360.69349577,19996360.693496846,20256359.784615308,20256359.784616385,0.00022839981284050737,2.2839981284050737e-08
2025-04-18,IC,front,2.0185651816492145,20185651.816492144,18.41353336540552,IC2505,-0.00043766868480588084,-0.00043766868480580456,0.0006765628419285689,-0.0011142315267343734,5.314860101976376e-18,0.0006676252157185036,False,1.0,20059703.248272773,20059703.248272773,20263725.197961465,20263725.197961465,1.0733089084169478e-06,1.0733089084169479e-10
2025-04-21,IC,front,2.0545083987784865,20545083.987784863,18.413533365405517,IC2505,0.017806319783989055,0.017806319783988975,0.014898197475005447,0.002908122308983527,1.9279251416486372e-20,0.014685148685781746,False,0.9999999999999998,20098739.939007435,20098739.93900743,20575282.18250413,20575282.182504125,3.891642563758069e-09,3.891642563758069e-13
2025-04-22,IC,front,2.0505310755715587,20505310.755715586,18.41353336540552,IC2505,-0.0019359001935900233,-0.001935900193590052,-0.003256972825697295,0.001321072632107243,1.930648602101358e-20,-0.0032202722964422836,False,1.0,20450070.155619368,20450070.155619368,20548766.694457944,20548766.694457944,3.966533768107183e-09,3.9665337681071836e-13
2025-04-23,IC,front,2.055097631846179,20550976.31846179,18.41353336540552,IC2505,0.002227011494252862,0.002227011494252808,0.0019288793103447884,0.00029813218390801956,0.0,0.0019096015262587418,False,1.0,20475849.102330938,20475849.102330938,20550239.777127177,20550239.777127177,0.0,0.0
2025-04-24,IC,front,2.0492053011692493,20492053.011692494,18.413533365405517,IC2505,-0.0028671779800730768,-0.002867177980073113,-0.005209303992545285,0.002342126012472172,1.9275365269648923e-20,-0.005158874524174961,False,0.9999999999999998,20368314.06747697,20368314.06747697,20486897.22235018,20486897.22235018,3.9612757518625585e-09,3.9612757518625585e-13
2025-04-25,IC,front,2.055760519047334,20557605.190473337,18.41353336540552,IC2505,0.0031989073395153333,0.003198907339515524,0.0038279059736899186,-0.0006289986341743943,1.9346740154268283e-20,0.0037995818676104243,False,1.0,20450070.15561937,20450070.155619368,20570862.93449643,20570862.934496433,3.964544248447055e-09,3.964544248447055e-13
2025-04-28,IC,front,2.0461118275638612,20461118.275638614,18.413533365405517,IC2505,-0.00469349002185504,-0.00469349002185515,-0.0051735874744724495,0.0004800974526172995,1.9287122879108166e-20,-0.005132233196734393,False,0.9999999999999998,20380835.270165443,20380835.270165443,20477322.18500017,20477322.185000166,3.964970574088511e-09,3.964970574088511e-13
2025-04-29,IC,front,2.052667045441946,20526670.454419456,18.41353336540552,IC2505,0.0032037437005039138,0.0032037437005039923,0.0011897048236140524,0.00201403887688994,1.9262087211560844e-20,0.0011807155743708275,False,1.0,20354319.782119263,20354319.782119263,20522987.747746374,20522987.74774638,3.941238446714124e-09,3.941238446714124e-13
2025-04-30,IC,front,2.0587066843857986,20587066.843857985,18.41353336540552,IC2505,0.0029423373640962147,0.0029423373640962425,0.0048279450285262935,-0.001885607664430051,0.0,0.0048011475652596225,False,1.0,20513412.71039636,20513412.710396364,20618738.121246483,20618738.121246483,0.0,0.0
2025-05-06,IC,front,2.1012051193931547,21012051.193931546,18.413533365405517,IC2505,0.02064326857715293,0.02064326857715297,0.019410754534721516,0.0012325140424314543,1.9398267962866752e-20,0.019267306128391892,False,1.0,20698284.585385032,20698284.585385032,21006895.404589232,21006895.40458923,3.993534392066067e-09,3.993534392066067e-13
2025-05-07,IC,front,2.1058453298012365,21058453.298012365,18.41353336540552,IC2505,0.0022083567021871087,0.0022083567021872253,0.0017456533931576048,0.0004627033090296203,1.9674126997397467e-20,0.0017350918849612373,False,1.0000000000000002,20932504.729792994,20932504.729792994,21008368.487258464,21008368.487258468,4.133937636652263e-09,4.133937636652263e-13
2025-05-08,IC,front,2.1182928783562507,21182928.783562507,18.413533365405517,IC2505,0.005910950998565978,0.005910950998566015,0.004113182470008121,0.0017977685285578944,1.92481472074668e-20,0.004090228492823922,False,1.0,21006158.863254614,21006158.863254614,21182192.242227893,21182192.24222789,4.0533620904170675e-09,4.0533620904170675e-13
2025-05-09,IC,front,2.0946568545954,20946568.545954,18.71283461445451,IC2506,-0.011158052789750128,-0.010958314698958574,-0.009193657022661061,-0.001764657676297511,0.00019973809079158825,-0.00902177245181257,True,1.001421261119673,20864980.587034978,20894751.130499907,20948065.572723154,20977836.116188087,42310377.52602956,4231.037752602956
2025-05-12,IC,front,2.125778776015651,21257787.76015651,18.686276536142234,IC2506,0.014857766011637352,0.014857909486791039,0.01284474733808102,0.002013162148710019,1.4347515370949802e-07,0.012574890068021372,False,0.9999868484602321,21022340.675801113,21022061.103160013,21202476.381609526,21202196.808968425,30053.12141817287,3.005312141817287
2025-05-13,IC,front,2.113296091779708,21132960.91779708,18.68652229268329,IC2506,-0.005872052339961242,-0.0058720510208304585,-0.0021098072085626064,-0.0037622438122678517,1.3191308840292302e-09,-0.002071226010456284,False,1.0000000413309007,21077648.811810736,21077649.685255043,21132213.456905372,21132214.330349676,280.41804360561,0.028041804360561005
2025-05-14,IC,front,2.129441246500475,21294412.46500475,18.686521520352528,IC2506,0.00763979774702106,0.007639797751160427,0.003085983067170425,0.004553814683990002,4.139522189585873e-12,0.0030181591131974717,False,0.9999999999402744,21062699.598152377,21062699.596880555,21248069.891634274,21248069.890362453,0.8748036065087205,8.748036065087205e-05
2025-05-15,IC,front,2.101486210304631,21014862.10304631,18.686521521468592,IC2506,-0.013127873916120136,-0.013127873916114235,-0.014710941064843042,0.001583067148728808,5.95914262940392e-15,-0.01445391714604971,False,0.9999999999998701,20938621.09523872,20938621.09523599,20987953.512055393,20987953.512052663,0.0012689644108831999,1.2689644108832e-07
2025-05-16,IC,front,2.0935631251795277,20935631.251795277,18.686521521471022,IC2506,-0.0037702294149027926,-0.0037702294149028785,9.781255557561549e-05,-0.003868041970478494,1.2987674433103939e-17,9.62329186569022e-05,False,1.0,20933388.8692127,20933388.8692127,20966277.147090487,20966277.147090487,2.7293418725093943e-06,2.7293418725093943e-10
2025-05-19,IC,front,2.1014862103046315,21014862.103046313,18.686521521471025,IC2506,0.0037844978399799167,0.0037844978399799735,0.0008818594023348922,0.002902638437645081,1.900606326315262e-20,0.0008642634078919187,False,1.0,20735311.74108511,20735311.74108511,20996923.0423857,20996923.0423857,3.979039320256561e-09,3.979039320256561e-13
2025-05-20,IC,front,2.111875916270569,21118759.162705693,18.686521521471022,IC2506,0.004943980081806965,0.004943980081806897,0.004727014049439788,0.00021696603236710893,1.9036516591258546e-20,0.004646211449817139,False,0.9999999999999998,20916197.269412946,20916197.269412946,21109042.171514526,21109042.171514526,4.000497710876516e-09,4.000497710876516e-13
2025-05-21,IC,front,2.1136698223366306,21136698.223366305,18.686521521471025,IC2506,0.0008494372478233814,0.0008494372478233493,0.0018669922842783648,-0.0010175550364550155,1.8969779530594983e-20,0.0018356222063309335,False,1.0,21033548.624567788,21033548.624567784,21132213.458201148,21132213.45820115,4.006182052762597e-09,4.006182052762597e-13
2025-05-22,IC,front,2.09842162077511,20984216.207751103,18.686521521471025,IC2506,-0.007214088690855047,-0.007214088690855113,-0.009661220736968726,0.0024471320461136124,0.0,-0.00948953788868212,False,1.0,20921429.49543896,20921429.49543896,20986458.590333678,20986458.590333678,0.0,0.0
2025-05-23,IC,front,2.078613907962351,20786139.07962351,18.686521521471025,IC2506,-0.00943933889007631,-0.009439338890076227,-0.008947780864857124,-0.0004915580252191019,0.0,-0.008808966068648227,False,1.0,20768200.018962897,20768200.018962897,20840703.722466204,20840703.722466204,0.0,0.0
2025-05-26,IC,front,2.090872266080436,20908722.66080436,18.686521521471025,IC2506,0.005897371354597558,0.005897371354597465,0.0029522816354417766,0.0029450897191556883,0.0,0.0029046318441050545,False,1.0,20779411.93187578,20779411.93187578,20897510.74789148,20897510.74789148,0.0,0.0
2025-05-27,IC,front,2.0846683409353077,20846683.409353077,18.686521521471025,IC2506,-0.0029671468916454558,-0.0029671468916455802,-0.003094054981589461,0.00012690808994388086,0.0,-0.0030532008339418937,False,0.9999999999999998,20724099.828172226,20724099.828172226,20863875.009152833,20863875.00915283,0.0,0.0
2025-05-28,IC,front,2.0809310366310134,20809310.366310135,18.686521521471025,IC2506,-0.0017927572606669662,-0.0017927572606669052,-0.00267300107565433,0.0008802438149874247,0.0,-0.002637934237414097,False,1.0,20738301.584528543,20738301.584528543,20792866.227371242,20792866.22737124,0.0,0.0
2025-05-29,IC,front,2.1185283179322134,21185283.179322135,18.686521521471025,IC2506,0.018067528735632443,0.01806752873563225,0.014847341954023,0.003220186781609248,0.0,0.014664977896984954,False,0.9999999999999998,20824259.58352731,20824259.58352731,21162111.89263551,21162111.892635506,0.0,0.0
2025-05-30,IC,front,2.1032801163706933,21032801.163706932,18.68652152147103,IC2506,-0.007197544367215869,-0.007197544367215923,-0.008615883992520225,0.001418339625304302,1.892228663020213e-20,-0.008538595886998235,False,1.0,20892278.521865465,20892278.52186547,21002902.729272578,21002902.729272578,4.008740006611333e-09,4.008740006611333e-13
2025-06-03,IC,front,2.107241658933245,21072416.58933245,18.68652152147103,IC2506,0.0018835068765770124,0.001883506876576896,0.004223675326059995,-0.0023401684494830984,0.0,0.004191448880017434,False,1.0,20940863.477821294,20940863.477821294,21100820.10204509,21100820.102045085,0.0,0.0
2025-06-04,IC,front,2.126077672626888,21260776.72626888,18.68652152147103,IC2506,0.008938706015891196,0.00893870601589113,0.007833782633371181,0.001104923382519949,0.0,0.007756144158571621,False,1.0,21083628.502245333,21083628.502245333,21260776.72626888,21260776.72626888,0.0,0.0
2025-06-05,IC,front,2.139083491605832,21390834.91605832,18.686521521471033,IC2506,0.006117283082548219,0.006117283082548197,0.0054422725355083735,0.000675010547039823,1.9016182797685055e-20,0.00539465866064015,False,1.0,21194252.709652442,21194252.709652442,21401299.36811034,21401299.36811034,4.04298816647497e-09,4.0429881664749705e-13
2025-06-06,IC,front,2.1397562063806044,21397562.063806046,18.686521521471033,IC2506,0.00031448738556139055,0.0003144873855614076,-0.0013785030400447842,0.0016929904256061917,0.0,-0.0013674247873040057,False,1.0,21332532.968911327,21332532.96891133,21379623.003145438,21379623.003145438,0.0,0.0
2025-06-09,IC,front,2.155079154028211,21550791.540282108,18.68652152147103,IC2506,0.007161071715513279,0.007161071715513326,0.0076099486498759404,-0.00044887693436261377,1.9059990023884018e-20,0.007561505567433846,False,1.0,21414006.202744942,21414006.202744942,21559761.070612416,21559761.070612416,4.078373194715823e-09,4.0783731947158233e-13
2025-06-10,IC,front,2.1370653472815127,21370653.472815126,18.68652152147103,IC2506,-0.008358768035516162,-0.008358768035516063,-0.008265122086570452,-9.364594894560984e-05,0.0,-0.008209244442913377,False,1.0,21248817.35249514,21248817.352495138,21371400.933675986,21371400.933675986,0.0,0.0
2025-06-11,IC,front,2.1531357557899775,21531357.557899777,18.68652152147103,IC2506,0.007519848903501103,0.007519848903501102,0.006113812038753461,0.0014060368647476407,0.0,0.006071563167007854,False,1.0,21396814.602945186,21396814.602945186,21556771.227168977,21556771.22716898,0.0,0.0
2025-06-12,IC,front,2.160161887882051,21601618.87882051,18.68652152147103,IC2506,0.0032632090536695024,0.0032632090536694057,0.0012115531486496692,0.0020516559050197366,0.0,0.001204912868227881,False,1.0,21419985.889631808,21419985.88963181,21590406.965907626,21590406.965907626,0.0,0.0
2025-06-13,IC,front,2.1395468413923795,21395468.413923796,18.947458843958763,IC2507,-0.009543287753254193,-0.009343604613189225,-0.010430680272786142,0.0010870756595969166,0.00019968314006495993,-0.010291503518146006,True,1.0004960251125024,21325741.765378024,21336354.455005083,21412142.17770648,21422754.867333535,43134790.88209398,4313.4790882093985
2025-06-16,IC,front,2.154469554842241,21544695.548422407,18.938065088092866,IC2507,0.00697470752271534,0.0069747571076643955,0.004879344387708201,0.002095412719956194,4.958494910915597e-08,0.004802935068917158,False,1.000000223646491,21368192.781801384,21368197.600196946,21544695.548422407,21544700.36681797,10608.932124709652,1.0608932124709654
2025-06-17,IC,front,2.151666721855623,21516667.21855623,18.93806085266201,IC2507,-0.001300938776469751,-0.0013009387541019028,-0.0029710627256122855,0.0016701239715103823,2.236779451784748e-11,-0.0029300549081888727,False,0.9999999999909019,21424249.481595237,21424249.481399477,21466670.7379052,21466670.73770944,4.819073229766957,0.00048190732297669574
2025-06-18,IC,front,2.1479548619285023,21479548.619285025,18.938060852834308,IC2507,-0.001725109139541492,-0.0017251091395405441,-0.0008871989860410787,-0.0008379101534994653,9.08075772521223e-16,-0.0008763830419881158,False,0.9999999999999836,21355314.940090433,21355314.94009008,21478033.574416798,21478033.574416447,0.00019538764206572523,1.9538764206572524e-08
2025-06-19,IC,front,2.1276532606942635,21276532.606942635,18.938060852834617,IC2507,-0.009451595838476545,-0.009451595838476505,-0.012174219714336054,0.002722623875859548,1.630362659104616e-18,-0.012015586847596627,False,1.0,21172752.033469103,21172752.033469103,21226536.126291152,21226536.126291152,3.501945400330442e-07,3.501945400330442e-11
2025-06-20,IC,front,2.1166691853996196,21166691.853996195,18.938060852834617,IC2507,-0.005162530708156754,-0.005162530708156799,-0.006643642966496904,0.0014811122583401049,0.0,-0.006574091526432846,False,1.0,21156844.06235272,21156844.06235272,21173509.555903215,21173509.555903215,0.0,0.0
2025-06-23,IC,front,2.13083485491754,21308348.5491754,18.938060852834617,IC2507,0.006692434328251506,0.006692434328251474,0.0062021329897644865,0.0004903013384869882,0.0,0.006145924025314331,False,0.9999999999999998,21070486.504863795,21070486.504863795,21326529.08759412,21326529.08759412,0.0,0.0
2025-06-24,IC,front,2.168938233353443,21689382.33353443,18.93806085283462,IC2507,0.017881901240712317,0.017881901240712334,0.016294571438728728,0.0015873298019836064,1.8800997381458875e-20,0.016155666819993142,False,1.0000000000000002,21355314.94009043,21355314.940090433,21664384.09320869,21664384.093208693,4.006182052762597e-09,4.006182052762597e-13
2025-06-25,IC,front,2.2097686925521547,22097686.925521545,18.938060852834617,IC2507,0.018825090807488065,0.018825090807488155,0.016888446493433927,0.001936644314054228,1.8792408592993042e-20,0.016772924673594813,False,1.0,21691654.900836773,21691654.90083677,22066628.505722895,22066628.505722895,4.075957349414239e-09,4.075957349414239e-13
2025-06-26,IC,front,2.200299662125737,22002996.621257372,18.938060852834617,IC2507,-0.004285077645606927,-0.0042850776456069386,-0.0041650954715299745,-0.00011998217407696338,0.0,-0.004144953987599287,False,1.0,21987846.172575105,21987846.1725751,22018904.59237375,22018904.59237375,0.0,0.0
2025-06-27,IC,front,2.2070416117893465,22070416.117893465,18.938060852834617,IC2507,0.0030641052124218415,0.003064105212421707,0.004386146113061964,-0.0013220409006402573,0.0,0.0043643215004496305,False,0.9999999999999998,21993906.352048013,21993906.35204801,22081021.431971055,22081021.43197105,0.0,0.0
2025-06-30,IC,front,2.2206770156033873,22206770.156033874,18.938060852834617,IC2507,0.006178136262227518,0.006178136262227561,0.00886562553629668,-0.002687489274069119,0.0,0.008810091869850822,False,1.0,22087839.13387807,22087839.13387807,22223435.649584368,22223435.649584364,0.0,0.0
2025-07-01,IC,front,2.2225708216886706,22225708.216886707,18.938060852834617,IC2507,0.0008528057308543335,0.0008528057308545111,0.0032884188981749515,-0.0024356131673204406,0.0,0.0032592948224883234,False,1.0,22074203.730064034,22074203.73006403,22240858.665568974,22240858.665568974,0.0,0.0
2025-07-02,IC,front,2.218252943814224,22182529.438142244,18.938060852834617,IC2507,-0.0019427402862985943,-0.0019427402862985065,-0.007109747784594453,0.005167007498295947,0.0,-0.00702987697715296,False,1.0,22083293.999273386,22083293.99927339,22156016.152948275,22156016.152948275,0.0,0.0
2025-07-03,IC,front,2.2248433889910104,22248433.889910106,18.938060852834617,IC2507,0.0029710070689477064,0.002971007068947791,0.005072909196462118,-0.0021019021275143265,0.0,0.0050416175260268314,False,1.0000000000000002,22118897.55367672,22118897.55367672,22250706.457212448,22250706.457212448,0.0,0.0
2025-07-04,IC,front,2.224919141234422,22249191.412344217,18.938060852834614,IC2507,3.404834865494699e-05,3.404834865505911e-05,-0.0019101123595506053,0.0019441607082056642,1.8734099256572835e-20,-0.001894419061705399,False,1.0,22107534.71716502,22107534.717165016,22233283.44122784,22233283.44122784,4.168043687968748e-09,4.168043687968748e-13
2025-07-07,IC,front,2.2192377229785714,22192377.229785714,18.938060852834614,IC2507,-0.0025535392053385175,-0.0025535392053385995,-0.00187770249565894,-0.0006758367096796594,0.0,-0.0018658736280837696,False,1.0,22148440.92860714,22148440.92860714,22206012.63359976,22206012.63359976,0.0,0.0
2025-07-08,IC,front,2.256659331223773,22566593.31223773,18.938060852834614,IC2507,0.016862370289459472,0.016862370289459343,0.013198047515019105,0.0036643227744402396,0.0,0.013105868914194074,False,1.0,22190862.18491749,22190862.184917487,22546140.20651667,22546140.20651667,0.0,0.0
2025-07-09,IC,front,2.2460540171461854,22460540.171461854,18.938060852834617,IC2507,-0.0046995636119503414,-0.004699563611950319,-0.004070157771064116,-0.0006294058408862031,1.876531622647091e-20,-0.00405671708705968,False,1.0,22439329.54330668,22439329.54330668,22487810.979089934,22487810.979089938,4.234692596583045e-09,4.2346925965830455e-13
2025-07-10,IC,front,2.2569623401974184,22569623.401974183,18.938060852834617,IC2507,0.004856661045531174,0.004856661045531228,0.004984822934232782,-0.00012816188870155414,0.0,0.0049651548923406175,False,1.0,22430996.79653143,22430996.79653143,22604469.4339434,22604469.4339434,0.0,0.0
2025-07-11,IC,front,2.2852343460184112,22852343.460184112,19.1125460690114,IC2508,0.012526574022728276,0.01272667807052318,0.0074528676388653506,0.005273810431657828,0.000200104047794858,0.007359122855399747,True,0.9991700228691811,22509846.63462743,22490879.712169856,22851578.958341353,22832612.03588378,45162729.999405876,4516.272999940587
2025-07-14,IC,front,2.2768145385343455,22768145.385343455,19.128422222004314,IC2508,-0.0036844394093479282,-0.003684356275468247,-0.0010421305890277316,-0.0026422256864405153,8.313387968520565e-08,-0.0010320088666485594,False,1.0000014501428764,22751312.373788096,22751345.390851934,22807167.366676345,22807200.383740187,18998.03971743942,1.899803971743942
2025-07-15,IC,front,2.275896376489376,22758963.76489376,19.128394483099317,IC2508,-0.00040326606731899695,-0.0004032659222511187,-0.00035285869439427174,-5.040722785684701e-05,1.4506789375672583e-10,-0.0003487873825332999,False,0.999999999608849,22592164.165001128,22592164.15609894,22752842.678659167,22752842.669756975,33.029268957986915,0.0033029268957986916
2025-07-16,IC,front,2.276125917221977,22761259.17221977,19.128394490581407,IC2508,0.00010085728637387881,0.00010085728641303688,-0.0002639099008776874,0.00036476718729072427,3.916769523801687e-14,-0.0002608510723139945,False,1.0000000000005649,22683215.322698195,22683215.322711054,22781152.702489972,22781152.70250283,0.008914161566764278,8.914161566764278e-07
2025-07-17,IC,front,2.307113916296703,23071139.162967034,19.1283944905706,IC2508,0.013614360629286892,0.013614360629286991,0.010970485410783663,0.002643875218503329,5.659777903996214e-17,0.01084725594505076,False,0.999999999999999,22747486.728186578,22747486.728186555,23050480.496917214,23050480.496917196,1.288236717300606e-05,1.288236717300606e-09
2025-07-18,IC,front,2.3160660049182904,23160660.049182903,19.128394490570617,IC2508,0.0038802109242861427,0.003880210924286078,0.0028438298013464046,0.0010363811229396733,9.313594235785371e-20,0.0028195828661428113,False,1.0,23031352.102426644,23031352.102426644,23132350.02533686,23132350.02533686,2.148752287212119e-08,2.148752287212119e-12
2025-07-21,IC,front,2.3361890759223707,23361890.759223707,19.128394490570617,IC2508,0.008688470432771878,0.008688470432771782,0.0101916088536506,-0.001503138420878818,0.0,0.010115400820708276,False,1.0,23237173.627145186,23237173.627145186,23377193.474816162,23377193.474816166,0.0,0.0
2025-07-22,IC,front,2.3654937762819244,23654937.762819245,19.128394490570617,IC2508,0.012543805063373936,0.012543805063373966,0.008531752530049366,0.004012052533324599,0.0,0.008455993936354433,False,1.0000000000000002,23351943.99408861,23351943.99408861,23570772.827060733,23570772.827060737,0.0,0.0
2025-07-23,IC,front,2.3586840678432814,23586840.678432815,19.128394490570614,IC2508,-0.0028787682753266264,-0.002878768275326721,-0.002692780437313953,-0.00018598783801276777,1.8609630299037716e-20,-0.002679687965223554,False,0.9999999999999999,23536341.716977708,23536341.716977704,23605203.93714376,23605203.937143758,4.402096465128125e-09,4.4020964651281247e-13
2025-07-24,IC,front,2.3985476419616307,23985476.419616308,19.128394490570617,IC2508,0.016900768806565658,0.016900768806565793,0.015707010088558758,0.0011937587180070365,1.8552499472527517e-20,0.01562752147896651,False,1.0000000000000002,23560826.061925642,23560826.061925642,23958696.66732951,23958696.667329513,4.375948492452153e-09,4.3759484924521534e-13
2025-07-25,IC,front,2.395334071687215,23953340.71687215,19.128394490570617,IC2508,-0.0013397983922419643,-0.0013397983922420163,0.0009554038535153409,-0.0022952022457573573,0.0,0.0009517605186220024,False,1.0,23865350.102215525,23865350.102215525,23960226.938888755,23960226.938888755,0.0,0.0
2025-07-28,IC,front,2.400230940676801,24002309.40676801,19.128394490570617,IC2508,0.0020443365489044574,0.0020443365489043928,0.0038059796844055337,-0.001761643135501141,0.0,0.003782785863841953,False,1.0,23818676.81965853,23818676.819658533,24006135.085666124,24006135.085666124,0.0,0.0
2025-07-29,IC,front,2.4169874142505408,24169874.142505407,19.128394490570617,IC2508,0.006981192221868104,0.006981192221868057,0.005213579853363091,0.0017676123685049653,0.0,0.0051728336880991765,False,1.0000000000000002,23789601.660032865,23789601.660032865,24094125.700322747,24094125.70032275,0.0,0.0
2025-07-30,IC,front,2.3991597505853286,23991597.505853288,19.128394490570617,IC2508,-0.007375985311342648,-0.007375985311342614,-0.006559245306910714,-0.0008167400044318999,0.0,-0.006519690440566883,False,1.0000000000000002,23820207.091217775,23820207.09121778,23972469.111362718,23972469.11136272,0.0,0.0
2025-07-31,IC,front,2.3671005614191323,23671005.614191324,19.128394490570614,IC2508,-0.013362673810434988,-0.013362673810435034,-0.014088212782242544,0.000725538971807512,1.8527967359533652e-20,-0.013991185632232006,False,0.9999999999999999,23517978.45826676,23517978.458266757,23625862.60319358,23625862.603193577,4.445155354915187e-09,4.445155354915187e-13
2025-08-01,IC,front,2.358760581421244,23587605.814212438,19.128394490570614,IC2508,-0.0035232892652810044,-0.003523289265280937,-0.002123670685586891,-0.0013996185796940465,0.0,-0.0021103890889351273,False,0.9999999999999999,23494259.24909845,23494259.24909845,23618211.24539735,23618211.245397348,0.0,0.0
2025-08-04,IC,front,2.3836274942589855,23836274.942589857,19.128394490570617,IC2508,0.010542364084598521,0.010542364084598419,0.007871091215777825,0.002671272868820594,1.8552500137010696e-20,0.0078107899311143925,False,1.0000000000000002,23512622.5078094,23512622.507809404,23798018.153608717,23798018.153608717,4.376090600999305e-09,4.376090600999305e-13
2025-08-05,IC,front,2.396940856824423,23969408.568244226,19.128394490570617,IC2508,0.005585336885693071,0.005585336885693075,0.006662279716239241,-0.0010769428305461657,0.0,0.00662915839552336,False,1.0,23815616.27654004,23815616.27654004,23949515.037974034,23949515.037974034,0.0,0.0
2025-08-06,IC,front,2.4204305252588436,24204305.252588436,19.128394490570614,IC2508,0.009799853161809313,0.009799853161809388,0.008641108309126363,0.001158744852683024,1.854215467822444e-20,0.00858923347357865,False,0.9999999999999999,23929621.50770384,23929621.507703837,24220373.103960514,24220373.10396051,4.444444812179427e-09,4.444444812179427e-13
2025-08-07,IC,front,2.409948165078011,24099481.650780108,19.128394490570617,IC2508,-0.004330783334387078,-0.004330783334387138,-0.003135866472782472,-0.001194916861604666,1.859353339330424e-20,-0.003120782460699245,False,1.0,23967878.296684984,23967878.296684984,24094890.83610237,24094890.83610237,4.5004355797573226e-09,4.5004355797573226e-13
2025-08-08,IC,front,2.408278555729477,24082785.557294767,19.35266096844092,IC2509,-0.0006927988629498172,-0.000493095506433324,-0.002230030679345218,0.001736935172911894,0.00019970335651642591,-0.00221537063276922,True,1.000789709843004,23962799.05929044,23981817.472091988,24102138.21826321,24121156.63106476,48127473.759668045,4812.747375966805
2025-08-11,IC,front,2.4360551031205806,24360551.031205807,19.337390041187383,IC2509,0.011533776823707376,0.011533856137106358,0.010963452904838166,0.0005704032322681912,7.931339903882654e-08,0.010794654858859776,False,0.9999966933047006,24136237.30672803,24136156.753808446,24402319.79369477,24402239.240775187,19100.875808722085,1.9100875808722086
2025-08-12,IC,front,2.452994709191483,24529947.091914833,19.33745398425558,IC2509,0.0069537039819842494,0.006953704312769182,0.004191274192499308,0.0027624301202698732,3.307850238532575e-10,0.004130317784146964,False,1.000000001475464,24291709.6588288,24291709.695021857,24515250.626886796,24515250.663079854,80.58105453935909,0.008058105453935909
2025-08-13,IC,front,2.4952277086352153,24952277.08635215,19.337453955723863,IC2509,0.017216914201030553,0.017216914201178338,0.014180304608020671,0.003036609593157667,1.4774179940711977e-13,0.014013362085083747,False,0.9999999999982244,24562434.014604755,24562434.01456045,24923657.654497676,24923657.65445337,0.03624098522720942,3.6240985227209425e-06
2025-08-14,IC,front,2.467536474570559,24675364.74570559,19.3374539557582,IC2509,-0.01109767816733731,-0.011097678167337113,-0.012128398276450288,0.0010307201091131768,1.7795802529452597e-16,-0.012023478434566193,False,1.000000000000004,24590279.948300257,24590279.948300354,24737244.598364014,24737244.59836412,4.440457956889077e-05,4.440457956889077e-09
2025-08-15,IC,front,2.5258582357011257,25258582.357011255,19.337453955758118,IC2509,0.023635622707752102,0.023635622707752123,0.02174226513275435,0.001893357574997773,4.215536624223685e-19,0.021574375763042664,False,0.9999999999999999,24616578.885680087,24616578.885680083,25233056.917789653,25233056.91778965,1.0401990380159987e-07,1.0401990380159987e-11
2025-08-18,IC,front,2.555637914792993,25556379.14792993,19.337453955758118,IC2509,0.011789924973204746,0.011789924973204715,0.015250344510794727,-0.003460419537590011,0.0,0.015163117695327966,False,1.0,25254714.8662201,25254714.8662201,25557926.14424639,25557926.14424639,0.0,0.0
2025-08-19,IC,front,2.5525439221600714,25525439.221600715,19.337453955758118,IC2509,-0.001210653753026647,-0.0012106537530266342,-0.0019461259079902652,0.0007354721549636308,0.0,-0.0019285651085679811,False,1.0,25460465.37630937,25460465.376309365,25536268.19581594,25536268.19581594,0.0,0.0
2025-08-20,IC,front,2.589362434491835,25893624.344918348,19.337453955758118,IC2509,0.01442424242424245,0.014424242424242395,0.011024242424242318,0.0034000000000000766,0.0,0.010932623724514645,False,1.0,25223774.939890888,25223774.939890888,25759035.66538627,25759035.66538627,0.0,0.0
2025-08-21,IC,front,2.5743565702221667,25743565.702221666,19.337453955758114,IC2509,-0.005795196558728621,-0.005795196558728668,-0.003569721591587948,-0.00222547496714072,1.83935933199504e-20,-0.0035522817093163184,False,0.9999999999999999,25596601.0521579,25596601.0521579,25695608.816411387,25695608.816411383,4.7627679577999515e-09,4.762767957799952e-13
2025-08-22,IC,front,2.6339159284059015,26339159.284059014,19.337453955758118,IC2509,0.023135628868457436,0.023135628868457426,0.01782945736434113,0.0053061715041162975,1.8382677766743937e-20,0.01770241506405723,False,1.0,25758262.167228043,25758262.167228043,26249433.497704297,26249433.497704297,4.732356728709419e-09,4.73235672870942e-13
2025-08-25,IC,front,2.672281437054126,26722814.37054126,19.337453955758114,IC2509,0.014565957946669927,0.014565957946669907,0.018948960413485153,-0.004383002466815247,1.8441249734936537e-20,0.01891438328557693,False,0.9999999999999999,26418829.594356738,26418829.594356738,26701156.42211081,26701156.422110803,4.857270141656045e-09,4.857270141656045e-13
2025-08-26,IC,front,2.674911330792109,26749113.30792109,19.337453955758118,IC2509,0.000984138010883262,0.0009841380108833034,0.0017613175871251698,-0.0007771795762418664,1.8309438559127888e-20,0.0017506005552438975,False,0.9999999999999999,26577396.716793958,26577396.716793954,26849668.06849103,26849668.06849103,4.89279727844405e-09,4.89279727844405e-13
2025-08-27,IC,front,2.6445128531736577,26445128.531736575,19.337453955758118,IC2509,-0.011364293563125183,-0.011364293563125247,-0.01467671042738987,0.0033124168642646246,0.0,-0.014576246361682088,False,0.9999999999999999,26350761.756432474,26350761.75643247,26676404.481047444,26676404.48104744,0.0,0.0
2025-08-28,IC,front,2.6944808341953363,26944808.341953363,19.33745395575812,IC2509,0.018894966217204212,0.018894966217204337,0.021732136067156023,-0.002837169849951687,1.8404969119796788e-20,0.02165372688909084,False,1.0000000000000002,26149652.23529259,26149652.23529259,26764583.271085694,26764583.2710857,4.867217739956686e-09,4.867217739956686e-13
2025-08-29,IC,front,2.706005956752968,27060059.567529682,19.337453955758118,IC2509,0.004277307305870615,0.004277307305870557,0.004705038036457549,-0.0004277307305869917,1.8353730255302245e-20,0.00467540321430393,False,0.9999999999999999,26783147.226883225,26783147.22688322,27008235.190928247,27008235.190928247,4.945377440890297e-09,4.945377440890298e-13
2025-09-01,IC,front,2.7129674401770414,27129674.401770413,19.337453955758118,IC2509,0.0025726046192546814,0.002572604619254516,0.009482906471529893,-0.006910301852275377,0.0,0.009419444231495433,False,0.9999999999999999,26975748.268282577,26975748.268282574,27160614.328099627,27160614.328099623,0.0,0.0
2025-09-02,IC,front,2.667098999393983,26670989.993939828,19.33745395575812,IC2509,-0.01690711068027606,-0.01690711068027604,-0.02118378285909796,0.0042766721788219195,1.8401522950547027e-20,-0.020899288214686118,False,1.0000000000000002,26414962.103565592,26414962.103565592,26600601.66154087,26600601.661540873,4.992273261450464e-09,4.992273261450464e-13
2025-09-03,IC,front,2.6255621482970146,26255621.482970145,19.337453955758118,IC2509,-0.015573794263507357,-0.015573794263507384,-0.013519039471012954,-0.0020547547924944292,1.845690795303997e-20,-0.013391863182646735,False,0.9999999999999999,26137276.264760904,26137276.2647609,26345347.26932486,26345347.269324858,4.922640073345974e-09,4.922640073345974e-13
2025-09-04,IC,front,2.570721128878484,25707211.288784843,19.337453955758118,IC2509,-0.020887343860476082,-0.020887343860476103,-0.025042717416922017,0.004155373556445913,0.0,-0.02475227343538433,False,0.9999999999999999,25332064.68204314,25332064.68204313,25553285.155297007,25553285.155297004,0.0,0.0
2025-09-05,IC,front,2.6680271971838594,26680271.971838593,19.337453955758118,IC2509,0.0378516624040921,0.03785166240409212,0.03242064089062734,0.005431021513464777,0.0,0.0321716217931014,False,0.9999999999999999,25671630.373506248,25671630.373506248,26595960.67259149,26595960.672591485,0.0,0.0
2025-09-08,IC,front,2.6766130267402155,26766130.267402157,19.33745395575812,IC2509,0.0032180442408604737,0.003218044240860438,0.011331284608471295,-0.008113240367610857,1.8392429608236268e-20,0.011306127466932825,False,1.0000000000000002,26459824.996742953,26459824.996742953,26784694.223199684,26784694.22319969,4.907150241706404e-09,4.907150241706404e-13
2025-09-09,IC,front,2.658049070942688,26580490.70942688,19.337453955758118,IC2509,-0.006935614379840471,-0.006935614379840481,-0.009124667668477582,0.0021890532886371,1.8327591619256712e-20,-0.009031595567581707,False,0.9999999999999999,26422697.085147895,26422697.08514789,26557285.76467997,26557285.76467997,4.905587047687732e-09,4.905587047687732e-13
2025-09-10,IC,front,2.6544136295990053,26544136.295990054,19.337453955758118,IC2509,-0.001367710394599042,-0.0013677103945990783,0.00045687347223830467,-0.001824583866837383,0.0,0.0004531698073451107,False,0.9999999999999999,26426564.575939044,26426564.575939044,26638503.071294155,26638503.07129415,0.0,0.0
2025-09-11,IC,front,2.755432489063886,27554324.89063886,19.337453955758118,IC2509,0.038056939709182114,0.03805693970918214,0.02777049275869108,0.01028644695049106,0.0,0.027495235938264084,False,0.9999999999999999,26395624.649609834,26395624.64960983,27450676.137436,27450676.137435995,0.0,0.0
2025-09-12,IC,front,2.759365226523289,27593652.265232887,19.47852742163075,IC2510,0.0014272668537558264,0.0016269177400724305,0.0035474935436460063,-0.0019205758035735758,0.00019965088631663413,0.0035155158640460815,True,1.0008619030936337,27479897.66509057,27503680.719342623,27635725.884463612,27659508.938715667,55012453.862725414,5501.2453862725415
2025-09-15,IC,front,2.7441921339332747,27441921.33933275,19.461753276274393,IC2510,-0.00549876197763477,-0.005498675522281609,-0.001462854662853155,-0.0040358208594284545,8.645535319683014e-08,-0.0014536042810675553,False,0.9999974218403322,27409225.593828607,27409154.844173808,27490964.95758896,27490894.20793416,23856.189525812213,2.3856189525812215
2025-09-16,IC,front,2.7664564144959995,27664564.144959994,19.461803451911116,IC2510,0.008113236783757083,0.008113237042370295,0.0076068709775456355,0.0005063660648246606,2.586131623336684e-10,0.00751398276113302,False,1.0000000081643297,27207600.999909118,27207601.22577174,27649773.174336545,27649773.400199164,70.96842058076618,0.007096842058076618
2025-09-17,IC,front,2.801331966034867,28013319.66034867,19.46180329301854,IC2510,0.012606579072101942,0.012606579072919904,0.009715226376038248,0.002891352696881656,8.178803265625118e-13,0.009602293981774368,False,0.9999999999865142,27523660.689496323,27523660.68911854,27972060.63736747,27972060.636989687,0.22626302757089434,2.2626302757089435e-05
2025-09-18,IC,front,2.7691810669944203,27691810.669944204,19.461803293280997,IC2510,-0.011477004307331118,-0.011477004307329725,-0.00835903848823694,-0.003117965819092784,1.3465123266352736e-15,-0.008286455722007036,False,0.9999999999999805,27353953.76477285,27353953.76477231,27599950.95839992,27599950.95839938,0.0003772028023263374,3.772028023263374e-08
2025-09-19,IC,front,2.7655222479752837,27655222.479752835,19.461803293281378,IC2510,-0.0013212639154390748,-0.001321263915439074,-0.004150736534352829,0.002829472618913755,1.9548013102624808e-18,-0.004101457246509677,False,1.0000000000000002,27454376.66976617,27454376.669766173,27705044.696183637,27705044.696183637,5.413198778114747e-07,5.4131987781147476e-11
2025-09-22,IC,front,2.7804689129045235,27804689.129045233,19.461803293281374,IC2510,0.00540464461646728,0.005404644616467225,0.0077100633356790614,-0.0023054187192118373,1.8270217850133998e-20,0.0076397944312340815,False,0.9999999999999999,27469167.640269063,27469167.64026906,27731512.748662498,27731512.748662494,5.0526693939900724e-09,5.052669393990072e-13
2025-09-23,IC,front,2.7570369017394127,27570369.017394125,19.461803293281374,IC2510,-0.008427359520676414,-0.008427359520676404,-0.006218327407117068,-0.0022090321135593343,0.0,-0.006147986264606997,False,1.0,26982622.55793703,26982622.557937026,27378864.87298824,27378864.872988235,0.0,0.0
2025-09-24,IC,front,2.8338721011412877,28338721.011412878,19.461803293281374,IC2510,0.027868759882539118,0.027868759882539042,0.02018861531511181,0.007680144567427231,0.0,0.019914465282681038,False,0.9999999999999999,27455155.141897902,27455155.1418979,28260095.32610802,28260095.326108016,0.0,0.0
2025-09-25,IC,front,2.838776475571194,28387764.755711943,19.461803293281378,IC2510,0.001730626596708973,0.0017306265967089883,0.0024187566958766686,-0.0006881300991676802,1.8210673261320604e-20,0.0024045190210972844,False,1.0000000000000002,28260095.326108016,28260095.32610802,28457048.775436025,28457048.77543603,5.160671889825608e-09,5.160671889825608e-13
2025-09-26,IC,front,2.803511688003769,28035116.880037688,19.461803293281374,IC2510,-0.012422530576427282,-0.012422530576427282,-0.013767619152086855,0.0013450885756595742,1.8209748304194156e-20,-0.013677376820517284,False,0.9999999999999999,28035116.880037688,28035116.880037684,28101287.011234846,28101287.011234842,5.169340511201881e-09,5.169340511201882e-13
2025-09-29,IC,front,2.8580825844381295,28580825.844381295,19.461803293281378,IC2510,0.01946519312470496,0.019465193124704946,0.015223669230555709,0.004241523894149237,1.8309039855602927e-20,0.015143124275816211,False,1.0000000000000002,27958826.611128025,27958826.61112803,28523997.378764912,28523997.378764916,5.132960723130964e-09,5.132960723130964e-13
2025-09-30,IC,front,2.879724109700258,28797241.09700258,19.461803293281374,IC2510,0.007572043362205072,0.007572043362205079,0.008417769788091667,-0.0008457264258865879,1.8273199118949203e-20,0.008408883132713596,False,1.0,28593281.398488995,28593281.398488995,28780893.182236224,28780893.182236224,5.222631216383888e-09,5.222631216383889e-13
2025-10-09,IC,front,2.927210909735865,29272109.097358648,19.46180329328137,IC2510,0.016490051903114145,0.016490051903114186,0.018456693339100372,-0.001966641435986186,1.8369782889669128e-20,0.01842190824257295,False,0.9999999999999999,28907005.667576693,28907005.667576686,29314925.064603865,29314925.06460386,5.289990667733946e-09,5.289990667733946e-13
2025-10-10,IC,front,2.8650232441963994,28650232.441963993,19.624637367497083,IC2511,-0.021244682210164623,-0.021045327906806254,-0.02015138485427439,-0.0008939430525318665,0.00019935430335842101,-0.019963120552343838,True,1.0015950063364236,28599993.3703032,28645690.67258814,28684771.80373079,28730469.106015727,58355209.16935631,5835.520916935631
2025-10-13,IC,front,2.8518502871202824,28518502.871202823,19.593385793005247,IC2511,-0.00459785347389452,-0.004597699645402936,-0.003019980039834719,-0.0015777196055682169,1.5382849162094363e-07,-0.0029277312650880516,False,1.0000571379606769,27629746.891632106,27631376.38072772,28476964.893321652,28478594.382417265,44072.22041136745,4.4072220411367455
2025-10-14,IC,front,2.7687802570485465,27687802.570485465,19.592266330862067,IC2511,-0.029128468085054204,-0.029128462329334966,-0.024966572095405756,-0.00416189023392921,5.7557192210085705e-09,-0.024633433470343857,False,0.9999995741189225,27535766.583757974,27535754.79204678,27711313.2900825,27711301.498371307,1641.4449513017018,0.16414449513017018
2025-10-15,IC,front,2.819798536044888,28197985.360448882,19.592274674841118,IC2511,0.01842626509144707,0.018426265134184702,0.014031983493087277,0.004394281641097424,4.273758201131404e-11,0.013780690354906477,False,1.0000000015096626,27665859.180280197,27665859.22284964,28175258.321826067,28175258.36439551,11.833097330691942,0.0011833097330691943
2025-10-16,IC,front,2.7924477206319853,27924477.206319854,19.59227464526339,IC2511,-0.009699563661475508,-0.009699563661324838,-0.008680970517404924,-0.0010185931439199148,1.5069355161296023e-13,-0.008564573622155236,False,1.0000000000029061,27761469.481271263,27761469.481352415,27867267.764355686,27867267.764436837,0.04249254562296301,4.249254562296301e-06
2025-10-17,IC,front,2.712511240079553,27125112.400795527,19.59227464520645,IC2511,-0.028625954198469805,-0.028625954198469524,-0.030234059272566068,0.0016081050740965443,2.909965810295227e-16,-0.029794524810102474,False,0.9999999999999963,25082813.691779207,25082813.691779107,27122761.327838104,27122761.327838004,8.125927394075916e-05,8.125927394075916e-09
2025-10-20,IC,front,2.7319467765275975,27319467.765275978,19.592274645206523,IC2511,0.007165145036403642,0.007165145036403572,0.007738645556454459,-0.0005735005200508857,3.6662543486480455e-19,0.007635328609891356,False,1.0,27219939.010078326,27219939.01007833,27313198.23738951,27313198.23738951,9.944756129698362e-08,9.944756129698363e-12
2025-10-21,IC,front,2.785551239956883,27855512.39956883,19.592274645206523,IC2511,0.019621342512908813,0.019621342512908802,0.016635111876075668,0.0029862306368331343,0.0,0.01640536151770089,False,0.9999999999999999,27448776.777934343,27448776.77793434,27910370.768575408,27910370.768575408,0.0,0.0
2025-10-22,IC,front,2.768388407367682,27683884.07367682,19.592274645206526,IC2511,-0.006161377447670535,-0.006161377447670517,-0.008037924825568353,0.0018765473778978373,1.800824746629612e-20,-0.007951993008258218,False,1.0,27543603.38721714,27543603.38721714,27705043.730293643,27705043.730293643,5.016289605919155e-09,5.016289605919155e-13
2025-10-23,IC,front,2.778733128380351,27787331.28380351,19.592274645206526,IC2511,0.0037367303609341374,0.003736730360934131,0.0020481245576787336,0.0016886058032553972,0.0,0.002029885754045724,False,1.0,27232478.065851264,27232478.065851264,27657238.58015934,27657238.58015934,0.0,0.0
2025-10-24,IC,front,2.825911325726009,28259113.257260088,19.592274645206526,IC2511,0.016978311757904097,0.016978311757904017,0.01629861522407422,0.0006796965338297977,0.0,0.016180989647134547,False,0.9999999999999999,27831217.979008775,27831217.979008775,28155666.047133394,28155666.047133394,0.0,0.0
2025-10-27,IC,front,2.864547291326356,28645472.91326356,19.59227464520653,IC2511,0.013672037494106837,0.013672037494106804,0.016758645553121353,-0.0030866080590145483,1.831980474977592e-20,0.016650754353843,False,1.0000000000000002,28389989.651890066,28389989.65189007,28655660.896079067,28655660.89607907,5.17701437274809e-09,5.17701437274809e-13
2025-10-28,IC,front,2.855534844989561,28555348.44989561,19.592274645206526,IC2511,-0.0031462026701685186,-0.0031462026701685277,-0.005247318888159415,0.002101116217990887,1.8057831099511778e-20,-0.005198261644932756,False,0.9999999999999999,28442496.947939225,28442496.94793922,28567887.505668543,28567887.50566854,5.172751116333529e-09,5.172751116333529e-13
2025-10-29,IC,front,2.915565574502474,29155655.74502474,19.592274645206526,IC2511,0.021022586930867115,0.021022586930867074,0.019203007931498272,0.0018195789993688044,0.0,0.01906272008151455,False,0.9999999999999999,28604720.982001532,28604720.98200153,29104715.830947205,29104715.830947198,0.0,0.0
2025-10-30,IC,front,2.8805345874368444,28805345.874368444,19.59227464520653,IC2511,-0.012015160067736619,-0.012015160067736546,-0.012802730962556812,0.000787570894820267,1.8094731775572745e-20,-0.012733642829739988,False,1.0000000000000002,28671334.715795234,28671334.715795238,28834342.44084335,28834342.440843355,5.275637704471592e-09,5.275637704471592e-13
2025-10-31,IC,front,2.8570238578625964,28570238.578625966,19.592274645206526,IC2511,-0.008161932745674227,-0.008161932745674174,-0.0074423223419305745,-0.0007196104037435999,1.8169744652384423e-20,-0.007407547818693128,False,0.9999999999999999,28558483.21383884,28558483.213838838,28660363.041993916,28660363.041993912,5.233857791608898e-09,5.233857791608898e-13
2025-11-03,IC,front,2.8576508106512435,28576508.106512435,19.592274645206526,IC2511,0.00021944261575601587,0.0002194426157560298,0.0003565942506035171,-0.0001371516348474873,0.0,0.0003546583003684045,False,0.9999999999999999,28063974.20179383,28063974.201793827,28556132.14088142,28556132.140881415,0.0,0.0
2025-11-04,IC,front,2.8049084073063475,28049084.073063474,19.59227464520653,IC2511,-0.01845655989469064,-0.018456559894690704,-0.016834412022817085,-0.0016221478718736195,1.8077043487149587e-20,-0.01674075488164073,False,1.0000000000000002,27795951.884647407,27795951.88464741,27962878.064624567,27962878.064624567,5.16578779752308e-09,5.16578779752308e-13
2025-11-05,IC,front,2.809610553221197,28096105.53221197,19.59227464520653,IC2511,0.0016763990947445961,0.0016763990947444875,0.002585845603643404,-0.0009094465088989164,0.0,0.0025669721793468714,False,1.0,27687018.83762006,27687018.83762006,28157233.429105017,28157233.429105017,0.0,0.0
2025-11-06,IC,front,2.8622745874675126,28622745.874675125,19.59227464520653,IC2511,0.018744247022398408,0.018744247022398335,0.016231067473710652,0.0025131795486876838,0.0,0.016098288363806335,False,1.0,28150963.90121855,28150963.90121855,28598451.454115067,28598451.454115067,0.0,0.0
2025-11-07,IC,front,2.85733733425692,28573373.342569202,19.59227464520653,IC2511,-0.001724940448484591,-0.0017249404484845664,-0.0024381896339293594,0.0007132491854447929,0.0,-0.002424541093317023,False,1.0,28342184.501755767,28342184.501755767,28574940.72454082,28574940.72454082,0.0,0.0
2025-11-10,IC,front,2.861569265580285,28615692.65580285,19.59227464520653,IC2511,0.001481075150850275,0.001481075150850272,0.002179100383982492,-0.0006980252331322196,0.0,0.0021684218283248846,False,1.0,28371964.75921648,28371964.759216484,28582777.6343989,28582777.6343989,0.0,0.0
2025-11-11,IC,front,2.8378234287102946,28378234.287102945,19.59227464520653,IC2511,-0.00829818699676843,-0.008298186996768413,-0.007146573916853879,-0.0011516130799145345,0.0,-0.007106675018382913,False,1.0,28325726.991053794,28325726.991053794,28411149.308506895,28411149.308506895,0.0,0.0
2025-11-12,IC,front,2.8306918407394392,28306918.407394394,19.59227464520653,IC2511,-0.0025130485211675158,-0.002513048521167576,-0.006677528927673866,0.0041644804065062895,0.0,-0.006632280113719746,False,1.0,28026357.034475036,28026357.034475036,28281056.60486272,28281056.60486272,0.0,0.0
2025-11-13,IC,front,2.8743434286489595,28743434.286489595,19.59227464520653,IC2511,0.015420819490586934,0.015420819490586884,0.015509413067552599,-8.859357696571529e-05,0.0,0.01546819452593784,False,1.0,28238737.291629076,28238737.291629076,28680739.007624935,28680739.007624935,0.0,0.0
2025-11-14,IC,front,2.819096204422753,28190962.04422753,19.77124383442674,IC2512,-0.019220815326223772,-0.019022310348564123,-0.016395923472030324,-0.002626386876533798,0.00019850497765959953,-0.016291675787086568,True,1.0011384182096945,28188589.4949674,28220682.599507354,28355458.792929962,28387551.897469915,57057147.80899784,5705.714780899784
2025-11-17,IC,front,2.821479942293997,28214799.42293997,19.748761484733606,IC2512,0.0008455681177195196,0.0008456824635618498,-1.3264899108524737e-05,0.0008589473626703745,1.1434584225768752e-07,-1.5202903478117591e-05,False,0.999995078294597,28071028.439331114,28070889.57440035,28204530.066967912,28204391.20203715,32235.19299001697,3.223519299001697
2025-11-18,IC,front,2.7963594634280957,27963594.634280957,19.748858682798087,IC2512,-0.008903298757983458,-0.008903298268320798,-0.011805288796783903,0.002901990528463106,4.896626298197529e-10,-0.011655275833235446,False,0.999999975189664,27758996.458327167,27758995.76454099,27871169.97564546,27871169.281859282,138.15732885273633,0.013815732885273633
2025-11-19,IC,front,2.786485033779888,27864850.337798882,19.74885917277392,IC2512,-0.0035311732190904666,-0.0035311732166075143,-0.003993050616945614,0.0004618774003380994,2.4829960582315755e-12,-0.003953282189114393,False,1.000000000022186,27699749.87511449,27699749.875732698,27883809.242604747,27883809.243222952,0.6943349525090525,6.943349525090525e-05
2025-11-20,IC,front,2.7648402841275628,27648402.84127563,19.748859172335774,IC2512,-0.00776776095687981,-0.007767760956877629,-0.008618245733239913,0.0008504847763622843,2.238713137882514e-15,-0.008536028921413807,False,0.9999999999997995,27602585.487995807,27602585.487990264,27672891.426649325,27672891.426643778,0.0006238140653636037,6.238140653636037e-08
2025-11-21,IC,front,2.673995531934804,26739955.31934804,19.748859172339735,IC2512,-0.032857142857141364,-0.03285714285714139,-0.03493428571428267,0.0020771428571412735,1.9912112361585438e-17,-0.034627829423884315,False,0.9999999999999984,26720206.4601757,26720206.46017566,26819740.71040429,26819740.710404254,5.505381039938584e-06,5.505381039938584e-10
2025-11-24,IC,front,2.6967462177013397,26967462.177013397,19.748859172339763,IC2512,0.008508124076809453,0.0085081240768095,0.007615952732644068,0.0008921713441654313,1.4455343834243877e-19,0.007562989463740788,False,0.9999999999999999,26678338.87873034,26678338.878730338,27024338.891429733,27024338.89142973,3.865352482534945e-08,3.865352482534945e-12
2025-11-25,IC,front,2.7253425657828876,27253425.657828875,19.748859172339767,IC2512,0.010604018981779761,0.01060401898177978,0.01254174233991448,-0.0019377233581346982,1.8116987868628326e-20,0.012466206723861006,False,1.0000000000000002,27146781.818298243,27146781.818298243,27290553.51307287,27290553.513072874,4.885691851086449e-09,4.885691851086449e-13
2025-11-26,IC,front,2.729055351307287,27290553.51307287,19.748859172339763,IC2512,0.0013623188405795794,0.001362318840579658,0.0015144927536231616,-0.00015217391304350364,1.803795615769741e-20,0.0015026025939666177,False,1.0,27213927.939484198,27213927.939484194,27327681.36831687,27327681.36831687,4.915960971629829e-09,4.91596097162983e-13
2025-11-27,IC,front,2.7238416524857896,27238416.524857894,19.748859172339763,IC2512,-0.0019104408486988467,-0.0019104408486988475,-0.0019929371580745705,8.24963093757229e-05,0.0,-0.001977013804638883,False,1.0,27179169.947340876,27179169.947340872,27288183.649972193,27288183.64997219,0.0,0.0
2025-11-28,IC,front,2.7546498727946394,27546498.727946393,19.748859172339763,IC2512,0.011310576839418829,0.011310576839418812,0.011639743626925037,-0.00032916678750622656,0.0,0.011547513551461108,False,1.0,27203658.532714576,27203658.532714576,27530699.640608523,27530699.640608523,0.0,0.0
2025-12-01,IC,front,2.777321563124486,27773215.631244857,19.748859172339763,IC2512,0.008230334662040262,0.00823033466204017,0.010077141464253926,-0.0018468068022137584,0.0,0.009994951326521173,False,1.0,27559137.997816693,27559137.99781669,27754256.72643941,27754256.72643941,0.0,0.0
2025-12-02,IC,front,2.7578096902622136,27578096.902622137,19.748859172339763,IC2512,-0.0070254280675807745,-0.007025428067580713,-0.008750497753000703,0.0017250696854199893,0.0,-0.00866396407686465,False,1.0,27514110.598903757,27514110.598903757,27566247.587118734,27566247.587118734,0.0,0.0
2025-12-03,IC,front,2.7452494158286056,27452494.158286057,19.748859172339763,IC2512,-0.0045544384291483775,-0.004554438429148432,-0.00629314542694287,0.0017387069977944378,0.0,-0.006241211312018047,False,0.9999999999999999,27353749.86242436,27353749.862424355,27416156.257408954,27416156.25740895,0.0,0.0
2025-12-04,IC,front,2.7582046674456606,27582046.674456608,19.748859172339763,IC2512,0.0047191528545120764,0.004719152854511997,0.002366770257826992,0.0023523825966850044,0.0,0.0023512226357707,False,0.9999999999999999,27300822.91984249,27300822.91984249,27552028.408514652,27552028.40851465,0.0,0.0
2025-12-05,IC,front,2.7977023857903403,27977023.857903402,19.748859172339763,IC2512,0.014320082483675112,0.014320082483675103,0.012176366135868904,0.0021437163478061996,0.0,0.01212495419097337,False,0.9999999999999999,27337160.820719592,27337160.820719592,27950955.363795917,27950955.363795914,0.0,0.0
2025-12-08,IC,front,2.8217169985439057,28217169.985439055,19.748859172339763,IC2512,0.008583690987124415,0.008583690987124488,0.010522080415631317,-0.0019383894285068283,0.0,0.010500377579657938,False,0.9999999999999999,28027580.937384594,28027580.93738459,28241658.570812754,28241658.570812754,0.0,0.0
2025-12-09,IC,front,2.802126130244944,28021261.302449442,19.748859172339763,IC2512,-0.006942889137737995,-0.006942889137738012,-0.00714445688689809,0.00020156774916007812,0.0,-0.0071161972960123165,False,0.9999999999999999,27973864.04043583,27973864.040435825,28020471.34808255,28020471.348082546,0.0,0.0
2025-12-10,IC,front,2.813106495944765,28131064.959447652,19.748859172339763,IC2512,0.0039185836716284506,0.0039185836716283525,0.004885543527289109,-0.0009669598556607564,0.0,0.004867068370655536,False,0.9999999999999999,27806393.714654386,27806393.714654386,28154763.59045446,28154763.59045446,0.0,0.0
2025-12-11,IC,front,2.7942265865760083,27942265.865760084,19.748859172339763,IC2512,-0.006711409395973145,-0.006711409395973179,-0.010263682569992341,0.003552273174019162,0.0,-0.010215218299634232,False,0.9999999999999999,27910667.69108434,27910667.691084336,27979393.721004084,27979393.721004084,0.0,0.0
2025-12-12,IC,front,2.834919134781652,28349191.34781652,19.913813011887513,IC2601,0.014563081033277081,0.014763770614819812,0.012380176679575975,0.0023835939352438366,0.00020068958154279557,0.01226900318937596,True,0.999582512539586,27895156.411145482,27883320.979244895,28367512.05578746,28355676.62388687,56077216.43956932,5607.721643956932
2025-12-15,IC,front,2.8133275197258327,28133275.197258327,19.922130251452227,IC2601,-0.00761630721346207,-0.00761626560906165,-0.007843961972177271,0.00022769636311562204,4.1604400412073695e-08,-0.007786838945073704,False,0.9999985873892296,28110962.4113767,28110922.67000915,28168338.146500885,28168298.405133333,11794.511081930536,1.1794511081930537
2025-12-16,IC,front,2.7729253890859566,27729253.890859567,19.922158393707743,IC2601,-0.014360976586122232,-0.014360976445109195,-0.015952864071920175,0.0015918876268109796,1.4101299787485905e-10,-0.01583365664130809,False,0.9999999976261303,27508516.375857286,27508516.310031652,27697378.437429633,27697378.371604,39.671574756038126,0.003967157475603813
2025-12-17,IC,front,2.832054355329485,28320543.55329485,19.92215844100035,IC2601,0.02132367732512952,0.021323677325367264,0.019615196711954382,0.0017084806134128826,2.377007698798234e-13,0.019497751852507905,False,1.0000000000033054,27630439.9848986,27630439.984992206,28295840.07682801,28295840.076921616,0.06591264998050406,6.591264998050406e-06
2025-12-18,IC,front,2.8169135149143303,28169135.149143305,19.9221584409345,IC2601,-0.005346239342709502,-0.005346239342709194,-0.005204141928604462,-0.00014209741410473219,3.2900890583684563e-16,-0.00518224726562555,False,1.0000000000000155,28131681.491274346,28131681.491274785,28202604.375324074,28202604.375324514,9.317711047174271e-05,9.31771104717427e-09
2025-12-19,IC,front,2.845920177604331,28459201.776043307,19.922158440934187,IC2601,0.010297320999179682,0.01029732099917969,0.009718803926560922,0.00057851707261877,1.5751619404103955e-18,0.009676319984677884,False,0.9999999999999999,28222526.533765007,28222526.533765003,28444060.935628198,28444060.935628194,4.437094958120724e-07,4.437094958120724e-11
2025-12-22,IC,front,2.8738111994216387,28738111.994216386,19.92215844093419,IC2601,0.009800352812701307,0.009800352812701257,0.012055834010024314,-0.0022554811973230582,1.7922857159054894e-20,0.012010516699095364,False,1.0000000000000002,28591484.90809111,28591484.908091113,28769190.561384242,28769190.561384246,5.100702082927455e-09,5.100702082927455e-13
2025-12-23,IC,front,2.8781940742786443,28781940.74278644,19.92215844093419,IC2601,0.0015251088373124944,0.0015251088373124811,0.00015667027146938818,0.0013684385658430931,0.0,0.00015574048398070417,False,1.0000000000000002,28693486.359308694,28693486.359308694,28770784.334059518,28770784.33405952,0.0,0.0
2025-12-24,IC,front,2.918436834329331,29184368.343293313,19.92215844093419,IC2601,0.013981948059139437,0.01398194805913949,0.013185946065673625,0.0007960019934658631,0.0,0.013125638195400358,False,1.0000000000000002,28772378.106734794,28772378.106734794,29221822.00116227,29221822.001162272,0.0,0.0
2025-12-25,IC,front,2.9476825629206225,29476825.629206225,19.92215844093419,IC2601,0.010021025038909892,0.010021025038909925,0.008009993719793582,0.0020110313191163422,0.0,0.007980098040815786,False,1.0000000000000002,29103882.823191933,29103882.823191937,29513482.400737543,29513482.400737546,0.0,0.0
2025-12-26,IC,front,2.9709516439796335,29709516.439796336,19.92215844093419,IC2601,0.007894025412273464,0.007894025412273539,0.006505812381724806,0.0013882130305487334,0.0,0.00649465435835439,False,1.0000000000000002,29495950.901309524,29495950.901309527,29707125.780783426,29707125.78078343,0.0,0.0
2025-12-29,IC,front,2.957085821704744,29570858.217047438,19.922158440934187,IC2601,-0.004667131591652662,-0.00466713159165271,-0.003786009334263246,-0.0008811222573894637,1.786789357417121e-20,-0.0037847708222726872,False,0.9999999999999998,29496747.78764716,29496747.787647154,29581217.739436723,29581217.739436716,5.3084647788637085e-09,5.308464778863709e-13
2025-12-30,IC,front,2.971270398514689,29712703.985146888,19.92215844093419,IC2601,0.004796809313355466,0.004796809313355538,0.003817236175487756,0.0009795731378677815,1.7781554781323846e-20,0.003812607578651095,False,1.0,29452919.039077107,29452919.039077107,29739798.120626558,29739798.120626558,5.258158353171893e-09,5.258158353171894e-13
2025-12-31,IC,front,2.970632889444579,29706328.89444579,19.92215844093419,IC2601,-0.00021455774285239482,-0.00021455774285247217,0.0008890736469452489,-0.001103631389797721,0.0,0.0008888662464103803,False,1.0,29574045.762397982,29574045.762397986,29704735.121770516,29704735.121770516,0.0,0.0
2026-01-05,IC,front,3.0539872003614477,30539872.003614478,19.92215844093419,IC2601,0.02805944524920867,0.02805944524920862,0.024898063200815508,0.0031613820483931128,0.0,0.024864812733655928,False,1.0,29889612.752102386,29889612.752102386,30484886.8463175,30484886.8463175,0.0,0.0
2026-01-06,IC,front,3.122200670863206,31222006.708632063,19.92215844093419,IC2601,0.02233587308214169,0.022335873082141716,0.021258219392547816,0.0010776536895939,0.0,0.02129600585529068,False,1.0,30593263.38823618,30593263.38823618,31144708.73388124,31144708.73388124,0.0,0.0
2026-01-07,IC,front,3.135588361335514,31355883.61335514,19.92215844093419,IC2601,0.004287901990811749,0.004287901990811685,0.0077769270035732,-0.0034890250127615156,0.0,0.007798682900485465,False,1.0,31181365.50541256,31181365.50541256,31366243.135744426,31366243.135744426,0.0,0.0
2026-01-08,IC,front,3.143477536078124,31434775.360781237,19.92215844093419,IC2601,0.0025160109789568175,0.0025160109789569072,0.0024728067500254186,4.3204228931488555e-05,0.0,0.0024710860080152663,False,1.0,31260257.25283866,31260257.25283866,31403696.79361338,31403696.793613385,0.0,0.0
2026-01-09,IC,front,3.2236454042063167,32236454.042063165,20.024190593169518,IC2602,0.025502923818635725,0.025703264618521546,0.02064951582752788,0.005053748790993668,0.00020034079988589536,0.020539512118502135,True,1.0010960413160346,31443496.094573654,31478828.580086205,32139536.959592227,32174869.44510478,62976680.40012348,6297.668040012348
2026-01-12,IC,front,3.3036855987356377,33036855.987356376,20.00226728181428,IC2602,0.024829093927291712,0.02482920450801571,0.023892816975178525,0.0009363875328371863,1.1058072397510841e-07,0.023885739677212303,False,0.9999905785822731,32269569.01442597,32269257.76040534,33002452.087631654,33002140.833611015,35647.30426361655,3.564730426361655
2026-01-13,IC,front,3.26064023549689,32606402.354968898,20.002455733305304,IC2602,-0.01302949749674176,-0.013029496552318288,-0.012817587438180579,-0.00021190911413770965,9.444234848436548e-10,-0.012831656186773621,False,1.0000000240752334,32411978.48524117,32411979.270247914,32592800.685070246,32592801.470076993,312.0078265985707,0.03120078265985707
2026-01-14,IC,front,3.2878435750686243,32878435.750686243,20.002455251741527,IC2602,0.008342944209418057,0.008342944211839077,0.010357519756992293,-0.002014575545153215,2.4209335797165175e-12,0.01036683007338568,False,0.999999999869408,32357571.815930888,32357571.81163723,32828829.661661927,32828829.657368265,0.7893793437489194,7.893793437489195e-05
2026-01-15,IC,front,3.2884036438167796,32884036.438167796,20.002455254353688,IC2602,0.00017034531460136115,0.00017034531461439115,-0.000539021243582951,0.0007093665581973421,1.3026469570064282e-14,-0.0005384250762667797,False,0.9999999999996857,32567197.546938833,32567197.546928503,32779223.57263498,32779223.572624646,0.004282899428176279,4.282899428176279e-07
2026-01-16,IC,front,3.2912039875523864,32912039.875523865,20.002455254359973,IC2602,0.0008515815085148315,0.000851581508514844,0.0011435523114347746,-0.0002919708029199308,3.1516983538187333e-17,0.001143097575538654,False,1.000000000000001,32713615.519400615,32713615.519400645,32874435.25964567,32874435.259645704,1.0364056350908868e-05,1.036405635090887e-09
2026-01-19,IC,front,3.3131266785111646,33131266.785111647,20.00245525435995,IC2602,0.006660994287103428,0.006660994287103348,0.006719338762610991,-5.8344475507642744e-05,1.063248022132488e-19,0.006714711023276809,False,1.0,32752820.33169916,32752820.33169916,33198475.0347663,33198475.0347663,3.4993661301996326e-08,3.4993661301996327e-12
2026-01-20,IC,front,3.303525499989072,33035254.99989072,20.002455254359955,IC2602,-0.0028979207418676767,-0.002897920741867711,-0.0048479799077497,0.0019500591658819886,1.7840739228532346e-20,-0.004844382507134037,False,1.0000000000000002,32516791.35969771,32516791.359697714,32908039.384472992,32908039.384472996,5.910862910241121e-09,5.910862910241121e-13
2026-01-21,IC,front,3.349691166716135,33496911.667161353,20.00245525435995,IC2602,0.013974666376032507,0.013974666376032535,0.01117852212453696,0.002796144251495575,1.7669331065519346e-20,0.011192075462547857,False,1.0,32849632.215130262,32849632.215130262,33439304.59602879,33439304.59602879,5.837108574269223e-09,5.837108574269223e-13
2026-01-22,IC,front,3.362012679152821,33620126.79152821,20.00245525435995,IC2602,0.0036784025223330907,0.0036784025223330708,0.005670472459752491,-0.0019920699374194203,0.0,0.005692970476408599,False,1.0,33351293.792909604,33351293.792909607,33520914.613466587,33520914.613466583,0.0,0.0
2026-01-23,IC,front,3.4629050634558127,34629050.63455813,20.002455254359955,IC2602,0.030009519276535057,0.03000951927653507,0.02410518800571156,0.005904331270823511,1.7835781205731942e-20,0.024152348886867347,False,1.0000000000000002,33716138.57674914,33716138.57674914,34472231.385363944,34472231.385363944,5.996412255626638e-09,5.996412255626638e-13
2026-01-26,IC,front,3.3944966664859018,33944966.66485902,20.00245525435995,IC2602,-0.01975462674152617,-0.019754626741526303,-0.00964395462212051,-0.010110672119405794,1.7826637390177827e-20,-0.009718084741046962,False,1.0,33777746.13893256,33777746.13893256,34025776.58408663,34025776.58408663,6.1731952882837504e-09,6.173195288283751e-13
2026-01-27,IC,front,3.422100054736919,34221000.54736919,20.00245525435995,IC2602,0.008131805968038641,0.008131805968038466,0.0049780794795643915,0.0031537264884740745,0.0,0.004965503621267464,False,0.9999999999999998,33436904.301398274,33436904.301398274,34272206.83282035,34272206.83282034,0.0,0.0
2026-01-28,IC,front,3.449703442987936,34497034.42987936,20.002455254359955,IC2602,0.008066213088307572,0.008066213088307498,0.006105772602931841,0.001960440485375656,1.7814957410093426e-20,0.006109536515096048,False,0.9999999999999998,34099385.619422674,34099385.619422674,34477031.974625,34477031.97462499,6.09645667282166e-09,6.096456672821659e-13
2026-01-29,IC,front,3.412898925319914,34128989.25319914,20.002455254359955,IC2602,-0.010668893218294784,-0.01066889321829483,-0.009662306336394807,-0.001006586881900025,0.0,-0.009687065465588285,False,0.9999999999999998,34013775.11093402,34013775.11093401,34178595.34222995,34178595.34222994,0.0,0.0
2026-01-30,IC,front,3.351291363136485,33512913.631364852,20.00245525435996,IC2602,-0.018051387846961697,-0.01805138784696174,-0.017268379594898686,-0.0007830082520630521,1.7655209367877746e-20,-0.01729546457787412,False,1.0,32659208.841108765,32659208.841108765,33546517.756192174,33546517.756192178,6.0255445077928024e-09,6.025544507792803e-13
2026-02-02,IC,front,3.1807904345483204,31807904.345483206,20.00245525435996,IC2602,-0.0508761877476962,-0.05087618774769621,-0.03980685670629807,-0.011069331041398137,0.0,-0.03983862412371042,False,1.0,31636683.328505885,31636683.328505885,32067136.165579714,32067136.165579714,0.0,0.0
2026-02-03,IC,front,3.3187273659823866,33187273.659823865,20.00245525435996,IC2602,0.04336561438812714,0.04336561438812719,0.031398566218085844,0.011967048170041345,0.0,0.031062392295680752,False,1.0,32206353.25415006,32206353.25415006,33142468.160054103,33142468.160054106,0.0,0.0
2026-02-04,IC,front,3.328808603430584,33288086.03430584,20.00245525435996,IC2602,0.0030376817184600835,0.003037681718460032,0.001489910557149252,0.00154777116131078,0.0,0.0014915466953067114,False,1.0000000000000002,32655208.350057893,32655208.350057896,33140067.86542358,33140067.86542358,0.0,0.0
2026-02-05,IC,front,3.258399960935237,32583999.60935237,20.00245525435996,IC2602,-0.021151303929816123,-0.021151303929816127,-0.018381204182189623,-0.0027700997476265052,0.0,-0.018429798073516745,False,1.0000000000000002,32247158.26286895,32247158.262868952,32628805.109122135,32628805.10912214,0.0,0.0
2026-02-06,IC,front,3.2566397448728535,32566397.448728535,20.002455254359955,IC2602,-0.0005402087170042202,-0.0005402087170042535,3.683241252303982e-05,-0.0005770411295272933,1.7584755370316345e-20,3.6827393688598775e-05,False,0.9999999999999999,31940720.64837215,31940720.648372147,32760021.215590738,32760021.215590734,5.729816621169448e-09,5.729816621169448e-13
2026-02-09,IC,front,3.329208652535671,33292086.525356714,20.00245525435996,IC2602,0.022283369776183504,0.022283369776183524,0.020252806918409055,0.002030562857774468,1.8174626156301235e-20,0.020238362665272236,False,1.0000000000000002,32948044.29498172,32948044.294981726,33265683.284420956,33265683.28442096,5.9188209888816345e-09,5.918820988881634e-13
2026-02-10,IC,front,3.3240080141695376,33240080.141695376,20.00245525435996,IC2602,-0.001562124489305483,-0.0015621244893054555,-0.000581590963710664,-0.0009805335255947917,0.0,-0.0005823411075068785,False,1.0000000000000002,33035254.99989073,33035254.99989073,33260082.596949738,33260082.59694974,0.0,0.0
2026-02-11,IC,front,3.33736965427945,33373696.5427945,20.00245525435996,IC2602,0.004019737633890852,0.004019737633890918,0.0023312071248043063,0.0016885305090866118,0.0,0.0023319255902647384,False,1.0000000000000002,33181672.972352643,33181672.972352646,33384097.81952677,33384097.819526773,0.0,0.0
2026-02-12,IC,front,3.379694849597676,33796948.49597676,20.002455254359955,IC2602,0.012682201764480316,0.012682201764480374,0.01171845032604529,0.0009637514384350843,1.7779697789017362e-20,0.011741800497489185,False,0.9999999999999998,33346493.20364857,33346493.203648567,33785747.12103432,33785747.12103431,5.933742386332597e-09,5.933742386332597e-13
2026-02-13,IC,front,3.3136067374372704,33136067.374372706,20.002455254359955,IC2602,-0.019554461305366866,-0.019554461305366908,-0.014676499135910579,-0.00487796216945633,0.0,-0.014719412315680858,False,0.9999999999999999,33060058.04440614,33060058.04440613,33240880.239905555,33240880.23990555,0.0,0.0
2026-02-24,IC,front,3.3643868372547043,33643868.372547045,20.022276897552032,IC2603,0.015324721320643775,0.015527163484471435,0.01126641241225779,0.004260751072213644,0.0002024421638275403,0.011245147344805417,True,0.996428183700309,33413211.742687248,33293042.025249522,33691120.94602527,33570951.22858754,67081371.80003172,6708.137180003172
2026-02-25,IC,front,3.4275851400907515,34275851.40090752,20.0940491498322,IC2603,0.01878449354760181,0.01878485241026707,0.016075962573645967,0.002708889836621105,3.588626654009066e-07,0.0160433032166436,False,1.0000168526485163,33733312.073862046,33733889.7127383,34232448.25474388,34233025.89362013,120735.28278569493,12.073528278569494
2026-02-26,IC,front,3.430961078131557,34309610.78131557,20.09371051759146,IC2603,0.0009849319281143298,0.0009849336192280117,0.003477577364279833,-0.002492643745051821,1.6911135841236922e-09,0.003478134425322077,False,0.9999999432596739,34068486.25510448,34068484.30836597,34294339.561322205,34294337.6145837,579.6435791147978,0.05796435791147979
2026-02-27,IC,front,3.4743634963737002,34743634.963737,20.093711657715215,IC2603,0.012650221688256247,0.012650221693898784,0.011857240290724451,0.000792981403174332,5.642530152852641e-12,0.01182977649283301,False,0.9999999996944827,34095009.951425955,34095009.94081117,34693802.55882587,34693802.54821109,1.9359301336621115,0.00019359301336621117
2026-03-02,IC,front,3.466969010486871,34669690.10486871,20.09371166385419,IC2603,-0.00212829944090398,-0.0021282994408736615,-1.388021118979419e-05,-0.0021144192296838676,3.0391287374633104e-14,-1.3859293522600069e-05,False,0.9999999999984224,34238880.92679566,34238880.92674098,34692195.06193223,34692195.061877534,0.010559037946222816,1.0559037946222816e-06
2026-03-03,IC,front,3.3219727871202607,33219727.871202607,20.093711663885887,IC2603,-0.041822186159733876,-0.0418221861597337,-0.043667555349482766,0.0018453691897490692,1.5801804123033598e-16,-0.04350954514323191,False,1.000000000000003,33109614.331284504,33109614.33128461,33235802.840533715,33235802.840533815,5.478436520434115e-05,5.478436520434115e-09
2026-03-04,IC,front,3.3031650730028628,33031650.73002863,20.093711663885827,IC2603,-0.00566160992959297,-0.005661609929592936,-0.0039510294936004695,-0.0017105804359924667,3.0009233295464948e-19,-0.003943677618240882,False,1.0,32925555.932443313,32925555.932443317,33047725.699359737,33047725.69935974,9.968985636987782e-08,9.968985636987782e-12
2026-03-05,IC,front,3.3177129202475166,33177129.202475164,20.093711663885824,IC2603,0.0044042144195439725,0.004404214419544094,0.007326568849307658,-0.0029223544297635644,1.7938855490534076e-20,0.007300323071421033,False,1.0,32875723.52751688,32875723.527516875,33058978.177891515,33058978.177891515,5.9255000905977795e-09,5.92550009059778e-13
2026-03-06,IC,front,3.3446384938771234,33446384.938771233,20.093711663885827,IC2603,0.008115703280197728,0.008115703280197683,0.00619700566887929,0.0019186976113183933,1.7655880585259478e-20,0.006157052990852341,False,1.0000000000000002,33050940.69322596,33050940.693225965,33472908.638167564,33472908.638167568,5.857714313606266e-09,5.857714313606266e-13
2026-03-09,IC,front,3.322294286506882,33222942.86506882,20.093711663885824,IC2603,-0.006680604618749086,-0.0066806046187489945,-0.009714512291831923,0.0030339076730829294,1.7424093577903102e-20,-0.009670670894569966,False,1.0000000000000002,30984503.38571194,30984503.385711942,33210886.638070486,33210886.63807049,5.827729410157189e-09,5.827729410157189e-13
2026-03-10,IC,front,3.373171564439841,33731715.644398406,20.093711663885824,IC2603,0.015313898633119605,0.015313898633119676,0.015824361920890255,-0.0005104632877705774,0.0,0.0158005092107234,False,1.0000000000000002,33315373.938722692,33315373.938722696,33697154.46033652,33697154.46033653,0.0,0.0
2026-03-11,IC,front,3.3596685902017094,33596685.902017094,20.09371166388582,IC2603,-0.00400304994281353,-0.004003049942813615,-0.0008303945863514277,-0.0031726553564621874,1.769799680586534e-20,-0.0008287457046716185,False,1.0,33540423.509358212,33540423.50935821,33640892.06767764,33640892.06767764,5.969837957309209e-09,5.969837957309209e-13
2026-03-12,IC,front,3.335958010438324,33359580.10438324,20.093711663885824,IC2603,-0.00705741626794254,-0.007057416267942584,-0.005246411483253658,-0.0018110047846889264,1.7670149295645895e-20,-0.005219359468210838,False,1.0000000000000002,33089520.619620614,33089520.619620617,33390926.2945789,33390926.294578906,5.936584557275637e-09,5.936584557275637e-13
2026-03-13,IC,front,3.2956696013170617,32956696.01317062,20.202255283406352,IC2604,-0.012077013258320002,-0.011877534861910295,-0.014467080812868897,0.002589545950958602,0.00019947839640964738,-0.014315500863092967,True,1.0010191211102755,32881543.623516344,32915130.4881483,33027807.951768212,33061394.816400167,66545155.44121546,6654.515544121547
2026-03-16,IC,front,3.284286793585937,32842867.935859367,20.181687699430874,IC2604,-0.003453867986820125,-0.003453766074709102,-0.0066947142139185635,0.0032409481392094617,1.019121110275507e-07,-0.006632442535012939,False,1.000000102265322,32242260.909924302,32242264.268610764,32776672.00020523,32776675.358891692,33586.86463195481,3.3586864631954816
2026-03-17,IC,front,3.208888017883523,32088880.17883523,20.181685635544298,IC2604,-0.02295742742371465,-0.02295742741343128,-0.020784583433583536,-0.002172843979847744,1.028334066339085e-11,-0.0206618082747414,False,0.9999999994290919,32060625.81894547,32060625.80062567,32194632.211565483,32194632.193245683,3.3773439934719818,0.0003377343993471982
2026-03-18,IC,front,3.2415823486255952,32415823.48625595,20.181685647066182,IC2604,0.010188679243358534,0.010188679243415896,0.010113207545095221,7.547169832067477e-05,5.727750261510834e-14,0.010029902582699979,False,1.000000000001905,31891099.659432232,31891099.65949398,32415823.48625595,32415823.4863177,0.01837970918359133,1.837970918359133e-06
2026-03-19,IC,front,3.157303629363533,31573036.29363533,20.181685647027738,IC2604,-0.02599925289505467,-0.0259992528950545,-0.027311667289282762,0.001312414394228262,1.882168146689218e-16,-0.02709095243212134,False,1.0000000000000235,31342157.80983333,31342157.809834078,31504418.562435437,31504418.562436182,6.101203041453118e-05,6.101203041453119e-09
2026-03-20,IC,front,3.1066072350182017,31066072.350182015,20.181685647027262,IC2604,-0.016056863797908272,-0.01605686379790827,-0.014963820919945709,-0.0010930428779625605,2.376319713334159e-18,-0.01485954838652348,False,0.9999999999999997,31056385.14107144,31056385.14107143,31258201.997541714,31258201.997541703,7.50276285543805e-07,7.50276285543805e-11
2026-03-23,IC,front,2.981884417719573,29818844.17719573,20.18168564702727,IC2604,-0.040147597640516564,-0.040147597640516584,-0.04148455162019592,0.0013369539796793295,3.476541695329646e-20,-0.04114540646697695,False,1.0,29618641.85557722,29618641.85557722,29773637.201346386,29773637.201346386,1.0800249583553523e-08,1.0800249583553523e-12
2026-03-24,IC,front,3.049371974523232,30493719.74523232,20.18168564702727,IC2604,0.022632519356759806,0.02263251935675995,0.021200389842438664,0.0014321295143212868,0.0,0.02104895339851498,False,1.0,29594423.832800787,29594423.832800787,30358906.085110176,30358906.085110176,0.0,0.0
2026-03-25,IC,front,3.1021672641758555,31021672.641758554,20.18168564702727,IC2604,0.01731349605548793,0.017313496055487924,0.0225419600783608,-0.005228464022872878,0.0,0.022415651732112574,False,1.0000000000000002,30749623.519236628,30749623.519236628,31066072.350182015,31066072.350182015,0.0,0.0
2026-03-26,IC,front,3.055991567415457,30559915.67415457,20.18168564702727,IC2604,-0.014884979702300405,-0.01488497970230048,-0.016334443634849587,0.0014494639325491067,0.0,-0.01616186063517111,False,1.0,30531661.31424873,30531661.314248733,30601086.312874503,30601086.312874503,0.0,0.0
2026-03-27,IC,front,3.1091904907810206,31091904.907810207,20.181685647027265,IC2604,0.017408072696534216,0.017408072696534257,0.012610946745562072,0.004797125950972187,1.7414855288177694e-20,0.012493898952255389,False,1.0,30232165.099246845,30232165.099246845,31047505.199386746,31047505.199386746,5.32196509084315e-09,5.321965090843151e-13
2026-03-30,IC,front,3.110724298890195,31107242.98890195,20.181685647027265,IC2604,0.0004933142931327072,0.0004933142931325691,0.0020913929637804197,-0.0015980786706478508,0.0,0.0020820382521218317,False,0.9999999999999999,30423487.479180664,30423487.47918066,31099977.58206902,31099977.582069017,0.0,0.0
2026-03-31,IC,front,3.0577675557523953,30577675.557523955,20.18168564702727,IC2604,-0.017023926921679533,-0.017023926921679533,-0.017697358177194207,0.0006734312555146753,1.76041086844527e-20,-0.017590266349571615,False,1.0,30565566.54613574,30565566.54613574,30641449.68416856,30641449.68416856,5.476152864503092e-09,5.476152864503093e-13
2026-04-01,IC,front,3.1120159267716048,31120159.267716046,20.18168564702727,IC2604,0.017741169016315395,0.01774116901631549,0.017524684513437905,0.00021648450287758609,0.0,0.017428679077839737,False,1.0,30877979.03995172,30877979.03995172,31100784.8494949,31100784.8494949,0.0,0.0
2026-04-02,IC,front,3.0543770325636945,30543770.325636946,20.18168564702727,IC2604,-0.018521400778210184,-0.01852140077821014,-0.01878080415045398,0.00025940337224384004,0.0,-0.01868365399627625,False,1.0000000000000002,30282215.679651473,30282215.679651473,30425909.281458307,30425909.28145831,0.0,0.0
2026-04-03,IC,front,3.0312084574409077,30312084.574409075,20.181685647027265,IC2604,-0.007585368432180939,-0.007585368432180943,-0.009296701554075533,0.001711333121894589,1.770042633968342e-20,-0.009250140362826453,False,0.9999999999999999,30196645.332508076,30196645.332508076,30322579.050945528,30322579.050945524,5.40637756785145e-09,5.406377567851451e-13
2026-04-07,IC,front,3.041864387462538,30418643.874625377,20.18168564702727,IC2604,0.0035154065354603414,0.0035154065354602833,0.004816373272257593,-0.0013009667367973093,1.7630843301545528e-20,0.004800303652052973,False,1.0,30300782.83044674,30300782.83044674,30435596.49056888,30435596.49056888,5.3442761327460175e-09,5.344276132746017e-13
2026-04-08,IC,front,3.2105025527290976,32105025.527290978,20.181685647027265,IC2604,0.05543908070380299,0.055439080703803004,0.04963244075263395,0.005806639951169055,1.7988604720978612e-20,0.04940358811323575,False,0.9999999999999999,31083832.233551398,31083832.233551394,32028335.121832274,32028335.12183227,5.4718896080885315e-09,5.471889608088532e-13
2026-04-09,IC,front,3.1850736288138433,31850736.288138434,20.18168564702727,IC2604,-0.00792054312295698,-0.007920543122957003,-0.005848629620316761,-0.002071913502640242,1.7460680274932484e-20,-0.005855144333335338,False,1.0,31619050.536910564,31619050.536910564,31820867.393380836,31820867.393380836,5.605755859505734e-09,5.605755859505735e-13
2026-04-10,IC,front,3.2166096287688926,32166096.287688926,20.298988125614013,IC2605,0.009901183969424743,0.010102614859559331,0.008971146877351021,0.0011314679822083096,0.00020143089013459082,0.008954717463661277,True,0.9995609347295343,32028063.168434747,32013940.15266837,32222933.454440646,32208810.438674267,64157221.61961837,6415.722161961838
2026-04-13,IC,front,3.209224615505526,32092246.15505526,20.307904621249133,IC2605,-0.0022958997564753725,-0.002295856073927207,-0.0002067546949955925,-0.0020891013789316147,4.36825480965339e-08,-0.00020829778049924474,False,0.9999977988394038,32000454.426167216,32000383.785979535,32129612.69955836,32129542.05937068,14050.97048164712,1.405097048164712
2026-04-14,IC,front,3.2622688822226937,32622688.822226938,20.30794932230697,IC2605,0.016528686231833678,0.01652868645494725,0.015297269205858222,0.0012314172490890296,2.2311356487660443e-10,0.01516999887043946,False,1.000000029707146,32234400.831184424,32234401.80031141,32462662.18156716,32462663.150694143,71.6021544455188,0.007160215444551881
2026-04-15,IC,front,3.24610375585306,32461037.5585306,20.307948719015773,IC2605,-0.0049551790343597135,-0.004955179031363826,-0.0055390934174887815,0.0005839143861249557,2.995865076058813e-12,-0.005500354203524238,False,0.9999999997502537,32415547.753400005,32415547.745292976,32489468.68673722,32489468.678630196,0.9773317412964388,9.773317412964388e-05
2026-04-16,IC,front,3.3106018009984695,33106018.009984694,20.30794872408761,IC2605,0.019869372637616012,0.019869372637641162,0.01701659117564483,0.0028527814619963322,2.5042758358533213e-14,0.016906843293453155,False,1.0000000000006926,32549580.214944698,32549580.21496762,33101144.102290913,33101144.102313843,0.008129139196455526,8.129139196455527e-07
2026-04-17,IC,front,3.325061060490004,33250610.60490004,20.307948724073547,IC2605,0.0043675622622973975,0.004367562262297383,0.004184762605813212,0.0001827996564841711,6.90653593648728e-17,0.004169885869086842,False,1.0000000000000018,32898876.932999082,32898876.932999145,33214056.29719671,33214056.29719677,2.2864790309995442e-05,2.286479030999544e-09
2026-04-20,IC,front,3.3453690092140773,33453690.092140775,20.307948724073512,IC2605,0.006107541592358157,0.006107541592358246,0.009262697578970506,-0.0031551559866122595,1.7514289681740684e-19,0.009231585828913147,False,1.0000000000000002,33175065.035646487,33175065.03564649,33467499.497273143,33467499.497273147,5.823608262289781e-08,5.823608262289781e-12
2026-04-21,IC,front,3.3370021343397593,33370021.34339759,20.307948724073512,IC2605,-0.0025010319792148072,-0.002501031979214769,-0.002390549498579573,-0.00011048248063519582,0.0,-0.002375145053932326,False,1.0000000000000002,33084085.425362635,33084085.425362643,33367584.3895507,33367584.389550705,0.0,0.0
2026-04-22,IC,front,3.3897215692274534,33897215.69227453,20.30794872407351,IC2605,0.01579844206426473,0.01579844206426476,0.01288339824732234,0.0029150438169424186,1.7424787847699894e-20,0.012798763773634203,False,1.0,33227865.702329077,33227865.702329073,33810297.6717355,33810297.6717355,5.814655423819204e-09,5.814655423819204e-13
2026-04-23,IC,front,3.356985155884247,33569851.55884247,20.30794872407351,IC2605,-0.009657552301756467,-0.0096575523017564,-0.009701885978576191,4.4333676819791913e-05,0.0,-0.009666697707069516,False,1.0,33223804.11258426,33223804.11258426,33542232.74857773,33542232.74857773,0.0,0.0
2026-04-24,IC,front,3.3375707569040323,33375707.569040325,20.307948724073505,IC2605,-0.005783284131055666,-0.005783284131055641,-0.005726419203407047,-5.686492764859337e-05,1.740530491909011e-20,-0.005705702447557082,False,1.0,33029660.122782115,33029660.12278211,33473998.040864844,33473998.040864844,5.842935024702457e-09,5.842935024702457e-13
2026-04-27,IC,front,3.3585285599872767,33585285.59987277,20.307948724073505,IC2605,0.0062793584345415265,0.006279358434541384,0.006227030447586837,5.2327986954546425e-05,0.0,0.006204018487175,False,0.9999999999999998,33260358.42028759,33260358.420287587,33582848.64602588,33582848.64602587,0.0,0.0
2026-04-28,IC,front,3.3214056297196706,33214056.297196705,20.30794872407351,IC2605,-0.011053331720885184,-0.01105333172088519,-0.011499576732373944,0.00044624501148875445,1.7444696620372577e-20,-0.011457937956754094,False,1.0,33074337.609975077,33074337.609975077,33189686.758727815,33189686.75872782,5.858851181983482e-09,5.858851181983482e-13
2026-04-29,IC,front,3.389152946663179,33891529.46663179,20.30794872407351,IC2605,0.02039718254744649,0.020397182547446595,0.016931618078653995,0.0034655644687926,0.0,0.0168772153935417,False,1.0,33088147.01510745,33088147.01510745,33881781.65124424,33881781.65124424,0.0,0.0
2026-04-30,IC,front,3.3884218605091134,33884218.60509113,20.307948724073505,IC2605,-0.000215713532428774,-0.0002157135324288472,0.0008496716360673198,-0.001065385168496167,1.748707435824081e-20,0.0008498732981556678,False,0.9999999999999998,33641335.53835121,33641335.5383512,33876095.425601505,33876095.4256015,5.926636958974996e-09,5.926636958974996e-13
2026-05-06,IC,front,3.480944874895992,34809448.74895992,20.30794872407351,IC2605,0.027305636132620492,0.027305636132620437,0.02863975259511426,-0.001334116462493826,1.7698447645223827e-20,0.02861605052272531,False,0.9999999999999998,34279817.44623608,34279817.44623608,34832193.651530884,34832193.651530884,5.9969806898152456e-09,5.996980689815246e-13
2026-05-07,IC,front,3.529034097474598,35290340.97474598,20.30794872407351,IC2605,0.013814991132269139,0.013814991132269161,0.012643517222066504,0.0011714739102026582,0.0,0.012616959540964201,False,0.9999999999999998,34880932.728468664,34880932.72846866,35286279.38500117,35286279.38500116,0.0,0.0
2026-05-08,IC,front,3.5227505179336,35227505.179336,20.458643084330063,IC2606,-0.0017805380643658442,-0.0015815495724442196,-0.00025543525478292103,-0.0013261143176612987,0.00019898849192152382,-0.0003024100818691533,True,1.0013191079159867,34923080.570241176,34969549.45118369,35220958.41354901,35267427.29449154,70223717.29961061,7022.371729961062
2026-05-11,IC,front,3.570924954638587,35709249.54638587,20.43169147836396,IC2606,0.013675233729933733,0.01367536671488764,0.016897687511670593,-0.0032223207967829537,1.3298495380752255e-07,0.016743403913197064,False,0.9999895344812798,35258935.06620273,35258561.35038312,35764823.74720702,35764450.03138741,46847.281490282585,4.684728149028259
2026-05-12,IC,front,3.5532717222698347,35532717.222698346,20.43190530885146,IC2606,-0.004943602173946848,-0.004943601125646447,-0.006152034885808709,0.0012084337601622618,1.048300396652617e-09,-0.006081626835178433,False,1.0000000186256246,35372531.08507695,35372531.746896,35557235.509068966,35557236.170888014,374.34020463643583,0.03743402046364359
2026-05-13,IC,front,3.6165288996974714,36165288.996974714,20.43190492829447,IC2606,0.017802516208140773,0.01780251620999698,0.01521034098193149,0.0025921752280654883,1.8562649503170336e-12,0.015053528462391164,False,1.0000000000636973,35359454.666602775,35359454.668906406,36118704.253738195,36118704.256041825,0.6595813757002134,6.595813757002134e-05
2026-05-14,IC,front,3.517556752231609,35175567.52231609,20.43190492699301,IC2606,-0.02736661318374689,-0.02736661318374042,-0.028031004948790867,0.0006643917650504481,6.383987068465427e-15,-0.0278171477780369,False,0.99999999999986,35156770.16978326,35156770.16977833,35388876.6097539,35388876.609748974,0.0023087873728400155,2.3087873728400156e-07
2026-05-15,IC,front,3.452501566944053,34525015.66944053,20.43190492699587,IC2606,-0.018494423791821868,-0.018494423791821875,-0.015546003717472187,-0.002948420074349689,1.4020485855044468e-17,-0.015434547920684216,False,1.0000000000000002,34236517.17187135,34236517.171871364,34447374.430717945,34447374.43071795,4.931785468897942e-06,4.931785468897943e-10
2026-05-18,IC,front,3.4649241651396667,34649241.65139667,20.431904926995866,IC2606,0.0035981441151407,0.003598144115140784,0.002118644067796567,0.0014795000473442168,1.7325503988163022e-20,0.002096917414254884,False,1.0000000000000002,34338676.69650634,34338676.69650634,34502949.21211938,34502949.21211938,5.981632966722827e-09,5.981632966722827e-13
2026-05-19,IC,front,3.4878078986579024,34878078.98657902,20.431904926995863,IC2606,0.006604396641192611,0.006604396641192563,0.008693037078969824,-0.002088640437777261,1.733844247240397e-20,0.008616779515187911,False,1.0,34017487.15105396,34017487.15105395,34813514.16700971,34813514.16700971,6.007638830851647e-09,6.007638830851647e-13
2026-05-20,IC,front,3.503581329261543,35035813.29261543,20.431904926995863,IC2606,0.004522448214453023,0.004522448214452917,0.0033227106570436257,0.0011997375574092919,0.0,0.003286991695593766,False,0.9999999999999998,34529919.32662301,34529919.32662301,34965527.53966657,34965527.53966656,0.0,0.0
2026-05-21,IC,front,3.402647718922183,34026477.18922183,20.431904926995866,IC2606,-0.02880869626070126,-0.028808696260701212,-0.027580536051692292,-0.0012281602090089177,1.7544228379048475e-20,-0.0273176445852793,False,1.0000000000000002,33957825.98866713,33957825.98866713,34344397.62988589,34344397.6298859,6.146763098513474e-09,6.146763098513474e-13
2026-05-22,IC,front,3.4608377841542675,34608377.841542676,20.431904926995866,IC2606,0.01710140750348277,0.01710140750348291,0.018866791564586684,-0.0017653840611037736,0.0,0.018658311796898808,False,1.0000000000000002,34153154.9997692,34153154.99976921,34705633.70899517,34705633.70899518,0.0,0.0
2026-05-25,IC,front,3.5072590721484014,35072590.72148401,20.431904926995863,IC2606,0.013413309403485396,0.013413309403485398,0.014989609408208437,-0.0015763000047230391,1.7539587146763414e-20,0.014801316087089234,False,1.0,34506218.3169077,34506218.3169077,35066869.78810445,35066869.78810446,6.070166591598536e-09,6.070166591598536e-13
2026-05-26,IC,front,3.499985313994391,34999853.13994391,20.431904926995863,IC2606,-0.0020739152724050802,-0.0020739152724051912,-0.00527450249335865,0.003200587220953459,0.0,-0.005201122716394502,False,1.0,34427759.80198802,34427759.80198803,34828225.13855715,34828225.13855714,0.0,0.0
2026-05-27,IC,front,3.439016509692235,34390165.09692235,20.431904926995863,IC2606,-0.017419731465265653,-0.017419731465265702,-0.014902510215995474,-0.00251722124927023,0.0,-0.014741379111221087,False,1.0,34211998.885958955,34211998.885958955,34402424.23987855,34402424.23987855,0.0,0.0
2026-05-28,IC,front,3.45626103745062,34562610.3745062,20.431904926995863,IC2606,0.005014377718101759,0.005014377718101753,0.003830889517336413,0.0011834882007653396,0.0,0.003779167223460833,False,1.0,34005228.00809776,34005228.00809775,34634530.67984922,34634530.67984923,0.0,0.0
2026-05-29,IC,front,3.381316810178399,33813168.10178399,20.43190492699586,IC2606,-0.02168361314731615,-0.021683613147316108,-0.0240789784819106,0.0023953653345944923,1.7474412923439787e-20,-0.023783109624650578,False,1.0,33582696.21420748,33582696.21420748,33715094.95813441,33715094.95813441,6.0396132539608516e-09,6.039613253960852e-13
2026-06-01,IC,front,3.3611300881105275,33611300.881105274,20.431904926995863,IC2606,-0.005970077103424898,-0.005970077103424896,-0.010314697991443739,0.004344620888018843,1.7437241028669635e-20,-0.010209867504988313,False,1.0,33532842.3661856,33532842.36618561,33623560.02406147,33623560.02406147,5.896083621337311e-09,5.896083621337312e-13
2026-06-02,IC,front,3.375514149179132,33755141.49179132,20.43190492699586,IC2606,0.004279531196809794,0.004279531196809671,0.0057408938384478385,-0.0014613626416381678,1.7482775943490338e-20,0.005706889237764301,False,0.9999999999999998,33106224.191309936,33106224.191309933,33807447.16840444,33807447.16840443,5.8761884247360285e-09,5.876188424736029e-13
2026-06-03,IC,front,3.3974988788805804,33974988.788805805,20.431904926995863,IC2606,0.006513001791681017,0.006513001791680922,0.004930753958646018,0.0015822478330349047,1.7388910761918844e-20,0.00489459143440496,False,1.0,33675865.70067458,33675865.70067458,33924317.66458685,33924317.66458685,5.869651431567035e-09,5.869651431567035e-13
2026-06-04,IC,front,3.391777945501022,33917779.45501022,20.431904926995863,IC2606,-0.0016838661566956903,-0.001683866156695773,-0.0006518967549493722,-0.0010319694017464007,0.0,-0.000648157892219281,False,0.9999999999999998,33737161.41545557,33737161.415455565,33913693.07402482,33913693.07402481,0.0,0.0
2026-06-05,IC,front,3.3469912099010473,33469912.09901047,20.431904926995866,IC2606,-0.013204501096359067,-0.013204501096359166,-0.012722584997951899,-0.00048191609840726686,1.7291703477494802e-20,-0.01263650658031723,False,1.0,33348955.221842654,33348955.221842654,33518948.67083526,33518948.67083526,5.86496184951102e-09,5.86496184951102e-13
2026-06-08,IC,front,3.242543311914244,32425433.119142443,20.43190492699587,IC2606,-0.031206505017947417,-0.031206505017947445,-0.035124410910067586,0.0039179058921201436,1.7089584836519223e-20,-0.03486669720790092,False,1.0,32029054.16355872,32029054.163558725,32351878.26140526,32351878.26140526,5.7198690228688065e-09,5.719869022868806e-13
2026-06-09,IC,front,3.3150357105952257,33150357.105952255,20.43190492699587,IC2606,0.022356647763075,0.02235664776307494,0.02680907372400762,-0.004452425960932678,0.0,0.026713296372803397,False,1.0,32331446.356478263,32331446.356478263,33125021.54384278,33125021.54384278,0.0,0.0
2026-06-10,IC,front,3.278993830304005,32789938.30304005,20.431904926995866,IC2606,-0.010872244958335386,-0.010872244958335366,-0.013845471130614937,0.0029732261722795706,1.7251748912710886e-20,-0.013737466640900808,False,0.9999999999999999,32371492.890135176,32371492.890135173,32717200.721499942,32717200.72149994,5.719016371585894e-09,5.719016371585894e-13
2026-06-11,IC,front,3.2653453178127716,32653453.178127717,20.43190492699587,IC2606,-0.0041624087136412635,-0.00416240871364119,-0.0034994142718277116,-0.0006629944418134781,1.735166394563764e-20,-0.003482203312061505,False,1.0,32343705.49943446,32343705.49943446,32548841.824901495,32548841.8249015,5.689599902325426e-09,5.689599902325426e-13
2026-06-12,IC,front,3.3169971734682173,33169971.734682173,20.43190492699587,IC2606,0.015818190919557384,0.015818190919557447,0.008812634529709176,0.0070055563898482704,0.0,0.00876330611340781,False,1.0,33005699.219069123,33005699.219069127,33145453.448769778,33145453.448769778,0.0,0.0
2026-06-15,IC,front,3.4118586847723686,34118586.847723685,20.59939619850592,IC2607,0.028598610834800642,0.028800628914385243,0.03726030762309121,-0.008459678708705967,0.00020201807958460227,0.03707655868347692,True,1.0044855490743982,33308618.589198433,33461659.184853017,33978510.953573845,34131551.54922843,67009339.89716031,6700.933989716031
2026-06-16,IC,front,3.445571703015718,34455717.03015718,20.507409208114158,IC2607,0.009881129717891124,0.009881578283583029,0.012182147924065082,-0.002300569640482052,4.4856569182440037e-07,0.01204151425937483,False,1.000000337388071,34011936.6948936,34011948.3198415,34468021.47568205,34468033.10062995,153044.2751342006,15.304427513420062
2026-06-17,IC,front,3.504879107939841,35048791.07939841,20.50740228916126,IC2607,0.017212645690180883,0.01721264572385077,0.014178409316753496,0.003034236407097273,3.3669729450161186e-11,0.013999797836854455,False,1.0000000007121876,34333492.88755247,34333492.91251378,34915903.112564646,34915903.13752596,11.601146704167036,0.0011601146704167036
2026-06-18,IC,front,3.535476152130717,35354761.52130717,20.507402274556142,IC2607,0.008729842955656375,0.008729842955727709,0.005383013080012764,0.003346829875714944,7.114708379579672e-14,0.005332041279272559,False,1.0000000000007812,34914262.520449705,34914262.520477325,35346558.56039735,35346558.56042497,0.02493619275867331,2.493619275867331e-06
2026-06-22,IC,front,3.59699835895435,35969983.5895435,20.507402274540123,IC2607,0.017401392111372482,0.017401392111372538,0.022701856148495254,-0.005300464037122716,7.847664337001706e-17,0.02256289280982915,False,0.9999999999999964,35029103.9731876,35029103.97318748,35887133.68435436,35887133.68435423,2.7745230113396246e-05,2.774523011339625e-09
2026-06-23,IC,front,3.5239920068569868,35239920.06856987,20.507402274540194,IC2607,-0.020296465222348847,-0.020296465222348906,-0.020546180159635167,0.0002497149372862614,3.4509833908674543e-19,-0.020317337897658994,False,1.0,34955277.32499925,34955277.32499926,35146406.314197965,35146406.31419797,1.241318159372895e-07,1.241318159372895e-11
2026-06-24,IC,front,3.57960808182554,35796080.8182554,20.507402274540194,IC2607,0.015782122905028118,0.015782122905027975,0.017964385474860383,-0.002182262569832405,0.0,0.017764677582899013,False,1.0,35033205.45364251,35033205.45364251,35823150.5892578,35823150.5892578,0.0,0.0
2026-06-25,IC,front,3.6267751070569827,36267751.07056983,20.507402274540194,IC2607,0.013176589211237877,0.013176589211237912,0.010893029011412038,0.002283560199825873,0.0,0.010750949344901173,False,1.0,35658271.07497049,35658271.07497049,36210330.34420112,36210330.34420112,0.0,0.0
2026-06-26,IC,front,3.5336715007305703,35336715.007305704,20.507402274540198,IC2607,-0.025671182683825955,-0.025671182683826028,-0.02651256417795677,0.0008413814941307437,1.7202979148120254e-20,-0.02622955221576173,False,1.0000000000000002,35121797.431468524,35121797.43146853,35396596.62194736,35396596.62194737,6.239133654162287e-09,6.239133654162287e-13
2026-06-29,IC,front,3.5745222460614547,35745222.46061455,20.507402274540198,IC2607,0.011560425275082498,0.011560425275082453,0.013640373276382428,-0.0020799480012999765,0.0,0.0135025052938047,False,1.0000000000000002,34900317.48690349,34900317.486903496,35636123.08051399,35636123.080514,0.0,0.0
2026-06-30,IC,front,3.669758622224419,36697586.22224419,20.507402274540194,IC2607,0.026643106297044028,0.026643106297044115,0.024129107765742498,0.002513998531301618,1.732365758521233e-20,0.023839457482011772,False,1.0,35621357.75087632,35621357.75087632,36618837.79750996,36618837.79750996,6.192379942149273e-09,6.192379942149274e-13
2026-07-01,IC,front,3.6449856802767746,36449856.802767746,20.507402274540194,IC2607,-0.006750564409772619,-0.0067505644097726305,-0.0002738225629790675,-0.0064767418467935635,0.0,-0.000271276371938578,False,1.0,36227556.56211173,36227556.56211173,36471184.50113327,36471184.50113327,0.0,0.0
2026-07-02,IC,front,3.543268964995055,35432689.64995055,20.507402274540198,IC2607,-0.0279059300101272,-0.02790593001012715,-0.0376673793181051,0.009761449307977949,1.7096368676790104e-20,-0.037075268055018706,False,1.0000000000000002,35325230.86203196,35325230.86203197,35560655.84014368,35560655.84014369,6.2316019011632315e-09,6.231601901163232e-13
2026-07-03,IC,front,3.563694337660497,35636943.37660497,20.507402274540194,IC2607,0.005764556082879846,0.00576455608287988,0.005912721379789319,-0.00014816529690943886,1.738862680533647e-20,0.005875194670457606,False,1.0,35240740.36466085,35240740.36466086,35759987.79025221,35759987.79025221,6.1612581703229816e-09,6.161258170322982e-13
2026-07-06,IC,front,3.5374448627490858,35374448.627490856,20.507402274540198,IC2607,-0.007365804253751884,-0.007365804253751959,-0.010833486787588742,0.0034676825338367835,1.7378686291871866e-20,-0.010763545051833856,False,1.0000000000000002,34972503.54290987,34972503.542909876,35362964.48221712,35362964.48221712,6.193232593432186e-09,6.193232593432187e-13
2026-07-07,IC,front,3.4752664190526805,34752664.190526806,20.507402274540198,IC2607,-0.01757721918189381,-0.017577219181893908,-0.016503571097300617,-0.001073648084593289,0.0,-0.016453341933365784,False,1.0,34567277.27396496,34567277.273964964,34728875.60388833,34728875.60388833,0.0,0.0
2026-07-08,IC,front,3.437532798867527,34375327.98867527,20.507402274540198,IC2607,-0.010857763300760048,-0.010857763300760043,-0.014017136382948641,0.003159373082188599,0.0,-0.013958506438635832,False,1.0,34166152.48547496,34166152.48547496,34468841.74304717,34468841.74304717,0.0,0.0
2026-07-09,IC,front,3.536132389003516,35361323.89003516,20.507402274540198,IC2607,0.028683243449625362,0.02868324344962531,0.031352312318045195,-0.002669068868419888,0.0,0.03131935323157764,False,1.0,33969281.42363937,33969281.42363937,35198084.96792982,35198084.96792982,0.0,0.0
2026-07-10,IC,front,3.4690289402116115,34690289.40211611,20.67188348534734,IC2608,-0.018976509194220115,-0.01877598061900943,-0.0174179485313487,-0.0013580320876607334,0.00020052857521063498,-0.01719907682955457,True,0.9999172992283223,34690289.40211612,34687420.488412835,35054114.551458225,35051245.63775495,70909558.97230539,7090.955897230539
2026-07-13,IC,front,3.3392010374363643,33392010.374363642,20.673593207458946,IC2608,-0.037424854336132296,-0.037424846132097456,-0.043602164181861844,0.006177318049764392,8.204034835194503e-09,-0.04301873125140365,False,0.9999993224224688,33277065.196130175,33277042.57045422,33420126.461125787,33420103.835449837,2846.0034269793923,0.28460034269793927
2026-07-14,IC,front,3.379225140162769,33792251.40162769,20.673607215430685,IC2608,0.011986131496033892,0.011986131563810004,0.017062902686195487,-0.005076771122385482,6.777621115553325e-11,0.016932616052316662,False,1.0000000002493674,32740378.266506575,32740378.274933264,33758346.68579438,33758346.69422107,22.63183946040627,0.002263183946040627
2026-07-15,IC,front,3.3477185627785553,33477185.627785552,20.673607210275357,IC2608,-0.00932361002223614,-0.00932361002221104,-0.01570575567681359,0.006382145654602551,2.5064913816708454e-14,-0.015510020613972664,False,0.9999999999987318,33253083.72562616,33253083.725583706,33394491.19894445,33394491.198901992,0.008469998690543434,8.469998690543435e-07
2026-07-16,IC,front,3.271391604958184,32713916.04958184,20.67360721030158,IC2608,-0.022799693698570933,-0.02279969369857078,-0.023703776893982793,0.0009040831954120129,1.2496093982768196e-16,-0.02355546063984648,False,0.999999999999981,32540257.74901531,32540257.749014687,32708127.439562958,32708127.439562336,4.1833405788338496e-05,4.18334057883385e-09
2026-07-17,IC,front,3.077969335898599,30779693.35898599,20.673607210301974,IC2608,-0.059125379170879566,-0.059125379170879656,-0.055851870576339564,-0.003273508594540087,1.901772490856183e-18,-0.05554536015867939,False,1.0,30701960.595875252,30701960.595875256,31095586.07715941,31095586.07715941,6.221442561127333e-07,6.221442561127333e-11
2026-07-20,IC,front,3.037779843481772,30377798.43481772,20.673607210301974,IC2608,-0.013057145159990347,-0.013057145159990303,-0.013762392197952743,0.0007052470379624397,0.0,-0.013634984348714907,False,1.0000000000000002,29563258.31073182,29563258.310731824,30038751.276568767,30038751.27656877,0.0,0.0
2026-07-21,IC,front,3.2006878682989517,32006878.682989515,20.673607210301974,IC2608,0.0536273308833537,0.05362733088335375,0.05298761399210553,0.0006397168912482208,0.0,0.0525278257150219,False,1.0000000000000002,29956056.84772756,29956056.847727563,31940723.13991655,31940723.13991655,0.0,0.0
2026-07-22,IC,front,3.170752485058434,31707524.850584343,20.673607210301974,IC2608,-0.009352796796279539,-0.009352796796279506,-0.006323472419584009,-0.003029324376695496,0.0,-0.006275150276709107,False,1.0000000000000002,31589271.817341417,31589271.817341417,31762103.17361954,31762103.173619542,0.0,0.0
2026-07-23,IC,front,3.167196624618262,31671966.24618262,20.673607210301974,IC2608,-0.0011214563284042134,-0.0011214563284041887,-0.0022624729416059587,0.00114101661320177,0.0,-0.0022382302629371242,False,1.0000000000000002,31399074.631006636,31399074.63100664,31640542.36322296,31640542.363222964,0.0,0.0
2026-07-24,IC,front,3.0872311119288143,30872311.119288143,20.67360721030197,IC2608,-0.02524804177545681,-0.025248041775456868,-0.02631984334203663,0.0010718015665797604,1.702145614470275e-20,-0.026066966542587555,False,0.9999999999999999,30872311.119288143,30872311.11928814,30995525.818261538,30995525.818261538,5.391029844759032e-09,5.391029844759032e-13
2026-07-27,IC,front,3.1800142610886497,31800142.610886496,20.673607210301974,IC2608,0.030053839766426504,0.030053839766426442,0.025165403262529206,0.004888436503897236,1.7193064439412433e-20,0.024944574986392798,False,1.0000000000000002,30762327.528929334,30762327.528929338,31670312.3576058,31670312.357605804,5.3078963446751e-09,5.3078963446751e-13
2026-07-28,IC,front,3.062340088847611,30623400.888476107,20.673607210301974,IC2608,-0.037004290729424016,-0.03700429072942405,-0.03603822649850476,-0.0009660642309192943,0.0,-0.03590005958086162,False,1.0,30373663.71337566,30373663.71337566,30524167.573866658,30524167.573866658,0.0,0.0
2026-07-29,IC,front,3.099056415253107,30990564.152531072,20.673607210301974,IC2608,0.011989630589760214,0.011989630589760233,0.010947288831281045,0.001042341758479188,0.0,0.010892827634571667,False,1.0,30204140.134251185,30204140.134251185,30945082.21666841,30945082.21666841,0.0,0.0
2026-07-30,IC,front,3.0159485142676936,30159485.142676935,20.673607210301974,IC2608,-0.026817162984309917,-0.02681716298430996,-0.0286756857722276,0.0018585227879176411,0.0,-0.028563986226345706,False,0.9999999999999999,29601297.74799878,29601297.747998778,30273603.454477802,30273603.454477802,0.0,0.0
2026-07-31,IC,front,3.076480836179458,30764808.36179458,20.673607210301977,IC2608,0.020070741136793746,0.020070741136793687,0.02528173069013735,-0.005210989553343662,1.774031212722041e-20,0.025228535702461752,False,0.9999999999999999,30758192.80748728,30758192.80748728,30939293.60664953,30939293.606649525,5.350386800273554e-09,5.350386800273554e-13
2026-08-03,IC,front,3.057543811974821,30575438.119748212,20.673607210301977,IC2608,-0.006155417573851629,-0.0061554175738515945,-0.010680590274977735,0.00452517270112614,0.0,-0.010604497737520258,False,0.9999999999999999,30527475.35102031,30527475.351020306,30609342.835573107,30609342.835573103,0.0,0.0
2026-08-04,IC,front,3.1315553257877022,31315553.257877022,20.673607210301977,IC2608,0.024206198950613933,0.02420619895061394,0.02609536431005562,-0.001889165359441679,0.0,0.02602595987332945,False,1.0,30752404.1974684,30752404.197468396,31371785.46948904,31371785.469489038,0.0,0.0
2026-08-05,IC,front,3.2187152537863355,32187152.537863355,20.673607210301977,IC2608,0.027832791993451123,0.02783279199345113,0.026633922205497932,0.0011988697879531977,0.0,0.026515973073904853,False,0.9999999999999999,31217146.887555983,31217146.887555983,32149940.044884812,32149940.04488481,0.0,0.0
2026-08-06,IC,front,3.2180536983556056,32180536.98355606,20.673607210301977,IC2608,-0.0002055340030315822,-0.00020553400303167287,0.0025884438506794992,-0.002793977853711172,0.0,0.0025802866102973,False,0.9999999999999999,31785257.61369508,31785257.613695078,32119343.106213562,32119343.10621356,0.0,0.0
2026-08-07,IC,front,3.2813976308479713,32813976.30847971,20.673607210301977,IC2608,0.019683926506488536,0.019683926506488474,0.019370422716176307,0.0003135037903121666,0.0,0.019255724605842683,False,0.9999999999999999,31938242.30705132,31938242.307051312,32724666.325331207,32724666.325331204,0.0,0.0
2026-08-10,IC,front,3.289253601587886,32892536.01587886,20.673607210301977,IC2608,0.002394092890804167,0.0023940928908041626,0.0064048285073460744,-0.004010735616541912,0.0,0.0063695784023298785,False,0.9999999999999998,32531988.30613119,32531988.306131188,32856150.467188727,32856150.46718872,0.0,0.0
2026-08-11,IC,front,3.2837957692843665,32837957.692843664,20.673607210301977,IC2608,-0.0016592920353981633,-0.0016592920353982069,-0.007970886967015266,0.006311594931617059,0.0,-0.007895703497095563,False,0.9999999999999998,32680838.278045367,32680838.278045364,32863592.965784438,32863592.96578443,0.0,0.0
2026-08-12,IC,front,3.3025674046313203,33025674.046313204,20.67360721030198,IC2608,0.005716444220599248,0.005716444220599299,0.009792243767313073,-0.004075799546713775,1.7218966646832523e-20,0.009760854667814733,False,1.0,32784206.31409688,32784206.31409688,33042212.932081446,33042212.932081446,5.654356982631725e-09,5.654356982631725e-13
2026-08-13,IC,front,3.2847054080016194,32847054.080016196,20.673607210301977,IC2608,-0.005408518416505914,-0.005408518416505971,-0.009631419485689996,0.004222901069184024,1.7305692357240375e-20,-0.009562092697484648,False,0.9999999999999998,32818111.029921774,32818111.029921766,33011615.9934102,33011615.993410192,5.715321549359942e-09,5.715321549359942e-13
2026-08-14,IC,front,3.2803099541787906,32803099.541787904,20.878603442587398,IC2609,-0.0013381576966147168,-0.0011372213564584837,0.0027638708457586886,-0.0039010922022171724,0.00020093634015618501,0.0027546377055311932,True,1.0007034681206362,32555896.877027668,32578972.811813373,32854043.334187817,32877119.26897352,66001668.317507386,6600.166831750739
2026-08-17,IC,front,3.3724518077215078,33724518.077215075,20.86392633553904,IC2609,0.028089374123118294,0.028089444682907357,0.024719169952530953,0.0033702747303764025,7.055978897900493e-08,0.02431814455723358,False,0.9999979970521857,32835714.815321114,32835647.26687134,33662760.85526188,33662693.30681211,23145.797815258476,2.3145797815258478
2026-08-18,IC,front,3.3476654162570383,33476654.162570383,20.863968124978392,IC2609,-0.0073496651331588225,-0.007349664932963173,-0.0009230374143655918,-0.006426627518597582,2.0019565012157945e-10,-0.0009114634241701447,False,0.9999999992030251,33100268.177595776,33100268.150915716,33444106.372295417,33444106.345615365,67.5150182150503,0.006751501821505031
2026-08-19,IC,front,3.218058446192642,32180584.46192642,20.863968141606453,IC2609,-0.03871562834057274,-0.038715628340493996,-0.04907635927035113,0.010360730929857138,7.875574364502068e-14,-0.04814862825570676,False,0.9999999999902851,32047889.6245458,32047889.62423317,32151374.90652817,32151374.90621554,0.02636478793320407,2.6364787933204073e-06
2026-08-20,IC,front,3.238505134971297,32385051.34971297,20.863968141809142,IC2609,0.0063537344397353035,0.006353734439736271,0.008679979253009668,-0.002326244813273397,9.812559583275873e-16,0.008600288303659331,False,1.0000000000000981,32184757.255551603,32184757.25555478,32314113.858030822,32314113.858034,0.00031577390245729475,3.1577390245729477e-08
2026-08-21,IC,front,3.2389224143341324,32389224.143341325,20.863968141807096,IC2609,0.00012884937508039762,0.00012884937508031582,0.0005063780440660422,-0.0003775286689857263,9.786636131939902e-18,0.0005006114338124146,False,1.0000000000000002,32003658.012080733,32003658.01208074,32405080.7591291,32405080.759129107,3.1694071367383003e-06,3.1694071367383005e-10
2026-08-24,IC,front,3.183173891459224,31831738.91459224,20.86396814180709,IC2609,-0.01721205874774545,-0.017212058747745475,-0.017681010048956426,0.0004689513012109536,3.403403537484368e-20,-0.017473164483794212,False,1.0,31356040.44095904,31356040.44095904,31653143.347298373,31653143.347298376,1.1023360002582194e-08,1.1023360002582195e-12
2026-08-25,IC,front,3.186762493979615,31867624.93979615,20.86396814180709,IC2609,0.0011273661580410987,0.0011273661580410528,-0.0008061978920875341,0.0019335640501285869,0.0,-0.0007969325224923551,False,1.0,31279261.03819719,31279261.03819719,31872632.292150185,31872632.292150185,0.0,0.0
2026-08-26,IC,front,3.21672315223125,32167231.5223125,20.86396814180709,IC2609,0.00940159748592384,0.009401597485923816,0.007802802147440113,0.0015987953384837036,0.0,0.007727981283734531,False,1.0,31729922.750060223,31729922.750060223,32128007.2622059,32128007.262205902,0.0,0.0
2026-08-27,IC,front,3.2977588044940287,32977588.044940285,20.86396814180709,IC2609,0.025191988376919827,0.02519198837691986,0.022805105853051084,0.0023868825238687764,0.0,0.02262393942240748,False,1.0,32130510.93838292,32130510.93838292,32878275.556585282,32878275.556585286,0.0,0.0
2026-08-28,IC,front,3.2772286598424905,32772286.598424904,20.86396814180709,IC2609,-0.006225483993420156,-0.006225483993420198,-0.006438061495634583,0.00021257750221438548,0.0,-0.006402955829924006,False,1.0000000000000002,32718874.839981876,32718874.83998188,32764775.569893852,32764775.569893856,0.0,0.0
2026-08-31,IC,front,3.2947543930816083,32947543.930816084,20.86396814180709,IC2609,0.005347729761389308,0.00534772976138939,0.007213068832921713,-0.0018653390715323232,0.0,0.007175018523326804,False,1.0,32105474.17661275,32105474.17661275,32909154.22943516,32909154.22943516,0.0,0.0
2026-09-01,IC,front,3.255446677102444,32554466.77102444,20.86396814180709,IC2609,-0.011930393373692283,-0.011930393373692321,-0.011851870614757204,-7.85227589351172e-05,0.0,-0.011767960664478605,False,1.0,32401742.524226412,32401742.524226412,32551963.094847422,32551963.094847422,0.0,0.0
2026-09-02,IC,front,3.20286947738509,32028694.7738509,20.863968141807092,IC2609,-0.0161505332239541,-0.016150533223954062,-0.01657224159146853,0.0004217083675144665,1.6849884099316047e-20,-0.016452207285850395,False,1.0000000000000002,31684022.020148244,31684022.020148247,32023687.42149686,32023687.421496864,5.4853899200679734e-09,5.485389920067974e-13
2026-09-03,IC,front,3.2156382258878757,32156382.258878756,20.86396814180709,IC2609,0.003986659023398786,0.003986659023398751,0.0034042941268435187,0.0005823648965552325,1.7126485980148013e-20,0.003380673107153065,False,1.0000000000000002,31719908.045352153,31719908.045352157,32215635.92840149,32215635.928401493,5.4853899200679734e-09,5.485389920067974e-13
2026-09-04,IC,front,3.1746613924573666,31746613.924573667,20.86396814180709,IC2609,-0.012742986166982329,-0.012742986166982407,-0.013323038592302314,0.0005800524253199066,0.0,-0.01323858595861449,False,1.0,31579702.179439206,31579702.179439213,31733260.98496291,31733260.984962914,0.0,0.0
2026-09-07,IC,front,3.219811019516237,32198110.19516237,20.86396814180709,IC2609,0.014221871713985257,0.014221871713985255,0.014022082018927483,0.0001997896950577727,0.0,0.013940196192449905,False,1.0000000000000002,31926878.60931888,31926878.609318882,32232327.102914933,32232327.102914937,0.0,0.0
