contract,open,high,low,volume,turnover,oi,oi_change,close,settle,prev_settle,date,source_zip,source_file,product,expiry,spot,basis_points,discount,dte,annualized_discount
IM2208,7050.0,7085.2,6857.0,22153,3091913.32,17517,17517.0,6956.6,6934.2,7018.8,2022-07-22,202207.zip,20220722_1.csv,IM,2022-08-19,7034.6,-78.0,0.011088050493276103,28,0.14616130211392311
IM2209,6987.0,7043.2,6807.0,6710,930226.732,5858,5858.0,6901.2,6877.4,6988.8,2022-07-22,202207.zip,20220722_1.csv,IM,2022-09-16,7034.6,-133.40000000000055,0.01896340943337227,56,0.12598999345869458
IM2212,6895.8,6946.8,6667.6,3921,533484.84,3613,3613.0,6737.0,6719.4,6898.8,2022-07-22,202207.zip,20220722_1.csv,IM,2022-12-16,7034.6,-297.60000000000036,0.04230517726665339,147,0.10968365377916069
IM2303,6800.0,6838.6,6530.0,3703,493444.812,3338,3338.0,6588.0,6572.4,6798.8,2022-07-22,202207.zip,20220722_1.csv,IM,2023-03-17,7034.6,-446.60000000000036,0.06348619679868084,238,0.10396353441194346
IM2208,6974.2,7015.8,6850.0,22883,3169970.476,18747,1230.0,6878.6,6885.8,6934.2,2022-07-25,202207.zip,20220725_1.csv,IM,2022-08-19,6948.91,-70.30999999999949,0.010118133635347082,25,0.1492347279969746
IM2209,6914.0,6959.2,6790.2,6248,858537.0,6213,355.0,6823.0,6833.2,6877.4,2022-07-25,202207.zip,20220725_1.csv,IM,2022-09-16,6948.91,-125.90999999999985,0.018119388508413548,53,0.12708721057245326
IM2212,6737.4,6799.4,6640.6,2763,370973.74,3461,-152.0,6670.0,6673.2,6719.4,2022-07-25,202207.zip,20220725_1.csv,IM,2022-12-16,6948.91,-278.90999999999985,0.04013723015552073,144,0.10599091079460277
IM2303,6587.0,6660.0,6497.4,2829,371971.54,3644,306.0,6515.0,6530.4,6572.4,2022-07-25,202207.zip,20220725_1.csv,IM,2023-03-17,6948.91,-433.90999999999985,0.06244288672611964,235,0.10344517561764158
IM2208,6898.0,6994.0,6844.8,19269,2671200.584,20386,1639.0,6991.0,6964.4,6885.8,2022-07-26,202207.zip,20220726_1.csv,IM,2022-08-19,7027.42,-36.42000000000007,0.005182556329349941,24,0.07922865112287315
IM2209,6833.2,6937.8,6793.0,6357,874615.768,7765,1552.0,6937.0,6909.0,6833.2,2022-07-26,202207.zip,20220726_1.csv,IM,2022-09-16,7027.42,-90.42000000000007,0.012866741990659403,52,0.09149183309122694
IM2212,6670.0,6780.0,6638.6,2658,357531.16,4210,749.0,6777.2,6751.2,6673.2,2022-07-26,202207.zip,20220726_1.csv,IM,2022-12-16,7027.42,-250.22000000000025,0.03560623955875697,143,0.09423853900924084
IM2303,6520.2,6629.2,6487.6,1899,250081.464,3684,40.0,6624.0,6606.0,6530.4,2022-07-26,202207.zip,20220726_1.csv,IM,2023-03-17,7027.42,-403.4200000000001,0.05740655887936119,234,0.09499792260208922
IM2208,6982.0,7074.4,6965.2,19290,2711399.276,21390,1004.0,7066.2,7059.4,6964.4,2022-07-27,202207.zip,20220727_1.csv,IM,2022-08-19,7099.43,-33.23000000000047,0.004680657461232918,23,0.07462931309245763
IM2209,6910.0,7021.4,6910.0,5374,749727.396,7206,-559.0,7015.0,7008.0,6909.0,2022-07-27,202207.zip,20220727_1.csv,IM,2022-09-16,7099.43,-84.43000000000029,0.011892504046099539,51,0.08613740863415985
IM2212,6767.8,6864.6,6753.0,2693,367212.744,4272,62.0,6856.6,6849.4,6751.2,2022-07-27,202207.zip,20220727_1.csv,IM,2022-12-16,7099.43,-242.82999999999993,0.03420415441803071,142,0.09103283029859575
IM2303,6609.6,6717.0,6601.2,1124,149892.708,3785,101.0,6715.0,6701.4,6606.0,2022-07-27,202207.zip,20220727_1.csv,IM,2023-03-17,7099.43,-384.4300000000003,0.0541494176293027,233,0.08968260156781789
IM2208,7110.0,7171.4,7072.4,22464,3199380.992,24584,3194.0,7119.0,7112.4,7059.4,2022-07-28,202207.zip,20220728_1.csv,IM,2022-08-19,7150.2,-31.199999999999818,0.0043635143072920934,22,0.0727119488181439
IM2209,7068.8,7126.4,7023.4,7766,1099101.184,9682,2476.0,7074.0,7068.0,7008.0,2022-07-28,202207.zip,20220728_1.csv,IM,2022-09-16,7150.2,-76.19999999999982,0.010657044558194162,50,0.07863443596268073
IM2212,6905.2,6970.0,6871.6,3256,451024.792,5135,863.0,6923.0,6921.4,6849.4,2022-07-28,202207.zip,20220728_1.csv,IM,2022-12-16,7150.2,-227.19999999999982,0.031775334955665535,141,0.08495476584885629
IM2303,6750.2,6824.8,6724.4,1449,196397.196,3892,107.0,6787.6,6775.2,6701.4,2022-07-28,202207.zip,20220728_1.csv,IM,2023-03-17,7150.2,-362.59999999999945,0.050711868199490806,232,0.08404588184132905
IM2208,7130.0,7152.0,7068.0,25025,3556014.512,25557,973.0,7087.0,7090.2,7112.4,2022-07-29,202207.zip,20220729_1.csv,IM,2022-08-19,7117.43,-30.43000000000029,0.00427541963883038,21,0.07462993945991168
IM2209,7081.6,7105.8,7027.8,9450,1334339.616,11829,2147.0,7044.8,7047.2,7068.0,2022-07-29,202207.zip,20220729_1.csv,IM,2022-09-16,7117.43,-72.63000000000011,0.010204526071910802,49,0.07679698327207318
IM2212,6938.4,6959.2,6879.4,3417,472335.7,5281,146.0,6891.8,6893.2,6921.4,2022-07-29,202207.zip,20220729_1.csv,IM,2022-12-16,7117.43,-225.6300000000001,0.03170104939563856,140,0.08535500781467018
IM2303,6798.0,6819.8,6731.0,1392,188431.152,4053,161.0,6749.0,6748.4,6775.2,2022-07-29,202207.zip,20220729_1.csv,IM,2023-03-17,7117.43,-368.4300000000003,0.051764471164451265,231,0.08625741572104015
IM2208,7070.2,7141.0,7004.4,22084,3130993.02,24149,-1408.0,7136.6,7130.0,7090.2,2022-08-01,202208.zip,20220801_1.csv,IM,2022-08-19,7180.45,-43.849999999999454,0.0061068595979359985,18,0.12459442249187701
IM2209,7032.0,7089.6,6960.2,6742,950076.628,10961,-868.0,7087.4,7079.2,7047.2,2022-08-01,202208.zip,20220801_1.csv,IM,2022-09-16,7180.45,-93.05000000000018,0.012958797846931658,46,0.10417522952551414
IM2212,6882.0,6935.8,6807.4,2555,351858.844,5512,231.0,6930.0,6923.2,6893.2,2022-08-01,202208.zip,20220801_1.csv,IM,2022-12-16,7180.45,-250.44999999999982,0.034879429562214015,137,0.0962853245699958
IM2303,6730.0,6788.2,6657.4,1435,193392.68,4309,256.0,6778.6,6773.8,6748.4,2022-08-01,202208.zip,20220801_1.csv,IM,2023-03-17,7180.45,-401.84999999999945,0.0559644590520092,228,0.0949034461393207
IM2208,7070.0,7075.0,6820.4,37753,5245061.592,31769,7620.0,6948.2,6975.4,7130.0,2022-08-02,202208.zip,20220802_1.csv,IM,2022-08-19,6957.98,-9.779999999999745,0.0014055803552179835,17,0.030221115244403837
IM2209,7015.2,7015.4,6774.0,14493,1999776.404,14621,3660.0,6905.0,6925.2,7079.2,2022-08-02,202208.zip,20220802_1.csv,IM,2022-09-16,6957.98,-52.97999999999956,0.007614278856794554,45,0.062234129857591254
IM2212,6873.8,6873.8,6617.8,4260,574594.332,6575,1063.0,6767.0,6772.0,6923.2,2022-08-02,202208.zip,20220802_1.csv,IM,2022-12-16,6957.98,-190.97999999999956,0.027447621292386537,136,0.07574355218664945
IM2303,6702.6,6706.6,6470.0,1853,244642.924,4517,208.0,6612.0,6630.0,6773.8,2022-08-02,202208.zip,20220802_1.csv,IM,2023-03-17,6957.98,-345.97999999999956,0.04972420156424706,227,0.08413663849735202
IM2208,6990.0,7062.0,6860.8,32325,4520482.06,29243,-2526.0,6882.8,6914.6,6975.4,2022-08-03,202208.zip,20220803_1.csv,IM,2022-08-19,6916.67,-33.86999999999989,0.0048968651099444704,16,0.11225945472772635
IM2209,6935.0,7009.6,6816.0,12043,1673380.684,15381,760.0,6841.8,6868.8,6925.2,2022-08-03,202208.zip,20220803_1.csv,IM,2022-09-16,6916.67,-74.86999999999989,0.010824573096591239,44,0.09077738048732513
IM2212,6781.4,6859.2,6665.0,3379,458791.092,6786,211.0,6688.8,6710.4,6772.0,2022-08-03,202208.zip,20220803_1.csv,IM,2022-12-16,6916.67,-227.8699999999999,0.03294504436383405,135,0.0921081454017109
IM2303,6635.0,6715.8,6519.2,1829,242977.916,4919,402.0,6536.8,6562.4,6630.0,2022-08-03,202208.zip,20220803_1.csv,IM,2023-03-17,6916.67,-379.8699999999999,0.054920937387500035,226,0.09385431073416328
IM2208,6933.0,6942.8,6778.2,35394,4861552.848,30899,1656.0,6890.8,6872.0,6914.6,2022-08-04,202208.zip,20220804_1.csv,IM,2022-08-19,6960.31,-69.51000000000022,0.009986624158981439,15,0.24545916294189266
IM2209,6891.0,6895.0,6729.0,12415,1693649.072,17634,2253.0,6843.0,6822.6,6868.8,2022-08-04,202208.zip,20220804_1.csv,IM,2022-09-16,6960.31,-117.3100000000004,0.016854134370451912,43,0.1455167222318524
IM2212,6732.2,6750.0,6570.6,4490,598820.864,7457,671.0,6687.6,6663.0,6710.4,2022-08-04,202208.zip,20220804_1.csv,IM,2022-12-16,6960.31,-272.71000000000004,0.039180726145818245,134,0.11107564411925684
IM2303,6576.8,6605.0,6427.6,1893,246648.604,5227,308.0,6537.6,6510.8,6562.4,2022-08-04,202208.zip,20220804_1.csv,IM,2023-03-17,6960.31,-422.71000000000004,0.06073149040775483,225,0.10489010578125853
IM2208,6903.4,7080.8,6903.4,31492,4399359.616,28786,-2113.0,7080.0,7051.4,6872.0,2022-08-05,202208.zip,20220805_1.csv,IM,2022-08-19,7090.0,-10.0,0.0014104372355430161,14,0.036824051654561964
IM2209,6863.8,7028.4,6855.2,10251,1420830.508,17740,106.0,7026.6,6995.6,6822.6,2022-08-05,202208.zip,20220805_1.csv,IM,2022-09-16,7090.0,-63.399999999999636,0.008942172073342691,42,0.07841291527569368
IM2212,6701.2,6874.0,6696.0,4142,561318.576,8083,626.0,6872.8,6842.8,6663.0,2022-08-05,202208.zip,20220805_1.csv,IM,2022-12-16,7090.0,-217.19999999999982,0.030634696755994284,133,0.08672959899457626
IM2303,6560.2,6733.0,6541.4,1680,223022.728,5388,161.0,6730.8,6695.0,6510.8,2022-08-05,202208.zip,20220805_1.csv,IM,2023-03-17,7090.0,-359.1999999999998,0.05066290550070518,224,0.08695899022828968
IM2208,7060.0,7145.0,7039.6,20853,2959627.7,26514,-2272.0,7132.2,7130.6,7051.4,2022-08-08,202208.zip,20220808_1.csv,IM,2022-08-19,7176.11,-43.909999999999854,0.006118914007728349,11,0.20428670485454783
IM2209,7017.2,7093.0,6987.0,8044,1134097.956,17873,133.0,7081.2,7081.2,6995.6,2022-08-08,202208.zip,20220808_1.csv,IM,2022-09-16,7176.11,-94.90999999999985,0.013225828478103052,39,0.12543922730755538
IM2212,6868.4,6938.4,6832.0,3166,436379.116,8091,8.0,6922.0,6924.0,6842.8,2022-08-08,202208.zip,20220808_1.csv,IM,2022-12-16,7176.11,-254.10999999999967,0.0354105497268018,130,0.10307175560642758
IM2303,6717.8,6789.8,6683.6,1241,167263.6,5574,186.0,6770.0,6770.6,6695.0,2022-08-08,202208.zip,20220808_1.csv,IM,2023-03-17,7176.11,-406.1099999999997,0.05659194187380068,221,0.09907306656329143
IM2208,7120.0,7164.8,7084.4,18871,2690369.828,25359,-1155.0,7160.6,7154.4,7130.6,2022-08-09,202208.zip,20220809_1.csv,IM,2022-08-19,7207.4,-46.79999999999927,0.006493326303521285,10,0.2385554283160584
IM2209,7068.2,7110.0,7030.6,8627,1220531.104,19162,1289.0,7106.6,7099.4,7081.2,2022-08-09,202208.zip,20220809_1.csv,IM,2022-09-16,7207.4,-100.79999999999927,0.013985625884507469,38,0.13624103316857245
IM2212,6912.4,6945.6,6867.0,3152,435486.732,8524,433.0,6940.4,6935.2,6924.0,2022-08-09,202208.zip,20220809_1.csv,IM,2022-12-16,7207.4,-267.0,0.037045259039320655,129,0.10885037120037312
IM2303,6762.8,6796.2,6718.0,1184,160156.432,5949,375.0,6789.0,6786.4,6770.6,2022-08-09,202208.zip,20220809_1.csv,IM,2023-03-17,7207.4,-418.39999999999964,0.0580514471237894,220,0.10224828934506353
IM2208,7138.0,7202.0,7130.0,21848,3132424.456,26391,1032.0,7168.4,7158.2,7154.4,2022-08-10,202208.zip,20220810_1.csv,IM,2022-08-19,7212.08,-43.68000000000029,0.006056505196836426,9,0.2471216263973376
IM2209,7082.6,7144.0,7075.0,8796,1251345.792,19935,773.0,7115.0,7102.4,7099.4,2022-08-10,202208.zip,20220810_1.csv,IM,2022-09-16,7212.08,-97.07999999999993,0.013460749187474308,37,0.1346002924920708
IM2212,6925.2,6979.6,6913.4,2645,367744.876,8717,193.0,6950.8,6940.2,6935.2,2022-08-10,202208.zip,20220810_1.csv,IM,2022-12-16,7212.08,-261.27999999999975,0.036228106177413455,128,0.10718999971226326
IM2303,6765.2,6828.6,6758.8,1334,181352.564,5877,-72.0,6796.0,6787.0,6786.4,2022-08-10,202208.zip,20220810_1.csv,IM,2023-03-17,7212.08,-416.0799999999999,0.05769209437499301,219,0.1020404159309396
IM2208,7201.4,7287.6,7179.6,22671,3283346.204,24871,-1520.0,7284.8,7278.6,7158.2,2022-08-11,202208.zip,20220811_1.csv,IM,2022-08-19,7294.49,-9.6899999999996,0.0013283999292615922,8,0.060688865857677216
IM2209,7165.0,7235.0,7126.6,9386,1349717.604,21086,1151.0,7228.8,7227.0,7102.4,2022-08-11,202208.zip,20220811_1.csv,IM,2022-09-16,7294.49,-65.6899999999996,0.009005427384231046,36,0.09213474035954976
IM2212,6993.2,7074.8,6967.2,3823,537377.544,9406,689.0,7069.2,7066.8,6940.2,2022-08-11,202208.zip,20220811_1.csv,IM,2022-12-16,7294.49,-225.28999999999996,0.030884955630893995,127,0.09159268486872853
IM2303,6832.0,6922.8,6813.0,1836,252602.676,6525,648.0,6918.2,6913.2,6787.0,2022-08-11,202208.zip,20220811_1.csv,IM,2023-03-17,7294.49,-376.28999999999996,0.05158551180411519,218,0.09106802851354179
IM2208,7275.0,7306.0,7205.4,19678,2857735.04,23573,-1298.0,7222.4,7228.8,7278.6,2022-08-12,202208.zip,20220812_1.csv,IM,2022-08-19,7228.83,-6.430000000000291,0.000889493873835745,7,0.046422044116723064
IM2209,7233.4,7255.2,7153.6,10474,1508991.088,22632,1546.0,7170.2,7175.0,7227.0,2022-08-12,202208.zip,20220812_1.csv,IM,2022-09-16,7228.83,-58.63000000000011,0.00811057944369975,35,0.08527337352614123
IM2212,7069.0,7093.0,6999.2,4096,578057.056,10216,810.0,7014.2,7022.4,7066.8,2022-08-12,202208.zip,20220812_1.csv,IM,2022-12-16,7228.83,-214.6300000000001,0.029690835169730145,126,0.08864099040811992
IM2303,6912.8,6945.0,6850.0,1731,238908.58,6831,306.0,6866.8,6870.8,6913.2,2022-08-12,202208.zip,20220812_1.csv,IM,2023-03-17,7228.83,-362.02999999999975,0.05008141013137668,217,0.08867951156959311
IM2208,7210.0,7297.6,7206.0,20698,3004605.308,23063,-510.0,7266.0,7262.4,7228.8,2022-08-15,202208.zip,20220815_1.csv,IM,2022-08-19,7283.5,-17.5,0.0024026910139356428,4,0.2197736030828587
IM2209,7166.6,7248.0,7155.4,11935,1720924.136,24576,1944.0,7215.8,7214.4,7175.0,2022-08-15,202208.zip,20220815_1.csv,IM,2022-09-16,7283.5,-67.69999999999982,0.009294981808196545,32,0.10701559425150425
IM2212,6998.8,7091.0,6993.0,2966,418441.832,10492,276.0,7058.2,7059.0,7022.4,2022-08-15,202208.zip,20220815_1.csv,IM,2022-12-16,7283.5,-225.30000000000018,0.030932930596553887,123,0.09472289970979957
IM2303,6843.0,6940.6,6843.0,1670,230565.868,7197,366.0,6909.8,6908.8,6870.8,2022-08-15,202208.zip,20220815_1.csv,IM,2023-03-17,7283.5,-373.6999999999998,0.05130775039472779,214,0.09224369938618951
IM2208,7275.0,7361.4,7257.2,21099,3085633.892,20891,-2172.0,7311.0,7305.6,7262.4,2022-08-16,202208.zip,20220816_1.csv,IM,2022-08-19,7324.62,-13.61999999999989,0.001859482130130985,3,0.22665845985500885
IM2209,7225.2,7314.0,7208.8,13890,2017275.472,27042,2466.0,7263.0,7257.8,7214.4,2022-08-16,202208.zip,20220816_1.csv,IM,2022-09-16,7324.62,-61.61999999999989,0.00841272311737673,31,0.09989340581737655
IM2212,7069.2,7155.8,7055.4,3436,488511.196,11015,523.0,7103.2,7098.6,7059.0,2022-08-16,202208.zip,20220816_1.csv,IM,2022-12-16,7324.62,-221.42000000000007,0.03022955457074905,122,0.0932600915034372
IM2303,6922.6,7005.0,6903.6,2684,373321.54,8067,870.0,6945.0,6941.6,6908.8,2022-08-16,202208.zip,20220816_1.csv,IM,2023-03-17,7324.62,-379.6199999999999,0.051827944657879876,213,0.09366775165029045
IM2208,7317.0,7346.4,7263.8,18274,2671222.644,17086,-3805.0,7327.6,7325.8,7305.6,2022-08-17,202208.zip,20220817_1.csv,IM,2022-08-19,7328.67,-1.069999999999709,0.00014600193486669077,2,0.02664924395436974
IM2209,7267.6,7296.6,7211.2,15826,2298008.66,31204,4162.0,7278.2,7277.2,7257.8,2022-08-17,202208.zip,20220817_1.csv,IM,2022-09-16,7328.67,-50.470000000000255,0.006886652011893091,30,0.0843686167825392
IM2212,7107.2,7139.8,7060.6,3578,508326.336,11506,491.0,7127.2,7123.4,7098.6,2022-08-17,202208.zip,20220817_1.csv,IM,2022-12-16,7328.67,-201.47000000000025,0.02749066338094086,121,0.08527052456008388
IM2303,6954.6,6987.0,6905.0,1620,225141.76,7909,-158.0,6969.0,6969.2,6941.6,2022-08-17,202208.zip,20220817_1.csv,IM,2023-03-17,7328.67,-359.6700000000001,0.04907711767619505,212,0.08885681738805531
IM2208,7320.0,7370.4,7303.0,14405,2112073.424,10606,-6480.0,7358.8,7352.0,7325.8,2022-08-18,202208.zip,20220818_1.csv,IM,2022-08-19,7351.44,7.360000000000582,-0.001001164397723464,1,-0.365059520574052
IM2209,7263.4,7333.0,7253.0,19946,2906510.036,35348,4144.0,7316.6,7307.4,7277.2,2022-08-18,202208.zip,20220818_1.csv,IM,2022-09-16,7351.44,-34.839999999999236,0.004739207556614611,29,0.059932680244355566
IM2212,7115.0,7170.6,7103.0,4102,585099.08,12669,1163.0,7161.6,7154.0,7123.4,2022-08-18,202208.zip,20220818_1.csv,IM,2022-12-16,7351.44,-189.83999999999924,0.02582351212823597,120,0.08062863047363696
IM2303,6946.0,7016.8,6946.0,2448,341876.2,8545,636.0,7010.8,7006.2,6969.2,2022-08-18,202208.zip,20220818_1.csv,IM,2023-03-17,7351.44,-340.6399999999994,0.046336500059852126,211,0.08405014659846376
IM2208,7350.2,7377.8,7272.4,8968,1311762.324,0,-10606.0,7277.8,7277.46,7352.0,2022-08-19,202208.zip,20220819_1.csv,IM,2022-08-19,7234.41,43.39000000000033,-0.005997724762627499,0,
IM2209,7319.0,7337.0,7183.2,31515,4571510.168,41807,6459.0,7186.4,7203.2,7307.4,2022-08-19,202208.zip,20220819_1.csv,IM,2022-09-16,7234.41,-48.01000000000022,0.006636339383584877,28,0.087087365420399
IM2212,7170.6,7186.4,7036.0,6978,991268.184,15606,2937.0,7036.2,7054.2,7154.0,2022-08-19,202208.zip,20220819_1.csv,IM,2022-12-16,7234.41,-198.21000000000004,0.02739822597834518,119,0.08640388874915501
IM2303,7012.2,7033.8,6884.4,2291,318328.368,8473,-72.0,6890.0,6903.2,7006.2,2022-08-19,202208.zip,20220819_1.csv,IM,2023-03-17,7234.41,-344.40999999999985,0.04760719948136749,210,0.08688205819337892
IM2209,7179.8,7252.8,7119.4,27615,3975629.24,41665,-142.0,7232.4,7239.4,7203.2,2022-08-22,202208.zip,20220822_1.csv,IM,2022-09-16,7288.58,-56.18000000000029,0.0077079485990412255,25,0.11341020961230136
IM2210,7128.6,7202.8,7070.4,896,128092.108,857,857.0,7180.2,7188.2,7203.2,2022-08-22,202208.zip,20220822_1.csv,IM,2022-10-21,7288.58,-108.38000000000011,0.014869837471770952,60,0.09182357965887669
IM2212,7023.2,7102.6,6971.8,5427,765772.452,15775,169.0,7079.0,7091.0,7054.2,2022-08-22,202208.zip,20220822_1.csv,IM,2022-12-16,7288.58,-209.57999999999993,0.028754572221200814,116,0.09315642185970156
IM2303,6875.4,6952.2,6823.8,1897,262015.104,8802,329.0,6925.0,6940.2,6903.2,2022-08-22,202208.zip,20220822_1.csv,IM,2023-03-17,7288.58,-363.5799999999999,0.0498835164051159,207,0.09257691972305043
IM2209,7224.0,7259.8,7208.6,25221,3649923.02,40321,-1344.0,7253.6,7241.0,7239.4,2022-08-23,202208.zip,20220823_1.csv,IM,2022-09-16,7306.02,-52.42000000000007,0.007174905078277893,24,0.10990691978236178
IM2210,7175.0,7205.6,7152.2,1486,213335.092,1497,640.0,7199.6,7187.8,7188.2,2022-08-23,202208.zip,20220823_1.csv,IM,2022-10-21,7306.02,-106.42000000000007,0.014566070172268852,59,0.09144411036018002
IM2212,7078.4,7106.2,7053.0,5966,844611.104,16264,489.0,7093.0,7078.6,7091.0,2022-08-23,202208.zip,20220823_1.csv,IM,2022-12-16,7306.02,-213.02000000000044,0.0291567775615178,115,0.09532030967457195
IM2303,6925.0,6950.0,6895.2,2447,338720.924,9565,763.0,6930.4,6920.4,6940.2,2022-08-23,202208.zip,20220823_1.csv,IM,2023-03-17,7306.02,-375.6200000000008,0.051412396900090696,206,0.09603201709311679
IM2209,7263.0,7277.0,6951.4,43723,6184552.752,45038,4717.0,6969.8,6977.6,7241.0,2022-08-24,202208.zip,20220824_1.csv,IM,2022-09-16,7039.41,-69.60999999999967,0.00988861282408604,23,0.15849528462547072
IM2210,7214.4,7217.8,6900.0,2494,351571.86,2561,1064.0,6915.0,6922.6,7187.8,2022-08-24,202208.zip,20220824_1.csv,IM,2022-10-21,7039.41,-124.40999999999985,0.017673356147745345,58,0.11322125813448981
IM2212,7098.0,7102.6,6791.6,10713,1480977.304,17715,1451.0,6805.0,6812.0,7078.6,2022-08-24,202208.zip,20220824_1.csv,IM,2022-12-16,7039.41,-234.40999999999985,0.03329966573903209,114,0.11028996996532438
IM2303,6935.4,6944.4,6635.0,3650,492475.532,10663,1098.0,6648.8,6651.4,6920.4,2022-08-24,202208.zip,20220824_1.csv,IM,2023-03-17,7039.41,-390.6099999999997,0.055489025358659294,205,0.10460178400063379
IM2209,6995.0,6999.0,6865.0,40047,5549828.52,44392,-646.0,6940.4,6913.8,6977.6,2022-08-25,202208.zip,20220825_1.csv,IM,2022-09-16,7016.31,-75.91000000000076,0.010819077264260124,22,0.18146157412986746
IM2210,6943.8,6945.8,6812.0,1986,273026.332,2641,80.0,6888.4,6849.2,6922.6,2022-08-25,202208.zip,20220825_1.csv,IM,2022-10-21,7016.31,-127.91000000000076,0.018230380356626275,57,0.11890610403251071
IM2212,6828.2,6834.6,6703.6,8936,1208966.416,17250,-465.0,6775.2,6752.6,6812.0,2022-08-25,202208.zip,20220825_1.csv,IM,2022-12-16,7016.31,-241.11000000000058,0.034364217088469706,113,0.11494961582951717
IM2303,6680.6,6681.6,6545.2,3344,441713.4,11156,493.0,6611.6,6591.8,6651.4,2022-08-25,202208.zip,20220825_1.csv,IM,2023-03-17,7016.31,-404.71000000000004,0.057681316817529416,204,0.10952167106179399
IM2209,6968.6,7032.0,6886.4,34552,4814301.016,44639,247.0,6911.6,6911.6,6913.8,2022-08-26,202208.zip,20220826_1.csv,IM,2022-09-16,6980.18,-68.57999999999993,0.009824961533943188,21,0.17246161732242893
IM2210,6910.2,6974.6,6830.0,3253,448375.324,3850,1209.0,6856.2,6855.0,6849.2,2022-08-26,202208.zip,20220826_1.csv,IM,2022-10-21,6980.18,-123.98000000000047,0.017761719611815274,56,0.11786177891126726
IM2212,6787.2,6867.8,6723.4,6103,830160.812,17399,149.0,6747.8,6749.0,6752.6,2022-08-26,202208.zip,20220826_1.csv,IM,2022-12-16,6980.18,-232.3800000000001,0.03329140509270534,112,0.11223062648990381
IM2303,6621.0,6706.4,6560.0,2533,336468.236,11588,432.0,6584.6,6585.0,6591.8,2022-08-26,202208.zip,20220826_1.csv,IM,2023-03-17,6980.18,-395.5799999999999,0.05667189098275405,203,0.108019398599718
IM2209,6810.0,6979.0,6805.0,35892,4968113.752,45432,793.0,6950.0,6953.8,6911.6,2022-08-29,202208.zip,20220829_1.csv,IM,2022-09-16,7021.31,-71.3100000000004,0.010156224408265802,18,0.20805875299760443
IM2210,6775.4,6919.2,6748.8,2264,310953.928,3739,-111.0,6893.8,6895.4,6855.0,2022-08-29,202208.zip,20220829_1.csv,IM,2022-10-21,7021.31,-127.51000000000022,0.018160428751899604,53,0.12738038609480618
IM2212,6664.4,6813.8,6645.0,5974,806691.06,17822,423.0,6787.0,6787.6,6749.0,2022-08-29,202208.zip,20220829_1.csv,IM,2022-12-16,7021.31,-234.3100000000004,0.0333712654761007,109,0.11560572492203842
IM2303,6500.0,6648.2,6478.0,2222,292825.952,11678,90.0,6618.0,6624.0,6585.0,2022-08-29,202208.zip,20220829_1.csv,IM,2023-03-17,7021.31,-403.3100000000004,0.05744084793293569,200,0.11121800392867953
IM2209,6954.2,6965.4,6887.2,30897,4282591.004,43960,-1472.0,6941.0,6932.4,6953.8,2022-08-30,202208.zip,20220830_1.csv,IM,2022-09-16,6976.72,-35.720000000000255,0.005119884415599296,17,0.11049263964338232
IM2210,6893.8,6908.2,6827.4,1867,256530.652,3838,99.0,6884.6,6876.0,6895.4,2022-08-30,202208.zip,20220830_1.csv,IM,2022-10-21,6976.72,-92.11999999999989,0.013203912440229781,52,0.09392143893059011
IM2212,6787.0,6799.0,6716.0,6151,831856.236,18051,229.0,6774.0,6765.6,6787.6,2022-08-30,202208.zip,20220830_1.csv,IM,2022-12-16,6976.72,-202.72000000000025,0.029056634062998077,108,0.10113943290795994
IM2303,6618.0,6632.6,6551.2,2530,333589.572,12041,363.0,6607.2,6598.4,6624.0,2022-08-30,202208.zip,20220830_1.csv,IM,2023-03-17,6976.72,-369.52000000000044,0.05296471694435212,199,0.10257943063178848
IM2209,6918.4,6931.8,6699.0,47768,6488065.436,48827,4867.0,6710.2,6731.0,6932.4,2022-08-31,202208.zip,20220831_1.csv,IM,2022-09-16,6750.74,-40.539999999999964,0.006005267570666328,16,0.13782282942385954
IM2210,6854.6,6876.2,6644.6,3466,466879.756,4992,1154.0,6657.0,6680.6,6876.0,2022-08-31,202208.zip,20220831_1.csv,IM,2022-10-21,6750.74,-93.73999999999978,0.013885885102966511,51,0.10077877628443595
IM2212,6754.2,6768.4,6536.0,9087,1205123.732,18944,893.0,6549.8,6569.0,6765.6,2022-08-31,202208.zip,20220831_1.csv,IM,2022-12-16,6750.74,-200.9399999999996,0.029765625694368247,107,0.10465197910016746
IM2303,6580.8,6603.6,6372.2,4079,527029.068,12705,664.0,6385.6,6405.8,6598.4,2022-08-31,202208.zip,20220831_1.csv,IM,2023-03-17,6750.74,-365.1399999999994,0.054088885070377346,198,0.10541086447031041
IM2209,6720.0,6787.2,6649.8,38108,5123213.628,43659,-5168.0,6682.6,6679.2,6731.0,2022-09-01,202209.zip,20220901_1.csv,IM,2022-09-16,6717.1,-34.5,0.005136145062601405,15,0.1256247568311708
IM2210,6657.0,6729.0,6596.0,4112,548313.248,6153,1161.0,6628.6,6627.8,6680.6,2022-09-01,202209.zip,20220901_1.csv,IM,2022-10-21,6717.1,-88.5,0.013175328638847073,50,0.09746401955163986
IM2212,6553.0,6622.6,6486.0,6539,857494.328,18221,-723.0,6520.2,6514.0,6569.0,2022-09-01,202209.zip,20220901_1.csv,IM,2022-12-16,6717.1,-196.90000000000055,0.029313245299310786,106,0.10398526379269533
IM2303,6388.0,6458.0,6327.0,4150,531552.636,13250,545.0,6361.0,6355.4,6405.8,2022-09-01,202209.zip,20220901_1.csv,IM,2023-03-17,6717.1,-356.10000000000036,0.05301394947224258,197,0.10372255743079076
IM2209,6706.4,6773.4,6669.8,34760,4676257.676,42659,-1000.0,6730.2,6725.4,6679.2,2022-09-02,202209.zip,20220902_1.csv,IM,2022-09-16,6776.83,-46.63000000000011,0.006880798249328968,14,0.18063515412405345
IM2210,6643.6,6718.2,6614.2,3393,452533.476,6372,219.0,6676.2,6666.2,6627.8,2022-09-02,202209.zip,20220902_1.csv,IM,2022-10-21,6776.83,-100.63000000000011,0.014849125623632276,49,0.11227806481629199
IM2212,6538.0,6610.0,6510.4,7329,962594.772,18569,348.0,6566.0,6563.4,6514.0,2022-09-02,202209.zip,20220902_1.csv,IM,2022-12-16,6776.83,-210.82999999999993,0.031110415931932756,105,0.11161822084910719
IM2303,6375.6,6451.0,6354.2,3191,409075.352,12914,-336.0,6413.8,6407.6,6355.4,2022-09-02,202209.zip,20220902_1.csv,IM,2023-03-17,6776.83,-363.02999999999975,0.0535692941980247,196,0.10540565114380261
IM2209,6726.4,6810.8,6691.8,30586,4127307.196,38945,-3714.0,6747.2,6738.2,6725.4,2022-09-05,202209.zip,20220905_1.csv,IM,2022-09-16,6791.09,-43.89000000000033,0.00646288003840334,11,0.21584509129713528
IM2210,6670.6,6758.0,6640.0,2760,369411.512,6537,165.0,6695.2,6683.6,6666.2,2022-09-05,202209.zip,20220905_1.csv,IM,2022-10-21,6791.09,-95.89000000000033,0.014119971904362982,46,0.11364355125281263
IM2212,6566.0,6653.0,6531.2,5168,680779.636,17802,-767.0,6589.4,6577.0,6563.4,2022-09-05,202209.zip,20220905_1.csv,IM,2022-12-16,6791.09,-201.6900000000005,0.02969920881625787,102,0.10952952067402388
IM2303,6360.8,6491.6,6360.8,1956,251547.108,12660,-254.0,6432.2,6424.2,6407.6,2022-09-05,202209.zip,20220905_1.csv,IM,2023-03-17,6791.09,-358.8900000000003,0.05284718653412046,193,0.10552062944966195
IM2209,6770.0,6885.0,6738.0,33895,4623011.16,40847,1902.0,6879.8,6865.8,6738.2,2022-09-06,202209.zip,20220906_1.csv,IM,2022-09-16,6919.65,-39.849999999999454,0.005758961797200701,10,0.21141966336230347
IM2210,6720.2,6827.8,6683.6,3322,449794.892,6884,347.0,6826.0,6807.4,6683.6,2022-09-06,202209.zip,20220906_1.csv,IM,2022-10-21,6919.65,-93.64999999999964,0.013533921513371294,45,0.11128121235797786
IM2212,6607.8,6726.0,6578.4,6813,908047.252,18634,832.0,6722.4,6708.8,6577.0,2022-09-06,202209.zip,20220906_1.csv,IM,2022-12-16,6919.65,-197.25,0.028505777026294643,101,0.1060386407259074
IM2303,6452.0,6572.0,6417.6,2194,285332.248,12635,-25.0,6566.8,6551.0,6424.2,2022-09-06,202209.zip,20220906_1.csv,IM,2023-03-17,6919.65,-352.84999999999945,0.05099246349165054,192,0.1021475531588188
IM2209,6851.0,6954.0,6851.0,27172,3756898.912,37445,-3402.0,6920.2,6917.8,6865.8,2022-09-07,202209.zip,20220907_1.csv,IM,2022-09-16,6963.52,-43.32000000000062,0.006220991682367671,9,0.253875128849841
IM2210,6790.2,6896.2,6790.2,3229,443010.648,7354,470.0,6863.0,6860.4,6807.4,2022-09-07,202209.zip,20220907_1.csv,IM,2022-10-21,6963.52,-100.52000000000044,0.014435228160470603,44,0.12150066893619388
IM2212,6699.8,6794.0,6690.2,5457,736831.024,17966,-668.0,6760.0,6757.6,6708.8,2022-09-07,202209.zip,20220907_1.csv,IM,2022-12-16,6963.52,-203.52000000000044,0.02922659804236949,100,0.10988875739645003
IM2303,6545.0,6640.0,6536.2,2052,270815.856,12838,203.0,6603.0,6602.4,6551.0,2022-09-07,202209.zip,20220907_1.csv,IM,2023-03-17,6963.52,-360.52000000000044,0.05177266669730263,191,0.10433921436630822
IM2209,6921.4,6944.8,6864.0,24336,3357229.124,36622,-823.0,6874.4,6875.6,6917.8,2022-09-08,202209.zip,20220908_1.csv,IM,2022-09-16,6897.1,-22.700000000000728,0.0032912383465515394,8,0.15065860293262845
IM2210,6861.8,6889.8,6803.2,3498,478313.356,7743,389.0,6816.2,6816.0,6860.4,2022-09-08,202209.zip,20220908_1.csv,IM,2022-10-21,6897.1,-80.90000000000055,0.01172956749938392,43,0.1007466480334482
IM2212,6777.0,6786.8,6701.4,5240,705738.268,18533,567.0,6712.4,6712.8,6757.6,2022-09-08,202209.zip,20220908_1.csv,IM,2022-12-16,6897.1,-184.70000000000073,0.026779371040002387,99,0.10144875848647983
IM2303,6597.2,6629.0,6550.0,1800,236936.744,12799,-39.0,6557.4,6559.2,6602.4,2022-09-08,202209.zip,20220908_1.csv,IM,2023-03-17,6897.1,-339.7000000000007,0.049252584419538725,190,0.09951834247527523
IM2209,6893.0,6918.8,6836.2,31079,4279104.9,35762,-860.0,6913.0,6910.2,6875.6,2022-09-09,202209.zip,20220909_1.csv,IM,2022-09-16,6913.58,-0.5799999999999272,8.389286013898989e-05,7,0.0043747804343823625
IM2210,6825.2,6863.8,6778.6,6641,907698.644,9483,1740.0,6857.8,6855.0,6816.0,2022-09-09,202209.zip,20220909_1.csv,IM,2022-10-21,6913.58,-55.779999999999745,0.00806817885957778,42,0.07068662864253336
IM2212,6720.0,6764.8,6680.0,7212,970682.744,19114,581.0,6761.0,6755.2,6712.8,2022-09-09,202209.zip,20220909_1.csv,IM,2022-12-16,6913.58,-152.57999999999993,0.02206960793105739,98,0.08405304733933215
IM2303,6583.6,6612.8,6530.8,3141,413456.048,13485,686.0,6610.6,6605.6,6559.2,2022-09-09,202209.zip,20220909_1.csv,IM,2023-03-17,6913.58,-302.97999999999956,0.04382389442228185,189,0.08851240520075401
IM2209,6935.2,6957.6,6872.0,26519,3663050.78,30839,-4923.0,6891.4,6888.0,6910.2,2022-09-13,202209.zip,20220913_1.csv,IM,2022-09-16,6904.08,-12.680000000000291,0.0018365951727095098,3,0.2238635594122159
IM2210,6863.2,6899.0,6816.4,8949,1225758.504,12316,2833.0,6836.4,6829.6,6855.0,2022-09-13,202209.zip,20220913_1.csv,IM,2022-10-21,6904.08,-67.68000000000029,0.009802899155282097,38,0.09509159945677903
IM2212,6767.0,6800.0,6715.8,8079,1090562.116,20044,930.0,6732.0,6729.6,6755.2,2022-09-13,202209.zip,20220913_1.csv,IM,2022-12-16,6904.08,-172.07999999999993,0.02492439253311085,94,0.09925475025600208
IM2303,6625.8,6651.6,6568.2,2099,277396.272,12957,-528.0,6583.4,6581.2,6605.6,2022-09-13,202209.zip,20220913_1.csv,IM,2023-03-17,6904.08,-320.6800000000003,0.04644789747511624,185,0.0961042885094286
IM2209,6810.0,6851.0,6784.8,27940,3810974.796,26703,-4136.0,6826.0,6822.4,6888.0,2022-09-14,202209.zip,20220914_1.csv,IM,2022-09-16,6829.56,-3.5600000000004,0.0005212634488899193,2,0.09518019337826311
IM2210,6771.4,6793.6,6724.8,12267,1658633.416,17725,5409.0,6767.0,6762.8,6829.6,2022-09-14,202209.zip,20220914_1.csv,IM,2022-10-21,6829.56,-62.5600000000004,0.009160180158019005,37,0.0911993417978358
IM2212,6634.4,6699.8,6624.6,8185,1090586.276,20778,734.0,6663.0,6661.0,6729.6,2022-09-14,202209.zip,20220914_1.csv,IM,2022-12-16,6829.56,-166.5600000000004,0.02438810113682288,93,0.0981094440652042
IM2303,6505.2,6547.4,6477.2,2456,319797.192,13624,667.0,6509.8,6506.8,6581.2,2022-09-14,202209.zip,20220914_1.csv,IM,2023-03-17,6829.56,-319.7600000000002,0.04682000011713783,184,0.0974387111338492
IM2209,6855.4,6860.0,6524.4,29581,3951968.024,17024,-9679.0,6596.4,6575.4,6822.4,2022-09-15,202209.zip,20220915_1.csv,IM,2022-09-16,6619.19,-22.789999999999964,0.0034430194631065447,1,1.2610439027348619
IM2210,6805.8,6805.8,6445.0,34741,4579433.768,35231,17506.0,6518.6,6496.8,6762.8,2022-09-15,202209.zip,20220915_1.csv,IM,2022-10-21,6619.19,-100.58999999999924,0.015196723466164186,36,0.15645550169259134
IM2212,6683.0,6699.0,6331.2,19295,2497422.24,25046,4268.0,6410.0,6376.0,6661.0,2022-09-15,202209.zip,20220915_1.csv,IM,2022-12-16,6619.19,-209.1899999999996,0.03160356478662796,92,0.12947559858916077
IM2303,6529.8,6542.4,6178.6,6730,850471.184,15002,1378.0,6258.6,6228.8,6506.8,2022-09-15,202209.zip,20220915_1.csv,IM,2023-03-17,6619.19,-360.58999999999924,0.054476454067642566,183,0.11491540645536197
IM2209,6588.0,6629.6,6521.2,15795,2079537.552,0,-17024.0,6529.4,6530.27,6575.4,2022-09-16,202209.zip,20220916_1.csv,IM,2022-09-16,6481.24,48.159999999999854,-0.007430676845788797,0,
IM2210,6500.0,6557.8,6369.2,42595,5514408.668,42941,7710.0,6383.2,6397.0,6496.8,2022-09-16,202209.zip,20220916_1.csv,IM,2022-10-21,6481.24,-98.03999999999996,0.015126735007498615,35,0.16017313304567235
IM2212,6395.2,6446.0,6260.4,15318,1948653.628,23140,-1906.0,6273.0,6286.8,6376.0,2022-09-16,202209.zip,20220916_1.csv,IM,2022-12-16,6481.24,-208.23999999999978,0.03212965420197367,91,0.13314974520139455
IM2303,6240.6,6292.6,6122.0,6888,857128.096,16691,1689.0,6131.4,6159.0,6228.8,2022-09-16,202209.zip,20220916_1.csv,IM,2023-03-17,6481.24,-349.84000000000015,0.05397732532663502,182,0.11442773229640843
IM2210,6373.0,6428.2,6257.0,41542,5264942.212,44209,1268.0,6298.2,6298.2,6397.0,2022-09-19,202209.zip,20220919_1.csv,IM,2022-10-21,6399.8,-101.60000000000036,0.01587549610925343,32,0.18400098440824392
IM2211,6326.4,6374.8,6200.0,1069,134095.884,1026,1026.0,6236.8,6236.6,6397.0,2022-09-19,202209.zip,20220919_1.csv,IM,2022-11-18,6399.8,-163.0,0.025469545923310077,60,0.1589891183512916
IM2212,6275.2,6319.8,6138.2,14669,1825113.98,26354,3214.0,6177.8,6174.8,6286.8,2022-09-19,202209.zip,20220919_1.csv,IM,2022-12-16,6399.8,-222.0,0.03468858401825059,88,0.14904908778941603
IM2303,6125.8,6176.6,5993.0,5919,718879.36,17855,1164.0,6024.4,6025.2,6159.0,2022-09-19,202209.zip,20220919_1.csv,IM,2023-03-17,6399.8,-375.40000000000055,0.0586580830650959,179,0.12706335019709433
IM2210,6361.0,6464.8,6343.0,37253,4763512.108,42171,-2038.0,6388.8,6372.2,6298.2,2022-09-20,202209.zip,20220920_1.csv,IM,2022-10-21,6482.13,-93.32999999999993,0.014398045087031575,31,0.17200186011003124
IM2211,6267.2,6398.0,6267.2,1211,153341.576,1337,311.0,6323.8,6305.6,6236.6,2022-09-20,202209.zip,20220920_1.csv,IM,2022-11-18,6482.13,-158.32999999999993,0.024425613185789175,59,0.15489091251184
IM2212,6225.0,6333.0,6223.0,13900,1741284.172,26469,115.0,6259.2,6245.0,6174.8,2022-09-20,202209.zip,20220920_1.csv,IM,2022-12-16,6482.13,-222.9300000000003,0.03439147317316993,87,0.1494250118997252
IM2303,6059.0,6180.0,6059.0,3575,436938.96,17543,-312.0,6103.8,6087.6,6025.2,2022-09-20,202209.zip,20220920_1.csv,IM,2023-03-17,6482.13,-378.3299999999999,0.05836507444312289,178,0.12709935531043265
IM2210,6368.0,6447.6,6303.0,39329,5021705.036,43368,1197.0,6412.6,6424.4,6372.2,2022-09-21,202209.zip,20220921_1.csv,IM,2022-10-21,6480.6,-68.0,0.010492855599790185,30,0.12901683144642204
IM2211,6308.2,6381.2,6240.2,1061,134002.048,1365,28.0,6345.2,6359.0,6305.6,2022-09-21,202209.zip,20220921_1.csv,IM,2022-11-18,6480.6,-135.40000000000055,0.02089312717958225,58,0.13428831351203308
IM2212,6242.4,6319.6,6176.8,11484,1436820.452,27033,564.0,6283.2,6298.0,6245.0,2022-09-21,202209.zip,20220921_1.csv,IM,2022-12-16,6480.6,-197.40000000000055,0.030460142579390892,86,0.1333400696430795
IM2303,6087.6,6164.2,6024.6,3594,439135.264,17120,-423.0,6128.4,6144.4,6087.6,2022-09-21,202209.zip,20220921_1.csv,IM,2023-03-17,6480.6,-352.2000000000007,0.0543468197389132,177,0.11851186861060344
IM2210,6373.4,6506.8,6368.0,40306,5194304.696,41743,-1625.0,6435.8,6438.4,6424.4,2022-09-22,202209.zip,20220922_1.csv,IM,2022-10-21,6487.27,-51.470000000000255,0.007933999972253414,29,0.10065758242417595
IM2211,6306.0,6443.2,6305.4,1326,169136.004,1641,276.0,6377.0,6380.8,6359.0,2022-09-22,202209.zip,20220922_1.csv,IM,2022-11-18,6487.27,-110.27000000000044,0.01699790512804311,57,0.11072838517809448
IM2212,6238.0,6382.4,6238.0,12578,1588902.96,26736,-297.0,6321.4,6323.0,6298.0,2022-09-22,202209.zip,20220922_1.csv,IM,2022-12-16,6487.27,-165.8700000000008,0.025568536533857933,85,0.11267524505926672
IM2303,6090.0,6237.0,6090.0,6257,772435.716,19734,2614.0,6185.8,6186.4,6144.4,2022-09-22,202209.zip,20220922_1.csv,IM,2023-03-17,6487.27,-301.47000000000025,0.04647101168904644,176,0.10107143303284057
IM2210,6437.0,6458.8,6246.0,55619,7059107.204,47752,6009.0,6323.4,6333.4,6438.4,2022-09-23,202209.zip,20220923_1.csv,IM,2022-10-21,6363.68,-40.280000000000655,0.006329670882256888,28,0.0830373804327691
IM2211,6374.4,6398.4,6190.0,2677,336351.196,2781,1140.0,6271.8,6277.4,6380.8,2022-09-23,202209.zip,20220923_1.csv,IM,2022-11-18,6363.68,-91.88000000000011,0.014438186709576861,56,0.09548466377845584
IM2212,6322.8,6343.6,6134.2,15485,1931927.688,27600,864.0,6222.6,6230.8,6323.0,2022-09-23,202209.zip,20220923_1.csv,IM,2022-12-16,6363.68,-141.07999999999993,0.022169562265858755,84,0.09851608499279922
IM2303,6185.8,6208.6,6005.4,6837,835922.452,20671,937.0,6094.4,6101.6,6186.4,2022-09-23,202209.zip,20220923_1.csv,IM,2023-03-17,6363.68,-269.28000000000065,0.042315138410479625,175,0.09215692157671698
IM2210,6288.0,6391.0,6251.2,41247,5207610.46,43783,-3969.0,6255.0,6273.8,6333.4,2022-09-26,202209.zip,20220926_1.csv,IM,2022-10-21,6283.59,-28.590000000000146,0.004549946766100321,25,0.06673285371702589
IM2211,6236.8,6337.6,6180.8,2231,279377.02,2771,-10.0,6205.0,6224.2,6277.4,2022-09-26,202209.zip,20220926_1.csv,IM,2022-11-18,6283.59,-78.59000000000015,0.012507181404260992,53,0.0872253052164269
IM2212,6191.6,6294.0,6157.0,11294,1404487.128,26459,-1141.0,6159.0,6180.2,6230.8,2022-09-26,202209.zip,20220926_1.csv,IM,2022-12-16,6283.59,-124.59000000000015,0.01982783727136883,81,0.09115506966619202
IM2303,6066.8,6172.4,6030.4,4317,526726.152,20632,-39.0,6035.2,6061.0,6101.6,2022-09-26,202209.zip,20220926_1.csv,IM,2023-03-17,6283.59,-248.39000000000033,0.03952995023545458,172,0.0873387271418531
IM2210,6289.0,6405.0,6270.8,41677,5276117.136,42452,-1331.0,6398.8,6377.4,6273.8,2022-09-27,202209.zip,20220927_1.csv,IM,2022-10-21,6409.78,-10.979999999999563,0.0017130073107032295,24,0.02609669000437395
IM2211,6229.0,6355.0,6225.0,2616,328430.62,3524,753.0,6350.2,6326.2,6224.2,2022-09-27,202209.zip,20220927_1.csv,IM,2022-11-18,6409.78,-59.57999999999993,0.009295170817095078,52,0.06585710201738072
IM2212,6185.2,6305.0,6177.8,12226,1523854.852,28420,1961.0,6300.0,6279.6,6180.2,2022-09-27,202209.zip,20220927_1.csv,IM,2022-12-16,6409.78,-109.77999999999975,0.017126952875137658,80,0.07950337301587285
IM2303,6055.0,6184.6,6055.0,5487,670790.788,21901,1269.0,6178.6,6158.4,6061.0,2022-09-27,202209.zip,20220927_1.csv,IM,2023-03-17,6409.78,-231.17999999999938,0.036066760481638926,171,0.07986508043325517
IM2210,6380.2,6393.2,6201.2,48495,6095802.144,46383,3931.0,6202.6,6240.2,6377.4,2022-09-28,202209.zip,20220928_1.csv,IM,2022-10-21,6211.11,-8.509999999999309,0.0013701254687163988,23,0.021773127398184423
IM2211,6331.6,6342.6,6162.2,3514,438372.38,4010,486.0,6162.4,6192.0,6326.2,2022-09-28,202209.zip,20220928_1.csv,IM,2022-11-18,6211.11,-48.710000000000036,0.007842398540679585,51,0.05657061929016677
IM2212,6285.4,6298.0,6120.0,16172,2005670.192,31133,2713.0,6122.0,6155.0,6279.6,2022-09-28,202209.zip,20220928_1.csv,IM,2022-12-16,6211.11,-89.10999999999967,0.014346871976184561,79,0.06725102245894615
IM2303,6172.0,6183.6,6008.6,9102,1111956.112,25457,3556.0,6014.2,6042.0,6158.4,2022-09-28,202209.zip,20220928_1.csv,IM,2023-03-17,6211.11,-196.90999999999985,0.03170286792537891,170,0.07029652371739818
IM2210,6275.0,6308.0,6180.2,44555,5575074.264,44324,-2059.0,6232.4,6215.0,6240.2,2022-09-29,202209.zip,20220929_1.csv,IM,2022-10-21,6228.78,3.619999999999891,-0.000581173199245999,22,-0.009636591186234954
IM2211,6217.8,6262.6,6134.0,2862,355334.248,4354,344.0,6190.6,6172.4,6192.0,2022-09-29,202209.zip,20220929_1.csv,IM,2022-11-18,6228.78,-38.17999999999938,0.006129611256136758,50,0.0450221303266231
IM2212,6192.0,6219.6,6090.0,15568,1919542.5,29412,-1721.0,6149.2,6128.0,6155.0,2022-09-29,202209.zip,20220929_1.csv,IM,2022-12-16,6228.78,-79.57999999999993,0.012776177678453848,78,0.060559680892407035
IM2303,6096.0,6104.4,5976.8,5154,624318.364,24882,-575.0,6037.6,6012.6,6042.0,2022-09-29,202209.zip,20220929_1.csv,IM,2023-03-17,6228.78,-191.17999999999938,0.0306930089038302,169,0.06838868926325947
IM2210,6242.0,6247.4,6098.2,42514,5241919.696,42279,-2045.0,6103.0,6122.4,6215.0,2022-09-30,202209.zip,20220930_1.csv,IM,2022-10-21,6124.86,-21.859999999999673,0.0035690611703776964,21,0.06225587728127366
IM2211,6198.2,6205.0,6051.8,2932,358882.924,4202,-152.0,6065.2,6080.2,6172.4,2022-09-30,202209.zip,20220930_1.csv,IM,2022-11-18,6124.86,-59.659999999999854,0.00974063080625509,49,0.07327147042949587
IM2212,6150.2,6163.4,6003.8,13626,1655452.028,28697,-715.0,6021.0,6030.8,6128.0,2022-09-30,202209.zip,20220930_1.csv,IM,2022-12-16,6124.86,-103.85999999999967,0.016957122285244042,77,0.08176770912196916
IM2303,6020.0,6049.2,5886.6,5156,614371.26,25454,572.0,5893.0,5912.0,6012.6,2022-09-30,202209.zip,20220930_1.csv,IM,2023-03-17,6124.86,-231.85999999999967,0.037855559147474294,168,0.08548166509094723
IM2210,6121.6,6142.8,5941.4,35148,4254952.28,40822,-1457.0,5976.0,5978.0,6122.4,2022-10-10,202210.zip,20221010_1.csv,IM,2022-10-21,5984.5,-8.5,0.0014203358676581068,11,0.0471963612023822
IM2211,6079.0,6098.0,5898.8,2717,326542.372,4786,584.0,5929.2,5930.6,6080.2,2022-10-10,202210.zip,20221010_1.csv,IM,2022-11-18,5984.5,-55.30000000000018,0.009240538056646375,39,0.08728855192121689
IM2212,6038.0,6053.0,5852.0,11057,1318316.388,28827,130.0,5885.0,5887.4,6030.8,2022-10-10,202210.zip,20221010_1.csv,IM,2022-12-16,5984.5,-99.5,0.016626284568468597,67,0.09210743225250108
IM2303,5900.0,5923.6,5735.4,4111,480231.816,24949,-505.0,5763.8,5770.8,5912.0,2022-10-10,202210.zip,20221010_1.csv,IM,2023-03-17,5984.5,-220.69999999999982,0.036878603057899584,158,0.08845638931067347
IM2210,5990.0,6030.0,5935.0,35293,4226661.204,41560,738.0,5994.2,5996.6,5978.0,2022-10-11,202210.zip,20221011_1.csv,IM,2022-10-21,6017.72,-23.520000000000437,0.003908457023590439,10,0.14321844449634513
IM2211,5936.8,5985.6,5891.8,3870,459817.084,5697,911.0,5946.6,5952.2,5930.6,2022-10-11,202210.zip,20221011_1.csv,IM,2022-11-18,6017.72,-71.11999999999989,0.011818429571332612,38,0.11487678939048677
IM2212,5882.0,5937.2,5845.2,11556,1363133.364,29930,1103.0,5900.6,5908.4,5887.4,2022-10-11,202210.zip,20221011_1.csv,IM,2022-12-16,6017.72,-117.11999999999989,0.019462520688898755,66,0.10977003879420535
IM2303,5780.2,5805.6,5721.0,5942,686657.368,24703,-246.0,5777.8,5782.6,5770.8,2022-10-11,202210.zip,20221011_1.csv,IM,2023-03-17,6017.72,-239.92000000000007,0.039868920454923185,157,0.09653774727030108
IM2210,5985.6,6182.4,5895.2,51182,6153605.972,42940,1380.0,6169.2,6135.0,5996.6,2022-10-12,202210.zip,20221012_1.csv,IM,2022-10-21,6192.65,-23.449999999999818,0.0037867471922359286,9,0.1541573911978458
IM2211,5959.6,6132.0,5843.4,6379,760155.2,7488,1791.0,6129.0,6083.6,5952.2,2022-10-12,202210.zip,20221012_1.csv,IM,2022-11-18,6192.65,-63.649999999999636,0.010278313807497552,37,0.10244716081720369
IM2212,5908.0,6080.0,5795.0,19327,2286783.564,32354,2424.0,6074.0,6037.6,5908.4,2022-10-12,202210.zip,20221012_1.csv,IM,2022-12-16,6192.65,-118.64999999999964,0.0191598104204177,65,0.10969137053266098
IM2303,5779.4,5942.0,5667.0,8650,998489.8,24192,-511.0,5935.8,5895.4,5782.6,2022-10-12,202210.zip,20221012_1.csv,IM,2023-03-17,6192.65,-256.84999999999945,0.04147658918233699,156,0.10124383251215319
IM2210,6147.6,6305.0,6142.2,39115,4879451.224,39171,-3769.0,6242.4,6245.0,6135.0,2022-10-13,202210.zip,20221013_1.csv,IM,2022-10-21,6252.22,-9.820000000000618,0.001570642107923348,8,0.07177327630399036
IM2211,6090.0,6253.8,6090.0,6203,767863.368,8010,522.0,6191.0,6197.0,6083.6,2022-10-13,202210.zip,20221013_1.csv,IM,2022-11-18,6252.22,-61.220000000000255,0.009791721980352608,36,0.1002588883504744
IM2212,6052.2,6210.0,6036.4,17573,2158340.596,32708,354.0,6147.8,6155.2,6037.6,2022-10-13,202210.zip,20221013_1.csv,IM,2022-12-16,6252.22,-104.42000000000007,0.016701267709709477,64,0.09686722282767873
IM2303,5900.6,6078.4,5900.6,6210,746375.5,23543,-649.0,6023.2,6029.4,5895.4,2022-10-13,202210.zip,20221013_1.csv,IM,2023-03-17,6252.22,-229.02000000000044,0.03663018895688264,155,0.08953798002562133
IM2210,6300.0,6437.4,6273.2,39202,4992679.952,36866,-2305.0,6418.0,6411.0,6245.0,2022-10-14,202210.zip,20221014_1.csv,IM,2022-10-21,6406.46,11.539999999999964,-0.001801306805942815,7,-0.09375639941236548
IM2211,6243.6,6390.8,6229.6,6601,834182.252,8843,833.0,6373.2,6366.2,6197.0,2022-10-14,202210.zip,20221014_1.csv,IM,2022-11-18,6406.46,-33.26000000000022,0.005191634693731073,35,0.05442388214935824
IM2212,6208.0,6345.0,6182.0,15478,1941967.812,31059,-1649.0,6326.6,6318.0,6155.2,2022-10-14,202210.zip,20221014_1.csv,IM,2022-12-16,6406.46,-79.85999999999967,0.012465542592945189,63,0.07313263876030636
IM2303,6076.6,6208.2,6052.2,5777,709521.212,23185,-358.0,6189.0,6180.4,6029.4,2022-10-14,202210.zip,20221014_1.csv,IM,2023-03-17,6406.46,-217.46000000000004,0.033943862913371814,154,0.08327814534794649
IM2210,6400.0,6487.4,6396.8,31880,4103904.548,33532,-3334.0,6448.0,6466.6,6411.0,2022-10-17,202210.zip,20221017_1.csv,IM,2022-10-21,6472.45,-24.449999999999818,0.003777549459632712,4,0.34600845223325544
IM2211,6333.2,6438.6,6333.2,7742,989121.292,10734,1891.0,6400.0,6416.0,6366.2,2022-10-17,202210.zip,20221017_1.csv,IM,2022-11-18,6472.45,-72.44999999999982,0.011193597478543649,32,0.12912231445312355
IM2212,6304.8,6390.2,6295.2,13367,1695559.552,32539,1480.0,6360.4,6371.6,6318.0,2022-10-17,202210.zip,20221017_1.csv,IM,2022-12-16,6472.45,-112.05000000000018,0.017311837094145188,60,0.10716896736054406
IM2303,6170.0,6254.6,6162.8,3564,442207.644,23111,-74.0,6220.0,6232.8,6180.4,2022-10-17,202210.zip,20221017_1.csv,IM,2023-03-17,6472.45,-252.44999999999982,0.039003777549459606,151,0.09810720597942969
IM2210,6466.0,6547.8,6432.4,30270,3927695.308,29775,-3757.0,6497.2,6491.4,6466.6,2022-10-18,202210.zip,20221018_1.csv,IM,2022-10-21,6508.5,-11.300000000000182,0.001736191134670051,3,0.21160397299350894
IM2211,6426.0,6499.0,6385.0,10139,1305950.808,13697,2963.0,6447.4,6441.6,6416.0,2022-10-18,202210.zip,20221018_1.csv,IM,2022-11-18,6508.5,-61.100000000000364,0.009387723745870824,31,0.11158036197637207
IM2212,6385.0,6445.8,6338.8,13761,1759392.52,32335,-204.0,6395.4,6394.0,6371.6,2022-10-18,202210.zip,20221018_1.csv,IM,2022-12-16,6508.5,-113.10000000000036,0.01737727587001614,59,0.10940464094160983
IM2303,6248.2,6305.2,6200.6,3643,455323.552,23098,-13.0,6254.0,6253.6,6232.8,2022-10-18,202210.zip,20221018_1.csv,IM,2023-03-17,6508.5,-254.5,0.03910271183836522,150,0.09902195927939478
IM2210,6477.0,6545.0,6452.4,29061,3774519.34,23707,-6068.0,6462.4,6470.8,6491.4,2022-10-19,202210.zip,20221019_1.csv,IM,2022-10-21,6461.15,1.25,-0.0001934640118246289,2,-0.0353003528101023
IM2211,6442.8,6496.0,6401.0,15380,1982239.152,18793,5096.0,6409.4,6418.0,6441.6,2022-10-19,202210.zip,20221019_1.csv,IM,2022-11-18,6461.15,-51.75,0.008009410089535152,30,0.09823462414578714
IM2212,6383.0,6445.0,6350.0,12854,1644129.688,32522,187.0,6363.0,6370.0,6394.0,2022-10-19,202210.zip,20221019_1.csv,IM,2022-12-16,6461.15,-98.14999999999964,0.015190794208461256,58,0.09707183772564347
IM2303,6240.2,6302.6,6205.0,5456,681070.876,23055,-43.0,6216.4,6221.2,6253.6,2022-10-19,202210.zip,20221019_1.csv,IM,2023-03-17,6461.15,-244.75,0.03788025351524105,149,0.09644736006812869
IM2210,6435.2,6543.8,6328.6,28712,3684800.26,16423,-7284.0,6445.8,6443.4,6470.8,2022-10-20,202210.zip,20221020_1.csv,IM,2022-10-21,6429.7,16.100000000000364,-0.0025040048524815894,1,-0.9116789227093686
IM2211,6386.6,6477.0,6249.6,37125,4719308.144,34694,15901.0,6366.0,6368.8,6418.0,2022-10-20,202210.zip,20221020_1.csv,IM,2022-11-18,6429.7,-63.69999999999982,0.00990714963373096,29,0.1259411528919791
IM2212,6338.0,6413.8,6197.2,27868,3505504.168,37069,4547.0,6310.4,6314.6,6370.0,2022-10-20,202210.zip,20221020_1.csv,IM,2022-12-16,6429.7,-119.30000000000018,0.018554520428635923,57,0.12106024919041995
IM2303,6188.0,6270.2,6061.6,8449,1039680.928,24456,1401.0,6175.2,6176.4,6221.2,2022-10-20,202210.zip,20221020_1.csv,IM,2023-03-17,6429.7,-254.5,0.039581940059411846,148,0.10164076095139062
IM2210,6431.2,6490.4,6389.8,13513,1740530.064,0,-16423.0,6440.0,6440.08,6443.4,2022-10-21,202210.zip,20221021_1.csv,IM,2022-10-21,6432.33,7.670000000000073,-0.001192413946423887,0,
IM2211,6376.0,6424.8,6315.0,36648,4671561.048,37244,2550.0,6377.4,6368.6,6368.8,2022-10-21,202210.zip,20221021_1.csv,IM,2022-11-18,6432.33,-54.93000000000029,0.008539673804049297,28,0.11227957878042509
IM2212,6314.8,6369.0,6261.4,15557,1966213.196,34041,-3028.0,6322.6,6313.0,6314.6,2022-10-21,202210.zip,20221021_1.csv,IM,2022-12-16,6432.33,-109.72999999999956,0.01705913720222685,56,0.11311872715112618
IM2303,6185.4,6227.2,6123.2,5051,623990.932,23612,-844.0,6181.0,6168.2,6176.4,2022-10-21,202210.zip,20221021_1.csv,IM,2023-03-17,6432.33,-251.32999999999993,0.03907293313620408,147,0.1009627374651528
IM2211,6370.0,6554.4,6267.0,52094,6678209.824,42297,5053.0,6360.0,6332.2,6368.6,2022-10-24,202210.zip,20221024_1.csv,IM,2022-11-18,6378.43,-18.43000000000029,0.0028894257677830604,25,0.042307861635220025
IM2212,6323.0,6500.0,6215.2,23834,3034000.876,36485,2444.0,6308.8,6279.0,6313.0,2022-10-24,202210.zip,20221024_1.csv,IM,2022-12-16,6378.43,-69.63000000000011,0.010916479447136695,53,0.07600928203312242
IM2303,6181.0,6339.6,6071.6,10046,1247313.112,24802,1190.0,6179.8,6140.4,6168.2,2022-10-24,202210.zip,20221024_1.csv,IM,2023-03-17,6378.43,-198.6300000000001,0.031140892037695767,144,0.0814705775267811
IM2306,6085.8,6197.4,5923.0,1980,239584.832,1874,1874.0,6034.8,6014.0,6168.2,2022-10-24,202210.zip,20221024_1.csv,IM,2023-06-16,6378.43,-343.6300000000001,0.053873758903053015,235,0.08844090798193163
IM2211,6340.0,6389.0,6212.4,51852,6536715.272,43255,958.0,6340.8,6342.4,6332.2,2022-10-25,202210.zip,20221025_1.csv,IM,2022-11-18,6355.78,-14.979999999999563,0.0023569097734659206,24,0.03592935171166383
IM2212,6283.0,6342.6,6170.0,21318,2668476.664,34255,-2230.0,6300.2,6301.2,6279.0,2022-10-25,202210.zip,20221025_1.csv,IM,2022-12-16,6355.78,-55.57999999999993,0.008744796075383365,52,0.061923247857821995
IM2303,6146.0,6206.0,6041.8,7110,871089.524,22948,-1854.0,6168.2,6172.2,6140.4,2022-10-25,202210.zip,20221025_1.csv,IM,2023-03-17,6355.78,-187.57999999999993,0.029513293411666197,143,0.07762201483222196
IM2306,6011.6,6080.4,5908.0,2688,321741.604,2778,904.0,6033.8,6032.4,6014.0,2022-10-25,202210.zip,20221025_1.csv,IM,2023-06-16,6355.78,-321.97999999999956,0.050659399790426884,234,0.08323672655437038
IM2211,6348.2,6578.0,6336.2,59542,7713528.988,46450,3195.0,6500.6,6476.2,6342.4,2022-10-26,202210.zip,20221026_1.csv,IM,2022-11-18,6491.69,8.910000000000764,-0.0013725239498498798,23,-0.021751503874560867
IM2212,6311.2,6538.8,6295.0,26962,3471619.296,39492,5237.0,6465.2,6439.2,6301.2,2022-10-26,202210.zip,20221026_1.csv,IM,2022-12-16,6491.69,-26.48999999999978,0.004080601507465698,51,0.029323964319378476
IM2303,6174.0,6390.0,6165.4,11810,1486823.276,25588,2640.0,6332.0,6305.0,6172.2,2022-10-26,202210.zip,20221026_1.csv,IM,2023-03-17,6491.69,-159.6899999999996,0.024599141363805033,142,0.06482482227540841
IM2306,6046.8,6249.2,6034.4,2264,278953.628,3291,513.0,6196.0,6170.6,6032.4,2022-10-26,202210.zip,20221026_1.csv,IM,2023-06-16,6491.69,-295.6899999999996,0.04554900187778521,233,0.07475877417799655
IM2211,6534.2,6560.0,6453.0,42741,5564353.28,44611,-1839.0,6473.0,6484.8,6476.2,2022-10-27,202210.zip,20221027_1.csv,IM,2022-11-18,6461.61,11.390000000000327,-0.0017627185794253375,22,-0.02919364352625681
IM2212,6475.6,6521.2,6425.2,20289,2627163.18,37699,-1793.0,6442.2,6451.2,6439.2,2022-10-27,202210.zip,20221027_1.csv,IM,2022-12-16,6461.61,-19.409999999999854,0.003003895314016125,50,0.021994504982769135
IM2303,6332.2,6382.0,6308.2,8383,1063785.368,24701,-887.0,6324.4,6332.2,6305.0,2022-10-27,202210.zip,20221027_1.csv,IM,2023-03-17,6461.61,-137.21000000000004,0.021234645854516176,141,0.05616169234902895
IM2306,6215.8,6255.4,6171.6,2544,315984.504,4424,1133.0,6192.8,6194.2,6170.6,2022-10-27,202210.zip,20221027_1.csv,IM,2023-06-16,6461.61,-268.8099999999995,0.04160108703558396,232,0.06829096442364646
IM2211,6426.2,6462.6,6202.0,51221,6495659.512,49201,4590.0,6224.2,6250.8,6484.8,2022-10-28,202210.zip,20221028_1.csv,IM,2022-11-18,6239.93,-15.730000000000473,0.0025208616122297522,21,0.04392570626785547
IM2212,6408.0,6434.8,6175.0,25677,3243792.744,42536,4837.0,6198.4,6220.4,6451.2,2022-10-28,202210.zip,20221028_1.csv,IM,2022-12-16,6239.93,-41.530000000000655,0.00665552337926878,49,0.049909028531391966
IM2303,6290.0,6317.8,6065.4,10288,1279420.412,27247,2546.0,6095.0,6114.0,6332.2,2022-10-28,202210.zip,20221028_1.csv,IM,2023-03-17,6239.93,-144.9300000000003,0.023226222089029913,140,0.061993964607992426
IM2306,6154.0,6187.2,5927.6,4219,510817.8,6405,1981.0,5966.0,5975.0,6194.2,2022-10-28,202210.zip,20221028_1.csv,IM,2023-06-16,6239.93,-273.9300000000003,0.04389953092422516,231,0.07254996930659038
IM2211,6203.0,6360.0,6185.4,48429,6078570.012,45610,-3591.0,6286.6,6274.2,6250.8,2022-10-31,202210.zip,20221031_1.csv,IM,2022-11-18,6292.62,-6.019999999999527,0.000956676233428877,18,0.01941784465724288
IM2212,6170.0,6320.0,6150.0,21725,2709389.972,37316,-5220.0,6250.0,6238.2,6220.4,2022-10-31,202210.zip,20221031_1.csv,IM,2022-12-16,6292.62,-42.61999999999989,0.006773013466568778,46,0.054108869565217585
IM2303,6065.8,6199.0,6044.0,8541,1044851.668,24956,-2291.0,6128.0,6112.4,6114.0,2022-10-31,202210.zip,20221031_1.csv,IM,2023-03-17,6292.62,-164.6199999999999,0.026160804243701374,137,0.0715708438947226
IM2306,5929.8,6068.6,5901.8,2746,328830.832,6301,-104.0,5996.0,5988.8,5975.0,2022-10-31,202210.zip,20221031_1.csv,IM,2023-06-16,6292.62,-296.6199999999999,0.04713775819928745,228,0.07919482871622001
IM2211,6317.0,6471.0,6271.4,50479,6430701.94,47333,1723.0,6471.0,6429.8,6274.2,2022-11-01,202211.zip,20221101_1.csv,IM,2022-11-18,6439.82,31.18000000000029,-0.004841750235255127,17,-0.10345432563382437
IM2212,6274.0,6436.0,6235.2,22492,2850232.684,38794,1478.0,6434.2,6390.6,6238.2,2022-11-01,202211.zip,20221101_1.csv,IM,2022-12-16,6439.82,-5.619999999999891,0.0008726951995552401,45,0.007084710522589349
IM2303,6140.2,6315.8,6127.8,8523,1058581.412,25907,951.0,6315.4,6277.6,6112.4,2022-11-01,202211.zip,20221101_1.csv,IM,2023-03-17,6439.82,-124.42000000000007,0.019320415788018908,136,0.05287413679725932
IM2306,6010.2,6184.4,5992.2,3102,377336.644,6551,250.0,6184.4,6150.6,5988.8,2022-11-01,202211.zip,20221101_1.csv,IM,2023-06-16,6439.82,-255.42000000000007,0.039662599265196885,227,0.06640860177675992
IM2211,6459.0,6561.8,6447.0,35874,4668682.276,42370,-4963.0,6532.0,6528.8,6429.8,2022-11-02,202211.zip,20221102_1.csv,IM,2022-11-18,6524.51,7.489999999999782,-0.0011479789286859,16,-0.02615824020208119
IM2212,6420.0,6527.0,6411.2,18162,2352750.592,37311,-1483.0,6502.6,6497.2,6390.6,2022-11-02,202211.zip,20221102_1.csv,IM,2022-12-16,6524.51,-21.909999999999854,0.0033581065857819503,44,0.027950882584030022
IM2303,6310.4,6405.0,6295.0,6943,882863.124,24800,-1107.0,6390.8,6381.8,6277.6,2022-11-02,202211.zip,20221102_1.csv,IM,2023-03-17,6524.51,-133.71000000000004,0.020493492997941565,135,0.05656760064815373
IM2306,6184.0,6272.2,6158.4,2482,308715.868,6757,206.0,6260.8,6248.6,6150.6,2022-11-02,202211.zip,20221102_1.csv,IM,2023-06-16,6524.51,-263.71000000000004,0.04041836091905748,226,0.06802698035140421
IM2211,6493.0,6589.0,6493.0,33815,4428720.4,44664,2294.0,6563.4,6567.2,6528.8,2022-11-03,202211.zip,20221103_1.csv,IM,2022-11-18,6566.84,-3.4400000000005093,0.0005238440406649669,15,0.012753552528668758
IM2212,6470.8,6555.0,6462.2,14313,1865707.612,37384,73.0,6532.4,6535.0,6497.2,2022-11-03,202211.zip,20221103_1.csv,IM,2022-12-16,6566.84,-34.44000000000051,0.005244531616424464,43,0.044752240353274644
IM2303,6360.0,6436.0,6355.0,6367,814645.408,26631,1831.0,6407.4,6410.0,6381.8,2022-11-03,202211.zip,20221103_1.csv,IM,2023-03-17,6566.84,-159.4400000000005,0.024279562163841417,134,0.06778030439617669
IM2306,6231.6,6299.8,6219.0,2133,267218.536,7140,383.0,6272.6,6275.0,6248.6,2022-11-03,202211.zip,20221103_1.csv,IM,2023-06-16,6566.84,-294.2399999999998,0.044806939106175836,225,0.07609646186057889
IM2211,6588.0,6750.8,6564.2,43107,5750893.82,45654,990.0,6746.6,6731.2,6567.2,2022-11-04,202211.zip,20221104_1.csv,IM,2022-11-18,6709.64,36.960000000000036,-0.005508492258899045,14,-0.14282749829543792
IM2212,6530.0,6721.0,6530.0,19316,2565772.976,39515,2131.0,6717.0,6703.6,6535.0,2022-11-04,202211.zip,20221104_1.csv,IM,2022-12-16,6709.64,7.359999999999673,-0.0010969291944127324,42,-0.009522391657272906
IM2303,6424.0,6609.0,6408.6,8670,1129740.144,27435,804.0,6606.6,6590.6,6410.0,2022-11-04,202211.zip,20221104_1.csv,IM,2023-03-17,6709.64,-103.03999999999996,0.015357008721779364,133,0.042802492563257806
IM2306,6272.6,6485.6,6272.6,3050,390933.46,7866,726.0,6477.8,6462.6,6275.0,2022-11-04,202211.zip,20221104_1.csv,IM,2023-06-16,6709.64,-231.84000000000015,0.034553269624003735,224,0.058318410571490474
IM2211,6731.4,6777.0,6661.0,37120,4990427.448,44441,-1213.0,6711.8,6717.0,6731.2,2022-11-07,202211.zip,20221107_1.csv,IM,2022-11-18,6713.64,-1.8400000000001455,0.00027406891045689274,11,0.009096597850733518
IM2212,6710.0,6748.8,6636.0,14637,1960798.044,38590,-925.0,6686.6,6692.6,6703.6,2022-11-07,202211.zip,20221107_1.csv,IM,2022-12-16,6713.64,-27.039999999999964,0.004027621379758206,39,0.037846837954515586
IM2303,6602.8,6641.8,6529.0,5530,728831.736,26996,-439.0,6583.2,6587.0,6590.6,2022-11-07,202211.zip,20221107_1.csv,IM,2023-03-17,6713.64,-130.4400000000005,0.019429102543478738,130,0.055631818054348435
IM2306,6467.8,6514.0,6412.6,2733,353202.664,8017,151.0,6466.0,6467.0,6462.6,2022-11-07,202211.zip,20221107_1.csv,IM,2023-06-16,6713.64,-247.64000000000033,0.03688610053562602,221,0.06325366378676912
IM2211,6045.4,6717.8,6045.4,28811,3845450.376,41036,-3405.0,6707.6,6688.4,6717.0,2022-11-08,202211.zip,20221108_1.csv,IM,2022-11-18,6694.96,12.640000000000327,-0.0018879873815527137,10,-0.06878168048184513
IM2212,6690.0,6693.0,6633.2,13534,1801771.076,38809,219.0,6681.0,6662.0,6692.6,2022-11-08,202211.zip,20221108_1.csv,IM,2022-12-16,6694.96,-13.960000000000036,0.00208515062076553,38,0.020070269972190437
IM2303,6580.0,6584.0,6536.0,5278,691882.836,27316,320.0,6578.8,6562.4,6587.0,2022-11-08,202211.zip,20221108_1.csv,IM,2023-03-17,6694.96,-116.15999999999985,0.017350365050724736,129,0.04995892373105446
IM2306,6466.0,6469.0,6424.0,2446,314994.064,8689,672.0,6463.2,6446.0,6467.0,2022-11-08,202211.zip,20221108_1.csv,IM,2023-06-16,6694.96,-231.76000000000022,0.034617085090874355,220,0.05949234266167065
IM2211,6700.4,6748.0,6660.0,29093,3894937.928,41426,390.0,6674.8,6683.2,6688.4,2022-11-09,202211.zip,20221109_1.csv,IM,2022-11-18,6676.01,-1.2100000000000364,0.0001812459837537972,9,0.0073518640591819905
IM2212,6682.2,6726.2,6639.2,12586,1679497.112,38659,-150.0,6658.2,6662.6,6662.0,2022-11-09,202211.zip,20221109_1.csv,IM,2022-12-16,6676.01,-17.8100000000004,0.0026677611327724504,37,0.026387498609720658
IM2303,6578.8,6623.2,6539.0,4789,629456.888,27444,128.0,6565.0,6565.6,6562.4,2022-11-09,202211.zip,20221109_1.csv,IM,2023-03-17,6676.01,-111.01000000000022,0.01662819558388917,128,0.048218119287890174
IM2306,6455.8,6511.4,6427.8,2141,276457.536,8916,227.0,6456.0,6455.0,6446.0,2022-11-09,202211.zip,20221109_1.csv,IM,2023-06-16,6676.01,-220.01000000000022,0.03295531312865019,219,0.056797294506402515
IM2211,6638.0,6667.0,6584.0,33758,4471875.36,39501,-1925.0,6616.0,6619.2,6683.2,2022-11-10,202211.zip,20221110_1.csv,IM,2022-11-18,6603.31,12.6899999999996,-0.0019217634792247917,8,-0.08751228083433753
IM2212,6628.8,6648.4,6566.0,18134,2395570.936,40530,1871.0,6596.2,6597.8,6662.6,2022-11-10,202211.zip,20221110_1.csv,IM,2022-12-16,6603.31,-7.110000000000582,0.0010767327294948226,36,0.010928640732543491
IM2303,6540.8,6560.0,6486.0,7043,918029.364,29572,2128.0,6511.0,6511.8,6565.6,2022-11-10,202211.zip,20221110_1.csv,IM,2023-03-17,6603.31,-92.3100000000004,0.013979352779136534,127,0.04074648958697391
IM2306,6428.6,6448.2,6380.2,3309,424468.52,10321,1405.0,6406.0,6405.4,6455.0,2022-11-10,202211.zip,20221110_1.csv,IM,2023-06-16,6603.31,-197.3100000000004,0.02988046903749797,218,0.05157016644372991
IM2211,6800.0,6811.6,6641.8,45127,6066914.2,41806,2305.0,6645.0,6685.8,6619.2,2022-11-11,202211.zip,20221111_1.csv,IM,2022-11-18,6643.48,1.5200000000004366,-0.00022879575162426669,7,-0.01192733526819399
IM2212,6758.0,6793.2,6625.0,23263,3118509.34,40214,-316.0,6630.2,6674.4,6597.8,2022-11-11,202211.zip,20221111_1.csv,IM,2022-12-16,6643.48,-13.279999999999745,0.001998952356295103,35,0.020887971489763117
IM2303,6623.8,6702.0,6545.0,10281,1361599.052,30690,1118.0,6555.6,6595.0,6511.8,2022-11-11,202211.zip,20221111_1.csv,IM,2023-03-17,6643.48,-87.8799999999992,0.013228007008375009,126,0.038832908638875466
IM2306,6550.6,6595.6,6450.0,3637,474267.452,10857,536.0,6450.0,6498.6,6405.4,2022-11-11,202211.zip,20221111_1.csv,IM,2023-06-16,6643.48,-193.47999999999956,0.029123290805421198,217,0.05045561390347567
IM2211,6668.0,6714.0,6565.6,36933,4903251.828,35029,-6777.0,6592.2,6588.0,6685.8,2022-11-14,202211.zip,20221114_1.csv,IM,2022-11-18,6599.67,-7.470000000000255,0.0011318747755569847,4,0.10340060981160387
IM2212,6630.2,6693.4,6542.8,23270,3078504.74,44826,4612.0,6578.0,6568.2,6674.4,2022-11-14,202211.zip,20221114_1.csv,IM,2022-12-16,6599.67,-21.670000000000073,0.003283497508208777,32,0.03757577341137148
IM2303,6560.0,6617.2,6470.0,7807,1021307.42,30576,-114.0,6502.4,6495.0,6595.0,2022-11-14,202211.zip,20221114_1.csv,IM,2023-03-17,6599.67,-97.27000000000044,0.01473861571866475,123,0.044390801545195625
IM2306,6481.6,6519.2,6375.0,2921,375992.16,11278,421.0,6408.0,6397.2,6498.6,2022-11-14,202211.zip,20221114_1.csv,IM,2023-06-16,6599.67,-191.67000000000007,0.029042361208969525,214,0.05101650827820355
IM2211,6595.0,6753.2,6582.6,33028,4419326.792,29552,-5477.0,6753.0,6738.0,6588.0,2022-11-15,202211.zip,20221115_1.csv,IM,2022-11-18,6752.51,0.4899999999997817,-7.256560893642572e-05,3,-0.008828175132034044
IM2212,6582.0,6742.8,6565.4,25263,3375207.5,44857,31.0,6742.8,6727.2,6568.2,2022-11-15,202211.zip,20221115_1.csv,IM,2022-12-16,6752.51,-9.710000000000036,0.0014379838015790014,31,0.016955481306703064
IM2303,6502.4,6664.8,6490.0,8820,1163426.768,30971,395.0,6661.2,6648.0,6495.0,2022-11-15,202211.zip,20221115_1.csv,IM,2023-03-17,6752.51,-91.3100000000004,0.013522379085702974,122,0.04101086251381887
IM2306,6397.6,6565.8,6394.8,3331,433386.464,12092,814.0,6565.4,6545.2,6397.2,2022-11-15,202211.zip,20221115_1.csv,IM,2023-06-16,6752.51,-187.11000000000058,0.02770969609819174,213,0.048837010241912976
IM2211,6747.8,6774.6,6691.6,23921,3219096.976,20940,-8612.0,6698.2,6702.0,6738.0,2022-11-16,202211.zip,20221116_1.csv,IM,2022-11-18,6702.04,-3.8400000000001455,0.0005729598749038001,2,0.10462512316743167
IM2212,6737.8,6765.4,6674.0,21858,2934825.42,49117,4260.0,6684.2,6686.6,6727.2,2022-11-16,202211.zip,20221116_1.csv,IM,2022-12-16,6702.04,-17.840000000000146,0.0026618760854904,30,0.03247259706970677
IM2303,6661.0,6692.8,6597.2,6681,886820.488,31146,175.0,6607.4,6610.8,6648.0,2022-11-16,202211.zip,20221116_1.csv,IM,2023-03-17,6702.04,-94.64000000000033,0.014121073583565624,121,0.04320675265924
IM2306,6550.0,6589.0,6496.0,3158,412437.26,12893,801.0,6504.8,6505.4,6545.2,2022-11-16,202211.zip,20221116_1.csv,IM,2023-06-16,6702.04,-197.23999999999978,0.029429845241150443,212,0.05220571514098135
IM2211,6682.4,6722.0,6634.0,20540,2736885.84,13082,-7858.0,6715.2,6691.2,6702.0,2022-11-17,202211.zip,20221117_1.csv,IM,2022-11-18,6714.5,0.6999999999998181,-0.0001042519919576268,1,-0.038048010483681116
IM2212,6673.8,6709.8,6615.6,31632,4206500.668,57387,8270.0,6707.0,6680.6,6686.6,2022-11-17,202211.zip,20221117_1.csv,IM,2022-12-16,6714.5,-7.5,0.0011169856281182389,29,0.014074333043705155
IM2303,6593.8,6638.0,6548.6,9546,1255710.912,33109,1963.0,6635.8,6606.6,6610.8,2022-11-17,202211.zip,20221117_1.csv,IM,2023-03-17,6714.5,-78.69999999999982,0.011720902524387511,120,0.036073897143775506
IM2306,6492.6,6538.6,6443.6,3078,398678.22,13701,808.0,6537.0,6503.8,6505.4,2022-11-17,202211.zip,20221117_1.csv,IM,2023-06-16,6714.5,-177.5,0.026435326532131986,211,0.046971051404799596
IM2211,6740.2,6760.6,6698.0,11336,1524921.724,0,-13082.0,6699.4,6699.69,6691.2,2022-11-18,202211.zip,20221118_1.csv,IM,2022-11-18,6658.4,41.0,-0.006157635467980205,0,
IM2212,6700.6,6760.0,6631.4,41232,5531034.844,65843,8456.0,6646.4,6664.4,6680.6,2022-11-18,202211.zip,20221118_1.csv,IM,2022-12-16,6658.4,-12.0,0.0018022347711161846,28,0.023535834651626984
IM2303,6639.6,6687.8,6572.2,9628,1277602.748,33018,-91.0,6583.4,6599.0,6606.6,2022-11-18,202211.zip,20221118_1.csv,IM,2023-03-17,6658.4,-75.0,0.011263967319476098,119,0.034942737310010095
IM2306,6539.8,6587.8,6474.6,4013,524512.508,15066,1365.0,6485.8,6503.0,6503.8,2022-11-18,202211.zip,20221118_1.csv,IM,2023-06-16,6658.4,-172.59999999999945,0.02592214345788768,210,0.04625416110506592
IM2212,6606.2,6695.8,6581.2,39569,5260086.972,63153,-2690.0,6685.0,6685.4,6664.4,2022-11-21,202211.zip,20221121_1.csv,IM,2022-12-16,6689.33,-4.329999999999927,0.0006472995053316,25,0.009456694091247364
IM2301,6600.2,6677.8,6575.6,1077,142911.96,970,970.0,6671.6,6670.2,6664.4,2022-11-21,202211.zip,20221121_1.csv,IM,2023-01-20,6689.33,-17.729999999999563,0.00265048966039938,60,0.01616666167036331
IM2303,6553.6,6635.0,6519.0,9951,1311003.304,34241,1223.0,6624.4,6623.2,6599.0,2022-11-21,202211.zip,20221121_1.csv,IM,2023-03-17,6689.33,-64.93000000000029,0.00970650274392204,116,0.030841374833686774
IM2306,6450.0,6536.6,6422.0,3209,416781.916,15196,130.0,6528.2,6527.6,6503.0,2022-11-21,202211.zip,20221121_1.csv,IM,2023-06-16,6689.33,-161.1300000000001,0.02408761415567784,207,0.04352166231764182
IM2212,6674.0,6686.8,6514.4,51946,6865471.664,65524,2371.0,6557.2,6545.6,6685.4,2022-11-22,202211.zip,20221122_1.csv,IM,2022-12-16,6583.23,-26.029999999999745,0.003953986113199748,24,0.0603722498424109
IM2301,6671.4,6672.6,6488.4,1714,225781.476,1553,583.0,6535.6,6519.4,6670.2,2022-11-22,202211.zip,20221122_1.csv,IM,2023-01-20,6583.23,-47.6299999999992,0.0072350502716750364,59,0.04508540447572024
IM2303,6623.6,6626.0,6427.8,13678,1786336.852,34323,82.0,6479.2,6462.4,6623.2,2022-11-22,202211.zip,20221122_1.csv,IM,2023-03-17,6583.23,-104.02999999999975,0.015802273352138685,115,0.050960330582948986
IM2306,6523.6,6531.2,6325.6,5632,723786.932,17193,1997.0,6369.0,6360.0,6527.6,2022-11-22,202211.zip,20221122_1.csv,IM,2023-06-16,6583.23,-214.22999999999956,0.03254177660510105,206,0.059598411297440125
IM2212,6563.0,6584.0,6422.2,49857,6493367.992,62214,-3310.0,6553.4,6546.6,6545.6,2022-11-23,202211.zip,20221123_1.csv,IM,2022-12-16,6567.99,-14.590000000000146,0.002221379752405217,23,0.03533081400826093
IM2301,6530.2,6554.0,6396.2,2500,323994.66,2323,770.0,6528.2,6522.4,6519.4,2022-11-23,202211.zip,20221123_1.csv,IM,2023-01-20,6567.99,-39.789999999999964,0.0060581700033038866,58,0.038357064153502984
IM2303,6460.0,6498.0,6341.0,11629,1495588.724,34790,467.0,6476.0,6465.4,6462.4,2022-11-23,202211.zip,20221123_1.csv,IM,2023-03-17,6567.99,-91.98999999999978,0.014005806951594035,114,0.04548013989575501
IM2306,6360.0,6394.8,6236.0,4177,528098.268,16619,-574.0,6371.2,6361.6,6360.0,2022-11-23,202211.zip,20221123_1.csv,IM,2023-06-16,6567.99,-196.78999999999996,0.029961982280728217,205,0.054994694111305566
IM2212,6570.0,6595.6,6520.4,38327,5029782.032,59758,-2456.0,6559.2,6564.6,6546.6,2022-11-24,202211.zip,20221124_1.csv,IM,2022-12-16,6586.86,-27.659999999999854,0.004199269454641441,22,0.06996349333067041
IM2301,6542.4,6570.0,6498.6,2338,305509.828,2758,435.0,6536.2,6535.2,6522.4,2022-11-24,202211.zip,20221124_1.csv,IM,2023-01-20,6586.86,-50.659999999999854,0.007691069796534333,57,0.04963155264312066
IM2303,6500.0,6512.0,6440.0,8796,1139869.548,34026,-764.0,6475.2,6481.2,6465.4,2022-11-24,202211.zip,20221124_1.csv,IM,2023-03-17,6586.86,-111.65999999999985,0.01695193157285868,113,0.05570046970223752
IM2306,6380.0,6408.0,6332.2,3682,469094.268,17448,829.0,6371.4,6372.4,6361.6,2022-11-24,202211.zip,20221124_1.csv,IM,2023-06-16,6586.86,-215.46000000000004,0.0327105783332271,204,0.06050544805925009
IM2212,6545.2,6553.8,6485.8,35966,4685442.768,59535,-223.0,6497.0,6501.8,6564.6,2022-11-25,202211.zip,20221125_1.csv,IM,2022-12-16,6512.16,-15.159999999999854,0.0023279526301565046,21,0.04055644729801842
IM2301,6522.8,6529.0,6460.4,2376,308085.068,3075,317.0,6472.8,6475.0,6535.2,2022-11-25,202211.zip,20221125_1.csv,IM,2023-01-20,6512.16,-39.35999999999967,0.006044077541092263,56,0.03963398485089157
IM2303,6469.8,6469.8,6402.0,8017,1030658.624,34401,375.0,6414.8,6416.0,6481.2,2022-11-25,202211.zip,20221125_1.csv,IM,2023-03-17,6512.16,-97.35999999999967,0.014950492616888966,112,0.04946206985631404
IM2306,6352.2,6356.4,6299.0,3821,483042.38,17762,314.0,6306.2,6311.0,6372.4,2022-11-25,202211.zip,20221125_1.csv,IM,2023-06-16,6512.16,-205.96000000000004,0.031626987051915245,203,0.05872350504070359
IM2212,6424.2,6500.6,6371.4,42689,5513260.92,59330,-205.0,6492.0,6480.8,6501.8,2022-11-28,202211.zip,20221128_1.csv,IM,2022-12-16,6492.71,-0.7100000000000364,0.00010935341328965897,18,0.0022176867255409138
IM2301,6352.6,6473.0,6345.0,2814,361535.26,3679,604.0,6466.8,6454.2,6475.0,2022-11-28,202211.zip,20221128_1.csv,IM,2023-01-20,6492.71,-25.909999999999854,0.003990629490613351,53,0.027592749497870637
IM2303,6330.0,6415.2,6289.8,9526,1214483.584,34888,487.0,6407.0,6396.8,6416.0,2022-11-28,202211.zip,20221128_1.csv,IM,2023-03-17,6492.71,-85.71000000000004,0.013200959229659137,109,0.04479640244400113
IM2306,6200.0,6311.8,6182.6,4418,553989.824,18817,1055.0,6302.8,6294.4,6311.0,2022-11-28,202211.zip,20221128_1.csv,IM,2023-06-16,6492.71,-189.90999999999985,0.02924972777160839,200,0.054989171479342375
IM2212,6502.0,6632.8,6501.0,41900,5504064.032,58558,-772.0,6597.0,6598.8,6480.8,2022-11-29,202211.zip,20221129_1.csv,IM,2022-12-16,6594.32,2.680000000000291,-0.00040641036528410446,17,-0.008722324764376824
IM2301,6478.8,6606.8,6475.0,2773,362992.008,4125,446.0,6575.2,6573.8,6454.2,2022-11-29,202211.zip,20221129_1.csv,IM,2023-01-20,6594.32,-19.11999999999989,0.0028994649941160855,52,0.020411195447696432
IM2303,6426.2,6549.8,6417.0,9553,1238857.188,34885,-3.0,6520.2,6517.4,6396.8,2022-11-29,202211.zip,20221129_1.csv,IM,2023-03-17,6594.32,-74.11999999999989,0.011239976221960712,108,0.038418782882142996
IM2306,6320.2,6446.0,6316.0,3436,438692.036,18520,-297.0,6418.6,6417.8,6294.4,2022-11-29,202211.zip,20221129_1.csv,IM,2023-06-16,6594.32,-175.71999999999935,0.026647175144669855,199,0.05021352047371115
IM2212,6600.2,6623.0,6555.4,31915,4208863.304,56213,-2345.0,6582.8,6572.6,6598.8,2022-11-30,202211.zip,20221130_1.csv,IM,2022-12-16,6590.31,-7.510000000000218,0.0011395518571963859,16,0.026025684359241505
IM2301,6573.2,6597.2,6529.8,2140,281187.388,4244,119.0,6556.4,6548.4,6573.8,2022-11-30,202211.zip,20221130_1.csv,IM,2023-01-20,6590.31,-33.910000000000764,0.005145433219378215,51,0.037015620719644704
IM2303,6515.6,6544.0,6470.2,7247,943801.66,33836,-1049.0,6496.4,6487.0,6517.4,2022-11-30,202211.zip,20221130_1.csv,IM,2023-03-17,6590.31,-93.91000000000076,0.014249709042518655,107,0.049311495022117985
IM2306,6418.6,6444.4,6367.4,3097,396893.268,19345,825.0,6394.0,6382.6,6417.8,2022-11-30,202211.zip,20221130_1.csv,IM,2023-06-16,6590.31,-196.3100000000004,0.029787673114011426,198,0.056597528301469455
IM2212,6656.0,6713.8,6637.8,34834,4652778.268,55105,-1108.0,6662.0,6673.0,6572.6,2022-12-01,202212.zip,20221201_1.csv,IM,2022-12-16,6658.43,3.569999999999709,-0.0005361624286805977,15,-0.013039627739417433
IM2301,6625.2,6686.8,6613.2,2654,353088.616,4870,626.0,6640.2,6648.6,6548.4,2022-12-01,202212.zip,20221201_1.csv,IM,2023-01-20,6658.43,-18.230000000000473,0.002737882654019086,50,0.020041414415228907
IM2303,6599.2,6629.6,6555.4,10096,1332134.528,35878,2042.0,6585.0,6597.6,6487.0,2022-12-01,202212.zip,20221201_1.csv,IM,2023-03-17,6658.43,-73.43000000000029,0.011028125248744858,106,0.038397659059326
IM2306,6462.2,6523.8,6452.8,3956,513822.612,19567,222.0,6483.6,6493.2,6382.6,2022-12-01,202212.zip,20221201_1.csv,IM,2023-06-16,6658.43,-174.82999999999993,0.02625694044992588,197,0.04996045469506355
IM2212,6662.2,6747.0,6651.2,30017,4022712.384,53280,-1825.0,6681.8,6690.4,6673.0,2022-12-02,202212.zip,20221202_1.csv,IM,2022-12-16,6680.54,1.2600000000002183,-0.0001886075077763838,14,-0.004916339908409443
IM2301,6625.0,6726.0,6625.0,2899,387268.264,5311,441.0,6661.0,6669.6,6648.6,2022-12-02,202212.zip,20221202_1.csv,IM,2023-01-20,6680.54,-19.539999999999964,0.002924913255515249,49,0.02185153298671144
IM2303,6570.2,6669.4,6570.2,9369,1240943.128,35474,-404.0,6606.2,6613.2,6597.6,2022-12-02,202212.zip,20221202_1.csv,IM,2023-03-17,6680.54,-74.34000000000015,0.011127842958802758,105,0.039117798431776096
IM2306,6481.2,6563.0,6474.2,3496,455810.628,20021,454.0,6508.4,6512.0,6493.2,2022-12-02,202212.zip,20221202_1.csv,IM,2023-06-16,6680.54,-172.14000000000033,0.025767378086202664,196,0.04925432314158554
IM2212,6729.0,6736.0,6673.0,34433,4616225.368,53712,432.0,6703.0,6696.0,6690.4,2022-12-05,202212.zip,20221205_1.csv,IM,2022-12-16,6714.37,-11.36999999999989,0.0016933829979580706,11,0.05628483853905131
IM2301,6716.0,6720.6,6653.4,3761,502646.764,5977,666.0,6683.2,6675.4,6669.6,2022-12-05,202212.zip,20221205_1.csv,IM,2023-01-20,6714.37,-31.170000000000073,0.004642282150075117,46,0.037007297987946115
IM2303,6640.2,6656.6,6596.4,8363,1108651.888,35917,443.0,6621.6,6617.8,6613.2,2022-12-05,202212.zip,20221205_1.csv,IM,2023-03-17,6714.37,-92.76999999999953,0.013816635067772531,102,0.05013457146782796
IM2306,6562.6,6562.6,6488.0,4813,627648.28,21603,1582.0,6508.2,6507.2,6512.0,2022-12-05,202212.zip,20221205_1.csv,IM,2023-06-16,6714.37,-206.17000000000007,0.030705784757170118,193,0.05991011259928303
IM2212,6690.2,6747.0,6657.0,35502,4758978.156,53057,-655.0,6697.8,6687.2,6696.0,2022-12-06,202212.zip,20221206_1.csv,IM,2022-12-16,6703.55,-5.75,0.0008577544733759934,10,0.03133491594255178
IM2301,6662.6,6723.6,6640.0,4296,574089.892,6790,813.0,6673.4,6664.8,6675.4,2022-12-06,202212.zip,20221206_1.csv,IM,2023-01-20,6703.55,-30.150000000000546,0.004497616934311055,45,0.03664548805706366
IM2303,6600.0,6663.0,6581.6,9270,1227735.952,36786,869.0,6611.4,6607.0,6617.8,2022-12-06,202212.zip,20221206_1.csv,IM,2023-03-17,6703.55,-92.15000000000055,0.01374644777767009,101,0.050370167700135325
IM2306,6489.8,6543.0,6469.4,5249,683000.524,22676,1073.0,6496.2,6490.0,6507.2,2022-12-06,202212.zip,20221206_1.csv,IM,2023-06-16,6703.55,-207.35000000000036,0.030931372183395367,192,0.06067870286988299
IM2212,6689.8,6739.0,6671.6,31060,4166894.104,50646,-2411.0,6695.2,6689.6,6687.2,2022-12-07,202212.zip,20221207_1.csv,IM,2022-12-16,6705.29,-10.090000000000146,0.001504782045221087,9,0.06111924297340717
IM2301,6667.4,6715.0,6648.8,5236,699874.952,7912,1122.0,6668.8,6663.4,6664.8,2022-12-07,202212.zip,20221207_1.csv,IM,2023-01-20,6705.29,-36.48999999999978,0.00544197193559115,44,0.04539064544800222
IM2303,6607.2,6655.4,6589.8,9256,1226241.444,37180,394.0,6609.6,6606.4,6607.0,2022-12-07,202212.zip,20221207_1.csv,IM,2023-03-17,6705.29,-95.6899999999996,0.014270821992784732,100,0.05284260772210125
IM2306,6488.0,6542.2,6473.8,4318,561984.008,23334,658.0,6491.8,6489.0,6490.0,2022-12-07,202212.zip,20221207_1.csv,IM,2023-06-16,6705.29,-213.48999999999978,0.031839040518754524,191,0.0628451696372822
IM2212,6701.4,6701.4,6633.8,29056,3873727.796,46919,-3727.0,6663.8,6652.8,6689.6,2022-12-08,202212.zip,20221208_1.csv,IM,2022-12-16,6662.34,1.4600000000000364,-0.0002191422233028817,8,-0.009996173354540339
IM2301,6663.4,6671.8,6608.0,3856,511972.408,8580,668.0,6634.0,6625.8,6663.4,2022-12-08,202212.zip,20221208_1.csv,IM,2023-01-20,6662.34,-28.340000000000146,0.00425376069068828,43,0.036261752353975774
IM2303,6619.6,6619.6,6549.6,8801,1158043.592,36819,-361.0,6572.2,6566.6,6606.4,2022-12-08,202212.zip,20221208_1.csv,IM,2023-03-17,6662.34,-90.14000000000033,0.013529780827757243,99,0.0505666813904543
IM2306,6483.8,6495.0,6433.6,4641,600061.792,24782,1448.0,6455.4,6451.2,6489.0,2022-12-08,202212.zip,20221208_1.csv,IM,2023-06-16,6662.34,-206.9400000000005,0.03106115869199122,190,0.06158295869798141
IM2212,6666.0,6699.6,6613.2,34377,4583296.744,48640,1721.0,6684.8,6677.4,6652.8,2022-12-09,202212.zip,20221209_1.csv,IM,2022-12-16,6680.38,4.420000000000073,-0.0006616390085594226,7,-0.034476937017030744
IM2301,6645.0,6673.0,6586.2,4914,652427.812,9927,1347.0,6649.8,6646.0,6625.8,2022-12-09,202212.zip,20221209_1.csv,IM,2023-01-20,6680.38,-30.579999999999927,0.004577583909897376,42,0.03996432402549897
IM2303,6573.0,6609.2,6525.8,9508,1249881.776,38382,1563.0,6586.8,6580.4,6566.6,2022-12-09,202212.zip,20221209_1.csv,IM,2023-03-17,6680.38,-93.57999999999993,0.014008185163119413,98,0.05291457993290231
IM2306,6456.2,6494.8,6413.6,4381,565913.44,25603,821.0,6472.4,6467.6,6451.2,2022-12-09,202212.zip,20221209_1.csv,IM,2023-06-16,6680.38,-207.98000000000047,0.03113295950230388,189,0.06205650104358487
IM2212,6678.0,6691.6,6614.0,36779,4895353.028,40334,-8306.0,6654.6,6665.8,6677.4,2022-12-12,202212.zip,20221212_1.csv,IM,2022-12-16,6655.67,-1.069999999999709,0.00016076518216789903,4,0.014672181648771598
IM2301,6645.0,6663.4,6584.8,9541,1265648.224,14998,5071.0,6632.0,6644.0,6646.0,2022-12-12,202212.zip,20221212_1.csv,IM,2023-01-20,6655.67,-23.670000000000073,0.003556366226089902,39,0.033402732671430006
IM2303,6550.0,6601.0,6518.2,12297,1615513.372,40850,2468.0,6565.8,6581.8,6580.4,2022-12-12,202212.zip,20221212_1.csv,IM,2023-03-17,6655.67,-89.86999999999989,0.013502772823772768,95,0.052589174205732586
IM2306,6435.0,6486.4,6401.2,4891,631042.42,26357,754.0,6454.2,6467.2,6467.6,2022-12-12,202212.zip,20221212_1.csv,IM,2023-06-16,6655.67,-201.47000000000025,0.030270431076059978,186,0.06125589471955078
IM2212,6659.8,6659.8,6590.6,27158,3592968.376,36462,-3872.0,6604.8,6604.4,6665.8,2022-12-13,202212.zip,20221213_1.csv,IM,2022-12-16,6593.67,11.13000000000011,-0.001687982565096613,3,-0.20502513323643612
IM2301,6640.6,6640.6,6566.0,7516,990503.22,17605,2607.0,6580.0,6579.4,6644.0,2022-12-13,202212.zip,20221213_1.csv,IM,2023-01-20,6593.67,-13.670000000000073,0.002073200508972972,38,0.019955007198848455
IM2303,6560.0,6571.2,6503.8,8800,1148876.792,41569,719.0,6521.0,6515.6,6581.8,2022-12-13,202212.zip,20221213_1.csv,IM,2023-03-17,6593.67,-72.67000000000007,0.011021176370670682,94,0.043271900602635964
IM2306,6454.0,6462.4,6388.2,3979,510268.868,27183,826.0,6410.0,6402.4,6467.2,2022-12-13,202212.zip,20221213_1.csv,IM,2023-06-16,6593.67,-183.67000000000007,0.027855503839288254,185,0.05653290888392296
IM2212,6615.0,6638.4,6551.4,30053,3966121.944,27501,-8961.0,6573.6,6565.4,6604.4,2022-12-14,202212.zip,20221214_1.csv,IM,2022-12-16,6570.02,3.5799999999999272,-0.0005448994066989954,2,-0.0993899841791343
IM2301,6585.2,6613.4,6520.6,16470,2162731.676,26196,8591.0,6539.0,6532.6,6579.4,2022-12-14,202212.zip,20221214_1.csv,IM,2023-01-20,6570.02,-31.020000000000437,0.004721446814469399,37,0.0467973861612045
IM2303,6535.0,6549.0,6458.2,11232,1460719.932,42568,999.0,6474.8,6468.0,6515.6,2022-12-14,202212.zip,20221214_1.csv,IM,2023-03-17,6570.02,-95.22000000000025,0.01449310656588565,93,0.05771806128773238
IM2306,6411.0,6434.4,6342.2,5291,675581.836,28884,1701.0,6358.4,6354.0,6402.4,2022-12-14,202212.zip,20221214_1.csv,IM,2023-06-16,6570.02,-211.6200000000008,0.03220994761050966,184,0.06602127483534283
IM2212,6564.8,6618.4,6547.6,23979,3160582.808,15696,-11805.0,6600.6,6602.6,6565.4,2022-12-15,202212.zip,20221215_1.csv,IM,2022-12-16,6597.55,3.050000000000182,-0.0004622928208197763,1,-0.16865890979609444
IM2301,6534.6,6586.0,6511.2,21988,2883518.38,34046,7850.0,6567.0,6568.6,6532.6,2022-12-15,202212.zip,20221215_1.csv,IM,2023-01-20,6597.55,-30.550000000000182,0.004630506779031651,36,0.04716659898820699
IM2303,6468.0,6519.6,6447.8,10157,1318713.708,43438,870.0,6506.2,6505.4,6468.0,2022-12-15,202212.zip,20221215_1.csv,IM,2023-03-17,6597.55,-91.35000000000036,0.013846048912096176,92,0.055703974002055734
IM2306,6357.2,6404.2,6335.0,5104,650971.18,29719,835.0,6394.2,6393.6,6354.0,2022-12-15,202212.zip,20221215_1.csv,IM,2023-06-16,6597.55,-203.35000000000036,0.030822047578267786,183,0.06343073376094092
IM2212,6581.0,6597.8,6509.8,14369,1880057.368,0,-15696.0,6515.0,6515.43,6602.6,2022-12-16,202212.zip,20221216_1.csv,IM,2022-12-16,6519.44,-4.4399999999996,0.000681040089332785,0,
IM2301,6549.4,6565.6,6478.2,30237,3937024.16,44714,10668.0,6531.8,6509.4,6568.6,2022-12-16,202212.zip,20221216_1.csv,IM,2023-01-20,6519.44,12.360000000000582,-0.0018958683567915635,35,-0.01973378591768669
IM2303,6479.0,6503.6,6424.0,12269,1583344.852,44335,897.0,6476.0,6453.8,6505.4,2022-12-16,202212.zip,20221216_1.csv,IM,2023-03-17,6519.44,-43.4399999999996,0.006663148982121059,91,0.026905089968708832
IM2306,6375.0,6389.4,6315.4,5360,679872.208,31449,1730.0,6368.0,6344.2,6393.6,2022-12-16,202212.zip,20221216_1.csv,IM,2023-06-16,6519.44,-151.4399999999996,0.023228988992919586,182,0.047693481141973526
IM2301,6524.0,6553.6,6377.2,31461,4061864.732,44445,-269.0,6417.0,6398.4,6509.4,2022-12-19,202212.zip,20221219_1.csv,IM,2023-01-20,6390.77,26.229999999999563,-0.004104356752003158,32,-0.04662395784634534
IM2302,6506.8,6526.0,6356.2,1121,144265.54,1074,1074.0,6392.4,6375.2,6509.4,2022-12-19,202212.zip,20221219_1.csv,IM,2023-02-17,6390.77,1.6299999999991996,-0.00025505533761949195,60,-0.0015511909976423561
IM2303,6480.0,6496.0,6326.2,12500,1599709.208,44796,461.0,6365.0,6346.4,6453.8,2022-12-19,202212.zip,20221219_1.csv,IM,2023-03-17,6390.77,-25.770000000000437,0.004032377945067722,88,0.016792919374419932
IM2306,6368.2,6388.6,6224.2,6719,845076.112,32863,1414.0,6261.0,6242.6,6344.2,2022-12-19,202212.zip,20221219_1.csv,IM,2023-06-16,6390.77,-129.77000000000044,0.020305847339209593,179,0.04226398410306235
IM2301,6403.0,6418.6,6337.6,31960,4076483.328,47112,2667.0,6350.4,6356.6,6398.4,2022-12-20,202212.zip,20221220_1.csv,IM,2023-01-20,6341.58,8.819999999999709,-0.0013908205841446364,31,-0.01635304659498202
IM2302,6378.6,6393.0,6315.0,1111,141219.244,909,-165.0,6330.6,6338.2,6375.2,2022-12-20,202212.zip,20221220_1.csv,IM,2023-02-17,6341.58,-10.979999999999563,0.001731429706792298,59,0.010729965349897551
IM2303,6353.4,6369.0,6291.4,10741,1359305.44,43704,-1092.0,6306.4,6310.4,6346.4,2022-12-20,202212.zip,20221220_1.csv,IM,2023-03-17,6341.58,-35.18000000000029,0.005547513395715353,87,0.02340388381224814
IM2306,6248.8,6266.6,6189.6,5940,739634.812,34152,1289.0,6203.4,6209.0,6242.6,2022-12-20,202212.zip,20221220_1.csv,IM,2023-06-16,6341.58,-138.1800000000003,0.02178952248493282,178,0.04567602108738474
IM2301,6356.0,6369.8,6248.8,30254,3818298.816,46197,-915.0,6302.2,6292.2,6356.6,2022-12-21,202212.zip,20221221_1.csv,IM,2023-01-20,6289.14,13.05999999999949,-0.0020765955281643045,30,-0.025212888620903373
IM2302,6330.4,6347.8,6230.2,1346,169266.068,1583,674.0,6288.8,6272.6,6338.2,2022-12-21,202212.zip,20221221_1.csv,IM,2023-02-17,6289.14,-0.3400000000001455,5.40614456030486e-05,58,0.0003402326632135183
IM2303,6315.6,6322.8,6202.0,11553,1447476.692,44210,506.0,6260.2,6247.6,6310.4,2022-12-21,202212.zip,20221221_1.csv,IM,2023-03-17,6289.14,-28.94000000000051,0.004601583046330737,86,0.01962025880739443
IM2306,6218.4,6224.2,6103.6,5585,688668.824,35471,1319.0,6166.4,6147.8,6209.0,2022-12-21,202212.zip,20221221_1.csv,IM,2023-06-16,6289.14,-122.74000000000069,0.019516181862703097,177,0.04104630085698633
IM2301,6327.8,6333.6,6171.2,32221,4032590.404,50546,4349.0,6206.0,6200.4,6292.2,2022-12-22,202212.zip,20221222_1.csv,IM,2023-01-20,6186.93,19.06999999999971,-0.0030823041476144564,29,-0.03867530865569467
IM2302,6311.8,6315.8,6155.0,2237,278747.916,2321,738.0,6195.0,6184.8,6272.6,2022-12-22,202212.zip,20221222_1.csv,IM,2023-02-17,6186.93,8.069999999999709,-0.001304362583704588,57,-0.008341616753748272
IM2303,6285.0,6288.8,6138.0,12248,1521446.36,43284,-926.0,6173.6,6165.4,6247.6,2022-12-22,202212.zip,20221222_1.csv,IM,2023-03-17,6186.93,-13.329999999999927,0.0021545419133560673,85,0.009271833004291196
IM2306,6191.2,6199.0,6051.2,6245,764896.372,36833,1362.0,6088.8,6076.0,6147.8,2022-12-22,202212.zip,20221222_1.csv,IM,2023-06-16,6186.93,-98.13000000000011,0.01586085506058743,176,0.03342337383989704
IM2301,6182.0,6232.2,6130.4,34624,4283857.924,49302,-1244.0,6165.2,6153.2,6200.4,2022-12-23,202212.zip,20221223_1.csv,IM,2023-01-20,6160.75,4.449999999999818,-0.000722314653248457,28,-0.00940909111974029
IM2302,6163.8,6212.4,6115.4,1486,183208.584,2534,213.0,6146.6,6137.8,6184.8,2022-12-23,202212.zip,20221223_1.csv,IM,2023-02-17,6160.75,-14.149999999999636,0.00229679827943019,56,0.015004665761790945
IM2303,6147.6,6194.2,6095.6,11416,1403013.712,43972,688.0,6127.0,6115.4,6165.4,2022-12-23,202212.zip,20221223_1.csv,IM,2023-03-17,6160.75,-33.75,0.005478229111715249,84,0.023935333069084956
IM2306,6070.0,6111.4,6013.2,5693,690648.832,37601,768.0,6053.2,6037.6,6076.0,2022-12-23,202212.zip,20221223_1.csv,IM,2023-06-16,6160.75,-107.55000000000018,0.017457290102666057,175,0.03705784897716447
IM2301,6172.2,6305.4,6170.2,33311,4173426.78,49953,651.0,6285.2,6288.0,6153.2,2022-12-26,202212.zip,20221226_1.csv,IM,2023-01-20,6275.52,9.679999999999382,-0.0015425016572330197,25,-0.02248583975052365
IM2302,6150.0,6288.0,6150.0,1695,211941.968,2719,185.0,6268.8,6271.8,6137.8,2022-12-26,202212.zip,20221226_1.csv,IM,2023-02-17,6275.52,-6.720000000000255,0.001070827596756918,53,0.007382472767199091
IM2303,6128.8,6274.0,6128.8,11465,1429343.764,45066,1094.0,6254.0,6256.4,6115.4,2022-12-26,202212.zip,20221226_1.csv,IM,2023-03-17,6275.52,-21.520000000000437,0.0034291978991383143,81,0.015505730653369555
IM2306,6053.2,6190.0,6053.2,5048,620775.812,37376,-225.0,6170.0,6173.6,6037.6,2022-12-26,202212.zip,20221226_1.csv,IM,2023-06-16,6275.52,-105.52000000000044,0.016814542858599846,172,0.036292261882326454
IM2301,6305.0,6339.0,6265.4,26878,3389623.148,46652,-3301.0,6336.2,6329.6,6288.0,2022-12-27,202212.zip,20221227_1.csv,IM,2023-01-20,6325.63,10.569999999999709,-0.0016709798075447146,24,-0.025370424439463874
IM2302,6285.6,6319.6,6248.4,1705,214550.656,3066,347.0,6319.2,6312.8,6271.8,2022-12-27,202212.zip,20221227_1.csv,IM,2023-02-17,6325.63,-6.430000000000291,0.0010164995423380674,52,0.00714230501426671
IM2303,6276.8,6300.0,6234.4,8313,1042866.644,43841,-1225.0,6297.8,6294.2,6256.4,2022-12-27,202212.zip,20221227_1.csv,IM,2023-03-17,6325.63,-27.829999999999927,0.0043995617827788935,80,0.020161703293212957
IM2306,6190.0,6213.4,6153.8,3594,444830.408,37765,389.0,6211.0,6205.8,6173.6,2022-12-27,202212.zip,20221227_1.csv,IM,2023-06-16,6325.63,-114.63000000000011,0.0181215151692401,171,0.03939431173328579
IM2301,6310.0,6318.4,6263.8,22558,2837555.1,45214,-1438.0,6293.4,6282.8,6329.6,2022-12-28,202212.zip,20221228_1.csv,IM,2023-01-20,6268.47,24.92999999999938,-0.003977047030615077,23,-0.06286399416365662
IM2302,6302.8,6302.8,6248.0,1800,225784.3,3641,575.0,6278.2,6267.0,6312.8,2022-12-28,202212.zip,20221228_1.csv,IM,2023-02-17,6268.47,9.729999999999563,-0.0015522129004366114,51,-0.011091757909878944
IM2303,6296.8,6297.4,6228.8,7101,888186.132,44281,440.0,6261.2,6246.6,6294.2,2022-12-28,202212.zip,20221228_1.csv,IM,2023-03-17,6268.47,-7.270000000000437,0.0011597726398946406,79,0.005364665001330888
IM2306,6199.8,6199.8,6143.2,3414,421210.644,38070,305.0,6179.6,6163.0,6205.8,2022-12-28,202212.zip,20221228_1.csv,IM,2023-06-16,6268.47,-88.86999999999989,0.014177303233484428,170,0.03087726028336119
IM2301,6279.8,6334.8,6260.8,27458,3456712.424,46782,1568.0,6269.2,6280.8,6282.8,2022-12-29,202212.zip,20221229_1.csv,IM,2023-01-20,6261.83,7.369999999999891,-0.0011769722269687755,22,-0.01950408345562442
IM2302,6259.4,6316.8,6245.0,1873,235175.604,4065,424.0,6257.6,6267.2,6267.0,2022-12-29,202212.zip,20221229_1.csv,IM,2023-02-17,6261.83,-4.229999999999563,0.0006755213731448606,50,0.004934639478393388
IM2303,6245.8,6294.2,6230.2,8690,1087542.672,44336,55.0,6235.0,6244.6,6246.6,2022-12-29,202212.zip,20221229_1.csv,IM,2023-03-17,6261.83,-26.829999999999927,0.004284689938883646,78,0.020136429996092834
IM2306,6162.8,6203.8,6146.0,4027,497050.888,39038,968.0,6149.0,6155.0,6163.0,2022-12-29,202212.zip,20221229_1.csv,IM,2023-06-16,6261.83,-112.82999999999993,0.01801869421558877,169,0.03963019916645904
IM2301,6290.2,6304.0,6261.0,21902,2752638.98,44071,-2711.0,6285.8,6282.8,6280.8,2022-12-30,202212.zip,20221230_1.csv,IM,2023-01-20,6281.62,4.180000000000291,-0.0006654334391447136,21,-0.011558175721846153
IM2302,6287.0,6287.0,6248.2,1601,200742.088,4304,239.0,6274.0,6265.6,6267.2,2022-12-30,202212.zip,20221230_1.csv,IM,2023-02-17,6281.62,-7.619999999999891,0.0012130628723163728,49,0.009047055226298327
IM2303,6261.6,6267.6,6225.0,7606,950146.476,43617,-719.0,6246.2,6243.2,6244.6,2022-12-30,202212.zip,20221230_1.csv,IM,2023-03-17,6281.62,-35.42000000000007,0.005638672826436486,77,0.026880343248695593
IM2306,6169.2,6177.6,6130.0,3665,450836.16,39672,634.0,6152.0,6146.8,6155.0,2022-12-30,202212.zip,20221230_1.csv,IM,2023-06-16,6281.62,-129.6199999999999,0.02063480439759169,168,0.045776151000061924
IM2301,6280.0,6442.8,6276.0,29613,3770816.084,46448,2377.0,6420.0,6426.0,6282.8,2023-01-03,202301.zip,20230103_1.csv,IM,2023-01-20,6423.7,-3.699999999999818,0.0005759920295156373,17,0.012374015026571128
IM2302,6269.2,6420.0,6260.8,2656,337259.32,5364,1060.0,6397.0,6404.4,6265.6,2023-01-03,202301.zip,20230103_1.csv,IM,2023-02-17,6423.7,-26.699999999999818,0.004156483023802449,45,0.03385441092178554
IM2303,6239.8,6390.0,6237.2,10199,1289421.94,43880,263.0,6366.0,6374.4,6243.2,2023-01-03,202301.zip,20230103_1.csv,IM,2023-03-17,6423.7,-57.69999999999982,0.008982362190015025,73,0.045318881558278346
IM2306,6152.6,6284.8,6143.2,4564,567666.732,40427,755.0,6264.2,6270.0,6146.8,2023-01-03,202301.zip,20230103_1.csv,IM,2023-06-16,6423.7,-159.5,0.024829926677771397,164,0.0566688094405606
IM2301,6420.0,6439.0,6375.0,22569,2894694.936,42870,-3578.0,6414.4,6405.6,6426.0,2023-01-04,202301.zip,20230104_1.csv,IM,2023-01-20,6421.28,-6.880000000000109,0.0010714374704109408,16,0.024468383636818414
IM2302,6396.0,6419.0,6351.6,2549,325592.188,6053,689.0,6389.8,6381.4,6404.4,2023-01-04,202301.zip,20230104_1.csv,IM,2023-02-17,6421.28,-31.479999999999563,0.004902449355891569,44,0.040868401059643365
IM2303,6366.2,6389.2,6324.8,8286,1053541.592,42797,-1083.0,6359.0,6351.0,6374.4,2023-01-04,202301.zip,20230104_1.csv,IM,2023-03-17,6421.28,-62.279999999999745,0.009699000822265935,72,0.049650102217329316
IM2306,6270.2,6284.6,6222.4,3130,391545.888,40463,36.0,6253.0,6247.2,6270.0,2023-01-04,202301.zip,20230104_1.csv,IM,2023-06-16,6421.28,-168.27999999999975,0.02620661301173599,163,0.060262803915469974
IM2301,6433.8,6494.0,6408.2,24379,3151578.436,42369,-501.0,6490.4,6483.8,6405.6,2023-01-05,202301.zip,20230105_1.csv,IM,2023-01-20,6485.47,4.9299999999993815,-0.0007601607901970286,15,-0.01848319569415195
IM2302,6408.2,6469.0,6386.2,2913,375342.892,6966,913.0,6464.6,6458.0,6381.4,2023-01-05,202301.zip,20230105_1.csv,IM,2023-02-17,6485.47,-20.86999999999989,0.0032179626148913787,43,0.027403447325649886
IM2303,6375.2,6435.4,6353.2,8135,1042378.064,42599,-198.0,6432.0,6424.6,6351.0,2023-01-05,202301.zip,20230105_1.csv,IM,2023-03-17,6485.47,-53.470000000000255,0.008244583661631388,71,0.042736471690841375
IM2306,6261.2,6325.0,6246.0,4741,597277.492,41195,732.0,6323.8,6313.0,6247.2,2023-01-05,202301.zip,20230105_1.csv,IM,2023-06-16,6485.47,-161.67000000000007,0.02492803143025868,162,0.057600885777773045
IM2301,6487.2,6543.6,6478.2,23789,3098399.084,42744,375.0,6505.2,6498.2,6483.8,2023-01-06,202301.zip,20230106_1.csv,IM,2023-01-20,6500.32,4.880000000000109,-0.0007507322716420184,14,-0.01955797998963524
IM2302,6458.6,6515.8,6452.4,2033,263563.728,7082,116.0,6483.4,6474.2,6458.0,2023-01-06,202301.zip,20230106_1.csv,IM,2023-02-17,6500.32,-16.920000000000073,0.0026029487779063443,42,0.022679898994795986
IM2303,6428.8,6482.8,6421.6,7468,963857.46,41882,-717.0,6451.0,6442.4,6424.6,2023-01-06,202301.zip,20230106_1.csv,IM,2023-03-17,6500.32,-49.31999999999971,0.007587318778152441,70,0.03986491573842342
IM2306,6319.8,6373.6,6311.0,4193,531933.792,40963,-232.0,6344.0,6335.0,6313.0,2023-01-06,202301.zip,20230106_1.csv,IM,2023-06-16,6500.32,-156.3199999999997,0.024048046865385087,161,0.05586224182090193
IM2301,6518.2,6571.0,6513.0,21905,2865215.264,41037,-1707.0,6518.2,6528.6,6498.2,2023-01-09,202301.zip,20230109_1.csv,IM,2023-01-20,6535.75,-17.550000000000182,0.002685231228244711,11,0.08934075497697727
IM2302,6517.8,6544.6,6490.2,2020,263176.472,7423,341.0,6493.0,6504.8,6474.2,2023-01-09,202301.zip,20230109_1.csv,IM,2023-02-17,6535.75,-42.75,0.006540947863672875,39,0.06161961402220054
IM2303,6473.0,6514.4,6458.2,6842,887543.44,41834,-48.0,6462.8,6473.6,6442.4,2023-01-09,202301.zip,20230109_1.csv,IM,2023-03-17,6535.75,-72.94999999999982,0.011161687641051077,67,0.06149256964542858
IM2306,6378.4,6403.2,6350.8,3394,432788.236,40965,2.0,6351.2,6364.6,6335.0,2023-01-09,202301.zip,20230109_1.csv,IM,2023-06-16,6535.75,-184.55000000000018,0.028237004169376134,158,0.06712650534694135
IM2301,6527.0,6546.6,6490.2,17855,2330765.728,38530,-2507.0,6532.2,6535.0,6528.6,2023-01-10,202301.zip,20230110_1.csv,IM,2023-01-20,6540.2,-8.0,0.0012232041833583063,10,0.04470163191574006
IM2302,6495.4,6521.4,6467.0,1957,254513.732,7952,529.0,6512.6,6510.6,6504.8,2023-01-10,202301.zip,20230110_1.csv,IM,2023-02-17,6540.2,-27.599999999999454,0.004220054432586107,38,0.04070651708348214
IM2303,6460.0,6488.0,6434.8,6470,837073.12,42058,224.0,6477.2,6478.4,6473.6,2023-01-10,202301.zip,20230110_1.csv,IM,2023-03-17,6540.2,-63.0,0.00963273294394662,66,0.053790077642976955
IM2306,6365.0,6374.8,6323.8,3104,394588.768,41262,297.0,6363.8,6364.6,6364.6,2023-01-10,202301.zip,20230110_1.csv,IM,2023-06-16,6540.2,-176.39999999999964,0.026971652243050648,157,0.06444292888337519
IM2301,6539.0,6562.4,6481.0,22001,2869672.44,38986,456.0,6494.4,6496.4,6535.0,2023-01-11,202301.zip,20230111_1.csv,IM,2023-01-20,6486.9,7.5,-0.0011561762937613018,9,-0.046835222140098116
IM2302,6512.6,6534.8,6457.8,2840,368924.12,8847,895.0,6472.4,6468.6,6510.6,2023-01-11,202301.zip,20230111_1.csv,IM,2023-02-17,6486.9,-14.5,0.0022352741679384502,37,0.0221000773346119
IM2303,6477.0,6502.0,6424.0,8219,1061805.036,42487,429.0,6438.2,6436.6,6478.4,2023-01-11,202301.zip,20230111_1.csv,IM,2023-03-17,6486.9,-48.69999999999982,0.00750743806748988,65,0.042476038453175095
IM2306,6363.8,6388.0,6313.0,4469,567307.952,42184,922.0,6328.0,6325.0,6364.6,2023-01-11,202301.zip,20230111_1.csv,IM,2023-06-16,6486.9,-158.89999999999964,0.02449552174382208,156,0.058752410937145304
IM2301,6500.0,6541.6,6473.8,24588,3199349.116,36807,-2179.0,6492.0,6500.2,6496.4,2023-01-12,202301.zip,20230112_1.csv,IM,2023-01-20,6489.57,2.430000000000291,-0.0003744469972586373,8,-0.01707774953789369
IM2302,6492.2,6518.0,6454.8,4538,588346.548,10385,1538.0,6475.6,6485.0,6468.6,2023-01-12,202301.zip,20230112_1.csv,IM,2023-02-17,6489.57,-13.969999999999345,0.0021526850007009823,36,0.021872919540702657
IM2303,6453.6,6485.4,6425.0,10015,1293109.896,43416,929.0,6450.4,6458.8,6436.6,2023-01-12,202301.zip,20230112_1.csv,IM,2023-03-17,6489.57,-39.17000000000007,0.006035839046346636,64,0.0346321788183673
IM2306,6336.6,6371.2,6315.0,4539,575749.976,42519,335.0,6338.8,6344.8,6325.0,2023-01-12,202301.zip,20230112_1.csv,IM,2023-06-16,6489.57,-150.76999999999953,0.02323266410563407,155,0.05601044870607417
IM2301,6509.8,6551.8,6481.2,24189,3145598.264,33813,-2994.0,6542.4,6516.2,6500.2,2023-01-13,202301.zip,20230113_1.csv,IM,2023-01-20,6517.51,24.889999999999418,-0.003818943123984342,7,-0.19837303043007198
IM2302,6499.8,6534.8,6467.4,4207,545943.14,11435,1050.0,6534.0,6506.2,6485.0,2023-01-13,202301.zip,20230113_1.csv,IM,2023-02-17,6517.51,16.48999999999978,-0.002530107356950806,35,-0.02631881586427041
IM2303,6460.8,6512.0,6444.0,9974,1290201.656,44231,815.0,6511.0,6485.0,6458.8,2023-01-13,202301.zip,20230113_1.csv,IM,2023-03-17,6517.51,-6.510000000000218,0.0009988477194511347,63,0.005792760968616905
IM2306,6354.2,6403.8,6333.8,3923,498836.788,42798,279.0,6401.4,6376.2,6344.8,2023-01-13,202301.zip,20230113_1.csv,IM,2023-06-16,6517.51,-116.11000000000058,0.01781508582265323,154,0.04298993645464756
IM2301,6540.0,6658.8,6539.8,31794,4203994.112,31869,-1944.0,6597.4,6601.8,6516.2,2023-01-16,202301.zip,20230116_1.csv,IM,2023-01-20,6591.81,5.589999999999236,-0.0008480220151976248,4,-0.07731644284111369
IM2302,6533.0,6655.2,6532.6,7710,1019441.728,14685,3250.0,6593.4,6598.8,6506.2,2023-01-16,202301.zip,20230116_1.csv,IM,2023-02-17,6591.81,1.589999999999236,-0.00024120840861607817,32,-0.0027506199381185925
IM2303,6509.0,6643.4,6506.8,13840,1824805.344,45810,1579.0,6573.0,6584.0,6485.0,2023-01-16,202301.zip,20230116_1.csv,IM,2023-03-17,6591.81,-18.8100000000004,0.0028535409849496096,60,0.017408717480602392
IM2306,6395.2,6547.0,6395.2,7170,931256.376,43991,1193.0,6467.6,6478.6,6376.2,2023-01-16,202301.zip,20230116_1.csv,IM,2023-06-16,6591.81,-124.21000000000004,0.018843079518372052,151,0.0464225856935783
IM2301,6606.0,6646.6,6592.6,19735,2612444.252,26573,-5296.0,6608.2,6610.2,6601.8,2023-01-17,202301.zip,20230117_1.csv,IM,2023-01-20,6597.49,10.710000000000036,-0.0016233446356115344,3,-0.19718682848582172
IM2302,6598.6,6646.2,6594.6,7193,952388.592,16921,2236.0,6608.6,6612.8,6598.8,2023-01-17,202301.zip,20230117_1.csv,IM,2023-02-17,6597.49,11.110000000000582,-0.0016839737536549215,31,-0.019794100160788627
IM2303,6584.0,6630.0,6581.8,8521,1126121.568,45186,-624.0,6596.6,6601.2,6584.0,2023-01-17,202301.zip,20230117_1.csv,IM,2023-03-17,6597.49,-0.8899999999994179,0.0001348997876464697,59,0.0008346621294885725
IM2306,6478.8,6520.6,6476.2,4160,540807.08,43327,-664.0,6490.8,6496.8,6478.6,2023-01-17,202301.zip,20230117_1.csv,IM,2023-06-16,6597.49,-106.6899999999996,0.016171301510119696,150,0.03999697007045837
IM2301,6620.8,6653.8,6611.4,18132,2403869.1,20699,-5874.0,6621.2,6626.0,6610.2,2023-01-18,202301.zip,20230118_1.csv,IM,2023-01-20,6613.01,8.1899999999996,-0.0012384678081538425,2,-0.22574080227148463
IM2302,6637.0,6663.6,6615.6,10035,1332635.708,21492,4571.0,6637.8,6640.4,6612.8,2023-01-18,202301.zip,20230118_1.csv,IM,2023-02-17,6613.01,24.789999999999964,-0.0037486711799921135,30,-0.04543849869936827
IM2303,6615.2,6652.8,6605.6,9522,1262928.744,47175,1989.0,6633.2,6637.0,6601.2,2023-01-18,202301.zip,20230118_1.csv,IM,2023-03-17,6613.01,20.1899999999996,-0.003053072655265776,58,-0.019154820994495586
IM2306,6505.6,6549.8,6498.0,4940,645140.224,43815,488.0,6528.8,6536.0,6496.8,2023-01-18,202301.zip,20230118_1.csv,IM,2023-06-16,6613.01,-84.21000000000004,0.012733989514608357,149,0.03159634873341797
IM2301,6607.8,6692.8,6587.4,16681,2216383.692,13167,-7532.0,6687.4,6679.6,6626.0,2023-01-19,202301.zip,20230119_1.csv,IM,2023-01-20,6676.08,11.319999999999709,-0.001695605804603817,1,-0.6178484911923726
IM2302,6627.8,6718.2,6604.0,19184,2559706.608,30558,9066.0,6717.0,6704.8,6640.4,2023-01-19,202301.zip,20230119_1.csv,IM,2023-02-17,6676.08,40.92000000000007,-0.0061293453643456175,29,-0.07667523987001539
IM2303,6613.6,6715.0,6601.2,13185,1758268.04,49642,2467.0,6715.0,6702.4,6637.0,2023-01-19,202301.zip,20230119_1.csv,IM,2023-03-17,6676.08,38.92000000000007,-0.005829768367065613,57,-0.03711460333633798
IM2306,6526.4,6614.2,6500.0,6342,833282.94,43614,-201.0,6613.2,6598.2,6536.0,2023-01-19,202301.zip,20230119_1.csv,IM,2023-06-16,6676.08,-62.88000000000011,0.009418700794478263,148,0.02344941566498435
IM2301,6690.0,6745.8,6688.0,9527,1280623.416,0,-13167.0,6728.2,6728.24,6679.6,2023-01-20,202301.zip,20230120_1.csv,IM,2023-01-20,6736.85,-8.650000000000546,0.0012839828703326006,0,
IM2302,6736.2,6777.6,6717.4,23193,3132532.704,37954,7396.0,6777.6,6764.4,6704.8,2023-01-20,202301.zip,20230120_1.csv,IM,2023-02-17,6736.85,40.75,-0.006048821036537921,28,-0.07837661667003971
IM2303,6727.2,6775.0,6718.0,11575,1563621.596,50870,1228.0,6767.8,6762.8,6702.4,2023-01-20,202301.zip,20230120_1.csv,IM,2023-03-17,6736.85,30.949999999999818,-0.004594135241247743,56,-0.029806979900621883
IM2306,6629.8,6676.0,6617.2,6641,883479.38,44348,734.0,6665.0,6657.6,6598.2,2023-01-20,202301.zip,20230120_1.csv,IM,2023-06-16,6736.85,-71.85000000000036,0.010665221876693165,147,0.02676715097141651
IM2302,6881.2,6888.0,6791.0,27391,3746023.524,40518,2564.0,6792.8,6800.2,6764.4,2023-01-30,202301.zip,20230130_1.csv,IM,2023-02-17,6786.45,6.350000000000364,-0.0009356880254036692,18,-0.018955937005197234
IM2303,6855.6,6892.4,6790.4,13594,1860928.064,52644,1774.0,6792.2,6803.6,6762.8,2023-01-30,202301.zip,20230130_1.csv,IM,2023-03-17,6786.45,5.75,-0.0008472765584361941,46,-0.006717263920379582
IM2306,6800.0,6800.0,6698.6,9324,1257769.804,44907,559.0,6698.6,6710.0,6657.6,2023-01-30,202301.zip,20230130_1.csv,IM,2023-06-16,6786.45,-87.84999999999945,0.012944912288457067,137,0.034940572613385776
IM2309,6715.2,6736.6,6615.2,2600,346048.976,2153,2153.0,6621.4,6624.8,6657.6,2023-01-30,202301.zip,20230130_1.csv,IM,2023-09-15,6786.45,-165.05000000000018,0.024320521038245335,228,0.03990466981329535
IM2302,6796.2,6848.0,6775.6,23191,3163837.224,39733,-785.0,6818.0,6820.0,6800.2,2023-01-31,202301.zip,20230131_1.csv,IM,2023-02-17,6805.28,12.720000000000255,-0.0018691369054617546,17,-0.04005659758770126
IM2303,6792.2,6850.8,6780.0,10320,1408835.012,52783,139.0,6828.8,6827.4,6803.6,2023-01-31,202301.zip,20230131_1.csv,IM,2023-03-17,6805.28,23.520000000000437,-0.0034561399384007707,45,-0.0279365823180265
IM2306,6687.8,6760.4,6683.0,5191,698991.076,43774,-1133.0,6737.4,6736.6,6710.0,2023-01-31,202301.zip,20230131_1.csv,IM,2023-06-16,6805.28,-67.88000000000011,0.00997460795147298,136,0.02703979891003519
IM2309,6614.8,6681.6,6603.8,2642,351833.32,3944,1791.0,6666.0,6663.4,6624.8,2023-01-31,202301.zip,20230131_1.csv,IM,2023-09-15,6805.28,-139.27999999999975,0.020466461335903796,227,0.03359622305842918
IM2302,6831.0,6923.0,6822.2,26743,3676536.124,41219,1486.0,6922.6,6910.0,6820.0,2023-02-01,202302.zip,20230201_1.csv,IM,2023-02-17,6916.72,5.880000000000109,-0.0008501139268324298,16,-0.019376751509549532
IM2303,6838.8,6924.0,6826.0,15943,2193254.244,53143,360.0,6924.0,6911.6,6827.4,2023-02-01,202302.zip,20230201_1.csv,IM,2023-03-17,6916.72,7.279999999999745,-0.0010525220046495587,44,-0.0087219683840132
IM2306,6750.4,6826.2,6734.2,7269,986388.56,44270,496.0,6825.4,6813.0,6736.6,2023-02-01,202302.zip,20230201_1.csv,IM,2023-06-16,6916.72,-91.32000000000062,0.013202789761621259,135,0.036174029686498105
IM2309,6673.2,6752.4,6665.4,3109,417237.056,5039,1095.0,6752.2,6735.0,6663.4,2023-02-01,202302.zip,20230201_1.csv,IM,2023-09-15,6916.72,-164.52000000000044,0.023785840687493565,226,0.039351186227602565
IM2302,6932.6,6983.4,6911.8,28541,3964868.24,39990,-1229.0,6928.0,6933.4,6910.0,2023-02-02,202302.zip,20230202_1.csv,IM,2023-02-17,6933.23,-5.229999999999563,0.0007543381656168746,15,0.01836941878367626
IM2303,6940.0,6982.6,6911.2,14914,2072632.068,53141,-2.0,6930.0,6934.0,6911.6,2023-02-02,202302.zip,20230202_1.csv,IM,2023-03-17,6933.23,-3.2299999999995634,0.0004658723279048482,43,0.003956340816806248
IM2306,6842.0,6888.8,6817.4,7480,1025692.604,44589,319.0,6833.8,6839.8,6813.0,2023-02-02,202302.zip,20230202_1.csv,IM,2023-06-16,6933.23,-99.42999999999938,0.01434107912185223,134,0.03963174921144804
IM2309,6776.0,6810.0,6742.0,3111,421810.568,6275,1236.0,6754.6,6762.0,6735.0,2023-02-02,202302.zip,20230202_1.csv,IM,2023-09-15,6933.23,-178.6299999999992,0.025764326295247608,225,0.04290077214869185
IM2302,6910.0,6933.0,6825.0,34786,4791756.16,41115,1125.0,6920.0,6914.0,6933.4,2023-02-03,202302.zip,20230203_1.csv,IM,2023-02-17,6925.08,-5.079999999999927,0.0007335655328168933,14,0.019139141205614423
IM2303,6922.2,6932.4,6824.0,18621,2565042.028,55472,2331.0,6911.6,6910.0,6934.0,2023-02-03,202302.zip,20230203_1.csv,IM,2023-03-17,6925.08,-13.479999999999563,0.0019465479099157745,42,0.01694942112500996
IM2306,6824.8,6835.6,6712.8,10508,1424368.968,44945,356.0,6806.6,6805.2,6839.8,2023-02-03,202302.zip,20230203_1.csv,IM,2023-06-16,6925.08,-118.47999999999956,0.017108827623651957,133,0.047770087811718785
IM2309,6741.0,6755.6,6628.6,3286,439849.832,7422,1147.0,6716.8,6717.8,6762.0,2023-02-03,202302.zip,20230203_1.csv,IM,2023-09-15,6925.08,-208.27999999999975,0.030076186845494846,224,0.05052775450044219
IM2302,6892.2,6924.6,6840.2,30107,4142676.836,39194,-1921.0,6893.6,6883.0,6914.0,2023-02-06,202302.zip,20230206_1.csv,IM,2023-02-17,6891.41,2.1900000000005093,-0.0003177869260428956,11,-0.010541398082016817
IM2303,6873.8,6917.6,6835.0,16581,2279046.584,53424,-2048.0,6889.2,6874.8,6910.0,2023-02-06,202302.zip,20230206_1.csv,IM,2023-03-17,6891.41,-2.2100000000000364,0.00032068908975091404,39,0.003002283767829588
IM2306,6770.0,6806.4,6723.8,7937,1073617.82,43809,-1136.0,6782.8,6768.6,6805.2,2023-02-06,202302.zip,20230206_1.csv,IM,2023-06-16,6891.41,-108.60999999999967,0.01576020001712275,130,0.04495834486325135
IM2309,6689.0,6713.8,6635.4,3375,450306.488,8138,716.0,6691.2,6678.2,6717.8,2023-02-06,202302.zip,20230206_1.csv,IM,2023-09-15,6891.41,-200.21000000000004,0.02905210980046169,221,0.0494176791398605
IM2302,6907.4,6916.0,6840.8,31160,4289820.18,40065,871.0,6912.8,6894.8,6883.0,2023-02-07,202302.zip,20230207_1.csv,IM,2023-02-17,6924.32,-11.519999999999527,0.0016637012731935963,10,0.060826293253097075
IM2303,6900.2,6905.6,6831.8,14832,2038969.288,53200,-224.0,6899.2,6884.8,6874.8,2023-02-07,202302.zip,20230207_1.csv,IM,2023-03-17,6924.32,-25.11999999999989,0.003627793054047146,38,0.03497278097841926
IM2306,6804.0,6804.0,6724.6,6758,914766.096,43272,-537.0,6798.0,6779.4,6768.6,2023-02-07,202302.zip,20230207_1.csv,IM,2023-06-16,6924.32,-126.31999999999971,0.018242946599810517,129,0.0525767952726636
IM2309,6700.2,6711.2,6633.8,3073,410314.972,8628,490.0,6698.8,6681.4,6678.2,2023-02-07,202302.zip,20230207_1.csv,IM,2023-09-15,6924.32,-225.51999999999953,0.032569263118977676,220,0.055854508541556866
IM2302,6905.8,6926.0,6853.0,26376,3632052.0,37234,-2831.0,6865.8,6870.0,6894.8,2023-02-08,202302.zip,20230208_1.csv,IM,2023-02-17,6877.72,-11.920000000000073,0.0017331324915814683,9,0.07041018122028546
IM2303,6907.2,6909.2,6835.4,14151,1943861.612,51321,-1879.0,6850.0,6852.8,6884.8,2023-02-08,202302.zip,20230208_1.csv,IM,2023-03-17,6877.72,-27.720000000000255,0.004030405425053729,37,0.03992029986190538
IM2306,6795.2,6808.8,6732.6,5523,747474.692,42584,-688.0,6751.4,6750.6,6779.4,2023-02-08,202302.zip,20230208_1.csv,IM,2023-06-16,6877.72,-126.32000000000062,0.018366551706088696,128,0.05335328598512952
IM2309,6705.8,6717.6,6641.2,2220,296371.728,8688,60.0,6662.0,6660.2,6681.4,2023-02-08,202302.zip,20230208_1.csv,IM,2023-09-15,6877.72,-215.72000000000025,0.03136504539295004,219,0.053967777444211176
IM2302,6841.0,7023.0,6838.4,35972,4995047.072,41161,3927.0,7020.8,7008.8,6870.0,2023-02-09,202302.zip,20230209_1.csv,IM,2023-02-17,6999.18,21.61999999999989,-0.003088933275040784,8,-0.14049858990428454
IM2303,6848.8,7019.8,6828.0,23375,3241754.908,56697,5376.0,7018.6,7003.6,6852.8,2023-02-09,202302.zip,20230209_1.csv,IM,2023-03-17,6999.18,19.420000000000073,-0.002774610740115202,36,-0.0280536320950361
IM2306,6740.2,6928.0,6710.6,9089,1244548.088,43229,645.0,6928.0,6910.6,6750.6,2023-02-09,202302.zip,20230209_1.csv,IM,2023-06-16,6999.18,-71.18000000000029,0.01016976274363568,127,0.02952835463985042
IM2309,6648.4,6841.0,6637.0,3886,525755.864,10195,1507.0,6839.4,6824.6,6660.2,2023-02-09,202302.zip,20230209_1.csv,IM,2023-09-15,6999.18,-159.78000000000065,0.022828388468363547,218,0.03911477024783295
IM2302,7009.8,7023.8,6911.0,34437,4801464.588,37468,-3693.0,6977.6,6968.6,7008.8,2023-02-10,202302.zip,20230210_1.csv,IM,2023-02-17,6975.39,2.2100000000000364,-0.00031682816301303873,7,-0.016515093196185333
IM2303,7003.4,7018.8,6902.0,25482,3549106.216,57715,1018.0,6969.2,6958.6,7003.6,2023-02-10,202302.zip,20230210_1.csv,IM,2023-03-17,6975.39,-6.190000000000509,0.0008874055787562174,35,0.009262592140110286
IM2306,6919.2,6927.6,6802.4,10025,1376905.424,43752,523.0,6877.4,6866.2,6910.6,2023-02-10,202302.zip,20230210_1.csv,IM,2023-06-16,6975.39,-97.99000000000069,0.014047960042377627,126,0.041274307243278574
IM2309,6830.0,6840.0,6714.0,5209,706202.7,11938,1743.0,6794.2,6777.2,6824.6,2023-02-10,202302.zip,20230210_1.csv,IM,2023-09-15,6975.39,-181.1900000000005,0.025975608532282868,217,0.044856876433097714
IM2302,6968.4,7045.0,6960.2,26143,3670342.1,33371,-4097.0,7039.6,7032.4,6968.6,2023-02-13,202302.zip,20230213_1.csv,IM,2023-02-17,7052.18,-12.579999999999927,0.001783845562648656,4,0.16306679356781678
IM2303,6939.0,7037.4,6939.0,17048,2390282.064,56286,-1429.0,7022.4,7019.8,6958.6,2023-02-13,202302.zip,20230213_1.csv,IM,2023-03-17,7052.18,-29.780000000000655,0.004222807699179598,32,0.048370660315562065
IM2306,6873.0,6945.0,6857.0,6191,856708.644,42356,-1396.0,6928.2,6926.0,6866.2,2023-02-13,202302.zip,20230213_1.csv,IM,2023-06-16,7052.18,-123.98000000000047,0.01758037940041246,123,0.053102989244147546
IM2309,6784.4,6856.8,6774.0,2943,402097.908,12069,131.0,6842.2,6836.8,6777.2,2023-02-13,202302.zip,20230213_1.csv,IM,2023-09-15,7052.18,-209.98000000000047,0.029775190083066616,214,0.052343319099693836
IM2302,7050.6,7065.0,7016.0,19802,2788252.14,28634,-4737.0,7055.6,7043.0,7032.4,2023-02-14,202302.zip,20230214_1.csv,IM,2023-02-17,7061.45,-5.849999999999454,0.0008284417506319031,3,0.1008773173082252
IM2303,7035.0,7049.4,7003.2,14480,2034389.304,56603,317.0,7037.8,7028.6,7019.8,2023-02-14,202302.zip,20230214_1.csv,IM,2023-03-17,7061.45,-23.649999999999636,0.0033491704961444713,31,0.03956629591908814
IM2306,6940.0,6956.2,6906.8,5202,720756.388,42403,47.0,6945.4,6934.2,6926.0,2023-02-14,202302.zip,20230214_1.csv,IM,2023-06-16,7061.45,-116.05000000000018,0.016434301736895418,122,0.04998974436199555
IM2309,6850.2,6867.0,6812.4,2886,394627.272,12710,641.0,6853.2,6840.4,6836.8,2023-02-14,202302.zip,20230214_1.csv,IM,2023-09-15,7061.45,-208.25,0.029491110182752855,213,0.052072072701584246
IM2302,7051.4,7071.8,7025.6,20524,2893656.62,23486,-5148.0,7049.8,7046.2,7043.0,2023-02-15,202302.zip,20230215_1.csv,IM,2023-02-17,7063.6,-13.800000000000182,0.0019536780112124896,2,0.35724417713976386
IM2303,7040.0,7054.6,7011.0,20953,2946853.12,61573,4970.0,7030.4,7025.6,7028.6,2023-02-15,202302.zip,20230215_1.csv,IM,2023-03-17,7063.6,-33.20000000000073,0.004700152896540133,30,0.05745524199666415
IM2306,6947.4,6958.4,6911.4,6573,911577.216,42664,261.0,6931.8,6928.0,6934.2,2023-02-15,202302.zip,20230215_1.csv,IM,2023-06-16,7063.6,-131.80000000000018,0.018659040715782393,121,0.057355739114904505
IM2309,6855.0,6865.4,6817.2,2405,329012.74,13164,454.0,6836.0,6831.6,6840.4,2023-02-15,202302.zip,20230215_1.csv,IM,2023-09-15,7063.6,-227.60000000000036,0.03222153009796713,212,0.05732277509743111
IM2302,7042.0,7099.2,6892.6,24242,3407875.392,14963,-8523.0,6929.4,6960.4,7046.2,2023-02-16,202302.zip,20230216_1.csv,IM,2023-02-17,6925.2,4.199999999999818,-0.0006064806792582811,1,-0.2212312754350737
IM2303,7039.8,7077.8,6864.2,49836,6971006.044,75848,14275.0,6909.2,6933.4,7025.6,2023-02-16,202302.zip,20230216_1.csv,IM,2023-03-17,6925.2,-16.0,0.002310402587650917,29,0.029146545236037668
IM2306,6939.2,6973.4,6766.8,14469,1991270.96,45294,2630.0,6815.0,6833.6,6928.0,2023-02-16,202302.zip,20230216_1.csv,IM,2023-06-16,6925.2,-110.19999999999982,0.015912897822445538,120,0.04918439716312017
IM2309,6836.4,6875.4,6675.4,4964,674121.616,15307,2143.0,6726.0,6739.0,6831.6,2023-02-16,202302.zip,20230216_1.csv,IM,2023-09-15,6925.2,-199.19999999999982,0.028764512216253646,211,0.05123218521039531
IM2302,6937.0,6959.0,6868.2,11924,1648882.628,0,-14963.0,6884.8,6884.84,6960.4,2023-02-17,202302.zip,20230217_1.csv,IM,2023-02-17,6868.55,16.25,-0.0023658559666888124,0,
IM2303,6928.0,6940.6,6842.0,47096,6489295.596,79401,3553.0,6849.8,6871.8,6933.4,2023-02-17,202302.zip,20230217_1.csv,IM,2023-03-17,6868.55,-18.75,0.002729833807717741,28,0.035682741519042056
IM2306,6824.0,6845.2,6750.0,11646,1582792.508,44880,-414.0,6759.4,6778.2,6833.6,2023-02-17,202302.zip,20230217_1.csv,IM,2023-06-16,6868.55,-109.15000000000055,0.015891272539327872,119,0.04952922080747566
IM2309,6727.8,6761.2,6660.0,4644,623036.396,15936,629.0,6673.0,6686.8,6739.0,2023-02-17,202302.zip,20230217_1.csv,IM,2023-09-15,6868.55,-195.55000000000018,0.028470346725291362,210,0.05093429099498355
IM2303,6871.0,6928.8,6796.0,45771,6282357.476,74754,-4647.0,6922.0,6914.4,6871.8,2023-02-20,202302.zip,20230220_1.csv,IM,2023-03-17,6959.36,-37.35999999999967,0.005368309729630316,25,0.07880034672060048
IM2304,6844.6,6907.6,6777.0,1164,159053.884,1138,1138.0,6898.2,6891.4,6871.8,2023-02-20,202302.zip,20230220_1.csv,IM,2023-04-21,6959.36,-61.159999999999854,0.008788164428912948,60,0.05393532612372324
IM2306,6767.6,6827.8,6705.0,11106,1502077.476,42971,-1909.0,6813.0,6812.8,6778.2,2023-02-20,202302.zip,20230220_1.csv,IM,2023-06-16,6959.36,-146.35999999999967,0.021030669486849285,116,0.06759567156096091
IM2309,6680.2,6734.0,6619.4,5457,728732.244,17079,1143.0,6727.8,6717.0,6686.8,2023-02-20,202302.zip,20230220_1.csv,IM,2023-09-15,6959.36,-231.5599999999995,0.03327317454478562,207,0.06068942004715279
IM2303,6925.4,6988.4,6890.0,37792,5247036.696,73671,-1083.0,6935.2,6928.0,6914.4,2023-02-21,202302.zip,20230221_1.csv,IM,2023-03-17,6990.48,-55.279999999999745,0.007907897597875913,24,0.12122457415311196
IM2304,6905.6,6966.2,6865.6,978,135333.356,1270,132.0,6907.0,6905.0,6891.4,2023-02-21,202302.zip,20230221_1.csv,IM,2023-04-21,6990.48,-83.47999999999956,0.011941955344983435,59,0.07477111159643965
IM2306,6818.8,6886.4,6783.6,9755,1333652.66,42844,-127.0,6834.8,6821.8,6812.8,2023-02-21,202302.zip,20230221_1.csv,IM,2023-06-16,6990.48,-155.67999999999938,0.022270287591123816,115,0.07229396362859095
IM2309,6734.2,6789.2,6686.6,4106,553405.104,17387,308.0,6738.8,6727.8,6717.0,2023-02-21,202302.zip,20230221_1.csv,IM,2023-09-15,6990.48,-251.67999999999938,0.03600325013446848,206,0.0661746696856516
IM2303,6916.0,6989.8,6910.8,32043,4456662.4,71937,-1734.0,6968.0,6959.0,6928.0,2023-02-22,202302.zip,20230222_1.csv,IM,2023-03-17,6998.43,-30.43000000000029,0.0043481180779118,23,0.06930408575849743
IM2304,6881.0,6964.4,6881.0,773,107059.564,1332,62.0,6941.8,6931.6,6905.0,2023-02-22,202302.zip,20230222_1.csv,IM,2023-04-21,6998.43,-56.63000000000011,0.008091814878479875,58,0.05133804607967083
IM2306,6811.0,6878.8,6807.8,7622,1042948.164,41912,-932.0,6855.8,6843.6,6821.8,2023-02-22,202302.zip,20230222_1.csv,IM,2023-06-16,6998.43,-142.6300000000001,0.02038028529255853,114,0.06661020275827442
IM2309,6710.0,6780.0,6710.0,3797,512065.016,18080,693.0,6758.2,6742.6,6727.8,2023-02-22,202302.zip,20230222_1.csv,IM,2023-09-15,6998.43,-240.23000000000047,0.03432627032062907,205,0.06329001588675316
IM2303,6968.0,6987.2,6883.8,34847,4836647.032,72185,248.0,6944.8,6923.6,6959.0,2023-02-23,202302.zip,20230223_1.csv,IM,2023-03-17,6966.79,-21.98999999999978,0.0031564034512306938,22,0.05253341937983456
IM2304,6941.8,6959.0,6857.0,1104,152639.868,1698,366.0,6918.6,6893.8,6931.6,2023-02-23,202302.zip,20230223_1.csv,IM,2023-04-21,6966.79,-48.1899999999996,0.006917102424502497,57,0.04460224434413021
IM2306,6859.0,6874.6,6772.2,7558,1031930.712,42013,101.0,6837.2,6812.6,6843.6,2023-02-23,202302.zip,20230223_1.csv,IM,2023-06-16,6966.79,-129.59000000000015,0.01860110610482013,113,0.06122201605066294
IM2309,6772.2,6776.6,6674.0,4146,557671.184,19322,1242.0,6739.0,6712.0,6742.6,2023-02-23,202302.zip,20230223_1.csv,IM,2023-09-15,6966.79,-227.78999999999996,0.032696550348151776,204,0.06047862311566543
IM2303,6947.0,6966.4,6872.6,31201,4317332.132,69442,-2743.0,6928.6,6918.6,6923.6,2023-02-24,202302.zip,20230224_1.csv,IM,2023-03-17,6944.82,-16.219999999999345,0.0023355536932562204,21,0.040689179288607186
IM2304,6913.4,6937.6,6845.8,1271,175177.636,2042,344.0,6902.0,6892.2,6893.8,2023-02-24,202302.zip,20230224_1.csv,IM,2023-04-21,6944.82,-42.81999999999971,0.00616574655642621,56,0.04043677815953993
IM2306,6837.2,6853.6,6763.0,7218,982666.632,41951,-62.0,6822.4,6808.4,6812.6,2023-02-24,202302.zip,20230224_1.csv,IM,2023-06-16,6944.82,-122.42000000000007,0.017627526703355878,112,0.05847766705474395
IM2309,6739.8,6753.4,6663.0,3332,446914.316,19361,39.0,6725.8,6709.6,6712.0,2023-02-24,202302.zip,20230224_1.csv,IM,2023-09-15,6944.82,-219.01999999999953,0.03153717446960458,203,0.05855131486180617
IM2303,6903.2,6922.6,6830.8,34001,4678765.264,70262,820.0,6879.2,6865.0,6918.6,2023-02-27,202302.zip,20230227_1.csv,IM,2023-03-17,6894.3,-15.100000000000364,0.002190215105231874,18,0.044510182062514586
IM2304,6886.2,6897.6,6804.2,2170,297350.952,3094,1052.0,6856.6,6837.0,6892.2,2023-02-27,202302.zip,20230227_1.csv,IM,2023-04-21,6894.3,-37.69999999999982,0.005468285395181516,53,0.037866008731980046
IM2306,6791.8,6809.0,6720.0,9090,1230745.172,42099,148.0,6767.2,6752.0,6808.4,2023-02-27,202302.zip,20230227_1.csv,IM,2023-06-16,6894.3,-127.10000000000036,0.018435519197017913,109,0.06289308602422303
IM2309,6709.0,6711.6,6620.2,4496,599500.936,21300,1939.0,6668.6,6652.8,6709.6,2023-02-27,202302.zip,20230227_1.csv,IM,2023-09-15,6894.3,-225.69999999999982,0.032737188692107955,200,0.0617674624358937
IM2303,6899.0,6954.0,6847.6,35963,4966649.332,69823,-439.0,6937.4,6921.4,6865.0,2023-02-28,202302.zip,20230228_1.csv,IM,2023-03-17,6955.57,-18.170000000000073,0.0026122948945952462,17,0.05623440889026064
IM2304,6868.4,6928.0,6821.8,1779,244752.08,3150,56.0,6913.2,6899.8,6837.0,2023-02-28,202302.zip,20230228_1.csv,IM,2023-04-21,6955.57,-42.36999999999989,0.0060915208962025735,52,0.04301984720423305
IM2306,6781.0,6847.4,6738.0,10036,1364661.424,42044,-55.0,6830.0,6817.8,6752.0,2023-02-28,202302.zip,20230228_1.csv,IM,2023-06-16,6955.57,-125.56999999999971,0.018053157397596387,108,0.06213471341033516
IM2309,6687.4,6746.8,6638.8,4816,645140.32,22068,768.0,6730.0,6716.0,6652.8,2023-02-28,202302.zip,20230228_1.csv,IM,2023-09-15,6955.57,-225.5699999999997,0.032430124346387146,199,0.06147606531916647
IM2303,6927.4,6984.2,6912.4,35047,4874487.836,66106,-3717.0,6980.6,6975.4,6921.4,2023-03-01,202303.zip,20230301_1.csv,IM,2023-03-17,7002.77,-22.170000000000073,0.0031658900692155267,16,0.07245123986477066
IM2304,6908.0,6957.2,6882.6,2478,343275.036,4234,1084.0,6955.6,6948.0,6899.8,2023-03-01,202303.zip,20230301_1.csv,IM,2023-04-21,7002.77,-47.17000000000007,0.0067359059343660155,51,0.048534880626585196
IM2306,6823.4,6882.0,6803.6,9518,1303658.832,41913,-131.0,6877.6,6870.2,6817.8,2023-03-01,202303.zip,20230301_1.csv,IM,2023-06-16,7002.77,-125.17000000000007,0.01787435543363558,107,0.06208296145471287
IM2309,6726.0,6778.8,6700.0,4655,628343.408,22160,92.0,6768.6,6766.8,6716.0,2023-03-01,202303.zip,20230301_1.csv,IM,2023-09-15,7002.77,-234.17000000000007,0.03343962460569172,198,0.06377641169547925
IM2303,6978.0,7013.6,6941.6,30230,4212376.08,64064,-2042.0,6961.6,6955.0,6975.4,2023-03-02,202303.zip,20230302_1.csv,IM,2023-03-17,6972.31,-10.710000000000036,0.001536076278880305,15,0.037435359687425875
IM2304,6946.2,6988.4,6916.0,2688,372970.744,5043,809.0,6937.0,6929.4,6948.0,2023-03-02,202303.zip,20230302_1.csv,IM,2023-04-21,6972.31,-35.3100000000004,0.005064318712162841,50,0.03715770505982485
IM2306,6869.8,6910.0,6835.4,8172,1121727.08,43158,1245.0,6859.6,6852.8,6870.2,2023-03-02,202303.zip,20230302_1.csv,IM,2023-06-16,6972.31,-112.71000000000004,0.016165374172978586,106,0.056578399422596716
IM2309,6768.6,6806.0,6731.6,3929,530906.152,22837,677.0,6755.4,6749.2,6766.8,2023-03-02,202303.zip,20230302_1.csv,IM,2023-09-15,6972.31,-216.91000000000076,0.031110205943224112,197,0.059491530670932574
IM2303,6955.2,6992.8,6899.4,33740,4683562.884,64259,195.0,6942.0,6942.2,6955.0,2023-03-03,202303.zip,20230303_1.csv,IM,2023-03-17,6967.94,-25.9399999999996,0.0037227645473409954,14,0.09742046343169901
IM2304,6940.8,6970.0,6874.8,2912,402977.044,6317,1274.0,6919.4,6917.0,6929.4,2023-03-03,202303.zip,20230303_1.csv,IM,2023-04-21,6967.94,-48.539999999999964,0.0069661908684632845,49,0.05225503213974561
IM2306,6865.0,6897.0,6796.4,9053,1239017.772,43679,521.0,6841.6,6839.6,6852.8,2023-03-03,202303.zip,20230303_1.csv,IM,2023-06-16,6967.94,-126.33999999999924,0.018131614221706727,105,0.06419286493830435
IM2309,6763.0,6794.8,6690.6,4527,609762.964,24199,1362.0,6738.0,6735.0,6749.2,2023-03-03,202303.zip,20230303_1.csv,IM,2023-09-15,6967.94,-229.9399999999996,0.032999710100833135,196,0.06355069632483433
IM2303,6949.0,6990.8,6902.2,31889,4429208.0,62252,-2007.0,6956.4,6962.0,6942.2,2023-03-06,202303.zip,20230306_1.csv,IM,2023-03-17,6997.04,-40.64000000000033,0.005808170312017746,11,0.1938515742207312
IM2304,6919.4,6966.0,6875.6,3088,427559.428,7131,814.0,6930.0,6936.8,6917.0,2023-03-06,202303.zip,20230306_1.csv,IM,2023-04-21,6997.04,-67.03999999999996,0.009581194333603937,46,0.07676014806449628
IM2306,6848.4,6883.0,6799.2,7964,1089365.412,43575,-104.0,6848.8,6853.8,6839.6,2023-03-06,202303.zip,20230306_1.csv,IM,2023-06-16,6997.04,-148.23999999999978,0.021186101551513126,102,0.07745395787096504
IM2309,6739.4,6777.0,6692.0,3417,460207.02,24257,58.0,6740.0,6748.6,6735.0,2023-03-06,202303.zip,20230306_1.csv,IM,2023-09-15,6997.04,-257.03999999999996,0.036735533882899074,193,0.07212342983656447
IM2303,6950.8,6963.4,6844.8,43995,6077077.128,67075,4823.0,6846.8,6868.0,6962.0,2023-03-07,202303.zip,20230307_1.csv,IM,2023-03-17,6855.34,-8.539999999999964,0.0012457441935775915,10,0.04552637728573705
IM2304,6926.8,6936.2,6824.0,5137,707059.188,9773,2642.0,6826.0,6848.8,6936.8,2023-03-07,202303.zip,20230307_1.csv,IM,2023-04-21,6855.34,-29.340000000000146,0.004279875250534637,45,0.03486375622619393
IM2306,6845.2,6851.8,6744.2,12067,1641240.212,45951,2376.0,6746.2,6765.0,6853.8,2023-03-07,202303.zip,20230307_1.csv,IM,2023-06-16,6855.34,-109.14000000000033,0.01592043574789881,101,0.05846503686270334
IM2309,6736.0,6746.0,6640.0,4644,621181.564,25872,1615.0,6640.6,6660.2,6748.6,2023-03-07,202303.zip,20230307_1.csv,IM,2023-09-15,6855.34,-214.73999999999978,0.031324485729372964,192,0.06147481966990943
IM2303,6828.0,6889.6,6821.8,31970,4387620.156,61834,-5241.0,6871.0,6865.8,6868.0,2023-03-08,202303.zip,20230308_1.csv,IM,2023-03-17,6891.46,-20.460000000000036,0.002968891932914053,9,0.12076359578906391
IM2304,6811.0,6866.8,6802.0,3818,522147.284,10315,542.0,6847.8,6839.8,6848.8,2023-03-08,202303.zip,20230308_1.csv,IM,2023-04-21,6891.46,-43.659999999999854,0.006335377409141141,44,0.05288991288509343
IM2306,6714.2,6785.6,6714.2,9675,1307479.836,45203,-748.0,6766.0,6759.8,6765.0,2023-03-08,202303.zip,20230308_1.csv,IM,2023-06-16,6891.46,-125.46000000000004,0.01820514085549363,100,0.06768090452261272
IM2309,6628.2,6680.2,6618.0,3728,496029.492,26009,137.0,6660.0,6653.6,6660.2,2023-03-08,202303.zip,20230308_1.csv,IM,2023-09-15,6891.46,-231.46000000000004,0.03358649691066917,191,0.06641424146659733
IM2303,6876.0,6888.2,6833.0,32424,4453830.272,61128,-706.0,6878.6,6878.0,6865.8,2023-03-09,202303.zip,20230309_1.csv,IM,2023-03-17,6892.86,-14.259999999999309,0.0020688074326186134,8,0.09458501730002664
IM2304,6848.8,6861.2,6802.6,3552,486077.712,10680,365.0,6853.2,6851.0,6839.8,2023-03-09,202303.zip,20230309_1.csv,IM,2023-04-21,6892.86,-39.659999999999854,0.005753779998433184,43,0.04912286774197476
IM2306,6769.6,6780.0,6727.4,8148,1101798.092,45566,363.0,6771.2,6770.8,6759.8,2023-03-09,202303.zip,20230309_1.csv,IM,2023-06-16,6892.86,-121.65999999999985,0.017650148124290888,99,0.0662429767905903
IM2309,6663.6,6678.0,6621.2,4046,538482.3,27273,1264.0,6662.0,6663.2,6653.6,2023-03-09,202303.zip,20230309_1.csv,IM,2023-09-15,6892.86,-230.85999999999967,0.033492628604091745,190,0.06657073109071063
IM2303,6840.8,6863.8,6787.6,38784,5292474.16,59243,-1885.0,6798.4,6805.8,6878.0,2023-03-10,202303.zip,20230310_1.csv,IM,2023-03-17,6798.3,0.0999999999994543,-1.4709559742698275e-05,7,-0.0007669871902618983
IM2304,6814.2,6837.6,6759.4,6256,850133.096,13463,2783.0,6769.8,6778.8,6851.0,2023-03-10,202303.zip,20230310_1.csv,IM,2023-04-21,6798.3,-28.5,0.004192224526719968,42,0.03658580333666804
IM2306,6735.0,6768.8,6685.0,11085,1488910.984,47130,1564.0,6696.8,6701.0,6770.8,2023-03-10,202303.zip,20230310_1.csv,IM,2023-06-16,6798.3,-101.5,0.014930203139020048,98,0.05645020222878307
IM2309,6630.0,6649.0,6582.2,4947,653829.16,28549,1276.0,6586.8,6597.2,6663.2,2023-03-10,202303.zip,20230310_1.csv,IM,2023-09-15,6798.3,-211.5,0.03111071885618466,189,0.06201074587848117
IM2303,6792.0,6838.0,6744.4,37275,5063692.3,53070,-6173.0,6832.6,6815.6,6805.8,2023-03-13,202303.zip,20230313_1.csv,IM,2023-03-17,6832.62,-0.019999999999527063,2.9271348325199398e-06,4,0.00026710183532091536
IM2304,6766.4,6810.0,6717.8,7958,1076579.368,16339,2876.0,6802.0,6785.4,6778.8,2023-03-13,202303.zip,20230313_1.csv,IM,2023-04-21,6832.62,-30.61999999999989,0.004481443428728693,39,0.04213051968123901
IM2306,6687.8,6733.4,6641.0,11902,1592538.932,48859,1729.0,6726.8,6710.2,6701.0,2023-03-13,202303.zip,20230313_1.csv,IM,2023-06-16,6832.62,-105.81999999999971,0.015487470399348946,95,0.06044056296416832
IM2309,6583.6,6625.0,6536.2,4607,606278.512,30173,1624.0,6618.8,6603.4,6597.2,2023-03-13,202303.zip,20230313_1.csv,IM,2023-09-15,6832.62,-213.8199999999997,0.03129399849545267,186,0.06339412140458826
IM2303,6820.6,6830.6,6696.4,43522,5888974.9,47626,-5444.0,6775.8,6773.8,6815.6,2023-03-14,202303.zip,20230314_1.csv,IM,2023-03-17,6769.85,5.949999999999818,-0.0008788968736381797,3,-0.10683855288920685
IM2304,6801.0,6801.0,6664.0,11515,1550771.18,20849,4510.0,6745.8,6743.2,6785.4,2023-03-14,202303.zip,20230314_1.csv,IM,2023-04-21,6769.85,-24.050000000000182,0.0035525159346219137,38,0.03424450457282636
IM2306,6720.0,6726.4,6592.8,16799,2237701.132,54286,5427.0,6673.8,6673.4,6710.2,2023-03-14,202303.zip,20230314_1.csv,IM,2023-06-16,6769.85,-96.05000000000018,0.014187906674446249,94,0.055884219842215685
IM2309,6604.8,6618.0,6485.6,6943,909559.296,33223,3050.0,6562.0,6558.6,6603.4,2023-03-14,202303.zip,20230314_1.csv,IM,2023-09-15,6769.85,-207.85000000000036,0.03070230507322913,185,0.062493513019267546
IM2303,6800.0,6854.8,6786.8,37688,5143606.724,32853,-14773.0,6807.2,6801.6,6773.8,2023-03-15,202303.zip,20230315_1.csv,IM,2023-03-17,6803.47,3.7299999999995634,-0.0005482496431967743,2,-0.10000073451637614
IM2304,6778.0,6827.2,6757.8,15015,2040190.928,26182,5333.0,6775.4,6770.2,6743.2,2023-03-15,202303.zip,20230315_1.csv,IM,2023-04-21,6803.47,-28.07000000000062,0.004125835786738308,37,0.040869433060300275
IM2306,6699.0,6758.2,6693.4,17343,2334962.06,56232,1946.0,6712.0,6703.2,6673.4,2023-03-15,202303.zip,20230315_1.csv,IM,2023-06-16,6803.47,-91.47000000000025,0.013444609882897973,93,0.05348557230189545
IM2309,6589.0,6648.4,6574.4,6690,884787.164,34448,1225.0,6592.8,6585.0,6558.6,2023-03-15,202303.zip,20230315_1.csv,IM,2023-09-15,6803.47,-210.67000000000007,0.030965081054226795,184,0.063388114768153
IM2303,6777.0,6791.8,6685.4,31718,4279102.112,21210,-11643.0,6706.0,6707.2,6801.6,2023-03-16,202303.zip,20230316_1.csv,IM,2023-03-17,6689.78,16.220000000000255,-0.0024245939328348953,1,-0.8828362660304262
IM2304,6754.8,6762.8,6656.6,28719,3853765.452,41985,15803.0,6679.0,6678.0,6770.2,2023-03-16,202303.zip,20230316_1.csv,IM,2023-04-21,6689.78,-10.779999999999745,0.0016114132303304274,36,0.016364309361014868
IM2306,6680.2,6696.0,6600.0,15396,2047527.62,59960,3728.0,6618.2,6617.0,6703.2,2023-03-16,202303.zip,20230316_1.csv,IM,2023-06-16,6689.78,-71.57999999999993,0.010699903434791547,92,0.0429098349347583
IM2309,6568.8,6581.2,6486.2,6508,850373.136,36883,2435.0,6490.0,6506.4,6585.0,2023-03-16,202303.zip,20230316_1.csv,IM,2023-09-15,6689.78,-199.77999999999975,0.029863463372487575,183,0.06139727365345567
IM2303,6742.4,6791.2,6726.2,17456,2358946.204,0,-21210.0,6748.4,6748.21,6707.2,2023-03-17,202303.zip,20230317_1.csv,IM,2023-03-17,6736.37,12.029999999999745,-0.0017858282724969587,0,
IM2304,6715.0,6785.6,6695.6,39453,5319238.236,49839,7854.0,6726.0,6722.2,6678.0,2023-03-17,202303.zip,20230317_1.csv,IM,2023-04-21,6736.37,-10.36999999999989,0.0015394047535987054,35,0.016078543817171016
IM2306,6655.2,6718.0,6631.6,16923,2260135.052,60418,458.0,6663.6,6656.0,6617.0,2023-03-17,202303.zip,20230317_1.csv,IM,2023-06-16,6736.37,-72.76999999999953,0.010802553897722333,91,0.04380209951522755
IM2309,6552.0,6603.0,6524.2,7298,958110.696,38378,1495.0,6553.8,6544.4,6506.4,2023-03-17,202303.zip,20230317_1.csv,IM,2023-09-15,6736.37,-182.5699999999997,0.027102133641709103,182,0.05586730322379868
IM2304,6755.0,6762.4,6687.0,31841,4284330.832,49582,-257.0,6719.8,6718.0,6722.2,2023-03-20,202303.zip,20230320_1.csv,IM,2023-04-21,6721.45,-1.6499999999996362,0.00024548274553848337,32,0.002800725095985189
IM2305,6710.4,6740.6,6667.8,867,116239.704,848,848.0,6701.4,6694.6,6722.2,2023-03-20,202303.zip,20230320_1.csv,IM,2023-05-19,6721.45,-20.050000000000182,0.0029829873018470954,60,0.01820079883805324
IM2306,6679.8,6697.6,6628.6,10817,1441762.96,59967,-451.0,6655.0,6655.4,6656.0,2023-03-20,202303.zip,20230320_1.csv,IM,2023-06-16,6721.45,-66.44999999999982,0.009886259661233798,88,0.0414149477494703
IM2309,6570.0,6589.0,6523.0,3648,478447.56,37522,-856.0,6549.0,6550.6,6544.4,2023-03-20,202303.zip,20230320_1.csv,IM,2023-09-15,6721.45,-172.44999999999982,0.025656666344315515,179,0.053694282294793505
IM2304,6740.0,6807.8,6731.0,30156,4086903.668,47082,-2500.0,6791.4,6790.8,6718.0,2023-03-21,202303.zip,20230321_1.csv,IM,2023-04-21,6809.39,-17.99000000000069,0.0026419400269335203,31,0.031189112986349663
IM2305,6712.0,6783.0,6708.6,1064,143713.892,1108,260.0,6769.0,6768.0,6694.6,2023-03-21,202303.zip,20230321_1.csv,IM,2023-05-19,6809.39,-40.39000000000033,0.005931515157745482,59,0.03691392214256976
IM2306,6660.0,6745.0,6660.0,9927,1332514.2,59916,-51.0,6727.0,6728.8,6655.4,2023-03-21,202303.zip,20230321_1.csv,IM,2023-06-16,6809.39,-82.39000000000033,0.01209946852801802,87,0.05138385541880476
IM2309,6565.0,6636.8,6562.0,4182,552635.064,37951,429.0,6624.8,6625.0,6550.6,2023-03-21,202303.zip,20230321_1.csv,IM,2023-09-15,6809.39,-184.59000000000015,0.02710815506234776,178,0.05713579311785885
IM2304,6811.0,6841.8,6800.6,22846,3118726.392,44365,-2717.0,6825.6,6825.0,6790.8,2023-03-22,202303.zip,20230322_1.csv,IM,2023-04-21,6840.33,-14.729999999999563,0.002153404879589038,30,0.026256299812470425
IM2305,6784.6,6815.2,6774.6,1002,136254.064,1456,348.0,6803.4,6798.8,6768.0,2023-03-22,202303.zip,20230322_1.csv,IM,2023-05-19,6840.33,-36.93000000000029,0.005398862335589061,58,0.034160024450250175
IM2306,6744.4,6772.8,6734.4,8515,1151408.724,58860,-1056.0,6761.4,6761.4,6728.8,2023-03-22,202303.zip,20230322_1.csv,IM,2023-06-16,6840.33,-78.93000000000029,0.011538916982075431,86,0.049545006160139404
IM2309,6640.2,6674.8,6634.4,3182,423874.644,37589,-362.0,6651.0,6660.0,6625.0,2023-03-22,202303.zip,20230322_1.csv,IM,2023-09-15,6840.33,-189.32999999999993,0.02767848919569671,177,0.05870189011974763
IM2304,6816.0,6852.6,6808.8,23663,3232513.412,45485,1120.0,6850.4,6844.0,6825.0,2023-03-23,202303.zip,20230323_1.csv,IM,2023-04-21,6868.83,-18.43000000000029,0.0026831352646666806,29,0.03386135015524003
IM2305,6793.2,6825.6,6783.0,1926,262095.016,2461,1005.0,6822.0,6815.8,6798.8,2023-03-23,202303.zip,20230323_1.csv,IM,2023-05-19,6868.83,-46.82999999999993,0.006817754988840852,57,0.04395724359271148
IM2306,6750.8,6787.0,6745.0,8228,1113438.596,59033,173.0,6782.6,6779.8,6761.4,2023-03-23,202303.zip,20230323_1.csv,IM,2023-06-16,6868.83,-86.22999999999956,0.012553811930124836,85,0.054592894274449064
IM2309,6646.2,6685.8,6643.2,2623,349654.592,37843,254.0,6674.0,6679.4,6660.0,2023-03-23,202303.zip,20230323_1.csv,IM,2023-09-15,6868.83,-194.82999999999993,0.028364364819044918,176,0.06054103270493341
IM2304,6854.8,6870.0,6830.0,21217,2906905.652,43286,-2199.0,6857.0,6850.8,6844.0,2023-03-24,202303.zip,20230324_1.csv,IM,2023-04-21,6867.95,-10.949999999999818,0.0015943622187115647,28,0.02081683993416473
IM2305,6825.0,6842.6,6805.4,1191,162570.988,2455,-6.0,6829.8,6826.2,6815.8,2023-03-24,202303.zip,20230324_1.csv,IM,2023-05-19,6867.95,-38.149999999999636,0.00555478709076207,56,0.036407544876863436
IM2306,6782.4,6804.2,6765.4,6466,877383.156,57937,-1096.0,6790.8,6786.0,6779.8,2023-03-24,202303.zip,20230324_1.csv,IM,2023-06-16,6867.95,-77.14999999999964,0.01123333745877586,84,0.049366071603877945
IM2309,6680.2,6703.8,6666.0,2592,346419.38,38024,181.0,6688.6,6684.4,6679.4,2023-03-24,202303.zip,20230324_1.csv,IM,2023-09-15,6867.95,-179.34999999999945,0.026114051500083613,175,0.05592692897510024
IM2304,6857.0,6884.8,6815.8,27156,3724534.14,44995,1709.0,6860.0,6863.0,6850.8,2023-03-27,202303.zip,20230327_1.csv,IM,2023-04-21,6886.69,-26.6899999999996,0.0038755919026410846,25,0.056803790087463876
IM2305,6827.2,6860.6,6796.0,1054,144082.64,2637,182.0,6834.6,6839.0,6826.2,2023-03-27,202303.zip,20230327_1.csv,IM,2023-05-19,6886.69,-52.089999999999236,0.007563865950115267,53,0.05248778551311185
IM2306,6800.0,6821.4,6755.4,8829,1200032.836,59088,1151.0,6797.4,6799.4,6786.0,2023-03-27,202303.zip,20230327_1.csv,IM,2023-06-16,6886.69,-89.28999999999996,0.012965590145628703,81,0.059192657904420166
IM2309,6688.6,6720.4,6657.4,2953,395360.508,38266,242.0,6695.0,6699.8,6684.4,2023-03-27,202303.zip,20230327_1.csv,IM,2023-09-15,6886.69,-191.6899999999996,0.02783485244725692,172,0.06075937440297318
IM2304,6849.0,6861.8,6809.0,26878,3674096.54,44055,-940.0,6827.4,6822.6,6863.0,2023-03-28,202303.zip,20230328_1.csv,IM,2023-04-21,6825.38,2.019999999999527,-0.00029595421793349175,24,-0.004499638710683818
IM2305,6833.0,6839.8,6789.0,1334,181767.964,2873,236.0,6806.8,6801.0,6839.0,2023-03-28,202303.zip,20230328_1.csv,IM,2023-05-19,6825.38,-18.579999999999927,0.002722192757033337,52,0.019159855981123165
IM2306,6799.2,6800.0,6753.6,8622,1168008.576,59165,77.0,6770.0,6763.2,6799.4,2023-03-28,202303.zip,20230328_1.csv,IM,2023-06-16,6825.38,-55.38000000000011,0.008113833955032512,80,0.03732219350073819
IM2309,6695.0,6702.8,6658.2,3816,509571.32,38845,579.0,6670.6,6668.4,6699.8,2023-03-28,202303.zip,20230328_1.csv,IM,2023-09-15,6825.38,-154.77999999999975,0.022677125669193443,171,0.049527533141411215
IM2304,6849.0,6850.0,6786.8,25258,3440387.628,44161,106.0,6806.0,6803.4,6822.6,2023-03-29,202303.zip,20230329_1.csv,IM,2023-04-21,6806.28,-0.27999999999974534,4.113847799380732e-05,23,0.0006528766178185479
IM2305,6814.4,6834.2,6768.8,1830,248628.252,3328,455.0,6789.2,6787.2,6801.0,2023-03-29,202303.zip,20230329_1.csv,IM,2023-05-19,6806.28,-17.079999999999927,0.002509447157625022,51,0.018004951347179797
IM2306,6790.0,6794.0,6734.8,8308,1122706.744,60075,910.0,6750.8,6750.6,6763.2,2023-03-29,202303.zip,20230329_1.csv,IM,2023-06-16,6806.28,-55.47999999999956,0.008151295568210482,79,0.03797055838857855
IM2309,6684.6,6695.2,6641.0,3003,400102.332,38522,-323.0,6659.2,6657.4,6668.4,2023-03-29,202303.zip,20230329_1.csv,IM,2023-09-15,6806.28,-147.07999999999993,0.021609454797628103,170,0.04742152387144185
IM2304,6805.0,6821.6,6757.6,30540,4147881.736,47259,3098.0,6821.6,6808.6,6803.4,2023-03-30,202303.zip,20230330_1.csv,IM,2023-04-21,6807.64,13.960000000000036,-0.00205063722523513,22,-0.03395231190763058
IM2305,6788.4,6804.0,6741.8,1894,256526.948,3567,239.0,6804.0,6790.8,6787.2,2023-03-30,202303.zip,20230330_1.csv,IM,2023-05-19,6807.64,-3.6400000000003274,0.0005346933739152071,50,0.003905349794238333
IM2306,6751.0,6770.2,6708.4,10890,1467868.268,61541,1466.0,6767.2,6758.0,6750.6,2023-03-30,202303.zip,20230330_1.csv,IM,2023-06-16,6807.64,-40.44000000000051,0.005940384626684225,78,0.027964071039493898
IM2309,6660.0,6678.0,6617.0,4764,633727.252,39808,1286.0,6673.8,6667.0,6657.4,2023-03-30,202303.zip,20230330_1.csv,IM,2023-09-15,6807.64,-133.84000000000015,0.019660264056266197,169,0.04331306330628596
IM2304,6824.2,6875.0,6813.2,25374,3476098.144,43321,-3938.0,6873.8,6866.0,6808.6,2023-03-31,202303.zip,20230331_1.csv,IM,2023-04-21,6875.81,-2.0100000000002183,0.0002923291946694828,21,0.005082445559328332
IM2305,6811.8,6855.8,6797.0,1440,196629.584,3446,-121.0,6852.4,6845.4,6790.8,2023-03-31,202303.zip,20230331_1.csv,IM,2023-05-19,6875.81,-23.410000000000764,0.0034046897747320726,49,0.02544810756011073
IM2306,6774.6,6819.8,6761.8,8693,1181537.404,60216,-1325.0,6818.8,6811.4,6758.0,2023-03-31,202303.zip,20230331_1.csv,IM,2023-06-16,6875.81,-57.01000000000022,0.008291386760250874,77,0.03963193051449015
IM2309,6677.8,6727.4,6672.4,3862,518107.356,38968,-840.0,6725.0,6720.2,6667.0,2023-03-31,202303.zip,20230331_1.csv,IM,2023-09-15,6875.81,-150.8100000000004,0.02193341584482411,168,0.04872158789166219
IM2304,6885.0,6959.8,6880.0,27944,3866220.196,44490,1169.0,6940.0,6944.6,6866.0,2023-04-03,202304.zip,20230403_1.csv,IM,2023-04-21,6962.2,-22.199999999999818,0.003188647266668565,18,0.06486551392891227
IM2305,6852.6,6938.0,6852.6,1826,251820.292,3934,488.0,6918.8,6922.4,6845.4,2023-04-03,202304.zip,20230403_1.csv,IM,2023-05-19,6962.2,-43.399999999999636,0.006233661773577315,46,0.04977301919659384
IM2306,6825.0,6903.2,6825.0,10440,1432722.172,60317,101.0,6878.2,6885.6,6811.4,2023-04-03,202304.zip,20230403_1.csv,IM,2023-06-16,6962.2,-84.0,0.012065151819827036,74,0.06023731853163929
IM2309,6725.0,6813.0,6725.0,3849,521399.428,39236,268.0,6793.2,6795.4,6720.2,2023-04-03,202304.zip,20230403_1.csv,IM,2023-09-15,6962.2,-169.0,0.024273936399413998,165,0.0550327511111827
IM2304,6946.4,6954.8,6907.6,24433,3387639.204,41324,-3166.0,6950.2,6935.4,6944.6,2023-04-04,202304.zip,20230404_1.csv,IM,2023-04-21,6953.36,-3.1599999999998545,0.00045445655050213585,17,0.00976188581961814
IM2305,6918.8,6933.2,6886.0,1841,254406.58,4179,245.0,6929.4,6909.4,6922.4,2023-04-04,202304.zip,20230404_1.csv,IM,2023-05-19,6953.36,-23.960000000000036,0.0034458161234280915,45,0.02804603893875663
IM2306,6885.0,6894.8,6850.6,6675,917781.124,58971,-1346.0,6891.8,6880.4,6885.6,2023-04-04,202304.zip,20230404_1.csv,IM,2023-06-16,6953.36,-61.55999999999949,0.00885327381294787,73,0.04466177196088106
IM2309,6793.2,6806.0,6761.4,2979,404164.304,39384,148.0,6802.0,6787.4,6795.4,2023-04-04,202304.zip,20230404_1.csv,IM,2023-09-15,6953.36,-151.35999999999967,0.021767893507599112,164,0.04952488866258813
IM2304,6920.0,6967.0,6918.0,23912,3323230.144,40626,-698.0,6959.4,6954.4,6935.4,2023-04-06,202304.zip,20230406_1.csv,IM,2023-04-21,6983.03,-23.63000000000011,0.0033839178694635708,15,0.08262158615206434
IM2305,6901.8,6941.6,6895.0,2081,288202.252,4825,646.0,6933.6,6927.4,6909.4,2023-04-06,202304.zip,20230406_1.csv,IM,2023-05-19,6983.03,-49.42999999999938,0.007078589093845955,43,0.06051405223233718
IM2306,6866.4,6904.8,6860.6,7616,1049363.088,58479,-492.0,6895.2,6893.8,6880.4,2023-04-06,202304.zip,20230406_1.csv,IM,2023-06-16,6983.03,-87.82999999999993,0.012577634637113144,71,0.06548329599362024
IM2309,6779.2,6817.2,6772.8,3681,500696.656,39704,320.0,6802.0,6804.4,6787.4,2023-04-06,202304.zip,20230406_1.csv,IM,2023-09-15,6983.03,-181.02999999999975,0.025924276424417414,162,0.059964162682725544
IM2304,6973.0,7033.8,6961.4,24909,3489834.716,38856,-1770.0,7026.2,7025.2,6954.4,2023-04-07,202304.zip,20230407_1.csv,IM,2023-04-21,7042.89,-16.69000000000051,0.0023697658205652505,14,0.06192993977643208
IM2305,6938.4,7009.4,6935.0,2107,294192.0,5181,356.0,7003.2,7001.8,6927.4,2023-04-07,202304.zip,20230407_1.csv,IM,2023-05-19,7042.89,-39.69000000000051,0.005635470666161213,42,0.04925248457847893
IM2306,6899.0,6968.0,6899.0,8049,1117538.124,57971,-508.0,6959.8,6960.0,6893.8,2023-04-07,202304.zip,20230407_1.csv,IM,2023-06-16,7042.89,-83.09000000000015,0.011797713722633718,70,0.06225107043305822
IM2309,6806.2,6874.8,6806.2,4000,548014.244,39425,-279.0,6860.6,6865.0,6804.4,2023-04-07,202304.zip,20230407_1.csv,IM,2023-09-15,7042.89,-182.28999999999996,0.025882840708856714,161,0.06023761027728249
IM2304,7038.0,7047.6,6953.2,28753,4022278.372,41153,2297.0,6971.0,6968.0,7025.2,2023-04-10,202304.zip,20230410_1.csv,IM,2023-04-21,6968.57,2.430000000000291,-0.00034870855857094263,11,-0.011566750564026462
IM2305,7005.0,7024.2,6939.0,2701,376804.612,6318,1137.0,6953.4,6950.2,7001.8,2023-04-10,202304.zip,20230410_1.csv,IM,2023-05-19,6968.57,-15.170000000000073,0.0021769172154402217,39,0.02041816104720679
IM2306,6980.0,6980.0,6900.2,10926,1515397.072,59939,1968.0,6919.0,6913.0,6960.0,2023-04-10,202304.zip,20230410_1.csv,IM,2023-06-16,6968.57,-49.56999999999971,0.007113367591916275,67,0.03902955952999773
IM2309,6867.0,6884.6,6820.0,7223,989562.144,42049,2624.0,6835.0,6831.4,6865.0,2023-04-10,202304.zip,20230410_1.csv,IM,2023-09-15,6968.57,-133.5699999999997,0.01916749060424161,158,0.04514463900437958
IM2304,6981.4,6990.8,6946.0,24815,3457118.728,38736,-2417.0,6972.4,6967.0,6968.0,2023-04-11,202304.zip,20230411_1.csv,IM,2023-04-21,6984.14,-11.740000000000691,0.001680951412772469,10,0.0614580345361736
IM2305,6953.4,6969.6,6930.4,2341,325261.5,6240,-78.0,6950.8,6945.6,6950.2,2023-04-11,202304.zip,20230411_1.csv,IM,2023-05-19,6984.14,-33.340000000000146,0.0047736729217914275,38,0.04607231882433902
IM2306,6926.4,6934.4,6894.0,8077,1116157.464,58339,-1600.0,6912.4,6908.4,6913.0,2023-04-11,202304.zip,20230411_1.csv,IM,2023-06-16,6984.14,-71.74000000000069,0.01027184449338081,66,0.05739597526097241
IM2309,6836.8,6853.0,6816.0,4452,608083.46,41702,-347.0,6830.2,6827.2,6831.4,2023-04-11,202304.zip,20230411_1.csv,IM,2023-09-15,6984.14,-153.9400000000005,0.022041368013814178,157,0.05239758532124182
IM2304,6979.0,7012.0,6970.2,23347,3265520.0,36965,-1771.0,7002.2,7001.2,6967.0,2023-04-12,202304.zip,20230412_1.csv,IM,2023-04-21,7021.02,-18.82000000000062,0.0026805222033267073,9,0.1090022500864803
IM2305,6955.0,6989.0,6950.0,2815,392637.208,7316,1076.0,6980.6,6981.4,6945.6,2023-04-12,202304.zip,20230412_1.csv,IM,2023-05-19,7021.02,-40.42000000000007,0.005756998270906477,37,0.05712085463109768
IM2306,6918.2,6951.2,6912.2,7197,998291.384,58536,197.0,6942.0,6942.8,6908.4,2023-04-12,202304.zip,20230412_1.csv,IM,2023-06-16,7021.02,-79.02000000000044,0.011254774947229929,65,0.06391928728143065
IM2309,6845.2,6868.8,6830.0,3483,477324.744,41723,21.0,6855.0,6857.8,6827.2,2023-04-12,202304.zip,20230412_1.csv,IM,2023-09-15,7021.02,-166.02000000000044,0.023646136886093516,156,0.05666582505751032
IM2304,6995.0,7011.2,6959.0,28815,4023808.776,38799,1834.0,6967.0,6970.4,7001.2,2023-04-13,202304.zip,20230413_1.csv,IM,2023-04-21,6966.82,0.18000000000029104,-2.583675191836221e-05,8,-0.0011787713506532238
IM2305,6977.8,6991.6,6939.4,4276,595227.516,8825,1509.0,6944.6,6949.2,6981.4,2023-04-13,202304.zip,20230413_1.csv,IM,2023-05-19,6966.82,-22.219999999999345,0.0031894034868130694,36,0.03244047333339603
IM2306,6928.6,6950.0,6901.2,9932,1375208.24,59116,580.0,6913.0,6914.0,6942.8,2023-04-13,202304.zip,20230413_1.csv,IM,2023-06-16,6966.82,-53.81999999999971,0.007725188823595186,64,0.04440072146680131
IM2309,6852.2,6864.8,6818.6,5460,746383.74,43555,1832.0,6823.2,6827.4,6857.8,2023-04-13,202304.zip,20230413_1.csv,IM,2023-09-15,6966.82,-143.6199999999999,0.020614857280653154,155,0.04956646961599714
IM2304,6978.2,7015.8,6951.0,31369,4386373.116,37197,-1602.0,7004.2,7005.2,6970.4,2023-04-14,202304.zip,20230414_1.csv,IM,2023-04-21,7020.09,-15.890000000000327,0.002263503744253992,7,0.11829330972844539
IM2305,6960.8,6994.8,6932.4,4848,675750.352,10351,1526.0,6986.0,6982.6,6949.2,2023-04-14,202304.zip,20230414_1.csv,IM,2023-05-19,7020.09,-34.090000000000146,0.004856063098906183,35,0.05088892069854107
IM2306,6939.0,6959.6,6899.4,9724,1348992.352,59000,-116.0,6946.8,6947.4,6914.0,2023-04-14,202304.zip,20230414_1.csv,IM,2023-06-16,7020.09,-73.28999999999996,0.010440037093541576,63,0.061124066716570315
IM2309,6845.8,6872.4,6815.6,4087,559916.08,43254,-301.0,6856.2,6862.0,6827.4,2023-04-14,202304.zip,20230414_1.csv,IM,2023-09-15,7020.09,-163.89000000000033,0.02334585454032645,154,0.05665537534138255
IM2304,6999.6,7021.8,6985.0,27294,3822773.544,32914,-4283.0,7009.6,7005.4,7005.2,2023-04-17,202304.zip,20230417_1.csv,IM,2023-04-21,7012.77,-3.1700000000000728,0.0004520325064133468,4,0.04126662006391668
IM2305,6970.8,7000.2,6966.0,5593,781052.088,12351,2000.0,6989.6,6985.8,6982.6,2023-04-17,202304.zip,20230417_1.csv,IM,2023-05-19,7012.77,-23.170000000000073,0.0033039726099672873,32,0.037810863640264404
IM2306,6939.0,6965.6,6932.0,9915,1378038.8,60673,1673.0,6955.2,6953.8,6947.4,2023-04-17,202304.zip,20230417_1.csv,IM,2023-06-16,7012.77,-57.57000000000062,0.008209309588080083,60,0.05035333275822403
IM2309,6846.6,6878.6,6846.6,3103,425969.552,43338,84.0,6865.0,6868.0,6862.0,2023-04-17,202304.zip,20230417_1.csv,IM,2023-09-15,7012.77,-147.77000000000044,0.021071559455108413,151,0.0520309372332063
IM2304,6995.0,7006.2,6955.4,28580,3990379.46,29928,-2986.0,6980.2,6985.8,7005.4,2023-04-18,202304.zip,20230418_1.csv,IM,2023-04-21,6997.07,-16.86999999999989,0.0024110091795566113,3,0.29404840357964274
IM2305,6984.8,6986.2,6937.0,8628,1201349.164,15864,3513.0,6959.0,6963.6,6985.8,2023-04-18,202304.zip,20230418_1.csv,IM,2023-05-19,6997.07,-38.06999999999971,0.005440848812431454,31,0.06441206328309976
IM2306,6949.8,6954.0,6905.4,11480,1590737.608,62419,1746.0,6925.0,6932.4,6953.8,2023-04-18,202304.zip,20230418_1.csv,IM,2023-06-16,6997.07,-72.06999999999971,0.010300025582136496,59,0.06438365049256602
IM2309,6861.2,6870.0,6829.2,5122,701371.456,44737,1399.0,6838.0,6849.4,6868.0,2023-04-18,202304.zip,20230418_1.csv,IM,2023-09-15,6997.07,-159.0699999999997,0.02273380143402881,150,0.05660578141756861
IM2304,6973.6,7002.2,6945.8,23503,3280293.936,22714,-7214.0,6955.2,6958.2,6985.8,2023-04-19,202304.zip,20230419_1.csv,IM,2023-04-21,6965.58,-10.38000000000011,0.0014901845933863456,2,0.2723645617667453
IM2305,6951.0,6978.6,6918.8,13429,1867289.06,22427,6563.0,6930.2,6932.0,6963.6,2023-04-19,202304.zip,20230419_1.csv,IM,2023-05-19,6965.58,-35.38000000000011,0.005079261167052818,30,0.06211316652718194
IM2306,6930.0,6945.8,6883.8,10786,1492023.056,62816,397.0,6897.0,6898.2,6932.4,2023-04-19,202304.zip,20230419_1.csv,IM,2023-06-16,6965.58,-68.57999999999993,0.009845554856881988,58,0.06257518261312939
IM2309,6838.0,6861.6,6802.6,4569,624543.112,44622,-115.0,6815.0,6819.0,6849.4,2023-04-19,202304.zip,20230419_1.csv,IM,2023-09-15,6965.58,-150.57999999999993,0.021617726018508088,149,0.054126261159010466
IM2304,6949.8,6963.0,6915.6,20732,2876553.376,14165,-8549.0,6955.8,6947.6,6958.2,2023-04-20,202304.zip,20230420_1.csv,IM,2023-04-21,6963.9,-8.099999999999454,0.0011631413432128257,1,0.4250409730009497
IM2305,6911.0,6933.0,6890.2,20204,2793110.104,32128,9701.0,6929.0,6919.4,6932.0,2023-04-20,202304.zip,20230420_1.csv,IM,2023-05-19,6963.9,-34.899999999999636,0.0050115596145837715,29,0.06339423014715707
IM2306,6897.0,6902.0,6858.4,10532,1448954.356,63741,925.0,6899.0,6887.8,6898.2,2023-04-20,202304.zip,20230420_1.csv,IM,2023-06-16,6963.9,-64.89999999999964,0.009319490515372064,57,0.060238834511992884
IM2309,6812.6,6821.6,6780.8,4879,663345.584,45665,1043.0,6814.8,6805.0,6819.0,2023-04-20,202304.zip,20230420_1.csv,IM,2023-09-15,6963.9,-149.09999999999945,0.021410416576918,148,0.053957979373985394
IM2304,6950.0,6958.4,6808.2,13464,1855456.016,0,-14165.0,6813.4,6813.8,6947.6,2023-04-21,202304.zip,20230421_1.csv,IM,2023-04-21,6773.51,39.88999999999942,-0.005889118049578368,0,
IM2305,6919.0,6926.8,6762.0,36357,4973451.516,47742,15614.0,6770.2,6778.8,6919.4,2023-04-21,202304.zip,20230421_1.csv,IM,2023-05-19,6773.51,-3.3100000000004,0.0004886683565832328,28,0.006373255485174002
IM2306,6896.6,6896.6,6729.6,19077,2595916.304,67878,4137.0,6732.2,6745.8,6887.8,2023-04-21,202304.zip,20230421_1.csv,IM,2023-06-16,6773.51,-41.3100000000004,0.006098758250892122,56,0.03999475336018456
IM2309,6813.4,6814.6,6650.0,8442,1135389.716,47974,2309.0,6650.0,6664.4,6805.0,2023-04-21,202304.zip,20230421_1.csv,IM,2023-09-15,6773.51,-123.51000000000022,0.018234268495949668,147,0.04611646463096505
IM2305,6772.8,6775.4,6690.2,33322,4485431.092,45278,-2464.0,6722.2,6708.6,6778.8,2023-04-24,202304.zip,20230424_1.csv,IM,2023-05-19,6725.27,-3.0700000000006185,0.0004564872488391769,25,0.00666775757936664
IM2306,6725.0,6742.6,6654.0,14424,1931850.216,66405,-1473.0,6687.4,6676.2,6745.8,2023-04-24,202304.zip,20230424_1.csv,IM,2023-06-16,6725.27,-37.8700000000008,0.005631000688448351,53,0.03899913721157428
IM2309,6649.8,6663.0,6583.0,8302,1098852.672,46841,-1133.0,6610.4,6599.6,6664.4,2023-04-24,202304.zip,20230424_1.csv,IM,2023-09-15,6725.27,-114.8700000000008,0.017080355138158088,144,0.04404628186897436
IM2312,6583.8,6583.8,6516.0,3544,464393.816,3502,3502.0,6516.0,6535.6,6664.4,2023-04-24,202304.zip,20230424_1.csv,IM,2023-12-15,6725.27,-209.27000000000044,0.031116966307672467,235,0.04988280892859474
IM2305,6705.0,6716.2,6523.4,43556,5767522.416,55371,10093.0,6612.0,6596.6,6708.6,2023-04-25,202304.zip,20230425_1.csv,IM,2023-05-19,6603.24,8.760000000000218,-0.0013266214767295725,24,-0.02014897156684831
IM2306,6682.2,6685.4,6500.0,21773,2869462.304,70027,3622.0,6592.8,6571.6,6676.2,2023-04-25,202304.zip,20230425_1.csv,IM,2023-06-16,6603.24,-10.4399999999996,0.001581042033910518,52,0.01111527260507877
IM2309,6600.0,6610.8,6430.0,10751,1401600.704,48146,1305.0,6524.8,6503.2,6599.6,2023-04-25,202304.zip,20230425_1.csv,IM,2023-09-15,6603.24,-78.4399999999996,0.011879016967428102,143,0.030685076326322006
IM2312,6535.2,6548.8,6367.6,5238,676097.672,6425,2923.0,6450.2,6437.8,6535.6,2023-04-25,202304.zip,20230425_1.csv,IM,2023-12-15,6603.24,-153.03999999999996,0.023176501232728186,234,0.03700912209175518
IM2305,6596.6,6665.0,6589.8,38586,5118820.0,51289,-4082.0,6629.0,6632.6,6596.6,2023-04-26,202304.zip,20230426_1.csv,IM,2023-05-19,6624.4,4.600000000000364,-0.0006944025119257624,23,-0.011012219037563066
IM2306,6576.8,6640.8,6566.8,16337,2160116.504,68155,-1872.0,6607.8,6611.4,6571.6,2023-04-26,202304.zip,20230426_1.csv,IM,2023-06-16,6624.4,-16.599999999999454,0.002505887325644496,51,0.017979345859230944
IM2309,6500.0,6566.6,6500.0,6602,863544.756,47168,-978.0,6540.0,6540.0,6503.2,2023-04-26,202304.zip,20230426_1.csv,IM,2023-09-15,6624.4,-84.39999999999964,0.01274077652315675,142,0.0331718137571605
IM2312,6437.0,6503.0,6431.8,2711,351248.928,6363,-62.0,6470.0,6477.8,6437.8,2023-04-26,202304.zip,20230426_1.csv,IM,2023-12-15,6624.4,-154.39999999999964,0.02330777126985084,233,0.03738349994361562
IM2305,6601.2,6689.2,6601.2,35246,4682653.604,53182,1893.0,6647.6,6645.2,6632.6,2023-04-27,202304.zip,20230427_1.csv,IM,2023-05-19,6633.49,14.110000000000582,-0.0021270854406956197,22,-0.03521537506359327
IM2306,6586.2,6669.8,6585.4,17968,2380807.412,69106,951.0,6628.2,6627.2,6611.4,2023-04-27,202304.zip,20230427_1.csv,IM,2023-06-16,6633.49,-5.289999999999964,0.0007974686025002953,50,0.005826166983495318
IM2309,6519.6,6602.0,6515.2,5780,757620.628,47724,556.0,6565.2,6556.6,6540.0,2023-04-27,202304.zip,20230427_1.csv,IM,2023-09-15,6633.49,-68.28999999999996,0.010294731732466644,141,0.02692668586093105
IM2312,6458.4,6538.2,6450.6,2868,372157.124,7553,1190.0,6495.0,6495.8,6477.8,2023-04-27,202304.zip,20230427_1.csv,IM,2023-12-15,6633.49,-138.48999999999978,0.020877396363000456,232,0.03354626237689476
IM2305,6650.0,6743.0,6647.6,30060,4028429.492,48065,-5117.0,6738.4,6723.2,6645.2,2023-04-28,202304.zip,20230428_1.csv,IM,2023-05-19,6723.3,15.099999999999454,-0.00224592090193787,21,-0.03894876839492676
IM2306,6627.2,6721.0,6626.0,14105,1884224.232,66726,-2380.0,6718.8,6698.4,6627.2,2023-04-28,202304.zip,20230428_1.csv,IM,2023-06-16,6723.3,-4.5,0.0006693141760742982,49,0.0049890468779050096
IM2309,6563.2,6660.2,6563.0,5430,718792.036,46997,-727.0,6653.0,6640.0,6556.6,2023-04-28,202304.zip,20230428_1.csv,IM,2023-09-15,6723.3,-70.30000000000018,0.010456174795115514,140,0.027548796461317488
IM2312,6495.0,6596.0,6495.0,2828,370860.48,8125,572.0,6596.0,6576.4,6495.8,2023-04-28,202304.zip,20230428_1.csv,IM,2023-12-15,6723.3,-127.30000000000018,0.0189341543587227,231,0.030495000249396748
IM2305,6723.0,6747.2,6689.0,20870,2804279.908,45667,-2398.0,6725.2,6722.2,6723.2,2023-05-04,202305.zip,20230504_1.csv,IM,2023-05-19,6733.97,-8.770000000000437,0.0013023521043308284,15,0.031731893970935975
IM2306,6708.8,6725.6,6667.0,10929,1463364.032,66648,-78.0,6702.0,6698.4,6698.4,2023-05-04,202305.zip,20230504_1.csv,IM,2023-06-16,6733.97,-31.970000000000255,0.004747570897999265,43,0.040491384036699746
IM2309,6635.0,6657.8,6599.6,3962,525158.336,47217,220.0,6637.4,6631.4,6640.0,2023-05-04,202305.zip,20230504_1.csv,IM,2023-09-15,6733.97,-96.57000000000062,0.014340723228645325,134,0.03963075138664708
IM2312,6576.0,6596.6,6539.2,1801,236502.272,8818,693.0,6580.2,6573.2,6576.4,2023-05-04,202305.zip,20230504_1.csv,IM,2023-12-15,6733.97,-153.77000000000044,0.022834969564759056,225,0.037909047006339104
IM2305,6722.6,6724.6,6607.8,30332,4033405.184,47530,1863.0,6650.0,6645.4,6722.2,2023-05-05,202305.zip,20230505_1.csv,IM,2023-05-19,6653.65,-3.649999999999636,0.00054857108504347,14,0.014309881847471602
IM2306,6699.2,6702.0,6588.0,14996,1987962.808,67616,968.0,6628.6,6623.0,6698.4,2023-05-05,202305.zip,20230505_1.csv,IM,2023-06-16,6653.65,-25.049999999999272,0.003764850871326164,42,0.03284199206037738
IM2309,6636.4,6636.4,6522.4,6331,830459.796,48983,1766.0,6562.2,6556.2,6631.4,2023-05-05,202305.zip,20230505_1.csv,IM,2023-09-15,6653.65,-91.44999999999982,0.013744335815680131,133,0.03824507093829478
IM2312,6580.0,6580.0,6466.0,3060,398049.56,10205,1387.0,6501.0,6500.4,6573.2,2023-05-05,202305.zip,20230505_1.csv,IM,2023-12-15,6653.65,-152.64999999999964,0.022942294830656795,224,0.03826145565517401
IM2305,6660.0,6720.6,6657.0,27149,3629567.488,44055,-3475.0,6687.8,6695.0,6645.4,2023-05-08,202305.zip,20230508_1.csv,IM,2023-05-19,6702.5,-14.699999999999818,0.0021932114882505793,11,0.07293470607265777
IM2306,6639.4,6697.6,6634.6,14080,1876306.728,66298,-1318.0,6662.0,6671.4,6623.0,2023-05-08,202305.zip,20230508_1.csv,IM,2023-06-16,6702.5,-40.5,0.006042521447221172,39,0.0568955961480725
IM2309,6581.0,6630.8,6562.0,5795,764335.52,48433,-550.0,6594.2,6600.4,6556.2,2023-05-08,202305.zip,20230508_1.csv,IM,2023-09-15,6702.5,-108.30000000000018,0.016158149944050737,130,0.04611220116512643
IM2312,6510.2,6574.6,6510.2,2110,275831.236,10204,-1.0,6548.0,6546.4,6500.4,2023-05-08,202305.zip,20230508_1.csv,IM,2023-12-15,6702.5,-154.5,0.023051100335695685,221,0.03896910251342695
IM2305,6687.8,6703.2,6611.6,31285,4167727.408,46862,2807.0,6613.6,6625.8,6695.0,2023-05-09,202305.zip,20230509_1.csv,IM,2023-05-19,6611.64,1.9600000000000364,-0.00029644687248553403,10,-0.01081710414902759
IM2306,6661.8,6678.8,6592.8,16249,2156507.688,68591,2293.0,6592.8,6604.6,6671.4,2023-05-09,202305.zip,20230509_1.csv,IM,2023-06-16,6611.64,-18.840000000000146,0.0028495199375646596,38,0.027448604218956334
IM2309,6594.0,6608.8,6530.6,6694,879253.56,49442,1009.0,6532.6,6539.8,6600.4,2023-05-09,202305.zip,20230509_1.csv,IM,2023-09-15,6611.64,-79.03999999999996,0.011954673878190603,129,0.03423450235396627
IM2312,6541.2,6552.6,6476.4,3499,455540.344,11856,1652.0,6482.4,6486.6,6546.4,2023-05-09,202305.zip,20230509_1.csv,IM,2023-12-15,6611.64,-129.2400000000007,0.01954734377552325,220,0.03307739557739573
IM2305,6613.8,6658.0,6580.8,32100,4247970.264,45489,-1373.0,6624.4,6613.4,6625.8,2023-05-10,202305.zip,20230510_1.csv,IM,2023-05-19,6627.31,-2.910000000000764,0.00043909218068882705,9,0.017815449952703406
IM2306,6591.0,6637.6,6562.0,16052,2118052.052,69425,834.0,6603.6,6592.8,6604.6,2023-05-10,202305.zip,20230510_1.csv,IM,2023-06-16,6627.31,-23.710000000000036,0.0035776204825185287,37,0.03541945998333426
IM2309,6524.0,6571.8,6500.0,6248,816421.36,49211,-231.0,6538.0,6529.2,6539.8,2023-05-10,202305.zip,20230510_1.csv,IM,2023-09-15,6627.31,-89.3100000000004,0.013476055895981998,128,0.038952745009941864
IM2312,6474.8,6516.4,6445.6,3403,440892.188,12528,672.0,6488.0,6472.4,6486.6,2023-05-10,202305.zip,20230510_1.csv,IM,2023-12-15,6627.31,-139.3100000000004,0.021020595083072968,219,0.0357865803534733
IM2305,6631.4,6655.0,6612.0,21391,2836201.304,41262,-4227.0,6615.6,6620.2,6613.4,2023-05-11,202305.zip,20230511_1.csv,IM,2023-05-19,6622.52,-6.920000000000073,0.0010449194566418685,8,0.04772431827800655
IM2306,6610.4,6635.4,6592.0,9692,1281059.996,67959,-1466.0,6595.8,6600.4,6592.8,2023-05-11,202305.zip,20230511_1.csv,IM,2023-06-16,6622.52,-26.720000000000255,0.0040347179019467605,36,0.04107327558614778
IM2309,6547.6,6570.0,6530.8,3694,483604.996,49039,-172.0,6534.0,6539.0,6529.2,2023-05-11,202305.zip,20230511_1.csv,IM,2023-09-15,6622.52,-88.52000000000044,0.013366513049413276,127,0.038936007654690845
IM2312,6490.0,6515.0,6475.8,1835,238160.028,12663,135.0,6482.2,6483.4,6472.4,2023-05-11,202305.zip,20230511_1.csv,IM,2023-12-15,6622.52,-140.32000000000062,0.021188308982079462,218,0.03624378290415071
IM2305,6604.6,6639.8,6528.8,29289,3852500.032,42155,893.0,6538.6,6546.0,6620.2,2023-05-12,202305.zip,20230512_1.csv,IM,2023-05-19,6535.94,2.660000000000764,-0.00040698048023712907,7,-0.021212491970762835
IM2306,6593.6,6620.6,6512.2,17414,2283191.304,72156,4197.0,6520.0,6528.2,6600.4,2023-05-12,202305.zip,20230512_1.csv,IM,2023-06-16,6535.94,-15.9399999999996,0.002438822877810942,35,0.025495617879053394
IM2309,6514.4,6558.8,6453.0,6936,900572.7,51006,1967.0,6465.8,6469.4,6539.0,2023-05-12,202305.zip,20230512_1.csv,IM,2023-09-15,6535.94,-70.13999999999942,0.010731432663090401,126,0.03142431459886361
IM2312,6475.2,6507.0,6401.0,3496,450033.74,14352,1689.0,6415.8,6417.6,6483.4,2023-05-12,202305.zip,20230512_1.csv,IM,2023-12-15,6535.94,-120.13999999999942,0.01838144169010114,217,0.031497054434882196
IM2305,6542.2,6586.0,6469.2,33402,4360596.74,36453,-5702.0,6577.2,6566.0,6546.0,2023-05-15,202305.zip,20230515_1.csv,IM,2023-05-19,6585.91,-8.710000000000036,0.0013225203502629235,4,0.1208397950495746
IM2306,6521.0,6564.0,6449.0,24920,3242728.144,72198,42.0,6557.2,6543.4,6528.2,2023-05-15,202305.zip,20230515_1.csv,IM,2023-06-16,6585.91,-28.710000000000036,0.00435930645878857,32,0.04994104762703556
IM2309,6468.2,6502.0,6394.4,12889,1660632.752,50933,-73.0,6498.8,6477.0,6469.4,2023-05-15,202305.zip,20230515_1.csv,IM,2023-09-15,6585.91,-87.10999999999967,0.013226721895683302,123,0.039776136282320705
IM2312,6412.0,6456.8,6348.4,4564,584178.412,15808,1456.0,6450.8,6433.6,6417.6,2023-05-15,202305.zip,20230515_1.csv,IM,2023-12-15,6585.91,-135.10999999999967,0.020515008556144854,214,0.03572341820676869
IM2305,6587.0,6587.0,6497.0,27729,3623891.228,31028,-5425.0,6519.2,6513.2,6566.0,2023-05-16,202305.zip,20230516_1.csv,IM,2023-05-19,6516.29,2.9099999999998545,-0.00044657312673312966,3,-0.054308810897045943
IM2306,6560.0,6561.8,6475.4,21034,2738756.356,74567,2369.0,6499.6,6490.8,6543.4,2023-05-16,202305.zip,20230516_1.csv,IM,2023-06-16,6516.29,-16.6899999999996,0.002561273362603478,31,0.030234366779890783
IM2309,6498.0,6500.0,6417.4,6380,823186.6,49546,-1387.0,6445.4,6434.8,6477.0,2023-05-16,202305.zip,20230516_1.csv,IM,2023-09-15,6516.29,-70.89000000000033,0.010878889674953096,122,0.032905472806377956
IM2312,6455.0,6456.6,6370.4,3441,440662.076,15634,-174.0,6397.0,6387.4,6433.6,2023-05-16,202305.zip,20230516_1.csv,IM,2023-12-15,6516.29,-119.28999999999996,0.01830642896494783,213,0.03195515650308505
IM2305,6505.0,6566.0,6505.0,25640,3352335.18,24501,-6527.0,6544.8,6544.0,6513.2,2023-05-17,202305.zip,20230517_1.csv,IM,2023-05-19,6554.98,-10.179999999999382,0.0015530177056222172,2,0.2838665811025487
IM2306,6490.0,6543.0,6486.2,22439,2923765.112,79032,4465.0,6521.0,6518.2,6490.8,2023-05-17,202305.zip,20230517_1.csv,IM,2023-06-16,6554.98,-33.97999999999956,0.005183844954523065,30,0.06339876297091407
IM2309,6439.6,6485.0,6430.2,5494,709689.044,50279,733.0,6463.0,6461.4,6434.8,2023-05-17,202305.zip,20230517_1.csv,IM,2023-09-15,6554.98,-91.97999999999956,0.014032079426634314,121,0.04293057876814352
IM2312,6389.8,6435.2,6383.2,2442,313033.008,15784,150.0,6415.6,6412.8,6387.4,2023-05-17,202305.zip,20230517_1.csv,IM,2023-12-15,6554.98,-139.3799999999992,0.021263222771083834,212,0.037404184023141676
IM2305,6565.0,6592.6,6548.2,20494,2694274.876,15111,-9390.0,6578.6,6572.8,6544.0,2023-05-18,202305.zip,20230518_1.csv,IM,2023-05-19,6583.74,-5.139999999999418,0.0007807112674558248,1,0.2851822576231955
IM2306,6528.6,6566.6,6522.4,27768,3636240.88,84966,5934.0,6551.8,6546.8,6518.2,2023-05-18,202305.zip,20230518_1.csv,IM,2023-06-16,6583.74,-31.9399999999996,0.0048513458915449,29,0.061357710594929685
IM2309,6472.8,6508.8,6468.4,6467,839447.312,50293,14.0,6496.8,6492.6,6461.4,2023-05-18,202305.zip,20230518_1.csv,IM,2023-09-15,6583.74,-86.9399999999996,0.013205260232026061,120,0.04070350018470595
IM2312,6420.0,6457.2,6419.4,3341,430271.036,16960,1176.0,6447.8,6442.4,6412.8,2023-05-18,202305.zip,20230518_1.csv,IM,2023-12-15,6583.74,-135.9399999999996,0.020647838462636625,211,0.0364708694497213
IM2305,6569.0,6624.2,6538.8,12141,1597483.904,0,-15111.0,6601.2,6601.2,6572.8,2023-05-19,202305.zip,20230519_1.csv,IM,2023-05-19,6602.32,-1.1199999999998909,0.0001696373396018469,0,
IM2306,6546.0,6608.2,6516.0,40367,5303324.712,94122,9156.0,6590.6,6586.6,6546.8,2023-05-19,202305.zip,20230519_1.csv,IM,2023-06-16,6602.32,-11.719999999999345,0.0017751335894048426,28,0.0231812841666258
IM2309,6489.8,6555.0,6460.6,8629,1124567.932,52684,2391.0,6538.4,6530.2,6492.6,2023-05-19,202305.zip,20230519_1.csv,IM,2023-09-15,6602.32,-63.92000000000007,0.009681445310133374,119,0.029985492300432057
IM2312,6445.0,6500.8,6406.8,2769,357659.172,16926,-34.0,6487.0,6480.4,6442.4,2023-05-19,202305.zip,20230519_1.csv,IM,2023-12-15,6602.32,-115.31999999999971,0.017466587502574793,210,0.03089828007663681
IM2306,6585.2,6599.6,6531.8,34161,4487604.52,89487,-4635.0,6578.2,6571.6,6586.6,2023-05-22,202305.zip,20230522_1.csv,IM,2023-06-16,6595.98,-17.779999999999745,0.0026955812479722008,25,0.039461858867166466
IM2307,6572.8,6580.8,6518.6,1228,160925.372,1218,1218.0,6564.4,6557.0,6586.6,2023-05-22,202305.zip,20230522_1.csv,IM,2023-07-21,6595.98,-31.579999999999927,0.004787764668783057,60,0.029265685617370345
IM2309,6534.6,6546.2,6482.0,6713,874727.88,52351,-333.0,6527.0,6518.2,6530.2,2023-05-22,202305.zip,20230522_1.csv,IM,2023-09-15,6595.98,-68.97999999999956,0.010457884954168994,116,0.03325404288816162
IM2312,6481.0,6498.4,6435.0,2292,296526.472,17420,494.0,6480.0,6469.8,6480.4,2023-05-22,202305.zip,20230522_1.csv,IM,2023-12-15,6595.98,-115.97999999999956,0.017583437184466866,207,0.031559536589729854
IM2306,6580.0,6593.4,6511.2,35048,4594859.34,91477,1990.0,6513.0,6530.4,6571.6,2023-05-23,202305.zip,20230523_1.csv,IM,2023-06-16,6528.45,-15.449999999999818,0.002366564804815785,24,0.03607688469215465
IM2307,6560.2,6575.2,6492.6,1583,206926.948,1684,466.0,6492.6,6514.8,6557.0,2023-05-23,202305.zip,20230523_1.csv,IM,2023-07-21,6528.45,-35.849999999999454,0.005491349401465784,59,0.03415948900364679
IM2309,6518.0,6540.6,6463.0,7893,1026328.408,54330,1979.0,6469.4,6481.8,6518.2,2023-05-23,202305.zip,20230523_1.csv,IM,2023-09-15,6528.45,-59.05000000000018,0.00904502600157775,115,0.028970161872413715
IM2312,6476.0,6492.8,6418.0,2558,330205.356,17458,38.0,6421.0,6434.2,6469.8,2023-05-23,202305.zip,20230523_1.csv,IM,2023-12-15,6528.45,-107.44999999999982,0.01645873063284542,206,0.029650320625737855
IM2306,6503.0,6556.8,6467.0,39161,5099802.36,90114,-1363.0,6497.0,6515.8,6530.4,2023-05-24,202305.zip,20230524_1.csv,IM,2023-06-16,6513.18,-16.18000000000029,0.0024841935889995392,23,0.039521250610650635
IM2307,6481.8,6536.6,6451.0,2431,315705.944,2465,781.0,6482.0,6495.2,6514.8,2023-05-24,202305.zip,20230524_1.csv,IM,2023-07-21,6513.18,-31.18000000000029,0.004787216075711087,58,0.030271361542308035
IM2309,6450.4,6507.6,6418.8,9783,1264599.232,55125,795.0,6450.4,6467.8,6481.8,2023-05-24,202305.zip,20230524_1.csv,IM,2023-09-15,6513.18,-62.780000000000655,0.009638916781050222,114,0.031161810174699205
IM2312,6410.8,6461.0,6373.2,2959,379718.868,18120,662.0,6409.0,6422.2,6434.2,2023-05-24,202305.zip,20230524_1.csv,IM,2023-12-15,6513.18,-104.18000000000029,0.015995258844374027,205,0.02894230293527801
IM2306,6495.0,6539.8,6403.4,43785,5664552.912,93782,3668.0,6476.8,6451.8,6515.8,2023-05-25,202305.zip,20230525_1.csv,IM,2023-06-16,6501.0,-24.199999999999818,0.0037225042301184397,22,0.06199048913043494
IM2307,6475.4,6525.8,6385.0,3365,433947.436,3563,1098.0,6460.2,6433.0,6495.2,2023-05-25,202305.zip,20230525_1.csv,IM,2023-07-21,6501.0,-40.80000000000018,0.006275957544993105,57,0.040441961223295894
IM2309,6443.4,6495.0,6354.0,11794,1514350.248,57232,2107.0,6431.0,6404.2,6467.8,2023-05-25,202305.zip,20230525_1.csv,IM,2023-09-15,6501.0,-70.0,0.010767574219350817,113,0.03515879251908968
IM2312,6399.8,6449.4,6310.0,4696,598078.58,19695,1575.0,6390.4,6360.2,6422.2,2023-05-25,202305.zip,20230525_1.csv,IM,2023-12-15,6501.0,-110.60000000000036,0.017012767266574413,204,0.03096633307804863
IM2306,6470.0,6552.8,6431.0,39756,5164526.612,87621,-6161.0,6535.8,6536.2,6451.8,2023-05-26,202305.zip,20230526_1.csv,IM,2023-06-16,6546.41,-10.609999999999673,0.0016207356398392214,21,0.028215659102467268
IM2307,6448.6,6534.2,6413.4,2485,321827.076,3503,-60.0,6517.4,6518.0,6433.0,2023-05-26,202305.zip,20230526_1.csv,IM,2023-07-21,6546.41,-29.01000000000022,0.00443143646670463,56,0.02901203481668813
IM2309,6420.8,6501.2,6381.2,10445,1345739.892,56119,-1113.0,6481.8,6485.8,6404.2,2023-05-26,202305.zip,20230526_1.csv,IM,2023-09-15,6546.41,-64.60999999999967,0.009869531544770327,112,0.03248470718010436
IM2312,6382.4,6458.2,6340.0,2883,368942.368,19190,-505.0,6440.6,6439.6,6360.2,2023-05-26,202305.zip,20230526_1.csv,IM,2023-12-15,6546.41,-105.80999999999949,0.016163057309273254,203,0.029539096883700464
IM2306,6553.0,6578.0,6494.6,31583,4127602.188,86931,-690.0,6525.4,6520.2,6536.2,2023-05-29,202305.zip,20230529_1.csv,IM,2023-06-16,6534.12,-8.720000000000255,0.001334533188861009,18,0.02709752999390327
IM2307,6539.0,6561.4,6476.6,2611,340291.224,4706,1203.0,6510.8,6501.8,6518.0,2023-05-29,202305.zip,20230529_1.csv,IM,2023-07-21,6534.12,-23.31999999999971,0.003568958023421609,53,0.02466670762425454
IM2309,6510.0,6526.0,6441.0,6964,902921.048,55856,-263.0,6475.0,6468.2,6485.8,2023-05-29,202305.zip,20230529_1.csv,IM,2023-09-15,6534.12,-59.11999999999989,0.009047890152002136,109,0.030574616556267867
IM2312,6462.4,6482.0,6399.6,2281,293777.132,19708,518.0,6436.0,6426.2,6439.6,2023-05-29,202305.zip,20230529_1.csv,IM,2023-12-15,6534.12,-98.11999999999989,0.015016559230623283,200,0.027823026724673728
IM2306,6520.0,6567.6,6454.2,40319,5249204.664,88984,2053.0,6558.0,6545.4,6520.2,2023-05-30,202305.zip,20230530_1.csv,IM,2023-06-16,6564.47,-6.470000000000255,0.000985608891502343,17,0.0211824803114295
IM2307,6498.0,6549.6,6437.8,3415,443237.016,5716,1010.0,6538.8,6527.2,6501.8,2023-05-30,202305.zip,20230530_1.csv,IM,2023-07-21,6564.47,-25.670000000000073,0.003910445169221566,52,0.027556073567957313
IM2309,6458.0,6518.0,6404.4,8693,1122987.088,56629,773.0,6507.8,6494.8,6468.2,2023-05-30,202305.zip,20230530_1.csv,IM,2023-09-15,6564.47,-56.67000000000007,0.008632837075955857,108,0.029429855114033888
IM2312,6429.6,6476.6,6367.2,3953,507484.772,20604,896.0,6468.4,6456.8,6426.2,2023-05-30,202305.zip,20230530_1.csv,IM,2023-12-15,6564.47,-96.07000000000062,0.01463484485419242,199,0.027241480732461125
IM2306,6550.0,6573.6,6505.0,34785,4550108.4,85351,-3633.0,6547.0,6546.4,6545.4,2023-05-31,202305.zip,20230531_1.csv,IM,2023-06-16,6561.65,-14.649999999999636,0.0022326701363223345,16,0.05104675805712479
IM2307,6528.6,6553.4,6488.2,2900,378229.304,6364,648.0,6531.4,6528.0,6527.2,2023-05-31,202305.zip,20230531_1.csv,IM,2023-07-21,6561.65,-30.25,0.0046101209299490575,51,0.03314681355287069
IM2309,6494.8,6523.6,6456.0,8710,1130642.296,56987,358.0,6494.8,6495.6,6494.8,2023-05-31,202305.zip,20230531_1.csv,IM,2023-09-15,6561.65,-66.84999999999945,0.010187986253457515,107,0.03511112268679065
IM2312,6463.2,6483.6,6415.6,2928,377711.788,20614,10.0,6449.4,6454.2,6456.8,2023-05-31,202305.zip,20230531_1.csv,IM,2023-12-15,6561.65,-112.25,0.01710697766567859,198,0.03208445825200856
IM2306,6530.0,6609.2,6510.4,35493,4664568.224,86226,875.0,6567.6,6566.6,6546.4,2023-06-01,202306.zip,20230601_1.csv,IM,2023-06-16,6574.76,-7.1599999999998545,0.0010890131350801413,15,0.026528209188539337
IM2307,6511.6,6591.0,6491.0,2979,390590.712,7111,747.0,6548.0,6550.4,6528.0,2023-06-01,202306.zip,20230601_1.csv,IM,2023-07-21,6574.76,-26.76000000000022,0.004070110543959005,50,0.0298332315210752
IM2309,6485.0,6556.0,6458.4,8652,1128416.264,57241,254.0,6519.4,6516.2,6495.6,2023-06-01,202306.zip,20230601_1.csv,IM,2023-09-15,6574.76,-55.36000000000058,0.008420079212016929,106,0.029239871014869342
IM2312,6439.4,6512.8,6418.0,3160,409463.86,21186,572.0,6485.0,6473.2,6454.2,2023-06-01,202306.zip,20230601_1.csv,IM,2023-12-15,6574.76,-89.76000000000022,0.01365220935821232,197,0.025644810945994065
IM2306,6588.8,6635.0,6580.8,31483,4163642.532,81837,-4389.0,6612.4,6616.8,6566.6,2023-06-02,202306.zip,20230602_1.csv,IM,2023-06-16,6626.28,-13.88000000000011,0.0020946896297772133,14,0.054726185435158045
IM2307,6569.2,6614.8,6560.2,2530,333486.392,7337,226.0,6594.6,6597.2,6550.4,2023-06-02,202306.zip,20230602_1.csv,IM,2023-07-21,6626.28,-31.67999999999938,0.00478096307430409,49,0.03578438017004519
IM2309,6540.0,6583.2,6531.8,8826,1158421.252,57850,609.0,6558.4,6563.0,6516.2,2023-06-02,202306.zip,20230602_1.csv,IM,2023-09-15,6626.28,-67.88000000000011,0.010244058506431952,105,0.0359788682489338
IM2312,6510.8,6541.6,6491.2,3455,450702.948,21338,152.0,6520.0,6522.0,6473.2,2023-06-02,202306.zip,20230602_1.csv,IM,2023-12-15,6626.28,-106.27999999999975,0.01603916526316418,196,0.030355734318267286
IM2306,6620.4,6631.8,6595.6,24732,3271135.6,79250,-2587.0,6611.8,6615.6,6616.8,2023-06-05,202306.zip,20230605_1.csv,IM,2023-06-16,6632.96,-21.159999999999854,0.0031901292937089876,11,0.1061930597911726
IM2307,6600.0,6611.4,6576.6,2549,336158.94,8513,1176.0,6594.0,6597.0,6597.2,2023-06-05,202306.zip,20230605_1.csv,IM,2023-07-21,6632.96,-38.960000000000036,0.0058736974141258,46,0.046881882079887506
IM2309,6559.0,6575.8,6541.4,5485,719515.708,57442,-408.0,6557.6,6561.6,6563.0,2023-06-05,202306.zip,20230605_1.csv,IM,2023-09-15,6632.96,-75.35999999999967,0.011361443458124176,102,0.041123366511421136
IM2312,6525.0,6535.0,6500.2,2207,287670.94,21763,425.0,6518.8,6519.0,6522.0,2023-06-05,202306.zip,20230605_1.csv,IM,2023-12-15,6632.96,-114.15999999999985,0.017211018911617137,193,0.033119354113618195
IM2306,6606.0,6606.0,6451.0,43241,5655221.124,79589,339.0,6467.8,6486.0,6615.6,2023-06-06,202306.zip,20230606_1.csv,IM,2023-06-16,6489.81,-22.01000000000022,0.003391470628570037,10,0.12420993227991295
IM2307,6583.0,6585.0,6440.0,6198,807758.516,11785,3272.0,6458.0,6469.4,6597.0,2023-06-06,202306.zip,20230606_1.csv,IM,2023-07-21,6489.81,-31.8100000000004,0.004901530245107422,45,0.039952685730015994
IM2309,6547.2,6549.4,6406.0,11027,1429632.224,60477,3035.0,6416.4,6437.2,6561.6,2023-06-06,202306.zip,20230606_1.csv,IM,2023-09-15,6489.81,-73.41000000000076,0.011311579229592361,101,0.04134616987040093
IM2312,6512.8,6512.8,6369.4,4934,635529.152,24283,2520.0,6377.8,6395.4,6519.0,2023-06-06,202306.zip,20230606_1.csv,IM,2023-12-15,6489.81,-112.01000000000022,0.01725936506615755,192,0.03338701073776735
IM2306,6479.8,6512.0,6456.6,31666,4104993.68,72035,-7554.0,6470.8,6469.4,6486.0,2023-06-07,202306.zip,20230607_1.csv,IM,2023-06-16,6488.56,-17.76000000000022,0.0027371250323646734,9,0.11131029651150734
IM2307,6458.2,6496.6,6441.4,4490,580578.928,12703,918.0,6454.8,6454.4,6469.4,2023-06-07,202306.zip,20230607_1.csv,IM,2023-07-21,6488.56,-33.76000000000022,0.005203003439900433,44,0.04338702135690378
IM2309,6430.2,6460.8,6404.0,8156,1048897.22,59456,-1021.0,6418.0,6416.6,6437.2,2023-06-07,202306.zip,20230607_1.csv,IM,2023-09-15,6488.56,-70.5600000000004,0.010874523777232636,100,0.040128388906201344
IM2312,6388.2,6419.8,6362.8,3588,458411.408,24346,63.0,6378.4,6375.6,6395.4,2023-06-07,202306.zip,20230607_1.csv,IM,2023-12-15,6488.56,-110.16000000000076,0.016977572835883525,191,0.03300438718896187
IM2306,6470.6,6471.0,6389.6,39186,5040370.04,74478,2443.0,6438.4,6432.4,6469.4,2023-06-08,202306.zip,20230608_1.csv,IM,2023-06-16,6442.48,-4.079999999999927,0.000633296494517599,8,0.028912462723653387
IM2307,6440.8,6453.0,6372.4,5669,727114.664,15228,2525.0,6421.2,6415.2,6454.4,2023-06-08,202306.zip,20230608_1.csv,IM,2023-07-21,6442.48,-21.279999999999745,0.0033030758341507926,43,0.028130654416546774
IM2309,6415.0,6416.8,6335.2,10853,1384253.548,62473,3017.0,6387.4,6379.6,6416.6,2023-06-08,202306.zip,20230608_1.csv,IM,2023-09-15,6442.48,-55.07999999999993,0.008549502675988085,99,0.031792705525367
IM2312,6378.4,6378.4,6295.0,5053,640156.972,25294,948.0,6345.8,6332.6,6375.6,2023-06-08,202306.zip,20230608_1.csv,IM,2023-12-15,6442.48,-96.67999999999938,0.015006643404403164,190,0.02926776268099406
IM2306,6449.8,6494.0,6418.0,36363,4695232.66,67406,-7072.0,6484.0,6481.4,6432.4,2023-06-09,202306.zip,20230609_1.csv,IM,2023-06-16,6495.56,-11.5600000000004,0.0017796771948839218,7,0.09296289768220437
IM2307,6427.2,6475.0,6401.2,5596,720509.88,15879,651.0,6465.8,6460.8,6415.2,2023-06-09,202306.zip,20230609_1.csv,IM,2023-07-21,6495.56,-29.76000000000022,0.004581591117625017,42,0.039999469737475195
IM2309,6390.0,6437.0,6365.2,9936,1272573.988,61669,-804.0,6425.0,6426.4,6379.6,2023-06-09,202306.zip,20230609_1.csv,IM,2023-09-15,6495.56,-70.5600000000004,0.010862804746627042,98,0.04090272373540879
IM2312,6348.0,6388.6,6312.6,5672,720733.096,25978,684.0,6383.8,6374.8,6332.6,2023-06-09,202306.zip,20230609_1.csv,IM,2023-12-15,6495.56,-111.76000000000022,0.017205598901403496,189,0.03380945584648714
IM2306,6480.0,6540.8,6472.2,37962,4946389.248,61749,-5657.0,6513.2,6524.2,6481.4,2023-06-12,202306.zip,20230612_1.csv,IM,2023-06-16,6530.16,-16.960000000000036,0.0025971798547049785,4,0.23760977706811376
IM2307,6450.4,6520.0,6450.4,9526,1237914.676,21697,5818.0,6494.2,6505.0,6460.8,2023-06-12,202306.zip,20230612_1.csv,IM,2023-07-21,6530.16,-35.960000000000036,0.005506756342876784,39,0.05182296787113437
IM2309,6416.8,6487.8,6416.8,10812,1397402.236,63263,1594.0,6456.2,6470.8,6426.4,2023-06-12,202306.zip,20230612_1.csv,IM,2023-09-15,6530.16,-73.96000000000004,0.011325909319220395,95,0.04401383248089541
IM2312,6373.8,6433.8,6365.0,6064,777494.84,27992,2014.0,6410.6,6418.0,6374.8,2023-06-12,202306.zip,20230612_1.csv,IM,2023-12-15,6530.16,-119.55999999999949,0.018308892890832595,186,0.03659882539973243
IM2306,6503.0,6552.8,6503.0,30729,4017678.756,49924,-11825.0,6540.0,6542.2,6524.2,2023-06-13,202306.zip,20230613_1.csv,IM,2023-06-16,6554.96,-14.960000000000036,0.002282241234118909,3,0.2783078491335385
IM2307,6493.0,6532.8,6482.4,9699,1264351.004,25636,3939.0,6520.2,6522.0,6505.0,2023-06-13,202306.zip,20230613_1.csv,IM,2023-07-21,6554.96,-34.76000000000022,0.0053028546322174686,38,0.05120685674801769
IM2309,6451.0,6497.4,6450.6,10124,1312671.12,64552,1289.0,6484.6,6487.6,6470.8,2023-06-13,202306.zip,20230613_1.csv,IM,2023-09-15,6554.96,-70.35999999999967,0.010733856499505645,94,0.04213157064101456
IM2312,6406.0,6443.0,6393.4,5541,712389.3,29881,1889.0,6432.4,6431.8,6418.0,2023-06-13,202306.zip,20230613_1.csv,IM,2023-12-15,6554.96,-122.5600000000004,0.018697291821765605,185,0.03759212231322174
IM2306,6545.4,6581.6,6535.2,35752,4689066.348,39532,-10392.0,6566.6,6568.2,6542.2,2023-06-14,202306.zip,20230614_1.csv,IM,2023-06-16,6578.12,-11.519999999999527,0.0017512602384874842,2,0.3201656869612929
IM2307,6524.8,6563.4,6516.2,15555,2034099.232,35097,9461.0,6542.0,6547.8,6522.0,2023-06-14,202306.zip,20230614_1.csv,IM,2023-07-21,6578.12,-36.11999999999989,0.005490930539424621,37,0.05446635874639525
IM2309,6494.0,6528.6,6483.2,14761,1920452.564,68807,4255.0,6507.0,6515.0,6487.6,2023-06-14,202306.zip,20230614_1.csv,IM,2023-09-15,6578.12,-71.11999999999989,0.01081159966677403,93,0.04289640106353594
IM2312,6435.0,6471.4,6427.0,5495,708796.336,31798,1917.0,6452.8,6457.6,6431.8,2023-06-14,202306.zip,20230614_1.csv,IM,2023-12-15,6578.12,-125.31999999999971,0.019051035858269505,184,0.03852540589053363
IM2306,6579.6,6624.4,6560.2,30058,3962232.88,22764,-16768.0,6607.2,6608.6,6568.2,2023-06-15,202306.zip,20230615_1.csv,IM,2023-06-16,6613.95,-6.75,0.001020570158528522,1,0.3728886669088405
IM2307,6555.0,6603.0,6540.8,22783,2994780.732,45075,9978.0,6585.0,6586.8,6547.8,2023-06-15,202306.zip,20230615_1.csv,IM,2023-07-21,6613.95,-28.949999999999818,0.004377112013244755,36,0.04457415844090188
IM2309,6514.0,6570.6,6508.4,14876,1945695.2,69965,1158.0,6553.0,6554.8,6515.0,2023-06-15,202306.zip,20230615_1.csv,IM,2023-09-15,6613.95,-60.94999999999982,0.009215370542565271,92,0.036901037692659726
IM2312,6462.2,6514.6,6448.0,7831,1015309.42,35866,4068.0,6495.6,6497.8,6457.6,2023-06-15,202306.zip,20230615_1.csv,IM,2023-12-15,6613.95,-118.34999999999945,0.01789399677953407,183,0.03634048874446158
IM2306,6607.6,6671.8,6602.2,16039,2130876.48,0,-22764.0,6665.4,6665.69,6608.6,2023-06-16,202306.zip,20230616_1.csv,IM,2023-06-16,6669.01,-3.610000000000582,0.0005413097296300684,0,
IM2307,6584.8,6656.6,6581.2,31612,4189455.104,56536,11461.0,6632.6,6637.8,6586.8,2023-06-16,202306.zip,20230616_1.csv,IM,2023-07-21,6669.01,-36.409999999999854,0.005459580957293486,35,0.0572481810623715
IM2309,6555.0,6624.6,6549.2,13759,1815021.728,71153,1188.0,6597.6,6605.0,6554.8,2023-06-16,202306.zip,20230616_1.csv,IM,2023-09-15,6669.01,-71.40999999999985,0.01070773623071486,91,0.043413472364909104
IM2312,6503.8,6571.6,6492.2,5676,742585.352,36099,233.0,6545.8,6551.2,6497.8,2023-06-16,202306.zip,20230616_1.csv,IM,2023-12-15,6669.01,-123.21000000000004,0.01847500603537855,182,0.03774893489290515
IM2307,6639.0,6665.6,6635.0,24948,3319563.044,53244,-3292.0,6647.8,6653.8,6637.8,2023-06-19,202306.zip,20230619_1.csv,IM,2023-07-21,6693.3,-45.5,0.00679784261873817,32,0.07806859036071964
IM2308,6626.2,6647.8,6624.0,974,129295.792,968,968.0,6629.0,6637.2,6637.8,2023-06-19,202306.zip,20230619_1.csv,IM,2023-08-18,6693.3,-64.30000000000018,0.009606621546920047,60,0.05900714034293775
IM2309,6600.2,6630.4,6598.0,10152,1342837.224,69127,-2026.0,6602.8,6613.4,6605.0,2023-06-19,202306.zip,20230619_1.csv,IM,2023-09-15,6693.3,-90.5,0.013520983670237352,88,0.056850020927760696
IM2312,6550.0,6573.8,6540.0,3365,441214.916,36769,670.0,6550.8,6555.6,6551.2,2023-06-19,202306.zip,20230619_1.csv,IM,2023-12-15,6693.3,-142.5,0.02128994666308104,179,0.044356815304744904
IM2307,6638.8,6679.0,6633.4,23929,3184993.636,53015,-229.0,6652.2,6660.0,6653.8,2023-06-20,202306.zip,20230620_1.csv,IM,2023-07-21,6693.91,-41.710000000000036,0.006231036867839546,31,0.0738254431471132
IM2308,6627.0,6660.6,6617.4,1081,143500.304,1184,216.0,6633.8,6641.0,6637.2,2023-06-20,202306.zip,20230620_1.csv,IM,2023-08-18,6693.91,-60.10999999999967,0.008979804030827987,59,0.056056400426986515
IM2309,6602.0,6634.8,6592.6,8876,1173951.204,69015,-112.0,6608.0,6615.4,6613.4,2023-06-20,202306.zip,20230620_1.csv,IM,2023-09-15,6693.91,-85.90999999999985,0.012834053639800946,87,0.05454403926971167
IM2312,6543.2,6576.0,6534.6,3807,499098.788,37447,678.0,6554.4,6557.6,6555.6,2023-06-20,202306.zip,20230620_1.csv,IM,2023-12-15,6693.91,-139.51000000000022,0.020841331897202164,178,0.04364608147267406
IM2307,6637.6,6645.0,6524.8,39072,5139310.256,59666,6651.0,6525.2,6545.4,6660.0,2023-06-21,202306.zip,20230621_1.csv,IM,2023-07-21,6548.41,-23.210000000000036,0.003544371839881766,30,0.043276579006519635
IM2308,6619.8,6623.2,6510.6,1395,183011.536,1644,460.0,6510.6,6530.0,6641.0,2023-06-21,202306.zip,20230621_1.csv,IM,2023-08-18,6548.41,-37.80999999999949,0.005773920692198509,58,0.0365468991151822
IM2309,6598.6,6601.0,6489.0,14258,1864148.828,70129,1114.0,6489.0,6509.0,6615.4,2023-06-21,202306.zip,20230621_1.csv,IM,2023-09-15,6548.41,-59.409999999999854,0.009072431323023378,86,0.03885761951352337
IM2312,6545.6,6545.6,6435.0,7058,914157.232,39982,2535.0,6440.0,6453.8,6557.6,2023-06-21,202306.zip,20230621_1.csv,IM,2023-12-15,6548.41,-108.40999999999985,0.01655516377257993,177,0.03471387339018138
IM2307,6499.0,6519.2,6402.0,44330,5723190.504,65924,6258.0,6427.2,6419.8,6545.4,2023-06-26,202306.zip,20230626_1.csv,IM,2023-07-21,6420.97,6.229999999999563,-0.0009702583877513327,25,-0.014152041324370868
IM2308,6474.6,6502.8,6391.0,1919,247216.536,2348,704.0,6423.4,6409.4,6530.0,2023-06-26,202306.zip,20230626_1.csv,IM,2023-08-18,6420.97,2.4299999999993815,-0.0003784474931356474,53,-0.002605303368990641
IM2309,6452.6,6483.0,6373.8,16155,2074930.164,71384,1255.0,6399.6,6390.2,6509.0,2023-06-26,202306.zip,20230626_1.csv,IM,2023-09-15,6420.97,-21.36999999999989,0.003328157583667224,81,0.015047333205238607
IM2312,6400.0,6428.2,6321.2,7848,999412.68,41229,1247.0,6350.0,6337.4,6453.8,2023-06-26,202306.zip,20230626_1.csv,IM,2023-12-15,6420.97,-70.97000000000025,0.011052847155492151,172,0.023717313678813724
IM2307,6434.0,6504.8,6422.8,34201,4424527.688,61890,-4034.0,6478.4,6484.0,6419.8,2023-06-27,202306.zip,20230627_1.csv,IM,2023-07-21,6507.27,-28.8700000000008,0.00443657632156047,24,0.06777361436980545
IM2308,6423.4,6489.6,6413.6,1326,171066.036,2225,-123.0,6462.4,6467.4,6409.4,2023-06-27,202306.zip,20230627_1.csv,IM,2023-08-18,6507.27,-44.8700000000008,0.006895364722840913,52,0.048736210171978274
IM2309,6410.0,6468.2,6396.6,12918,1662967.992,69561,-1823.0,6440.0,6445.6,6390.2,2023-06-27,202306.zip,20230627_1.csv,IM,2023-09-15,6507.27,-67.27000000000044,0.010337668484633356,80,0.04765828804347867
IM2312,6358.2,6413.0,6345.0,5480,699521.432,41802,573.0,6382.4,6388.6,6337.4,2023-06-27,202306.zip,20230627_1.csv,IM,2023-12-15,6507.27,-124.8700000000008,0.019189306729242905,171,0.04176099588195039
IM2307,6478.4,6478.4,6360.0,44033,5652023.412,66545,4655.0,6463.0,6454.8,6484.0,2023-06-28,202306.zip,20230628_1.csv,IM,2023-07-21,6475.51,-12.510000000000218,0.0019318941674092427,23,0.030717663758250063
IM2308,6459.0,6459.0,6350.0,2415,309254.384,3261,1036.0,6448.8,6440.8,6467.4,2023-06-28,202306.zip,20230628_1.csv,IM,2023-08-18,6475.51,-26.710000000000036,0.004124771639608338,51,0.02964269382234923
IM2309,6432.6,6436.8,6331.0,14777,1886939.296,70705,1144.0,6430.6,6421.4,6445.6,2023-06-28,202306.zip,20230628_1.csv,IM,2023-09-15,6475.51,-44.909999999999854,0.006935361075807167,79,0.03226690660595437
IM2312,6383.0,6383.0,6277.0,6767,856860.252,43307,1505.0,6380.8,6370.6,6388.6,2023-06-28,202306.zip,20230628_1.csv,IM,2023-12-15,6475.51,-94.71000000000004,0.01462587502760404,170,0.03186872197474774
IM2307,6453.0,6510.2,6447.0,30886,4003726.784,59435,-7110.0,6491.8,6497.4,6454.8,2023-06-29,202306.zip,20230629_1.csv,IM,2023-07-21,6520.04,-28.23999999999978,0.004331261771400197,22,0.07217216684544482
IM2308,6443.6,6494.6,6434.8,1697,219500.6,2653,-608.0,6473.0,6481.6,6440.8,2023-06-29,202306.zip,20230629_1.csv,IM,2023-08-18,6520.04,-47.039999999999964,0.007214679664541923,50,0.05304989958288228
IM2309,6422.6,6475.0,6415.0,10533,1358455.732,67740,-2965.0,6455.4,6461.2,6421.4,2023-06-29,202306.zip,20230629_1.csv,IM,2023-09-15,6520.04,-64.64000000000033,0.009914049607057662,78,0.04685721276482485
IM2312,6374.8,6419.8,6362.4,5226,668398.552,43045,-262.0,6401.0,6403.4,6370.6,2023-06-29,202306.zip,20230629_1.csv,IM,2023-12-15,6520.04,-119.03999999999996,0.01825755670210616,169,0.040165321801604446
IM2307,6481.8,6596.0,6481.8,30629,4014814.776,58677,-758.0,6575.0,6574.8,6497.4,2023-06-30,202306.zip,20230630_1.csv,IM,2023-07-21,6602.04,-27.039999999999964,0.004095703752173607,21,0.07147999275755887
IM2308,6469.6,6580.4,6463.4,1419,185617.232,2907,254.0,6561.0,6559.0,6481.6,2023-06-30,202306.zip,20230630_1.csv,IM,2023-08-18,6602.04,-41.039999999999964,0.0062162604285948,49,0.04659444024523316
IM2309,6451.6,6558.8,6446.4,10691,1393900.004,66515,-1225.0,6537.8,6536.4,6461.2,2023-06-30,202306.zip,20230630_1.csv,IM,2023-09-15,6602.04,-64.23999999999978,0.009730325778092852,77,0.04657748565485105
IM2312,6398.8,6501.0,6386.8,4671,603808.768,43535,490.0,6484.2,6479.6,6403.4,2023-06-30,202306.zip,20230630_1.csv,IM,2023-12-15,6602.04,-117.84000000000015,0.017849028482105567,168,0.03948388830872412
IM2307,6599.0,6626.0,6556.8,28321,3733589.38,55416,-3261.0,6583.6,6586.6,6574.8,2023-07-03,202307.zip,20230703_1.csv,IM,2023-07-21,6612.88,-29.279999999999745,0.0044277228680997816,18,0.09018368876197144
IM2308,6584.4,6610.8,6543.2,2062,271227.408,3326,419.0,6570.2,6570.8,6559.0,2023-07-03,202307.zip,20230703_1.csv,IM,2023-08-18,6612.88,-42.68000000000029,0.006454071448446119,46,0.051544324638387054
IM2309,6559.0,6589.0,6524.0,10143,1329718.936,66134,-381.0,6546.2,6549.0,6536.4,2023-07-03,202307.zip,20230703_1.csv,IM,2023-09-15,6612.88,-66.68000000000029,0.010083352487872177,74,0.05024206327252371
IM2312,6508.4,6530.0,6467.4,4244,551315.852,44232,697.0,6494.6,6492.4,6479.6,2023-07-03,202307.zip,20230703_1.csv,IM,2023-12-15,6612.88,-118.27999999999975,0.017886306722638246,165,0.04028726895724102
IM2307,6581.6,6614.0,6580.0,19966,2635716.2,53072,-2344.0,6613.4,6605.8,6586.6,2023-07-04,202307.zip,20230704_1.csv,IM,2023-07-21,6638.45,-25.050000000000182,0.003773471216925617,17,0.0813255262488456
IM2308,6568.8,6597.4,6568.8,1339,176364.948,3561,235.0,6597.4,6589.8,6570.8,2023-07-04,202307.zip,20230704_1.csv,IM,2023-08-18,6638.45,-41.05000000000018,0.006183672393405115,45,0.050468534742642616
IM2309,6545.2,6575.0,6545.0,6113,802296.616,64618,-1516.0,6572.8,6565.8,6549.0,2023-07-04,202307.zip,20230704_1.csv,IM,2023-09-15,6638.45,-65.64999999999964,0.009889356702242225,73,0.04994066455696222
IM2312,6487.0,6517.2,6487.0,2882,374908.7,44476,244.0,6515.2,6508.6,6492.4,2023-07-04,202307.zip,20230704_1.csv,IM,2023-12-15,6638.45,-123.25,0.018566080937568286,164,0.04210252984390728
IM2307,6609.6,6616.0,6552.8,25538,3364423.66,54070,998.0,6566.2,6567.8,6605.8,2023-07-05,202307.zip,20230705_1.csv,IM,2023-07-21,6584.42,-18.220000000000255,0.0027671381837732767,16,0.06330050105083924
IM2308,6586.6,6600.0,6533.2,2083,273724.848,4405,844.0,6553.4,6552.6,6589.8,2023-07-05,202307.zip,20230705_1.csv,IM,2023-08-18,6584.42,-31.020000000000437,0.004711121101023341,44,0.039265877254554875
IM2309,6562.0,6576.4,6514.2,7744,1013845.168,64863,245.0,6528.6,6529.0,6565.8,2023-07-05,202307.zip,20230705_1.csv,IM,2023-09-15,6584.42,-55.81999999999971,0.008477588003195424,72,0.04334411495403109
IM2312,6514.4,6515.0,6458.0,3931,510015.296,45523,1047.0,6468.4,6472.0,6508.6,2023-07-05,202307.zip,20230705_1.csv,IM,2023-12-15,6584.42,-116.02000000000044,0.01762038266088739,163,0.04016439714659998
IM2307,6557.0,6606.8,6532.0,28834,3785562.98,53982,-88.0,6535.6,6541.6,6567.8,2023-07-06,202307.zip,20230706_1.csv,IM,2023-07-21,6567.08,-31.479999999999563,0.004793606899870184,15,0.11720627537384794
IM2308,6542.4,6592.4,6517.4,2009,263167.972,4804,399.0,6519.4,6525.4,6552.6,2023-07-06,202307.zip,20230706_1.csv,IM,2023-08-18,6567.08,-47.68000000000029,0.007260456702217755,43,0.062080188574921875
IM2309,6523.0,6566.0,6494.6,9585,1250620.488,65466,603.0,6498.8,6504.4,6529.0,2023-07-06,202307.zip,20230706_1.csv,IM,2023-09-15,6567.08,-68.27999999999975,0.010397315092857018,71,0.0540125717683961
IM2312,6463.0,6507.0,6438.2,4501,581856.76,45372,-151.0,6442.0,6447.6,6472.0,2023-07-06,202307.zip,20230706_1.csv,IM,2023-12-15,6567.08,-125.07999999999993,0.01904651686898895,162,0.04374667019290856
IM2307,6531.6,6538.8,6468.2,34158,4442999.9,57063,3081.0,6513.0,6510.6,6541.6,2023-07-07,202307.zip,20230707_1.csv,IM,2023-07-21,6521.43,-8.430000000000291,0.0012926612721443353,14,0.033745147068501055
IM2308,6511.2,6523.6,6453.4,2433,315666.008,5596,792.0,6498.4,6494.6,6525.4,2023-07-07,202307.zip,20230707_1.csv,IM,2023-08-18,6521.43,-23.030000000000655,0.003531434056641025,42,0.03079860683655548
IM2309,6489.0,6500.8,6435.0,11066,1431572.936,66142,676.0,6477.8,6474.6,6504.4,2023-07-07,202307.zip,20230707_1.csv,IM,2023-09-15,6521.43,-43.63000000000011,0.006690250451204749,70,0.03511983786382532
IM2312,6432.0,6443.4,6378.4,4809,616592.92,46180,808.0,6424.0,6419.4,6447.6,2023-07-07,202307.zip,20230707_1.csv,IM,2023-12-15,6521.43,-97.43000000000029,0.014939974821473245,161,0.03438382269904033
IM2307,6538.0,6551.8,6489.2,25605,3339192.0,52112,-4951.0,6520.4,6511.0,6510.6,2023-07-10,202307.zip,20230710_1.csv,IM,2023-07-21,6526.85,-6.450000000000728,0.0009882255605691004,11,0.03282355795239025
IM2308,6526.0,6537.2,6474.0,3129,407130.508,6408,812.0,6503.8,6495.4,6494.6,2023-07-10,202307.zip,20230710_1.csv,IM,2023-08-18,6526.85,-23.050000000000182,0.003531565762963762,39,0.0331689718279104
IM2309,6509.0,6516.2,6455.8,8017,1039867.556,64805,-1337.0,6481.6,6474.4,6474.6,2023-07-10,202307.zip,20230710_1.csv,IM,2023-09-15,6526.85,-45.25,0.0069329002505036375,67,0.03803246019961946
IM2312,6451.4,6459.6,6401.2,3917,503585.988,46192,12.0,6426.6,6418.2,6419.4,2023-07-10,202307.zip,20230710_1.csv,IM,2023-12-15,6526.85,-100.25,0.01535962983675121,158,0.03603619174577814
IM2307,6528.2,6580.0,6508.4,26892,3521319.792,52706,594.0,6571.0,6568.2,6511.0,2023-07-11,202307.zip,20230711_1.csv,IM,2023-07-21,6579.37,-8.36999999999989,0.0012721582765522488,10,0.046492923451530666
IM2308,6512.6,6562.8,6494.8,2107,275148.952,6959,551.0,6555.6,6553.2,6495.4,2023-07-11,202307.zip,20230711_1.csv,IM,2023-08-18,6579.37,-23.769999999999527,0.0036128079132196067,38,0.034827796885587396
IM2309,6498.8,6544.0,6475.8,7998,1042013.176,65251,446.0,6535.2,6533.8,6474.4,2023-07-11,202307.zip,20230711_1.csv,IM,2023-09-15,6579.37,-44.17000000000007,0.006713408730623205,66,0.03737811923865899
IM2312,6433.4,6489.0,6420.8,4208,543514.608,46692,500.0,6479.4,6476.2,6418.2,2023-07-11,202307.zip,20230711_1.csv,IM,2023-12-15,6579.37,-99.97000000000025,0.015194463907638567,157,0.035869730408709305
IM2307,6574.4,6578.0,6477.8,30497,3981213.508,53020,314.0,6483.8,6492.8,6568.2,2023-07-12,202307.zip,20230712_1.csv,IM,2023-07-21,6482.99,0.8100000000004002,-0.00012494234913207336,9,-0.005066473364389836
IM2308,6558.0,6562.8,6464.0,3942,513107.88,9116,2157.0,6469.0,6476.6,6553.2,2023-07-12,202307.zip,20230712_1.csv,IM,2023-08-18,6482.99,-13.989999999999782,0.0021579548942693982,37,0.02133397116392938
IM2309,6539.0,6542.6,6446.0,11514,1494678.476,66838,1587.0,6454.0,6460.4,6533.8,2023-07-12,202307.zip,20230712_1.csv,IM,2023-09-15,6482.99,-28.98999999999978,0.004471702100419694,65,0.025223117446544024
IM2312,6483.6,6485.0,6393.8,5770,742582.44,48092,1400.0,6401.8,6407.2,6476.2,2023-07-12,202307.zip,20230712_1.csv,IM,2023-12-15,6482.99,-81.1899999999996,0.012523542377822494,156,0.029673495274966804
IM2307,6501.2,6561.2,6501.2,33558,4386156.116,53198,178.0,6549.6,6549.0,6492.8,2023-07-13,202307.zip,20230713_1.csv,IM,2023-07-21,6548.31,1.2899999999999636,-0.00019699739322054377,8,-0.008986235800658715
IM2308,6487.4,6544.2,6487.4,4415,575607.792,9917,801.0,6534.6,6534.6,6476.6,2023-07-13,202307.zip,20230713_1.csv,IM,2023-08-18,6548.31,-13.710000000000036,0.0020936699698089756,36,0.0212720237913049
IM2309,6478.0,6527.6,6470.2,11114,1445710.024,65998,-840.0,6520.8,6518.2,6460.4,2023-07-13,202307.zip,20230713_1.csv,IM,2023-09-15,6548.31,-27.51000000000022,0.004201083943796258,64,0.02406038657066614
IM2312,6426.4,6475.0,6421.2,5285,681892.132,48154,62.0,6467.6,6464.6,6407.2,2023-07-13,202307.zip,20230713_1.csv,IM,2023-12-15,6548.31,-80.71000000000004,0.012325317524674362,155,0.029386330672593084
IM2307,6562.0,6571.6,6539.0,23532,3085257.36,46673,-6525.0,6541.0,6549.4,6549.0,2023-07-14,202307.zip,20230714_1.csv,IM,2023-07-21,6544.46,-3.4600000000000364,0.0005286914428387357,7,0.027582064778211488
IM2308,6544.2,6556.0,6525.8,4160,544207.78,11394,1477.0,6527.0,6535.4,6534.6,2023-07-14,202307.zip,20230714_1.csv,IM,2023-08-18,6544.46,-17.460000000000036,0.0026679053733997815,35,0.02789686795508674
IM2309,6539.0,6541.4,6510.8,7755,1012148.148,65513,-485.0,6511.0,6519.0,6518.2,2023-07-14,202307.zip,20230714_1.csv,IM,2023-09-15,6544.46,-33.460000000000036,0.005112721294041056,63,0.029773545623645342
IM2312,6479.0,6488.4,6458.6,4196,543223.548,48404,250.0,6459.0,6468.2,6464.6,2023-07-14,202307.zip,20230714_1.csv,IM,2023-12-15,6544.46,-85.46000000000004,0.013058373036125226,154,0.031359544620111146
IM2307,6521.2,6529.8,6474.0,27095,3521240.412,44688,-1985.0,6514.8,6504.0,6549.4,2023-07-17,202307.zip,20230717_1.csv,IM,2023-07-21,6516.56,-1.7600000000002183,0.0002700811471083586,4,0.02465156259594231
IM2308,6505.2,6509.8,6450.8,6762,876598.576,14874,3480.0,6497.8,6487.6,6535.4,2023-07-17,202307.zip,20230717_1.csv,IM,2023-08-18,6516.56,-18.76000000000022,0.002878819499858909,32,0.03293133829911792
IM2309,6498.2,6499.8,6441.6,11744,1518644.168,66244,731.0,6479.2,6473.8,6519.0,2023-07-17,202307.zip,20230717_1.csv,IM,2023-09-15,6516.56,-37.36000000000058,0.005733086168162482,60,0.035077375807712814
IM2312,6444.0,6444.0,6390.2,4545,583163.036,49089,685.0,6433.4,6424.0,6468.2,2023-07-17,202307.zip,20230717_1.csv,IM,2023-12-15,6516.56,-83.16000000000076,0.01276133420086678,151,0.031245670102859384
IM2307,6519.0,6538.2,6482.2,28836,3753450.588,38688,-6000.0,6515.0,6516.8,6504.0,2023-07-18,202307.zip,20230718_1.csv,IM,2023-07-21,6510.03,4.970000000000255,-0.0007634373420706275,3,-0.09281401893068124
IM2308,6502.2,6522.8,6467.2,10654,1383674.172,20750,5876.0,6500.4,6500.6,6487.6,2023-07-18,202307.zip,20230718_1.csv,IM,2023-08-18,6510.03,-9.63000000000011,0.001479255855963868,31,0.01744284718955337
IM2309,6486.2,6504.2,6451.8,9113,1180654.608,65285,-959.0,6483.8,6486.0,6473.8,2023-07-18,202307.zip,20230718_1.csv,IM,2023-09-15,6510.03,-26.229999999999563,0.004029167300304226,59,0.02502704262670739
IM2312,6450.0,6452.0,6401.8,3968,510004.332,49049,-40.0,6433.4,6434.0,6424.0,2023-07-18,202307.zip,20230718_1.csv,IM,2023-12-15,6510.03,-76.63000000000011,0.011771067107217648,150,0.028984103791670504
IM2307,6510.2,6532.6,6464.0,27906,3625610.964,29637,-9051.0,6501.0,6491.0,6516.8,2023-07-19,202307.zip,20230719_1.csv,IM,2023-07-21,6492.35,8.649999999999636,-0.0013323372892710683,2,-0.24282802645745005
IM2308,6492.0,6516.8,6450.0,15240,1974696.096,29025,8275.0,6483.4,6474.8,6500.6,2023-07-19,202307.zip,20230719_1.csv,IM,2023-08-18,6492.35,-8.950000000000728,0.0013785455189569973,30,0.01679545711612344
IM2309,6481.0,6501.2,6438.0,10301,1331856.892,67120,1835.0,6469.0,6461.6,6486.0,2023-07-19,202307.zip,20230719_1.csv,IM,2023-09-15,6492.35,-23.350000000000364,0.0035965405438709297,58,0.0227150974674973
IM2312,6431.2,6450.2,6389.0,4830,619581.924,50418,1369.0,6419.6,6411.4,6434.0,2023-07-19,202307.zip,20230719_1.csv,IM,2023-12-15,6492.35,-72.75,0.01120549569878393,149,0.02776077750145233
IM2307,6539.4,6539.4,6409.0,28236,3659198.676,21117,-8520.0,6416.2,6433.6,6491.0,2023-07-20,202307.zip,20230720_1.csv,IM,2023-07-21,6408.76,7.4399999999996,-0.0011609110030645908,1,-0.4232411707864109
IM2308,6492.8,6508.4,6396.8,31374,4053174.204,47700,18675.0,6408.2,6423.6,6474.8,2023-07-20,202307.zip,20230720_1.csv,IM,2023-08-18,6408.76,-0.5600000000004002,8.73803980802057e-05,29,0.0010998838772324387
IM2309,6478.0,6496.0,6388.2,16300,2101524.696,72274,5154.0,6396.4,6413.8,6461.6,2023-07-20,202307.zip,20230720_1.csv,IM,2023-09-15,6408.76,-12.360000000000582,0.0019286102147686446,57,0.01237373654259507
IM2312,6435.2,6443.2,6341.6,7712,986215.288,52433,2015.0,6349.0,6365.6,6411.4,2023-07-20,202307.zip,20230720_1.csv,IM,2023-12-15,6408.76,-59.76000000000022,0.009324736766550767,148,0.023213274701698296
IM2307,6413.8,6452.6,6381.8,17288,2219631.5,0,-21117.0,6396.6,6398.0,6433.6,2023-07-21,202307.zip,20230721_1.csv,IM,2023-07-21,6401.42,-4.819999999999709,0.0007529579374575546,0,
IM2308,6402.4,6454.2,6383.0,37502,4812615.692,56714,9014.0,6407.0,6408.0,6423.6,2023-07-21,202307.zip,20230721_1.csv,IM,2023-08-18,6401.42,5.579999999999927,-0.00087168159564599,28,-0.01135309594416876
IM2309,6393.6,6439.8,6375.2,14694,1882422.18,72009,-265.0,6398.0,6398.6,6413.8,2023-07-21,202307.zip,20230721_1.csv,IM,2023-09-15,6401.42,-3.4200000000000728,0.0005342564618475709,56,0.003484068682178067
IM2312,6344.6,6391.0,6330.4,7832,995969.852,53768,1335.0,6354.8,6351.0,6365.6,2023-07-21,202307.zip,20230721_1.csv,IM,2023-12-15,6401.42,-46.61999999999989,0.007282759137816286,147,0.018215701966567636
IM2308,6394.0,6445.4,6377.8,24661,3162306.888,54618,-2096.0,6393.6,6397.2,6408.0,2023-07-24,202307.zip,20230724_1.csv,IM,2023-08-18,6393.79,-0.18999999999959982,2.9716334130402977e-05,25,0.00043387137137154144
IM2309,6382.0,6432.6,6371.2,9236,1182316.448,71766,-243.0,6385.0,6387.8,6398.6,2023-07-24,202307.zip,20230724_1.csv,IM,2023-09-15,6393.79,-8.789999999999964,0.0013747714579303016,53,0.009480799633575175
IM2312,6348.0,6387.6,6327.8,5635,716606.876,53201,-567.0,6343.2,6345.8,6351.0,2023-07-24,202307.zip,20230724_1.csv,IM,2023-12-15,6393.79,-50.590000000000146,0.007912364966631724,144,0.02021560052059279
IM2403,6301.8,6355.2,6287.6,2571,325174.76,2562,2562.0,6308.8,6309.8,6351.0,2023-07-24,202307.zip,20230724_1.csv,IM,2024-03-15,6393.79,-84.98999999999978,0.013292585461830875,235,0.020924065540332513
IM2308,6477.0,6513.0,6455.0,33597,4358978.744,56956,2338.0,6497.6,6496.4,6397.2,2023-07-25,202307.zip,20230725_1.csv,IM,2023-08-18,6498.27,-0.6700000000000728,0.00010310436470017947,24,0.0015682072354937977
IM2309,6467.4,6503.8,6446.0,13781,1785727.752,70598,-1168.0,6488.8,6489.0,6387.8,2023-07-25,202307.zip,20230725_1.csv,IM,2023-09-15,6498.27,-9.470000000000255,0.0014573109458363431,52,0.010244130715173985
IM2312,6407.6,6463.4,6401.6,6469,832862.376,53050,-151.0,6448.0,6447.2,6345.8,2023-07-25,202307.zip,20230725_1.csv,IM,2023-12-15,6498.27,-50.27000000000044,0.007735905094740647,143,0.01989943214353884
IM2403,6381.8,6423.2,6369.2,2885,369222.288,3515,953.0,6415.8,6407.6,6309.8,2023-07-25,202307.zip,20230725_1.csv,IM,2024-03-15,6498.27,-82.47000000000025,0.012691070084807188,234,0.020050360448284323
IM2308,6494.8,6495.8,6446.8,23883,3090532.38,54432,-2524.0,6468.4,6460.4,6496.4,2023-07-26,202307.zip,20230726_1.csv,IM,2023-08-18,6457.25,11.149999999999636,-0.0017267412598240828,23,-0.02735539734306832
IM2309,6495.0,6495.0,6443.0,9534,1232644.516,70539,-59.0,6462.8,6457.0,6489.0,2023-07-26,202307.zip,20230726_1.csv,IM,2023-09-15,6457.25,5.550000000000182,-0.0008594990127377411,51,-0.0061460339535949465
IM2312,6450.0,6450.0,6409.8,5596,719317.128,52431,-619.0,6429.2,6421.8,6447.2,2023-07-26,202307.zip,20230726_1.csv,IM,2023-12-15,6457.25,-28.050000000000182,0.004343954469782085,142,0.011214513798400242
IM2403,6410.0,6410.0,6370.4,2239,286037.864,4669,1154.0,6390.0,6382.6,6407.6,2023-07-26,202307.zip,20230726_1.csv,IM,2024-03-15,6457.25,-67.25,0.010414650199388253,233,0.01648649647047775
IM2308,6470.2,6489.0,6403.6,25942,3345309.816,56731,2299.0,6421.0,6416.0,6460.4,2023-07-27,202307.zip,20230727_1.csv,IM,2023-08-18,6407.55,13.449999999999818,-0.0020990862342080696,22,-0.034752799762144175
IM2309,6472.2,6485.0,6401.4,11458,1476453.82,72175,1636.0,6416.0,6412.4,6457.0,2023-07-27,202307.zip,20230727_1.csv,IM,2023-09-15,6407.55,8.449999999999818,-0.0013187567791121957,50,-0.009614245635910134
IM2312,6435.8,6450.6,6366.8,6346,812705.536,52778,347.0,6385.8,6379.0,6421.8,2023-07-27,202307.zip,20230727_1.csv,IM,2023-12-15,6407.55,-21.75,0.0033944331296673624,141,0.008816936247512135
IM2403,6399.8,6412.6,6327.8,3051,388184.036,5889,1220.0,6347.0,6338.8,6382.6,2023-07-27,202307.zip,20230727_1.csv,IM,2024-03-15,6407.55,-60.55000000000018,0.009449789701211908,232,0.015008957530845428
IM2308,6397.6,6491.2,6380.0,36381,4686405.692,59569,2838.0,6473.6,6475.8,6416.0,2023-07-28,202307.zip,20230728_1.csv,IM,2023-08-18,6465.38,8.220000000000255,-0.0012713869873077766,21,-0.022069857354706738
IM2309,6400.0,6485.0,6379.2,16751,2156732.668,72930,755.0,6466.0,6469.8,6412.4,2023-07-28,202307.zip,20230728_1.csv,IM,2023-09-15,6465.38,0.6199999999998909,-9.589536887233407e-05,49,-0.000714254152016726
IM2312,6377.0,6449.8,6346.6,8177,1046294.352,53101,323.0,6431.0,6434.2,6379.0,2023-07-28,202307.zip,20230728_1.csv,IM,2023-12-15,6465.38,-34.38000000000011,0.0053175528739223266,140,0.013937734633582848
IM2403,6327.6,6411.6,6307.8,3381,430395.892,7541,1652.0,6391.0,6395.8,6338.8,2023-07-28,202307.zip,20230728_1.csv,IM,2024-03-15,6465.38,-74.38000000000011,0.011504350865687685,231,0.018389428857274227
IM2308,6495.0,6576.0,6486.6,36386,4754834.708,59432,-137.0,6524.6,6518.6,6475.8,2023-07-31,202307.zip,20230731_1.csv,IM,2023-08-18,6515.85,8.75,-0.001342879286662546,18,-0.02719408937797818
IM2309,6479.8,6567.0,6479.8,17519,2287025.408,72453,-477.0,6514.4,6513.8,6469.8,2023-07-31,202307.zip,20230731_1.csv,IM,2023-09-15,6515.85,-1.4500000000007276,0.00022253428178986567,46,0.0017661541788359803
IM2312,6454.8,6528.6,6443.6,7575,983632.0,52512,-589.0,6476.0,6481.8,6434.2,2023-07-31,202307.zip,20230731_1.csv,IM,2023-12-15,6515.85,-39.850000000000364,0.0061158559512574096,137,0.016394334161395567
IM2403,6408.0,6492.6,6407.2,2857,368821.632,7684,143.0,6439.2,6443.4,6395.8,2023-07-31,202307.zip,20230731_1.csv,IM,2024-03-15,6515.85,-76.65000000000055,0.01176362255116381,228,0.01905628600479968
IM2308,6518.6,6539.6,6497.2,25933,3380265.256,56027,-3405.0,6509.0,6509.0,6518.6,2023-08-01,202308.zip,20230801_1.csv,IM,2023-08-18,6507.41,1.5900000000001455,-0.0002443368406170876,17,-0.0052447742040434234
IM2309,6509.0,6534.8,6495.0,11350,1478404.016,71267,-1186.0,6502.8,6503.4,6513.8,2023-08-01,202308.zip,20230801_1.csv,IM,2023-09-15,6507.41,-4.609999999999673,0.0007084231668205154,45,0.005750172575232322
IM2312,6483.0,6504.0,6463.8,5499,712924.584,51416,-1096.0,6472.0,6472.8,6481.8,2023-08-01,202308.zip,20230801_1.csv,IM,2023-12-15,6507.41,-35.409999999999854,0.005441489010220679,136,0.014683898513051838
IM2403,6439.2,6464.2,6426.6,3349,431535.052,9188,1504.0,6435.4,6433.8,6443.4,2023-08-01,202308.zip,20230801_1.csv,IM,2024-03-15,6507.41,-72.01000000000022,0.011065846473481855,227,0.017992200081624513
IM2308,6501.6,6522.8,6470.0,27477,3569020.636,55525,-502.0,6495.8,6486.0,6509.0,2023-08-02,202308.zip,20230802_1.csv,IM,2023-08-18,6496.02,-0.22000000000025466,3.3866890803979643e-05,16,0.0007726146125209415
IM2309,6493.2,6517.4,6468.8,12310,1597740.224,70783,-484.0,6490.8,6481.4,6503.4,2023-08-02,202308.zip,20230802_1.csv,IM,2023-09-15,6496.02,-5.220000000000255,0.0008035689545291547,44,0.00667133061059886
IM2312,6469.2,6487.0,6437.2,5214,673362.06,51193,-223.0,6459.0,6450.2,6472.8,2023-08-02,202308.zip,20230802_1.csv,IM,2023-12-15,6496.02,-37.02000000000044,0.005698874079821281,135,0.015496378868418141
IM2403,6425.2,6449.8,6400.4,2899,372146.528,9849,661.0,6424.6,6413.4,6433.8,2023-08-02,202308.zip,20230802_1.csv,IM,2024-03-15,6496.02,-71.42000000000007,0.01099442427825037,226,0.017953874198703472
IM2308,6476.4,6500.0,6457.4,26270,3405941.304,53865,-1660.0,6495.6,6488.8,6486.0,2023-08-03,202308.zip,20230803_1.csv,IM,2023-08-18,6499.54,-3.9399999999996,0.0006061967462311912,15,0.014759734794833168
IM2309,6479.8,6495.2,6454.2,9754,1263728.156,69473,-1310.0,6490.4,6484.6,6481.4,2023-08-03,202308.zip,20230803_1.csv,IM,2023-09-15,6499.54,-9.140000000000327,0.0014062533656228338,43,0.011953611631059752
IM2312,6444.0,6466.2,6426.0,4731,610136.932,51140,-53.0,6459.4,6454.0,6450.2,2023-08-03,202308.zip,20230803_1.csv,IM,2023-12-15,6499.54,-40.14000000000033,0.006175821673533921,134,0.01692673733848042
IM2403,6409.6,6429.0,6391.0,2456,314884.184,10583,734.0,6420.2,6417.0,6413.4,2023-08-03,202308.zip,20230803_1.csv,IM,2024-03-15,6499.54,-79.34000000000015,0.012207017727408398,225,0.02004721209792718
IM2308,6520.6,6576.0,6503.8,36472,4772647.1,57118,3253.0,6534.6,6541.2,6488.8,2023-08-04,202308.zip,20230804_1.csv,IM,2023-08-18,6535.32,-0.7199999999993452,0.00011017058078244268,14,0.002872620905858825
IM2309,6528.0,6574.6,6502.2,16649,2178319.448,72112,2639.0,6531.0,6540.2,6484.6,2023-08-04,202308.zip,20230804_1.csv,IM,2023-09-15,6535.32,-4.319999999999709,0.0006610234846954333,42,0.005748408688233516
IM2312,6490.0,6542.8,6473.2,6421,836196.852,52153,1013.0,6500.6,6509.0,6454.0,2023-08-04,202308.zip,20230804_1.csv,IM,2023-12-15,6535.32,-34.719999999999345,0.005312670228848626,133,0.014657756288083312
IM2403,6453.2,6505.0,6438.0,2795,361845.896,11063,480.0,6466.0,6472.8,6417.0,2023-08-04,202308.zip,20230804_1.csv,IM,2024-03-15,6535.32,-69.31999999999971,0.01060697869423377,224,0.017468986125226443
IM2308,6525.2,6549.0,6501.0,25260,3292982.152,52722,-4396.0,6515.6,6509.4,6541.2,2023-08-07,202308.zip,20230807_1.csv,IM,2023-08-18,6503.98,11.6200000000008,-0.0017865983597735724,11,-0.05917685666289434
IM2309,6525.0,6547.8,6502.6,11368,1481929.796,71366,-746.0,6515.0,6510.8,6540.2,2023-08-07,202308.zip,20230807_1.csv,IM,2023-09-15,6503.98,11.020000000000437,-0.0016943471535890708,39,-0.015830529153629886
IM2312,6492.4,6517.8,6474.6,5353,694635.364,52286,133.0,6488.8,6482.6,6509.0,2023-08-07,202308.zip,20230807_1.csv,IM,2023-12-15,6503.98,-15.179999999999382,0.0023339555164683112,130,0.006568359208292292
IM2403,6459.8,6481.6,6440.0,2655,342762.372,11931,868.0,6459.8,6451.6,6472.8,2023-08-07,202308.zip,20230807_1.csv,IM,2024-03-15,6503.98,-44.17999999999938,0.006792763815386738,221,0.011295546042569432
IM2308,6502.4,6514.2,6456.2,28508,3695998.052,53525,803.0,6484.8,6482.0,6509.4,2023-08-08,202308.zip,20230808_1.csv,IM,2023-08-18,6471.34,13.460000000000036,-0.002079940166951566,10,-0.07576023932889403
IM2309,6503.8,6514.4,6462.2,12627,1637768.372,73332,1966.0,6487.4,6485.6,6510.8,2023-08-08,202308.zip,20230808_1.csv,IM,2023-09-15,6471.34,16.05999999999949,-0.002481711670225817,38,-0.023778482337420605
IM2312,6488.8,6489.6,6441.0,5005,646921.908,52289,3.0,6465.6,6463.0,6482.6,2023-08-08,202308.zip,20230808_1.csv,IM,2023-12-15,6471.34,-5.739999999999782,0.0008869878572289602,129,0.0025119223693571306
IM2403,6447.4,6460.0,6415.0,2662,342518.42,12939,1008.0,6438.4,6434.4,6451.6,2023-08-08,202308.zip,20230808_1.csv,IM,2024-03-15,6471.34,-32.94000000000051,0.0050901358914846595,220,0.00848820429694565
IM2308,6457.0,6480.0,6423.4,24391,3147288.864,50170,-3355.0,6433.2,6433.4,6482.0,2023-08-09,202308.zip,20230809_1.csv,IM,2023-08-18,6420.98,12.220000000000255,-0.0019031362813777264,9,-0.077036138918251
IM2309,6478.4,6485.8,6432.2,13586,1754189.152,73821,489.0,6442.0,6440.4,6485.6,2023-08-09,202308.zip,20230809_1.csv,IM,2023-09-15,6420.98,21.020000000000437,-0.0032736435871161262,37,-0.03218867734546167
IM2312,6451.4,6465.0,6419.0,5304,683028.24,52934,645.0,6427.6,6426.8,6463.0,2023-08-09,202308.zip,20230809_1.csv,IM,2023-12-15,6420.98,6.6200000000008,-0.0010309952686351487,128,-0.002936919495613007
IM2403,6415.0,6436.4,6397.2,2798,358954.424,13867,928.0,6407.2,6403.0,6434.4,2023-08-09,202308.zip,20230809_1.csv,IM,2024-03-15,6420.98,-13.779999999999745,0.002146089849213051,219,0.003584509093936076
IM2308,6423.0,6453.8,6397.4,25321,3255672.704,50230,60.0,6424.6,6425.8,6433.4,2023-08-10,202308.zip,20230810_1.csv,IM,2023-08-18,6426.81,-2.2100000000000364,0.00034387199870544727,8,0.015694556859568443
IM2309,6441.2,6459.4,6405.0,12195,1569056.476,73466,-355.0,6429.2,6431.0,6440.4,2023-08-10,202308.zip,20230810_1.csv,IM,2023-09-15,6426.81,2.389999999999418,-0.0003718796728080509,36,-0.003769045051396065
IM2312,6411.6,6447.6,6393.6,5584,717115.184,52872,-62.0,6417.6,6419.8,6426.8,2023-08-10,202308.zip,20230810_1.csv,IM,2023-12-15,6426.81,-9.210000000000036,0.0014330593249216594,127,0.004124545786488554
IM2403,6401.2,6430.0,6375.4,3574,457818.48,15032,1165.0,6404.2,6405.8,6403.0,2023-08-10,202308.zip,20230810_1.csv,IM,2024-03-15,6426.81,-22.610000000000582,0.0035180750636786273,218,0.005911150910426284
IM2308,6431.8,6435.8,6301.6,32185,4095878.928,50054,-176.0,6304.0,6319.2,6425.8,2023-08-11,202308.zip,20230811_1.csv,IM,2023-08-18,6304.64,-0.6400000000003274,0.00010151253679835381,7,0.005293691080501579
IM2309,6439.2,6441.0,6303.8,18357,2335453.184,75869,2403.0,6310.0,6322.4,6431.0,2023-08-11,202308.zip,20230811_1.csv,IM,2023-09-15,6304.64,5.359999999999673,-0.0008501674956855609,35,-0.008858501245188308
IM2312,6429.8,6429.8,6293.2,9119,1158004.316,54794,1922.0,6298.4,6312.6,6419.8,2023-08-11,202308.zip,20230811_1.csv,IM,2023-12-15,6304.64,-6.240000000000691,0.0009897472337835334,126,0.002869965463640216
IM2403,6415.0,6416.6,6283.0,3379,428426.744,15425,393.0,6285.0,6299.4,6405.8,2023-08-11,202308.zip,20230811_1.csv,IM,2024-03-15,6304.64,-19.640000000000327,0.0031151659729977688,217,0.005256169139454916
IM2308,6246.0,6329.8,6212.8,36541,4581451.92,47593,-2461.0,6323.2,6310.2,6319.2,2023-08-14,202308.zip,20230814_1.csv,IM,2023-08-18,6319.41,3.7899999999999636,-0.0005997395326462485,4,-0.054693430541502414
IM2309,6259.8,6330.6,6215.4,23084,2894953.88,78412,2543.0,6326.2,6312.4,6322.4,2023-08-14,202308.zip,20230814_1.csv,IM,2023-09-15,6319.41,6.789999999999964,-0.0010744673948992478,32,-0.012242489567196209
IM2312,6240.0,6317.8,6208.0,8283,1037243.416,54918,124.0,6309.4,6301.6,6312.6,2023-08-14,202308.zip,20230814_1.csv,IM,2023-12-15,6319.41,-10.010000000000218,0.0015840086337174375,123,0.004707970891799216
IM2403,6250.4,6301.8,6194.2,4599,574435.376,17230,1805.0,6292.6,6282.8,6299.4,2023-08-14,202308.zip,20230814_1.csv,IM,2024-03-15,6319.41,-26.80999999999949,0.004242484662333901,214,0.007266843029685321
IM2308,6336.0,6336.4,6204.8,35306,4422252.288,40790,-6803.0,6268.2,6255.0,6310.2,2023-08-15,202308.zip,20230815_1.csv,IM,2023-08-18,6261.73,6.470000000000255,-0.001033260776175382,3,-0.12558363379173967
IM2309,6318.2,6338.6,6206.6,26862,3364258.892,84683,6271.0,6270.2,6257.8,6312.4,2023-08-15,202308.zip,20230815_1.csv,IM,2023-09-15,6261.73,8.470000000000255,-0.0013526613252248243,31,-0.015904982194322764
IM2312,6313.4,6322.8,6198.0,7643,955207.908,55684,766.0,6260.0,6247.4,6301.6,2023-08-15,202308.zip,20230815_1.csv,IM,2023-12-15,6261.73,-1.7299999999995634,0.0002762814749277531,122,0.0008268082543340451
IM2403,6292.6,6305.6,6184.8,3284,409551.916,17096,-134.0,6246.4,6230.6,6282.8,2023-08-15,202308.zip,20230815_1.csv,IM,2024-03-15,6261.73,-15.329999999999927,0.002448205208464782,213,0.004205577342126422
IM2308,6245.0,6263.4,6188.6,28738,3579828.008,31415,-9375.0,6188.6,6204.4,6255.0,2023-08-16,202308.zip,20230816_1.csv,IM,2023-08-18,6186.4,2.2000000000007276,-0.0003556187766715624,2,-0.06487735513688808
IM2309,6247.8,6268.4,6197.0,27683,3450198.952,90161,5478.0,6200.0,6211.4,6257.8,2023-08-16,202308.zip,20230816_1.csv,IM,2023-09-15,6186.4,13.600000000000364,-0.0021983706194232955,30,-0.026688172043011604
IM2312,6242.0,6259.2,6191.0,8710,1083879.12,58238,2554.0,6191.2,6203.6,6247.4,2023-08-16,202308.zip,20230816_1.csv,IM,2023-12-15,6186.4,4.800000000000182,-0.0007758955127377121,121,-0.0023386966731774785
IM2403,6231.0,6244.0,6180.0,3335,413983.852,17981,885.0,6180.0,6193.2,6230.6,2023-08-16,202308.zip,20230816_1.csv,IM,2024-03-15,6186.4,-6.399999999999636,0.0010345273503167274,212,0.00178298833730214
IM2308,6181.0,6273.0,6130.8,28075,3484516.46,20815,-10600.0,6243.8,6243.4,6204.4,2023-08-17,202308.zip,20230817_1.csv,IM,2023-08-18,6247.6,-3.800000000000182,0.0006082335616877099,1,0.22214036324036956
IM2309,6173.0,6273.4,6131.8,44343,5516813.344,106222,16061.0,6257.6,6255.2,6211.4,2023-08-17,202308.zip,20230817_1.csv,IM,2023-09-15,6247.6,10.0,-0.0016006146360201257,29,-0.02011347305125213
IM2312,6165.0,6261.0,6130.0,10054,1248999.544,59143,905.0,6245.8,6244.8,6203.6,2023-08-17,202308.zip,20230817_1.csv,IM,2023-12-15,6247.6,-1.800000000000182,0.0002881106344836404,120,0.0008765890678535485
IM2403,6163.6,6247.8,6122.0,4492,556835.036,19102,1121.0,6229.2,6231.4,6193.2,2023-08-17,202308.zip,20230817_1.csv,IM,2024-03-15,6247.6,-18.400000000000546,0.002945130930277262,211,0.005109706525116576
IM2308,6251.4,6263.0,6158.8,15168,1885181.664,0,-20815.0,6162.2,6162.5,6243.4,2023-08-18,202308.zip,20230818_1.csv,IM,2023-08-18,6117.11,45.090000000000146,-0.007371127869206129,0,
IM2309,6259.0,6280.6,6123.2,51556,6395319.456,114590,8368.0,6127.4,6151.2,6255.2,2023-08-18,202308.zip,20230818_1.csv,IM,2023-09-15,6117.11,10.289999999999964,-0.0016821669056139577,28,-0.021891422136631537
IM2312,6247.2,6269.0,6122.0,13072,1619643.388,61294,2151.0,6124.0,6145.4,6244.8,2023-08-18,202308.zip,20230818_1.csv,IM,2023-12-15,6117.11,6.890000000000327,-0.0011263488804353905,119,-0.0034508806788554726
IM2403,6229.2,6255.8,6114.8,5194,641334.46,20535,1433.0,6116.8,6133.0,6231.4,2023-08-18,202308.zip,20230818_1.csv,IM,2024-03-15,6117.11,-0.3099999999994907,5.067752582499363e-05,210,8.80868303376483e-05
IM2309,6119.4,6169.6,5910.4,49495,6059980.208,115780,1190.0,6053.8,6074.2,6151.2,2023-08-21,202308.zip,20230821_1.csv,IM,2023-09-15,6057.17,-3.369999999999891,0.0005563654313812672,25,0.008127457134362004
IM2310,6121.6,6170.8,6050.2,1070,130926.944,1050,1050.0,6051.6,6073.8,6151.2,2023-08-21,202308.zip,20230821_1.csv,IM,2023-10-20,6057.17,-5.569999999999709,0.0009195713509774217,60,0.005599207922972971
IM2312,6105.0,6163.0,6049.0,10610,1296817.96,61305,11.0,6050.0,6070.0,6145.4,2023-08-21,202308.zip,20230821_1.csv,IM,2023-12-15,6057.17,-7.170000000000073,0.0011837211106837664,116,0.0037290538614993484
IM2403,6106.8,6153.8,6040.0,4073,496760.028,20746,211.0,6040.2,6061.2,6133.0,2023-08-21,202308.zip,20230821_1.csv,IM,2024-03-15,6057.17,-16.970000000000255,0.0028016383888845864,207,0.004953966236201591
IM2309,6093.8,6108.8,5973.0,56411,6832177.076,117360,1580.0,6084.0,6070.6,6074.2,2023-08-22,202308.zip,20230822_1.csv,IM,2023-09-15,6099.19,-15.1899999999996,0.0024904946394520566,24,0.03797083881218369
IM2310,6087.6,6107.8,5985.8,2123,257194.564,1825,775.0,6082.8,6076.0,6073.8,2023-08-22,202308.zip,20230822_1.csv,IM,2023-10-20,6099.19,-16.389999999999418,0.002687242076406804,59,0.01666925802457047
IM2312,6085.2,6103.8,5982.6,14615,1768529.128,65542,4237.0,6074.0,6066.4,6070.0,2023-08-22,202308.zip,20230822_1.csv,IM,2023-12-15,6099.19,-25.1899999999996,0.004130056614074951,115,0.013162803682123365
IM2403,6069.0,6096.4,5979.4,5903,713401.664,22478,1732.0,6065.6,6059.0,6061.2,2023-08-22,202308.zip,20230822_1.csv,IM,2024-03-15,6099.19,-33.589999999999236,0.0055072886727580705,206,0.009812098083605917
IM2309,6071.2,6075.0,5955.6,46053,5540150.824,114016,-3344.0,5974.8,5985.2,6070.6,2023-08-23,202308.zip,20230823_1.csv,IM,2023-09-15,5973.67,1.1300000000001091,-0.00018916344558705944,23,-0.0030013738862653175
IM2310,6066.6,6070.4,5951.6,2017,242503.892,2227,402.0,5969.8,5982.2,6076.0,2023-08-23,202308.zip,20230823_1.csv,IM,2023-10-20,5973.67,-3.869999999999891,0.000647842950815769,58,0.0040795856385186695
IM2312,6063.6,6065.6,5944.6,13521,1623579.624,64521,-1021.0,5966.0,5977.0,6066.4,2023-08-23,202308.zip,20230823_1.csv,IM,2023-12-15,5973.67,-7.670000000000073,0.0012839678120820652,114,0.004116234686615924
IM2403,6059.4,6059.4,5938.0,5741,688728.372,23721,1243.0,5962.4,5969.4,6059.0,2023-08-23,202308.zip,20230823_1.csv,IM,2024-03-15,5973.67,-11.270000000000437,0.0018866124174922172,205,0.0033654396821710376
IM2309,6003.2,6051.6,5948.0,48013,5757207.112,114480,464.0,5977.6,5993.0,5985.2,2023-08-24,202308.zip,20230824_1.csv,IM,2023-09-15,5987.97,-10.36999999999989,0.0017318056035684481,22,0.028782074289468693
IM2310,5994.4,6047.0,5945.0,2496,299195.216,3467,1240.0,5975.6,5995.0,5982.2,2023-08-24,202308.zip,20230824_1.csv,IM,2023-10-20,5987.97,-12.36999999999989,0.0020658086129355935,57,0.0132558075354388
IM2312,5976.2,6043.4,5939.0,12440,1490150.988,65436,915.0,5963.0,5980.0,5977.0,2023-08-24,202308.zip,20230824_1.csv,IM,2023-12-15,5987.97,-24.970000000000255,0.004170027571948509,113,0.01352596171969026
IM2403,5986.8,6038.2,5933.0,4487,536990.472,24225,504.0,5958.4,5975.6,5969.4,2023-08-24,202308.zip,20230824_1.csv,IM,2024-03-15,5987.97,-29.57000000000062,0.0049382344934928435,204,0.008879415252943472
IM2309,5950.0,5986.2,5851.0,60560,7171935.668,118272,3792.0,5881.8,5878.4,5993.0,2023-08-25,202308.zip,20230825_1.csv,IM,2023-09-15,5879.03,2.7700000000004366,-0.0004711661617649021,21,-0.008185459909423902
IM2310,5956.2,5984.6,5848.4,3953,467930.832,4876,1409.0,5885.8,5879.0,5995.0,2023-08-25,202308.zip,20230825_1.csv,IM,2023-10-20,5879.03,6.770000000000437,-0.0011515505108836699,56,-0.007497008538711107
IM2312,5946.0,5976.6,5841.2,16419,1941130.556,67134,1698.0,5875.4,5869.8,5980.0,2023-08-25,202308.zip,20230825_1.csv,IM,2023-12-15,5879.03,-3.630000000000109,0.0006174487968253484,112,0.002013464736747136
IM2403,5940.0,5968.2,5833.6,6722,793694.36,26001,1776.0,5870.2,5860.4,5975.6,2023-08-25,202308.zip,20230825_1.csv,IM,2024-03-15,5879.03,-8.829999999999927,0.0015019484506797465,203,0.0027046098915237057
IM2309,6230.0,6230.0,5888.2,74218,8972894.176,114864,-3408.0,5907.6,5921.2,5878.4,2023-08-28,202308.zip,20230828_1.csv,IM,2023-09-15,5922.16,-14.55999999999949,0.0024585624164155107,18,0.04997705403961525
IM2310,6202.0,6232.0,5887.8,5238,631735.568,6607,1731.0,5902.0,5916.8,5879.0,2023-08-28,202308.zip,20230828_1.csv,IM,2023-10-20,5922.16,-20.159999999999854,0.003404163345806288,53,0.02352384545053393
IM2312,6198.8,6220.0,5868.0,22185,2672797.988,69181,2047.0,5889.0,5903.4,5869.8,2023-08-28,202308.zip,20230828_1.csv,IM,2023-12-15,5922.16,-33.159999999999854,0.005599308360463073,109,0.018855555607484472
IM2403,6150.0,6204.0,5860.8,8018,963858.016,26941,940.0,5874.0,5891.6,5860.4,2023-08-28,202308.zip,20230828_1.csv,IM,2024-03-15,5922.16,-48.159999999999854,0.008132167992759398,200,0.014962887299965817
IM2309,5908.0,6143.8,5904.8,76913,9311491.888,116174,1310.0,6099.2,6102.0,5921.2,2023-08-29,202308.zip,20230829_1.csv,IM,2023-09-15,6108.76,-9.5600000000004,0.0015649657213575585,17,0.033653401024627584
IM2310,5898.8,6140.8,5898.8,5670,686261.904,7608,1001.0,6096.8,6098.8,5916.8,2023-08-29,202308.zip,20230829_1.csv,IM,2023-10-20,6108.76,-11.960000000000036,0.0019578441451293394,52,0.01376951843590072
IM2312,5885.8,6132.4,5885.8,22619,2734191.944,69974,793.0,6092.0,6090.8,5903.4,2023-08-29,202308.zip,20230829_1.csv,IM,2023-12-15,6108.76,-16.76000000000022,0.002743600992672901,108,0.009297864837917395
IM2403,5873.2,6117.0,5873.2,6896,832192.084,27447,506.0,6077.8,6075.8,5891.6,2023-08-29,202308.zip,20230829_1.csv,IM,2024-03-15,6108.76,-30.960000000000036,0.005068131666655762,199,0.009343171813524913
IM2309,6121.0,6203.6,6103.0,59262,7289178.908,108927,-7247.0,6128.2,6139.6,6102.0,2023-08-30,202308.zip,20230830_1.csv,IM,2023-09-15,6139.63,-11.430000000000291,0.001861675703584753,16,0.04254868884827456
IM2310,6107.2,6199.6,6101.8,5721,703452.328,9386,1778.0,6129.8,6137.2,6098.8,2023-08-30,202308.zip,20230830_1.csv,IM,2023-10-20,6139.63,-9.829999999999927,0.0016010736803357961,51,0.011477040161884014
IM2312,6125.0,6193.0,6098.0,17959,2206773.076,70016,42.0,6120.0,6129.6,6090.8,2023-08-30,202308.zip,20230830_1.csv,IM,2023-12-15,6139.63,-19.63000000000011,0.0031972610727356576,107,0.010941527701423195
IM2403,6090.0,6179.4,6082.8,6451,790646.436,28347,900.0,6105.0,6112.4,6075.8,2023-08-30,202308.zip,20230830_1.csv,IM,2024-03-15,6139.63,-34.63000000000011,0.005640405040694629,198,0.010456696365787402
IM2309,6124.4,6138.8,6081.6,44355,5417771.14,105451,-3476.0,6110.6,6106.2,6139.6,2023-08-31,202308.zip,20230831_1.csv,IM,2023-09-15,6104.3,6.300000000000182,-0.0010320593679864487,15,-0.025087552777142513
IM2310,6119.8,6140.6,6081.0,4428,540862.928,9754,368.0,6110.0,6104.8,6137.2,2023-08-31,202308.zip,20230831_1.csv,IM,2023-10-20,6104.3,5.699999999999818,-0.0009337679996068715,50,-0.00681014729950904
IM2312,6109.0,6130.4,6072.6,12045,1468944.8,69427,-589.0,6102.0,6094.4,6129.6,2023-08-31,202308.zip,20230831_1.csv,IM,2023-12-15,6104.3,-2.300000000000182,0.0003767835787887863,106,0.0012979041823588582
IM2403,6100.0,6116.2,6058.0,5491,667694.4,28951,604.0,6086.2,6076.6,6112.4,2023-08-31,202308.zip,20230831_1.csv,IM,2024-03-15,6104.3,-18.100000000000364,0.002965122946120058,197,0.005510093817969155
IM2309,6123.4,6148.8,6081.8,37772,4614741.42,101705,-3746.0,6103.0,6097.6,6106.2,2023-09-01,202309.zip,20230901_1.csv,IM,2023-09-15,6107.2,-4.199999999999818,0.0006877128635053298,14,0.01794199573979765
IM2310,6120.2,6151.2,6080.8,3780,461775.872,10684,930.0,6101.0,6095.8,6104.8,2023-09-01,202309.zip,20230901_1.csv,IM,2023-10-20,6107.2,-6.199999999999818,0.0010151951794602487,49,0.007569853051857466
IM2312,6120.2,6145.0,6073.0,10612,1295216.376,69374,-53.0,6095.0,6088.0,6094.4,2023-09-01,202309.zip,20230901_1.csv,IM,2023-12-15,6107.2,-12.199999999999818,0.0019976421273251166,105,0.006958084300168189
IM2403,6095.0,6125.0,6060.2,4808,585148.212,28940,-11.0,6078.0,6072.4,6076.6,2023-09-01,202309.zip,20230901_1.csv,IM,2024-03-15,6107.2,-29.199999999999818,0.004781241812942039,196,0.008946619121488525
IM2309,6130.0,6198.0,6100.2,49221,6056733.188,102622,917.0,6198.0,6180.6,6097.6,2023-09-04,202309.zip,20230904_1.csv,IM,2023-09-15,6198.76,-0.7600000000002183,0.00012260516619455597,11,0.004068761183961519
IM2310,6128.6,6197.6,6100.8,4972,611892.64,11736,1052.0,6196.6,6179.6,6095.8,2023-09-04,202309.zip,20230904_1.csv,IM,2023-10-20,6198.76,-2.1599999999998545,0.00034845678813177905,46,0.002765892656421035
IM2312,6129.0,6187.8,6089.0,14566,1789374.556,70053,679.0,6186.8,6168.6,6088.0,2023-09-04,202309.zip,20230904_1.csv,IM,2023-12-15,6198.76,-11.960000000000036,0.0019294181416928957,102,0.006917637424142933
IM2403,6102.0,6171.8,6075.8,5155,631683.68,29466,526.0,6171.8,6151.8,6072.4,2023-09-04,202309.zip,20230904_1.csv,IM,2024-03-15,6198.76,-26.960000000000036,0.004349256948163793,193,0.008261208804142998
IM2309,6190.0,6208.8,6143.0,37506,4627789.596,93238,-9384.0,6162.2,6154.6,6180.6,2023-09-05,202309.zip,20230905_1.csv,IM,2023-09-15,6167.64,-5.440000000000509,0.0008820229455676065,10,0.032222258284378746
IM2310,6180.2,6208.0,6140.8,5192,640146.896,12883,1147.0,6159.4,6152.0,6179.6,2023-09-05,202309.zip,20230905_1.csv,IM,2023-10-20,6167.64,-8.240000000000691,0.0013360053440214514,45,0.010850984764028595
IM2312,6173.0,6195.2,6128.2,13050,1605698.216,70565,512.0,6147.0,6138.4,6168.6,2023-09-05,202309.zip,20230905_1.csv,IM,2023-12-15,6167.64,-20.640000000000327,0.0033464988228885106,101,0.012134390598650182
IM2403,6157.8,6177.6,6112.8,4643,569649.344,30380,914.0,6130.6,6121.8,6151.8,2023-09-05,202309.zip,20230905_1.csv,IM,2024-03-15,6167.64,-37.039999999999964,0.006005538585261094,192,0.011485757239639328
IM2309,6145.0,6207.0,6096.4,40919,5039015.512,93733,495.0,6178.8,6187.0,6154.6,2023-09-06,202309.zip,20230906_1.csv,IM,2023-09-15,6195.38,-16.579999999999927,0.0026761877398965295,9,0.10882551807973989
IM2310,6142.8,6204.4,6092.6,5563,684877.24,14804,1921.0,6178.6,6184.6,6152.0,2023-09-06,202309.zip,20230906_1.csv,IM,2023-10-20,6195.38,-16.779999999999745,0.002708469859798668,44,0.022529007748149997
IM2312,6128.8,6191.0,6081.8,13807,1696466.268,72447,1882.0,6166.0,6172.0,6138.4,2023-09-06,202309.zip,20230906_1.csv,IM,2023-12-15,6195.38,-29.38000000000011,0.00474224341364049,100,0.017391663963671644
IM2403,6111.6,6173.4,6065.6,5092,623751.272,31564,1184.0,6149.8,6156.0,6121.8,2023-09-06,202309.zip,20230906_1.csv,IM,2024-03-15,6195.38,-45.57999999999993,0.00735709512572269,191,0.01416357302046491
IM2309,6160.0,6170.8,6068.0,49425,6044815.808,90160,-3573.0,6077.2,6083.0,6187.0,2023-09-07,202309.zip,20230907_1.csv,IM,2023-09-15,6083.49,-6.289999999999964,0.0010339459750899893,8,0.0472226107417896
IM2310,6169.4,6170.6,6066.6,7826,956610.676,17471,2667.0,6073.0,6081.4,6184.6,2023-09-07,202309.zip,20230907_1.csv,IM,2023-10-20,6083.49,-10.489999999999782,0.0017243391540052722,43,0.014662114812417986
IM2312,6163.4,6163.4,6053.0,16384,1998239.044,74505,2058.0,6059.8,6066.4,6172.0,2023-09-07,202309.zip,20230907_1.csv,IM,2023-12-15,6083.49,-23.6899999999996,0.0038941462877393196,99,0.014413333640040342
IM2403,6146.6,6146.6,6037.0,6071,738436.212,32779,1215.0,6044.8,6049.4,6156.0,2023-09-07,202309.zip,20230907_1.csv,IM,2024-03-15,6083.49,-38.6899999999996,0.0063598362124371866,190,0.012295779234348115
IM2309,6050.4,6111.0,6050.4,41430,5042914.816,82315,-7845.0,6075.4,6092.0,6083.0,2023-09-08,202309.zip,20230908_1.csv,IM,2023-09-15,6102.49,-27.090000000000146,0.004439171551284815,7,0.23250320966520688
IM2310,6053.4,6103.8,6051.6,8164,993055.088,20257,2786.0,6072.2,6086.0,6081.4,2023-09-08,202309.zip,20230908_1.csv,IM,2023-10-20,6102.49,-30.289999999999964,0.004963547666608226,42,0.04335076641242476
IM2312,6044.0,6091.8,6036.8,17302,2099802.712,75360,855.0,6057.2,6074.0,6066.4,2023-09-08,202309.zip,20230908_1.csv,IM,2023-12-15,6102.49,-45.289999999999964,0.007421560707186692,98,0.02784820426222411
IM2403,6029.8,6072.0,6020.2,5144,622527.044,33672,893.0,6037.0,6053.6,6049.4,2023-09-08,202309.zip,20230908_1.csv,IM,2024-03-15,6102.49,-65.48999999999978,0.010731684935165742,189,0.020950040885439305
IM2309,6093.0,6198.2,6058.0,53983,6631058.872,78322,-3993.0,6165.0,6167.6,6092.0,2023-09-11,202309.zip,20230911_1.csv,IM,2023-09-15,6182.64,-17.640000000000327,0.002853150110632363,4,0.2610948905109456
IM2310,6085.2,6192.0,6053.2,12300,1509898.508,26762,6505.0,6155.4,6157.6,6086.0,2023-09-11,202309.zip,20230911_1.csv,IM,2023-10-20,6182.64,-27.24000000000069,0.004405884864718046,39,0.04141704219684696
IM2312,6075.0,6182.2,6041.0,21013,2573906.196,78353,2993.0,6144.6,6148.6,6074.0,2023-09-11,202309.zip,20230911_1.csv,IM,2023-12-15,6182.64,-38.039999999999964,0.0061527114630642865,95,0.023785711716064254
IM2403,6052.0,6160.4,6022.2,6419,783432.468,34874,1202.0,6124.6,6126.8,6053.6,2023-09-11,202309.zip,20230911_1.csv,IM,2024-03-15,6182.64,-58.039999999999964,0.009387575534076098,186,0.018596430611751275
IM2309,6165.0,6197.4,6153.4,38208,4718519.156,61161,-17161.0,6172.2,6175.2,6167.6,2023-09-12,202309.zip,20230912_1.csv,IM,2023-09-15,6184.61,-12.409999999999854,0.00200659378683532,3,0.24462644329951302
IM2310,6145.4,6187.0,6145.4,12521,1543957.284,31720,4958.0,6164.8,6165.4,6157.6,2023-09-12,202309.zip,20230912_1.csv,IM,2023-10-20,6184.61,-19.80999999999949,0.0032031122415155933,38,0.030865601991612618
IM2312,6144.8,6177.4,6133.8,16923,2083671.696,80336,1983.0,6155.0,6155.8,6148.6,2023-09-12,202309.zip,20230912_1.csv,IM,2023-12-15,6184.61,-29.609999999999673,0.004787690735551631,94,0.01867993501218494
IM2403,6124.6,6154.6,6113.0,5327,653474.308,36285,1411.0,6134.0,6134.8,6126.8,2023-09-12,202309.zip,20230912_1.csv,IM,2024-03-15,6184.61,-50.60999999999967,0.008183216079914457,185,0.01627847443139241
IM2309,6158.0,6165.4,6041.4,50989,6216315.16,48936,-12225.0,6094.0,6070.8,6175.2,2023-09-13,202309.zip,20230913_1.csv,IM,2023-09-15,6103.14,-9.140000000000327,0.00149758976526837,2,0.2737200525106642
IM2310,6160.8,6160.8,6025.0,24385,2965120.176,44823,13103.0,6082.0,6058.0,6165.4,2023-09-13,202309.zip,20230913_1.csv,IM,2023-10-20,6103.14,-21.140000000000327,0.0034637907699971437,37,0.03428859638988001
IM2312,6147.8,6147.8,6013.0,27435,3330684.148,88658,8322.0,6065.6,6046.0,6155.8,2023-09-13,202309.zip,20230913_1.csv,IM,2023-12-15,6103.14,-37.539999999999964,0.006150932143126342,93,0.024290162325598188
IM2403,6128.4,6128.4,5993.8,7623,922488.44,39712,3427.0,6044.6,6023.6,6134.8,2023-09-13,202309.zip,20230913_1.csv,IM,2024-03-15,6103.14,-58.539999999999964,0.009591783901401585,184,0.019211452118959093
IM2309,6093.0,6093.6,6031.2,38289,4642562.94,25838,-23098.0,6077.2,6059.8,6070.8,2023-09-14,202309.zip,20230914_1.csv,IM,2023-09-15,6068.71,8.489999999999782,-0.0013989793547557472,1,-0.5099141051799888
IM2310,6070.2,6078.6,6007.4,32732,3956329.128,57046,12223.0,6058.8,6042.2,6058.0,2023-09-14,202309.zip,20230914_1.csv,IM,2023-10-20,6068.71,-9.909999999999854,0.0016329664788727882,36,0.016583546063393066
IM2312,6056.2,6064.6,5993.2,21374,2576912.296,89615,957.0,6041.0,6022.2,6046.0,2023-09-14,202309.zip,20230914_1.csv,IM,2023-12-15,6068.71,-27.710000000000036,0.004566044513578671,92,0.018198379911186634
IM2403,6044.4,6044.4,5968.8,6372,765145.788,40351,639.0,6011.6,5998.0,6023.6,2023-09-14,202309.zip,20230914_1.csv,IM,2024-03-15,6068.71,-57.10999999999967,0.009410566660789432,183,0.01894802107546536
IM2309,6088.0,6122.4,6047.2,20135,2447761.64,0,-25838.0,6066.6,6066.5,6059.8,2023-09-15,202309.zip,20230915_1.csv,IM,2023-09-15,6079.06,-12.460000000000036,0.002049658993331205,0,
IM2310,6066.8,6110.0,6020.8,46550,5640568.064,70532,13486.0,6067.4,6044.6,6042.2,2023-09-15,202309.zip,20230915_1.csv,IM,2023-10-20,6079.06,-11.660000000000764,0.0019180597000195698,35,0.02004106254032109
IM2312,6050.0,6087.0,6001.2,22088,2668005.472,92546,2931.0,6043.8,6022.6,6022.2,2023-09-15,202309.zip,20230915_1.csv,IM,2023-12-15,6079.06,-35.26000000000022,0.00580023885271741,91,0.02340042233817707
IM2403,6023.2,6062.6,5976.4,7425,892930.836,42554,2203.0,6018.6,5996.8,5998.0,2023-09-15,202309.zip,20230915_1.csv,IM,2024-03-15,6079.06,-60.460000000000036,0.009945616592038853,182,0.02014624627026197
IM2310,6040.0,6107.0,6019.2,45674,5547350.572,72555,2023.0,6083.6,6089.2,6044.6,2023-09-18,202309.zip,20230918_1.csv,IM,2023-10-20,6083.97,-0.36999999999989086,6.081555300241348e-05,32,0.0006937195903741061
IM2311,6036.4,6098.2,6015.4,1064,128876.804,1032,1032.0,6071.2,6076.8,6044.6,2023-09-18,202309.zip,20230918_1.csv,IM,2023-11-17,6083.97,-12.770000000000437,0.002098958410380103,60,0.012795520929416104
IM2312,6026.0,6081.6,6000.0,15326,1854176.448,91049,-1497.0,6060.0,6065.4,6022.6,2023-09-18,202309.zip,20230918_1.csv,IM,2023-12-15,6083.97,-23.970000000000255,0.0039398616363985894,88,0.01640610936093634
IM2403,6000.0,6056.6,5974.4,5500,662629.148,43092,538.0,6033.8,6040.2,5996.8,2023-09-18,202309.zip,20230918_1.csv,IM,2024-03-15,6083.97,-50.17000000000007,0.008246260254406224,179,0.01695481376698995
IM2310,6078.2,6079.6,6010.0,37431,4515220.532,72024,-531.0,6039.2,6032.0,6089.2,2023-09-19,202309.zip,20230919_1.csv,IM,2023-10-20,6031.04,8.159999999999854,-0.001353000477529509,31,-0.015908964656715725
IM2311,6063.8,6068.6,6005.2,1010,121718.552,1059,27.0,6030.8,6025.6,6076.8,2023-09-19,202309.zip,20230919_1.csv,IM,2023-11-17,6031.04,-0.23999999999978172,3.9794131691972545e-05,59,0.0002461938321137292
IM2312,6052.6,6057.6,5996.8,13346,1605242.2,91775,726.0,6021.6,6014.4,6065.4,2023-09-19,202309.zip,20230919_1.csv,IM,2023-12-15,6031.04,-9.4399999999996,0.0015652358465537697,87,0.0065770887639744705
IM2403,6033.8,6033.8,5978.2,4867,583503.572,43564,472.0,6001.6,5995.4,6040.2,2023-09-19,202309.zip,20230919_1.csv,IM,2024-03-15,6031.04,-29.4399999999996,0.004881413487557662,178,0.010058740890069681
IM2310,6020.0,6043.8,5985.0,29923,3599207.876,71440,-584.0,5987.2,5990.8,6032.0,2023-09-20,202309.zip,20230920_1.csv,IM,2023-10-20,5982.56,4.639999999999418,-0.0007755877082720186,30,-0.00942900409762957
IM2311,6022.0,6037.2,5980.6,1222,146790.092,1605,546.0,5983.2,5986.2,6025.6,2023-09-20,202309.zip,20230920_1.csv,IM,2023-11-17,5982.56,0.6399999999994179,-0.00010697761493405622,58,-0.0006731491855351613
IM2312,6003.6,6027.0,5971.0,11296,1355065.596,90930,-845.0,5974.0,5978.2,6014.4,2023-09-20,202309.zip,20230920_1.csv,IM,2023-12-15,5982.56,-8.5600000000004,0.0014308255997432795,86,0.006081391455999918
IM2403,5989.0,6006.8,5954.8,3748,448113.464,43310,-254.0,5960.8,5962.2,5995.4,2023-09-20,202309.zip,20230920_1.csv,IM,2024-03-15,5982.56,-21.76000000000022,0.0036372389077585776,177,0.007527901688394186
IM2310,5970.0,6006.2,5928.4,38129,4545634.1,75442,4002.0,5941.8,5946.4,5990.8,2023-09-21,202309.zip,20230921_1.csv,IM,2023-10-20,5939.66,2.1400000000003274,-0.00036028998292847447,29,-0.004533051055003992
IM2311,5962.6,5998.8,5923.8,1439,171237.948,1902,297.0,5936.2,5937.2,5986.2,2023-09-21,202309.zip,20230921_1.csv,IM,2023-11-17,5939.66,-3.4600000000000364,0.0005825249256691256,57,0.0037323776744176214
IM2312,5960.2,5989.8,5915.2,14818,1761973.86,93035,2105.0,5927.2,5935.2,5978.2,2023-09-21,202309.zip,20230921_1.csv,IM,2023-12-15,5939.66,-12.460000000000036,0.002097763171629352,85,0.009026978317308698
IM2403,5953.2,5974.0,5899.0,4527,536340.596,44557,1247.0,5911.2,5913.4,5962.2,2023-09-21,202309.zip,20230921_1.csv,IM,2024-03-15,5939.66,-28.460000000000036,0.004791520053336384,176,0.009984801578513681
IM2310,5941.6,6068.0,5925.2,52998,6360625.436,76350,908.0,6065.0,6052.2,5946.4,2023-09-22,202309.zip,20230922_1.csv,IM,2023-10-20,6054.93,10.069999999999709,-0.001663107583407264,28,-0.02164379931692372
IM2311,5931.0,6065.8,5918.8,1646,197502.576,2254,352.0,6062.4,6051.6,5937.2,2023-09-22,202309.zip,20230922_1.csv,IM,2023-11-17,6054.93,7.469999999999345,-0.001233705426817444,56,-0.00803120758398308
IM2312,5930.0,6057.2,5912.8,20359,2440529.216,93055,20.0,6056.0,6041.8,5935.2,2023-09-22,202309.zip,20230922_1.csv,IM,2023-12-15,6054.93,1.069999999999709,-0.00017671550290421223,84,-0.000767735264515129
IM2403,5897.2,6042.6,5894.2,6575,786380.412,44824,267.0,6042.0,6026.8,5913.4,2023-09-22,202309.zip,20230922_1.csv,IM,2024-03-15,6054.93,-12.930000000000291,0.0021354499556560658,175,0.004463469995744397
IM2310,6055.2,6070.0,6009.8,34272,4133266.828,68659,-7691.0,6031.4,6026.6,6052.2,2023-09-25,202309.zip,20230925_1.csv,IM,2023-10-20,6027.39,4.009999999999309,-0.0006652962559248188,25,-0.009706867393969976
IM2311,6068.0,6068.0,6004.2,2048,246688.62,3095,841.0,6027.0,6019.6,6051.6,2023-09-25,202309.zip,20230925_1.csv,IM,2023-11-17,6027.39,-0.3900000000003274,6.470462339425165e-05,53,0.0004456361467731699
IM2312,6047.8,6061.4,6001.8,12940,1558127.788,91366,-1689.0,6018.2,6014.8,6041.8,2023-09-25,202309.zip,20230925_1.csv,IM,2023-12-15,6027.39,-9.19000000000051,0.0015247063820327256,81,0.00688108211675664
IM2403,6037.8,6046.0,5983.0,4280,513768.54,44997,173.0,6002.6,5995.8,6026.8,2023-09-25,202309.zip,20230925_1.csv,IM,2024-03-15,6027.39,-24.789999999999964,0.004112891317800904,172,0.008763983281663279
IM2310,6021.6,6038.2,6000.8,27754,3340186.036,67998,-661.0,6007.2,6010.8,6026.6,2023-09-26,202309.zip,20230926_1.csv,IM,2023-10-20,5996.11,11.090000000000146,-0.001849532446869695,24,-0.028076377791095702
IM2311,6021.0,6032.4,5996.8,3049,366675.064,4686,1591.0,6003.8,6005.2,6019.6,2023-09-26,202309.zip,20230926_1.csv,IM,2023-11-17,5996.11,7.690000000000509,-0.0012824981529693247,52,-0.008990620043203994
IM2312,6010.0,6025.0,5992.0,10577,1270360.908,91165,-201.0,5997.0,5997.4,6014.8,2023-09-26,202309.zip,20230926_1.csv,IM,2023-12-15,5996.11,0.8900000000003274,-0.00014842956516814,80,-0.0006771093880278342
IM2403,6000.6,6006.0,5973.2,3765,450662.984,45364,367.0,5978.0,5978.4,5995.8,2023-09-26,202309.zip,20230926_1.csv,IM,2024-03-15,5996.11,-18.109999999999673,0.0030202914889819743,171,0.006466351280230012
IM2310,6005.0,6080.0,5997.8,38721,4686482.888,70607,2609.0,6050.2,6059.4,6010.8,2023-09-27,202309.zip,20230927_1.csv,IM,2023-10-20,6034.06,16.139999999999418,-0.002674815961392296,23,-0.042334928202156494
IM2311,6003.8,6072.8,5993.4,2604,314758.82,5403,717.0,6045.4,6052.6,6005.2,2023-09-27,202309.zip,20230927_1.csv,IM,2023-11-17,6034.06,11.339999999999236,-0.001879331660606498,51,-0.01342488892867438
IM2312,5995.8,6065.0,5986.0,16279,1965312.924,91813,648.0,6034.4,6042.2,5997.4,2023-09-27,202309.zip,20230927_1.csv,IM,2023-12-15,6034.06,0.339999999999236,-5.634680463884045e-05,79,-0.0002603218341420579
IM2403,5978.0,6044.2,5970.0,5979,719650.188,46864,1500.0,6015.6,6024.6,5978.4,2023-09-27,202309.zip,20230927_1.csv,IM,2024-03-15,6034.06,-18.460000000000036,0.0030593000401056836,170,0.00658865381380949
IM2310,6063.4,6078.4,6045.0,31072,3769403.108,66737,-3870.0,6075.0,6070.0,6059.4,2023-09-28,202309.zip,20230928_1.csv,IM,2023-10-20,6078.94,-3.9399999999996,0.0006481393137618419,22,0.010760194537972813
IM2311,6054.8,6070.2,6037.4,2938,355843.92,6153,750.0,6064.0,6059.2,6052.6,2023-09-28,202309.zip,20230928_1.csv,IM,2023-11-17,6078.94,-14.9399999999996,0.0024576653166504814,50,0.017985158311345527
IM2312,6043.6,6060.0,6028.6,10923,1320859.716,89262,-2551.0,6054.0,6049.0,6042.2,2023-09-28,202309.zip,20230928_1.csv,IM,2023-12-15,6078.94,-24.9399999999996,0.004102688955640255,78,0.019277570243873013
IM2403,6025.8,6040.8,6009.0,4735,570709.04,46717,-147.0,6034.4,6028.8,6024.6,2023-09-28,202309.zip,20230928_1.csv,IM,2024-03-15,6078.94,-44.539999999999964,0.007326935288060055,169,0.015941246517991083
IM2310,6075.0,6079.6,6017.0,36957,4471994.132,68420,1683.0,6055.0,6058.2,6070.0,2023-10-09,202310.zip,20231009_1.csv,IM,2023-10-20,6059.97,-4.970000000000255,0.0008201360732809082,11,0.02723594324750273
IM2311,6061.0,6069.0,6010.6,3892,470207.268,6961,808.0,6043.0,6047.4,6059.2,2023-10-09,202310.zip,20231009_1.csv,IM,2023-11-17,6059.97,-16.970000000000255,0.0028003438960919613,39,0.026281945204666892
IM2312,6050.0,6058.0,6002.8,13497,1628141.108,91549,2287.0,6032.4,6037.4,6049.0,2023-10-09,202310.zip,20231009_1.csv,IM,2023-12-15,6059.97,-27.57000000000062,0.004549527472908377,67,0.024898013414131264
IM2403,6030.2,6035.8,5982.0,4245,510200.54,47199,482.0,6017.6,6015.0,6028.8,2023-10-09,202310.zip,20231009_1.csv,IM,2024-03-15,6059.97,-42.36999999999989,0.006991783787708483,158,0.016265631363191337
IM2310,6074.2,6094.8,6028.4,29619,3585151.324,63047,-5373.0,6033.8,6037.4,6058.2,2023-10-10,202310.zip,20231010_1.csv,IM,2023-10-20,6043.48,-9.679999999999382,0.0016017261577765396,10,0.05855679671185665
IM2311,6072.8,6084.2,6018.2,2287,276391.236,6923,-38.0,6024.2,6026.8,6047.4,2023-10-10,202310.zip,20231010_1.csv,IM,2023-11-17,6043.48,-19.279999999999745,0.003190214909290612,38,0.03074092388768683
IM2312,6060.4,6073.6,6006.8,12084,1457701.144,90930,-619.0,6015.0,6016.0,6037.4,2023-10-10,202310.zip,20231010_1.csv,IM,2023-12-15,6043.48,-28.479999999999563,0.00471251662949157,66,0.026185042444393136
IM2403,6025.6,6051.8,5983.0,4804,576976.044,47716,517.0,5990.0,5991.6,6015.0,2023-10-10,202310.zip,20231010_1.csv,IM,2024-03-15,6043.48,-53.47999999999956,0.00884920608655937,157,0.020756675137968587
IM2310,6059.8,6114.4,6026.0,39897,4841970.84,64663,1616.0,6040.4,6041.8,6037.4,2023-10-11,202310.zip,20231011_1.csv,IM,2023-10-20,6059.4,-19.0,0.0031356239891738857,9,0.12756697496118494
IM2311,6050.2,6103.2,6016.2,4171,505183.796,8931,2008.0,6030.2,6031.4,6026.8,2023-10-11,202310.zip,20231011_1.csv,IM,2023-11-17,6059.4,-29.199999999999818,0.004818958972835574,37,0.047768573853943445
IM2312,6040.0,6095.0,6009.0,15117,1828851.796,92572,1642.0,6021.2,6023.0,6016.0,2023-10-11,202310.zip,20231011_1.csv,IM,2023-12-15,6059.4,-38.19999999999982,0.006304254546654731,65,0.03562540561809827
IM2403,6004.2,6068.8,5987.4,5574,671842.988,48421,705.0,5995.2,6002.2,5991.6,2023-10-11,202310.zip,20231011_1.csv,IM,2024-03-15,6059.4,-64.19999999999982,0.01059510842657685,156,0.025055300650776966
IM2310,6078.0,6096.8,6052.0,33395,4058698.248,58148,-6515.0,6093.0,6089.8,6041.8,2023-10-12,202310.zip,20231012_1.csv,IM,2023-10-20,6104.46,-11.460000000000036,0.001877315929664558,8,0.08581363860167918
IM2311,6066.6,6084.2,6041.6,5100,618779.188,10687,1756.0,6081.0,6078.4,6031.4,2023-10-12,202310.zip,20231012_1.csv,IM,2023-11-17,6104.46,-23.460000000000036,0.0038430917722451774,36,0.03911500301485435
IM2312,6060.2,6074.0,6034.2,12390,1501058.084,90909,-1663.0,6071.0,6067.8,6023.0,2023-10-12,202310.zip,20231012_1.csv,IM,2023-12-15,6104.46,-33.460000000000036,0.005481238307729064,64,0.03143247611596123
IM2403,6036.0,6048.6,6012.2,4912,592738.932,48527,106.0,6047.0,6041.8,6002.2,2023-10-12,202310.zip,20231012_1.csv,IM,2024-03-15,6104.46,-57.460000000000036,0.009412789992890414,155,0.0223762249475878
IM2310,6069.0,6085.6,6058.4,24927,3026937.204,55661,-2487.0,6084.2,6076.6,6089.8,2023-10-13,202310.zip,20231013_1.csv,IM,2023-10-20,6081.87,2.3299999999999272,-0.0003831058539560672,7,-0.019968583732101277
IM2311,6062.4,6072.8,6046.6,4146,502451.304,11982,1295.0,6072.0,6063.8,6078.4,2023-10-13,202310.zip,20231013_1.csv,IM,2023-11-17,6081.87,-9.86999999999989,0.0016228561281316223,35,0.016951581027667566
IM2312,6052.6,6063.8,6037.8,10099,1222179.984,91950,1041.0,6061.0,6055.0,6067.8,2023-10-13,202310.zip,20231013_1.csv,IM,2023-12-15,6081.87,-20.86999999999989,0.0034315103742763586,63,0.01994942947756017
IM2403,6022.6,6039.6,6012.4,4502,542655.068,49375,848.0,6039.6,6029.2,6041.8,2023-10-13,202310.zip,20231013_1.csv,IM,2024-03-15,6081.87,-42.26999999999953,0.006950164998594133,154,0.016588083583414372
IM2310,6090.2,6092.0,5995.0,36887,4442582.932,55778,117.0,6013.4,6010.8,6076.6,2023-10-16,202310.zip,20231016_1.csv,IM,2023-10-20,6024.36,-10.960000000000036,0.0018192803882902675,4,0.1663119034157015
IM2311,6075.8,6078.6,5984.6,9744,1170506.16,18175,6193.0,6000.2,5997.2,6063.8,2023-10-16,202310.zip,20231016_1.csv,IM,2023-11-17,6024.36,-24.159999999999854,0.004010384505574005,32,0.045927635745475204
IM2312,6076.2,6076.2,5974.0,14818,1777917.204,94316,2366.0,5991.0,5988.2,6055.0,2023-10-16,202310.zip,20231016_1.csv,IM,2023-12-15,6024.36,-33.35999999999967,0.0055375176782263,60,0.0338741445501578
IM2403,6047.0,6047.0,5949.0,5737,685503.812,49907,532.0,5969.6,5964.8,6029.2,2023-10-16,202310.zip,20231016_1.csv,IM,2024-03-15,6024.36,-54.75999999999931,0.009089762232004639,151,0.022173493603795173
IM2310,6020.2,6024.4,5961.0,35111,4204771.964,46652,-9126.0,6006.6,5995.0,6010.8,2023-10-17,202310.zip,20231017_1.csv,IM,2023-10-20,6011.37,-4.769999999999527,0.0007934963244650151,3,0.09661871940862765
IM2311,6001.4,6015.2,5950.8,13700,1636784.492,24662,6487.0,5994.4,5981.0,5997.2,2023-10-17,202310.zip,20231017_1.csv,IM,2023-11-17,6011.37,-16.970000000000255,0.0028229837790720858,31,0.0333324543767727
IM2312,6002.0,6002.0,5939.2,13894,1657627.592,94713,397.0,5981.4,5970.6,5988.2,2023-10-17,202310.zip,20231017_1.csv,IM,2023-12-15,6011.37,-29.970000000000255,0.004985552378243274,59,0.030997363011777745
IM2403,5975.8,5978.0,5916.0,4929,585833.556,50225,318.0,5957.0,5949.6,5964.8,2023-10-17,202310.zip,20231017_1.csv,IM,2024-03-15,6011.37,-54.36999999999989,0.009044527287456972,150,0.02220922164400394
IM2310,5990.0,5990.0,5894.0,37469,4444389.976,36893,-9759.0,5904.6,5908.8,5995.0,2023-10-18,202310.zip,20231018_1.csv,IM,2023-10-20,5908.01,-3.4099999999998545,0.0005771825030762567,2,0.10539663990786041
IM2311,5976.6,5976.6,5881.2,20693,2448452.548,35946,11284.0,5887.4,5896.0,5981.0,2023-10-18,202310.zip,20231018_1.csv,IM,2023-11-17,5908.01,-20.610000000000582,0.0034884842781242043,30,0.042591806230256636
IM2312,5969.8,5969.8,5869.8,17970,2122297.712,98036,3323.0,5874.4,5883.6,5970.6,2023-10-18,202310.zip,20231018_1.csv,IM,2023-12-15,5908.01,-33.61000000000058,0.0056888867825207745,58,0.036005584722960025
IM2403,5941.4,5943.4,5849.0,6442,757879.496,51922,1697.0,5855.4,5862.0,5949.6,2023-10-18,202310.zip,20231018_1.csv,IM,2024-03-15,5908.01,-52.61000000000058,0.008904859673561916,149,0.022009913180582746
IM2310,5884.2,5926.8,5837.6,33707,3965920.568,22835,-14058.0,5845.2,5859.4,5908.8,2023-10-19,202310.zip,20231019_1.csv,IM,2023-10-20,5842.89,2.3099999999994907,-0.0003953522999746717,1,-0.1442465612810262
IM2311,5861.2,5912.2,5818.6,34130,4002658.148,53233,17287.0,5830.4,5841.6,5896.0,2023-10-19,202310.zip,20231019_1.csv,IM,2023-11-17,5842.89,-12.490000000000691,0.0021376407907731654,29,0.026962425243196548
IM2312,5850.0,5897.4,5801.2,19853,2321034.496,96974,-1062.0,5815.0,5822.2,5883.6,2023-10-19,202310.zip,20231019_1.csv,IM,2023-12-15,5842.89,-27.890000000000327,0.004773322790605383,57,0.03071261558884293
IM2403,5826.4,5874.8,5772.2,8261,961163.592,52167,245.0,5790.0,5793.0,5862.0,2023-10-19,202310.zip,20231019_1.csv,IM,2024-03-15,5842.89,-52.89000000000033,0.009052027335787693,148,0.022528182327405537
IM2310,5823.8,5863.0,5781.2,18302,2129415.664,0,-22835.0,5787.0,5787.77,5859.4,2023-10-20,202310.zip,20231020_1.csv,IM,2023-10-20,5774.32,12.680000000000291,-0.0021959295640006093,0,
IM2311,5820.0,5848.4,5741.8,45404,5260559.424,64725,11492.0,5766.2,5758.0,5841.6,2023-10-20,202310.zip,20231020_1.csv,IM,2023-11-17,5774.32,-8.11999999999989,0.001406226187672277,28,0.018356976865178558
IM2312,5800.0,5830.0,5725.0,18297,2113564.148,97819,845.0,5748.0,5741.0,5822.2,2023-10-20,202310.zip,20231020_1.csv,IM,2023-12-15,5774.32,-26.31999999999971,0.0045581124703860665,56,0.029845163535142324
IM2403,5766.6,5798.4,5695.8,7903,907770.66,53145,978.0,5722.0,5709.6,5793.0,2023-10-20,202310.zip,20231020_1.csv,IM,2024-03-15,5774.32,-52.31999999999971,0.009060807159977258,147,0.022703635805947794
IM2311,5751.4,5751.4,5571.2,48848,5527033.492,67632,2907.0,5602.0,5603.8,5758.0,2023-10-23,202310.zip,20231023_1.csv,IM,2023-11-17,5638.14,-36.14000000000033,0.006409915326685778,25,0.09418850410567853
IM2312,5727.0,5731.0,5550.0,23981,2702708.128,98090,271.0,5585.0,5585.6,5741.0,2023-10-23,202310.zip,20231023_1.csv,IM,2023-12-15,5638.14,-53.14000000000033,0.009425094091313868,53,0.06552625800239845
IM2403,5699.8,5700.0,5516.4,11725,1315396.492,53405,260.0,5550.8,5553.0,5709.6,2023-10-23,202310.zip,20231023_1.csv,IM,2024-03-15,5638.14,-87.34000000000015,0.015490924311918453,144,0.03988301486072063
IM2406,5679.6,5679.6,5469.0,5752,639675.384,5554,5554.0,5514.0,5503.2,5709.6,2023-10-23,202310.zip,20231023_1.csv,IM,2024-06-21,5638.14,-124.14000000000033,0.022017899520054507,242,0.033956465435840494
IM2311,5622.6,5725.0,5588.8,52659,5965993.216,68042,410.0,5675.2,5690.4,5603.8,2023-10-24,202310.zip,20231024_1.csv,IM,2023-11-17,5719.32,-44.11999999999989,0.007714203786464147,24,0.11823225025843409
IM2312,5610.0,5707.8,5568.6,25330,2860395.764,97660,-430.0,5660.8,5673.2,5585.6,2023-10-24,202310.zip,20231024_1.csv,IM,2023-12-15,5719.32,-58.51999999999953,0.010231985620668071,52,0.07256313323476887
IM2403,5561.6,5669.4,5535.0,12200,1368584.004,51262,-2143.0,5624.4,5636.4,5553.0,2023-10-24,202310.zip,20231024_1.csv,IM,2024-03-15,5719.32,-94.92000000000007,0.016596378590461813,143,0.04307629643665493
IM2406,5542.4,5618.2,5485.4,8259,918577.328,10260,4706.0,5580.4,5585.2,5503.2,2023-10-24,202310.zip,20231024_1.csv,IM,2024-06-21,5719.32,-138.92000000000007,0.024289600861640892,241,0.037702944300308856
IM2311,5725.0,5792.8,5725.0,35641,4106642.264,61564,-6478.0,5739.6,5749.8,5690.4,2023-10-25,202310.zip,20231025_1.csv,IM,2023-11-17,5778.9,-39.29999999999927,0.0068006021907282,23,0.10866156405384908
IM2312,5711.4,5774.6,5708.6,18219,2092803.656,94900,-2760.0,5721.2,5731.8,5673.2,2023-10-25,202310.zip,20231025_1.csv,IM,2023-12-15,5778.9,-57.69999999999982,0.009984599145166029,51,0.07217908487592808
IM2403,5670.2,5736.6,5670.2,9354,1067091.744,50176,-1086.0,5682.8,5695.0,5636.4,2023-10-25,202310.zip,20231025_1.csv,IM,2024-03-15,5778.9,-96.09999999999945,0.016629462354427194,142,0.043467587392447514
IM2406,5630.4,5683.6,5620.0,6424,725950.044,13086,2826.0,5630.6,5639.0,5585.2,2023-10-25,202310.zip,20231025_1.csv,IM,2024-06-21,5778.9,-148.29999999999927,0.025662323279516785,240,0.0400560479049004
IM2311,5720.4,5804.2,5702.0,42229,4847517.412,64865,3301.0,5780.8,5774.4,5749.8,2023-10-26,202310.zip,20231026_1.csv,IM,2023-11-17,5811.69,-30.889999999999418,0.0053151492939229605,22,0.08865436995193966
IM2312,5680.0,5781.6,5680.0,20070,2296866.376,97364,2464.0,5762.0,5751.2,5731.8,2023-10-26,202310.zip,20231026_1.csv,IM,2023-12-15,5811.69,-49.6899999999996,0.008550008689382937,50,0.06295331482124275
IM2403,5663.4,5740.0,5644.2,9511,1080471.12,50167,-9.0,5718.4,5710.4,5695.0,2023-10-26,202310.zip,20231026_1.csv,IM,2024-03-15,5811.69,-93.28999999999996,0.016052129415023875,141,0.04223128673596146
IM2406,5610.6,5686.0,5588.0,4483,504200.74,14638,1552.0,5667.4,5653.8,5639.0,2023-10-26,202310.zip,20231026_1.csv,IM,2024-06-21,5811.69,-144.28999999999996,0.024827545860154232,239,0.038881886759522984
IM2311,5762.2,5927.4,5748.2,50082,5852230.476,61876,-2989.0,5907.0,5913.4,5774.4,2023-10-27,202310.zip,20231027_1.csv,IM,2023-11-17,5916.68,-9.680000000000291,0.001636052651148967,21,0.02848275250509923
IM2312,5745.2,5912.2,5731.0,24822,2894815.3,95879,-1485.0,5892.6,5896.2,5751.2,2023-10-27,202310.zip,20231027_1.csv,IM,2023-12-15,5916.68,-24.079999999999927,0.004069849983436624,49,0.03044011617476642
IM2403,5709.0,5874.2,5692.4,12773,1479879.356,50951,784.0,5850.0,5857.6,5710.4,2023-10-27,202310.zip,20231027_1.csv,IM,2024-03-15,5916.68,-66.68000000000029,0.011269833758121184,140,0.029716971916971816
IM2406,5651.0,5823.0,5635.6,6742,774052.856,17900,3262.0,5806.0,5807.4,5653.8,2023-10-27,202310.zip,20231027_1.csv,IM,2024-06-21,5916.68,-110.68000000000029,0.018706436717889185,238,0.029235331748958652
IM2311,5902.0,6003.0,5896.8,38967,4640335.816,60803,-1073.0,5975.0,5986.2,5913.4,2023-10-30,202310.zip,20231030_1.csv,IM,2023-11-17,6006.56,-31.5600000000004,0.0052542553474868026,18,0.1071073919107386
IM2312,5890.0,5984.4,5882.2,21774,2585040.52,96473,594.0,5957.0,5968.8,5896.2,2023-10-30,202310.zip,20231030_1.csv,IM,2023-12-15,6006.56,-49.5600000000004,0.008250978929703612,46,0.06601440760231
IM2403,5840.0,5945.6,5840.0,8234,971517.24,49779,-1172.0,5919.0,5929.8,5857.6,2023-10-30,202310.zip,20231030_1.csv,IM,2024-03-15,6006.56,-87.5600000000004,0.014577395381050073,137,0.03941211217617936
IM2406,5785.0,5897.2,5785.0,4750,556079.432,18706,806.0,5877.8,5879.8,5807.4,2023-10-30,202310.zip,20231030_1.csv,IM,2024-06-21,6006.56,-128.76000000000022,0.021436562691457328,235,0.03402445407639123
IM2311,5975.0,5989.6,5914.2,35985,4279528.752,59087,-1716.0,5945.0,5937.2,5986.2,2023-10-31,202310.zip,20231031_1.csv,IM,2023-11-17,5969.34,-24.340000000000146,0.004077502705491787,17,0.08790481373373793
IM2312,5944.0,5970.6,5898.4,17518,2076425.032,93549,-2924.0,5928.8,5919.6,5968.8,2023-10-31,202310.zip,20231031_1.csv,IM,2023-12-15,5969.34,-40.539999999999964,0.006791370570280786,45,0.055462225820476586
IM2403,5921.0,5934.8,5861.2,8143,958873.964,49445,-334.0,5891.8,5883.4,5929.8,2023-10-31,202310.zip,20231031_1.csv,IM,2024-03-15,5969.34,-77.53999999999996,0.012989710755292871,136,0.035320899635185976
IM2406,5870.0,5883.0,5810.0,4622,539623.428,20700,1994.0,5846.8,5835.6,5879.8,2023-10-31,202310.zip,20231031_1.csv,IM,2024-06-21,5969.34,-122.53999999999996,0.020528232601929153,234,0.03269163525201029
IM2311,5950.0,5965.0,5912.8,31788,3772799.144,56954,-2133.0,5936.2,5933.6,5937.2,2023-11-01,202311.zip,20231101_1.csv,IM,2023-11-17,5958.42,-22.220000000000255,0.0037291765266631582,16,0.08539027492335503
IM2312,5949.6,5949.6,5897.6,15197,1798591.58,93797,248.0,5920.2,5916.2,5919.6,2023-11-01,202311.zip,20231101_1.csv,IM,2023-12-15,5958.42,-38.220000000000255,0.006414452153423289,44,0.05355431788238143
IM2403,5900.0,5911.0,5862.0,6657,782787.828,48959,-486.0,5883.8,5878.2,5883.4,2023-11-01,202311.zip,20231101_1.csv,IM,2024-03-15,5958.42,-74.61999999999989,0.012523454204302453,135,0.03428912783751504
IM2406,5857.8,5864.8,5811.8,3032,353565.768,21036,336.0,5836.6,5830.4,5835.6,2023-11-01,202311.zip,20231101_1.csv,IM,2024-06-21,5958.42,-121.81999999999971,0.020445017303244772,233,0.032696074012164525
IM2311,5945.6,5969.6,5873.2,32331,3820799.0,58022,1068.0,5877.4,5883.0,5933.6,2023-11-02,202311.zip,20231102_1.csv,IM,2023-11-17,5885.25,-7.850000000000364,0.0013338430822820158,15,0.03250019850047048
IM2312,5932.0,5953.4,5858.0,16040,1890630.0,94143,346.0,5863.0,5868.0,5916.2,2023-11-02,202311.zip,20231102_1.csv,IM,2023-12-15,5885.25,-22.25,0.0037806380357673364,43,0.03221324903117243
IM2403,5895.0,5916.2,5825.0,6344,743542.324,49994,1035.0,5827.4,5833.4,5878.2,2023-11-02,202311.zip,20231102_1.csv,IM,2024-03-15,5885.25,-57.850000000000364,0.009829658892995252,134,0.02704061717701079
IM2406,5847.6,5869.0,5774.4,3777,438663.396,22807,1771.0,5776.2,5784.4,5830.4,2023-11-02,202311.zip,20231102_1.csv,IM,2024-06-21,5885.25,-109.05000000000018,0.01852937428316559,232,0.02970218011125319
IM2311,5888.0,5995.4,5888.0,44539,5307182.776,60138,2116.0,5958.0,5967.4,5883.0,2023-11-03,202311.zip,20231103_1.csv,IM,2023-11-17,5973.17,-15.170000000000073,0.0025396899803622475,14,0.06638193545292992
IM2312,5879.2,5981.0,5875.0,21729,2583088.188,96880,2737.0,5945.2,5954.8,5868.0,2023-11-03,202311.zip,20231103_1.csv,IM,2023-12-15,5973.17,-27.970000000000255,0.0046826057185715975,42,0.040885524296512106
IM2403,5836.4,5951.2,5836.4,8874,1049542.016,50531,537.0,5914.6,5923.2,5833.4,2023-11-03,202311.zip,20231103_1.csv,IM,2024-03-15,5973.17,-58.56999999999971,0.009805513655228193,133,0.02717634633704956
IM2406,5791.6,5899.6,5787.6,5136,602697.932,23380,573.0,5865.2,5873.4,5784.4,2023-11-03,202311.zip,20231103_1.csv,IM,2024-06-21,5973.17,-107.97000000000025,0.018075829082380035,231,0.02908714929617883
IM2311,6000.2,6099.8,6000.0,39128,4740887.092,56259,-3879.0,6085.8,6076.2,5967.4,2023-11-06,202311.zip,20231106_1.csv,IM,2023-11-17,6096.57,-10.769999999999527,0.0017665671024854612,11,0.058721644125366644
IM2312,5990.2,6086.8,5986.8,20202,2442740.884,95292,-1588.0,6071.0,6063.2,5954.8,2023-11-06,202311.zip,20231106_1.csv,IM,2023-12-15,6096.57,-25.56999999999971,0.004194161635148852,39,0.03941837825053088
IM2403,5960.0,6052.2,5956.2,7519,904825.232,50699,168.0,6039.8,6028.4,5923.2,2023-11-06,202311.zip,20231106_1.csv,IM,2024-03-15,6096.57,-56.76999999999953,0.00931179335265564,130,0.02639039244804342
IM2406,5900.0,5999.0,5900.0,4164,496796.436,24735,1355.0,5989.0,5975.4,5873.4,2023-11-06,202311.zip,20231106_1.csv,IM,2024-06-21,6096.57,-107.56999999999971,0.01764434755936528,228,0.028753775196046372
IM2311,6085.6,6128.0,6057.6,32102,3908120.06,54924,-1335.0,6098.0,6107.0,6076.2,2023-11-07,202311.zip,20231107_1.csv,IM,2023-11-17,6116.76,-18.76000000000022,0.003066983174098703,10,0.1122892751721899
IM2312,6052.6,6113.8,6042.6,17776,2159126.788,96488,1196.0,6082.4,6091.8,6063.2,2023-11-07,202311.zip,20231107_1.csv,IM,2023-12-15,6116.76,-34.36000000000058,0.005617352977720369,38,0.05426095654762358
IM2403,6028.6,6079.0,6010.8,7441,898795.656,51555,856.0,6049.4,6058.2,6028.4,2023-11-07,202311.zip,20231107_1.csv,IM,2024-03-15,6116.76,-67.36000000000058,0.011012366023842812,129,0.03150597547889339
IM2406,5985.2,6022.2,5958.2,3824,457761.524,25234,499.0,5996.4,6002.8,5975.4,2023-11-07,202311.zip,20231107_1.csv,IM,2024-06-21,6116.76,-120.36000000000058,0.019677083946403107,227,0.032274430737737836
IM2311,6097.0,6138.8,6072.4,38629,4718208.888,55049,125.0,6110.6,6098.6,6107.0,2023-11-08,202311.zip,20231108_1.csv,IM,2023-11-17,6138.94,-28.339999999999236,0.004616432152781957,9,0.18809027664131814
IM2312,6082.4,6124.8,6056.8,20596,2509349.632,97298,810.0,6091.0,6080.4,6091.8,2023-11-08,202311.zip,20231108_1.csv,IM,2023-12-15,6138.94,-47.9399999999996,0.007809165751742064,37,0.07764268947982565
IM2403,6048.0,6090.2,6023.2,8345,1011067.328,52037,482.0,6056.6,6046.4,6058.2,2023-11-08,202311.zip,20231108_1.csv,IM,2024-03-15,6138.94,-82.33999999999924,0.013412739007059749,128,0.0387672384258492
IM2406,5992.8,6034.4,5966.8,3993,479461.14,25943,709.0,6004.0,5990.0,6002.8,2023-11-08,202311.zip,20231108_1.csv,IM,2024-06-21,6138.94,-134.9399999999996,0.021980993461411802,226,0.03629814636849769
IM2311,6102.0,6146.6,6055.8,38845,4730840.036,53937,-1112.0,6072.2,6070.4,6098.6,2023-11-09,202311.zip,20231109_1.csv,IM,2023-11-17,6100.69,-28.48999999999978,0.004669963561498736,8,0.2140667715160853
IM2312,6087.8,6127.2,6036.2,22482,2728998.74,99118,1820.0,6053.0,6052.0,6080.4,2023-11-09,202311.zip,20231109_1.csv,IM,2023-12-15,6100.69,-47.6899999999996,0.007817148552048958,36,0.0798816473006959
IM2403,6055.8,6091.6,6000.0,8517,1027850.984,52331,294.0,6017.6,6015.6,6046.4,2023-11-09,202311.zip,20231109_1.csv,IM,2024-03-15,6100.69,-83.08999999999924,0.013619770878375959,127,0.03968392191304452
IM2406,5992.8,6036.0,5945.0,5225,624657.324,26997,1054.0,5967.6,5960.4,5990.0,2023-11-09,202311.zip,20231109_1.csv,IM,2024-06-21,6100.69,-133.08999999999924,0.02181556512460059,225,0.03617895897103607
IM2311,6050.4,6079.4,6025.2,35815,4334908.604,48280,-5657.0,6066.0,6065.2,6070.4,2023-11-10,202311.zip,20231110_1.csv,IM,2023-11-17,6088.56,-22.5600000000004,0.0037053096298632626,7,0.1939239790871916
IM2312,6033.2,6055.0,6006.0,24129,2910799.888,101029,1911.0,6043.8,6042.2,6052.0,2023-11-10,202311.zip,20231110_1.csv,IM,2023-12-15,6088.56,-44.76000000000022,0.007351491978398905,35,0.0772333394789458
IM2403,6000.0,6012.6,5967.8,8353,1001167.96,52535,204.0,6002.8,5999.4,6015.6,2023-11-10,202311.zip,20231110_1.csv,IM,2024-03-15,6088.56,-85.76000000000022,0.01408543235182047,126,0.041385977549101234
IM2406,5940.2,5954.0,5909.2,5335,633205.82,28301,1304.0,5947.0,5941.0,5960.4,2023-11-10,202311.zip,20231110_1.csv,IM,2024-06-21,6088.56,-141.5600000000004,0.023250160957599242,224,0.038787113550649954
IM2311,6088.4,6125.0,6062.4,35749,4354537.988,44284,-3996.0,6124.0,6111.0,6065.2,2023-11-13,202311.zip,20231113_1.csv,IM,2023-11-17,6144.63,-20.63000000000011,0.0033574031308638563,4,0.30739508491182344
IM2312,6074.4,6093.4,6036.8,25697,3117078.14,105373,4344.0,6092.2,6080.6,6042.2,2023-11-13,202311.zip,20231113_1.csv,IM,2023-12-15,6144.63,-52.43000000000029,0.0085326537155207,32,0.0981631738124173
IM2403,6014.4,6040.6,5988.0,9101,1095192.62,53652,1117.0,6039.6,6027.2,5999.4,2023-11-13,202311.zip,20231113_1.csv,IM,2024-03-15,6144.63,-105.02999999999975,0.01709297386498454,123,0.051605137797851405
IM2406,5967.8,5982.4,5930.0,4895,583379.88,29328,1027.0,5979.0,5967.8,5941.0,2023-11-13,202311.zip,20231113_1.csv,IM,2024-06-21,6144.63,-165.6300000000001,0.02695524384706649,221,0.045752100678165375
IM2311,6124.0,6179.2,6111.4,37346,4594084.732,39007,-5277.0,6165.4,6153.4,6111.0,2023-11-14,202311.zip,20231114_1.csv,IM,2023-11-17,6181.98,-16.579999999999927,0.002681988618533193,3,0.32718612471750896
IM2312,6088.8,6148.6,6074.0,30183,3690521.216,109848,4475.0,6123.2,6108.2,6080.6,2023-11-14,202311.zip,20231114_1.csv,IM,2023-12-15,6181.98,-58.779999999999745,0.009508280518539358,31,0.11302702782437032
IM2403,6044.4,6093.6,6021.2,10696,1295842.324,56152,2500.0,6061.6,6048.4,6027.2,2023-11-14,202311.zip,20231114_1.csv,IM,2024-03-15,6181.98,-120.3799999999992,0.019472725566889393,122,0.05941554683392545
IM2406,5984.4,6026.0,5960.6,6326,758194.66,31247,1919.0,5998.2,5985.6,5967.8,2023-11-14,202311.zip,20231114_1.csv,IM,2024-06-21,6181.98,-183.77999999999975,0.029728339464055176,220,0.05083320450680661
IM2311,6210.0,6228.4,6171.0,30794,3814600.292,28855,-10152.0,6199.2,6193.4,6153.4,2023-11-15,202311.zip,20231115_1.csv,IM,2023-11-17,6207.27,-8.070000000000618,0.0013000884446786598,2,0.23757500967870493
IM2312,6180.0,6183.4,6122.0,37685,4636264.384,115003,5155.0,6153.4,6144.8,6108.2,2023-11-15,202311.zip,20231115_1.csv,IM,2023-12-15,6207.27,-53.8700000000008,0.00867853339712965,30,0.1065132013737671
IM2403,6115.0,6124.2,6058.0,11436,1392109.176,57343,1191.0,6090.0,6075.8,6048.4,2023-11-15,202311.zip,20231115_1.csv,IM,2024-03-15,6207.27,-117.27000000000044,0.018892363309474303,121,0.05808675650368431
IM2406,6041.2,6055.8,5990.0,6827,821393.508,32454,1207.0,6019.6,6002.6,5985.6,2023-11-15,202311.zip,20231115_1.csv,IM,2024-06-21,6207.27,-187.67000000000007,0.03023390314904939,219,0.05196081688705779
IM2311,6182.8,6192.2,6138.0,25910,3195542.556,16428,-12427.0,6145.0,6157.2,6193.4,2023-11-16,202311.zip,20231116_1.csv,IM,2023-11-17,6145.15,-0.1499999999996362,2.4409493665666915e-05,1,0.008909682668855057
IM2312,6135.0,6145.8,6082.8,43848,5362618.76,122178,7175.0,6088.8,6101.0,6144.8,2023-11-16,202311.zip,20231116_1.csv,IM,2023-12-15,6145.15,-56.349999999999454,0.009169833120428184,29,0.1164815330805221
IM2403,6077.0,6080.0,6012.0,12660,1530491.604,61147,3804.0,6016.2,6030.4,6075.8,2023-11-16,202311.zip,20231116_1.csv,IM,2024-03-15,6145.15,-128.94999999999982,0.02098402805464472,120,0.06519446106623249
IM2406,5997.2,6007.6,5941.2,5181,618662.044,34001,1547.0,5949.2,5956.6,6002.6,2023-11-16,202311.zip,20231116_1.csv,IM,2024-06-21,6145.15,-195.94999999999982,0.03188693522534025,218,0.055147149535794464
IM2311,6140.0,6180.4,6128.4,13407,1651991.364,0,-16428.0,6179.6,6179.54,6157.2,2023-11-17,202311.zip,20231117_1.csv,IM,2023-11-17,6199.23,-19.6299999999992,0.003166522293897689,0,
IM2312,6079.8,6155.0,6071.8,48384,5920674.3,130747,8569.0,6153.2,6146.0,6101.0,2023-11-17,202311.zip,20231117_1.csv,IM,2023-12-15,6199.23,-46.029999999999745,0.0074251156998530465,28,0.09751575254687275
IM2403,6004.0,6076.0,6000.0,11463,1385151.136,61939,792.0,6075.4,6065.8,6030.4,2023-11-17,202311.zip,20231117_1.csv,IM,2024-03-15,6199.23,-123.82999999999993,0.01997506141891814,119,0.06251682290587518
IM2406,5935.0,5998.4,5927.2,6108,729004.344,35469,1468.0,5997.4,5988.8,5956.6,2023-11-17,202311.zip,20231117_1.csv,IM,2024-06-21,6199.23,-201.82999999999993,0.032557269209240514,217,0.05660513565094793
IM2312,6165.4,6218.0,6115.8,51325,6336031.676,130489,-258.0,6213.8,6208.6,6146.0,2023-11-20,202311.zip,20231120_1.csv,IM,2023-12-15,6253.28,-39.47999999999956,0.006313486682189118,25,0.09276256075187224
IM2401,6146.0,6190.8,6092.0,1809,222320.944,1690,1690.0,6181.4,6176.0,6146.0,2023-11-20,202311.zip,20231120_1.csv,IM,2024-01-19,6253.28,-71.88000000000011,0.01149476754599188,60,0.07073963826964823
IM2403,6082.4,6136.6,6037.0,12348,1504139.72,63213,1274.0,6128.2,6124.6,6065.8,2023-11-20,202311.zip,20231120_1.csv,IM,2024-03-15,6253.28,-125.07999999999993,0.020002302791495064,116,0.06422288594614635
IM2406,6006.0,6049.8,5957.4,6852,823946.008,36534,1065.0,6049.0,6040.8,5988.8,2023-11-20,202311.zip,20231120_1.csv,IM,2024-06-21,6253.28,-204.27999999999975,0.0326676560141238,214,0.05759985044256925
IM2312,6225.0,6237.0,6151.2,47498,5885907.584,126866,-3623.0,6161.8,6168.8,6208.6,2023-11-21,202311.zip,20231121_1.csv,IM,2023-12-15,6212.13,-50.32999999999993,0.008101890977812776,24,0.12422269737197882
IM2401,6196.8,6208.4,6124.4,2717,335138.92,2444,754.0,6137.0,6141.6,6176.0,2023-11-21,202311.zip,20231121_1.csv,IM,2024-01-19,6212.13,-75.13000000000011,0.012094080452276446,59,0.07573525959517614
IM2403,6145.6,6155.4,6073.6,12396,1516487.9,63575,362.0,6084.0,6090.6,6124.6,2023-11-21,202311.zip,20231121_1.csv,IM,2024-03-15,6212.13,-128.1300000000001,0.02062577570012225,115,0.06684310951033375
IM2406,6055.0,6070.6,5990.0,4810,580259.668,36572,38.0,6001.8,6005.8,6040.8,2023-11-21,202311.zip,20231121_1.csv,IM,2024-06-21,6212.13,-210.32999999999993,0.033857952103384825,213,0.06005275882024132
IM2312,6145.0,6195.0,6090.4,46938,5767847.028,128145,1279.0,6093.0,6109.0,6168.8,2023-11-22,202311.zip,20231122_1.csv,IM,2023-12-15,6132.97,-39.970000000000255,0.0065172339013561675,23,0.10410413946153456
IM2401,6118.2,6171.2,6065.6,4976,608767.628,4623,2179.0,6068.6,6086.0,6141.6,2023-11-22,202311.zip,20231122_1.csv,IM,2024-01-19,6132.97,-64.36999999999989,0.01049573045359753,58,0.066751321386402
IM2403,6073.4,6116.4,6021.0,12935,1569548.352,64700,1125.0,6031.0,6040.2,6090.6,2023-11-22,202311.zip,20231122_1.csv,IM,2024-03-15,6132.97,-101.97000000000025,0.016626528419346642,114,0.05413412282156233
IM2406,5985.0,6031.0,5936.6,5087,608574.184,36971,399.0,5943.2,5953.2,6005.8,2023-11-22,202311.zip,20231122_1.csv,IM,2024-06-21,6132.97,-189.77000000000044,0.030942593881920222,212,0.05497487059890238
IM2312,6090.2,6179.8,6067.2,56528,6928593.264,126506,-1639.0,6176.6,6169.6,6109.0,2023-11-23,202311.zip,20231123_1.csv,IM,2023-12-15,6197.53,-20.92999999999938,0.0033771518653398225,22,0.05621988266566039
IM2401,6070.6,6156.0,6043.0,4585,559884.892,5701,1078.0,6154.2,6146.4,6086.0,2023-11-23,202311.zip,20231123_1.csv,IM,2024-01-19,6197.53,-43.32999999999993,0.0069914949988140185,57,0.04508531329624009
IM2403,6028.0,6113.0,6001.4,12855,1558651.732,65628,928.0,6110.4,6104.0,6040.2,2023-11-23,202311.zip,20231123_1.csv,IM,2024-03-15,6197.53,-87.13000000000011,0.014058826661589419,113,0.046058786760190484
IM2406,5939.4,6036.8,5918.0,6836,817943.28,37985,1014.0,6035.0,6026.2,5953.2,2023-11-23,202311.zip,20231123_1.csv,IM,2024-06-21,6197.53,-162.52999999999975,0.026224963816229963,211,0.04658720654004868
IM2312,6163.0,6165.6,6059.2,51088,6229663.06,123812,-2694.0,6081.0,6082.4,6169.6,2023-11-24,202311.zip,20231124_1.csv,IM,2023-12-15,6115.41,-34.409999999999854,0.005626769096430118,21,0.0983520097728267
IM2401,6142.0,6146.0,6029.2,4818,585152.432,7015,1314.0,6053.8,6055.4,6146.4,2023-11-24,202311.zip,20231124_1.csv,IM,2024-01-19,6115.41,-61.60999999999967,0.010074549376084319,56,0.06633274613819841
IM2403,6099.8,6099.8,5995.6,13174,1589385.728,66145,517.0,6012.6,6014.0,6104.0,2023-11-24,202311.zip,20231124_1.csv,IM,2024-03-15,6115.41,-102.80999999999949,0.01681162832908989,112,0.055724719161190116
IM2406,6023.0,6023.0,5922.8,6485,772502.364,38509,524.0,5942.4,5940.4,6026.2,2023-11-24,202311.zip,20231124_1.csv,IM,2024-06-21,6115.41,-173.01000000000022,0.028290825962609234,210,0.05060377240556978
IM2312,6074.2,6103.2,6034.4,48025,5825284.584,121213,-2599.0,6081.2,6072.6,6082.4,2023-11-27,202311.zip,20231127_1.csv,IM,2023-12-15,6111.36,-30.159999999999854,0.004935071735260199,18,0.10056860122636674
IM2401,6056.4,6074.0,6004.0,4564,550706.54,7092,77.0,6048.2,6041.4,6055.4,2023-11-27,202311.zip,20231127_1.csv,IM,2024-01-19,6111.36,-63.159999999999854,0.010334851816944157,53,0.07191723344478637
IM2403,5998.8,6035.0,5958.0,13376,1602309.836,66949,804.0,6004.8,5993.2,6014.0,2023-11-27,202311.zip,20231127_1.csv,IM,2024-03-15,6111.36,-106.55999999999949,0.017436380772855697,109,0.0594240204166941
IM2406,5942.0,5958.0,5868.0,9225,1088623.432,41247,2738.0,5921.0,5905.0,5940.4,2023-11-27,202311.zip,20231127_1.csv,IM,2024-06-21,6111.36,-190.35999999999967,0.031148549586344054,207,0.05668956885628542
IM2312,6070.6,6114.2,6016.8,49335,5992889.724,120191,-1022.0,6097.2,6094.0,6072.6,2023-11-28,202311.zip,20231128_1.csv,IM,2023-12-15,6143.3,-46.100000000000364,0.007504110168801814,17,0.16233584557617495
IM2401,6043.4,6082.4,5986.6,4044,488787.228,8110,1018.0,6065.8,6060.4,6041.4,2023-11-28,202311.zip,20231128_1.csv,IM,2024-01-19,6143.3,-77.5,0.012615369589634273,52,0.08968155636773126
IM2403,6000.2,6034.4,5941.0,13619,1633193.62,67052,103.0,6017.8,6012.6,5993.2,2023-11-28,202311.zip,20231128_1.csv,IM,2024-03-15,6143.3,-125.5,0.020428759787085138,108,0.07048149132881097
IM2406,5902.8,5944.6,5856.4,6514,769592.444,41470,223.0,5931.4,5923.0,5905.0,2023-11-28,202311.zip,20231128_1.csv,IM,2024-06-21,6143.3,-211.90000000000055,0.034492862142496805,206,0.06329937004672531
IM2312,6093.8,6109.6,6053.0,38673,4705590.516,114482,-5709.0,6074.6,6069.0,6094.0,2023-11-29,202311.zip,20231129_1.csv,IM,2023-12-15,6113.37,-38.76999999999953,0.006341837644376125,16,0.14559652075856758
IM2401,6073.8,6078.6,6020.2,3477,420812.088,8613,503.0,6042.0,6037.8,6060.4,2023-11-29,202311.zip,20231129_1.csv,IM,2024-01-19,6113.37,-71.36999999999989,0.011674411985533317,51,0.08453910859279137
IM2403,6015.0,6029.4,5972.4,10096,1212124.776,66482,-570.0,5994.6,5987.4,6012.6,2023-11-29,202311.zip,20231129_1.csv,IM,2024-03-15,6113.37,-118.76999999999953,0.019427909647215746,107,0.0675858272445196
IM2406,5931.4,5940.0,5880.6,4813,569046.276,42002,532.0,5903.6,5897.0,5923.0,2023-11-29,202311.zip,20231129_1.csv,IM,2024-06-21,6113.37,-209.76999999999953,0.034313316550445894,205,0.06326528335748824
IM2312,6065.0,6074.8,5988.2,51825,6251749.676,118665,4183.0,6036.0,6024.2,6069.0,2023-11-30,202311.zip,20231130_1.csv,IM,2023-12-15,6080.55,-44.55000000000018,0.007326639859881134,15,0.1795974155069601
IM2401,6028.4,6043.2,5955.8,4483,537871.692,10068,1455.0,6004.8,5992.6,6037.8,2023-11-30,202311.zip,20231130_1.csv,IM,2024-01-19,6080.55,-75.75,0.012457754643905528,50,0.09208882893685041
IM2403,5993.0,5994.8,5904.2,11163,1328204.868,68181,1699.0,5945.2,5941.0,5987.4,2023-11-30,202311.zip,20231130_1.csv,IM,2024-03-15,6080.55,-135.35000000000036,0.022259499551849804,106,0.07839327175625461
IM2406,5899.6,5904.2,5810.0,6275,734701.676,43363,1361.0,5847.6,5847.8,5897.0,2023-11-30,202311.zip,20231130_1.csv,IM,2024-06-21,6080.55,-232.94999999999982,0.03831067913264419,204,0.07127672790848309
IM2312,6036.0,6110.8,6010.6,55283,6691775.56,114392,-4273.0,6092.2,6090.2,6024.2,2023-12-01,202312.zip,20231201_1.csv,IM,2023-12-15,6130.05,-37.850000000000364,0.0061745010236459175,14,0.16197819694503998
IM2401,5991.8,6075.8,5979.6,5305,638125.056,11682,1614.0,6058.4,6057.4,5992.6,2023-12-01,202312.zip,20231201_1.csv,IM,2024-01-19,6130.05,-71.65000000000055,0.011688322281221297,49,0.08809576583835751
IM2403,5945.0,6014.4,5923.6,12068,1438170.3,67729,-452.0,5997.6,5995.6,5941.0,2023-12-01,202312.zip,20231201_1.csv,IM,2024-03-15,6130.05,-132.44999999999982,0.02160667531259941,105,0.07676761180662703
IM2406,5847.4,5912.6,5822.6,7391,866309.32,44787,1424.0,5894.4,5892.4,5847.8,2023-12-01,202312.zip,20231201_1.csv,IM,2024-06-21,6130.05,-235.65000000000055,0.038441774536912554,203,0.0718827471879466
IM2312,6100.0,6109.8,6057.4,44645,5431814.208,108833,-5559.0,6058.6,6069.0,6090.2,2023-12-04,202312.zip,20231204_1.csv,IM,2023-12-15,6114.39,-55.789999999999964,0.009124377084222646,11,0.305551387509265
IM2401,6058.2,6072.0,6015.4,6883,832172.76,14156,2474.0,6019.2,6027.6,6057.4,2023-12-04,202312.zip,20231204_1.csv,IM,2024-01-19,6114.39,-95.19000000000051,0.015568192411671511,46,0.12548377799736535
IM2403,6000.0,6009.4,5956.8,11506,1377420.184,68653,924.0,5957.6,5968.8,5995.6,2023-12-04,202312.zip,20231204_1.csv,IM,2024-03-15,6114.39,-156.78999999999996,0.025642786933774198,102,0.09417588540720474
IM2406,5896.2,5907.0,5852.0,6489,763187.944,45573,786.0,5852.6,5862.0,5892.4,2023-12-04,202312.zip,20231204_1.csv,IM,2024-06-21,6114.39,-261.78999999999996,0.04281539123281308,200,0.08163324847076509
IM2312,6050.2,6050.2,5945.2,50053,6003975.628,105484,-3349.0,5958.2,5973.8,6069.0,2023-12-05,202312.zip,20231205_1.csv,IM,2023-12-15,5992.6,-34.400000000000546,0.005740413176250847,10,0.21073478567352644
IM2401,6011.4,6011.4,5899.0,8328,990984.344,17208,3052.0,5910.0,5927.8,6027.6,2023-12-05,202312.zip,20231205_1.csv,IM,2024-01-19,5992.6,-82.60000000000036,0.01378366652204388,45,0.11336341417559756
IM2403,5938.0,5947.8,5824.0,14728,1733237.028,70438,1785.0,5835.8,5851.6,5968.8,2023-12-05,202312.zip,20231205_1.csv,IM,2024-03-15,5992.6,-156.80000000000018,0.02616560424523584,101,0.09709953482753629
IM2406,5845.2,5845.2,5704.0,9189,1059800.284,48592,3019.0,5718.6,5733.2,5862.0,2023-12-05,202312.zip,20231205_1.csv,IM,2024-06-21,5992.6,-274.0,0.04572305843874114,199,0.0878821414455201
IM2312,5938.0,6047.0,5930.6,52974,6347071.816,102545,-2939.0,5997.8,5998.6,5973.8,2023-12-06,202312.zip,20231206_1.csv,IM,2023-12-15,6023.8,-26.0,0.004316212357648008,9,0.1758052026483761
IM2401,5883.2,5995.4,5881.0,9048,1075136.248,20141,2933.0,5952.0,5949.8,5927.8,2023-12-06,202312.zip,20231206_1.csv,IM,2024-01-19,6023.8,-71.80000000000018,0.011919386433812629,44,0.10006949535679482
IM2403,5827.6,5912.6,5808.2,13571,1590978.084,70640,202.0,5871.8,5873.2,5851.6,2023-12-06,202312.zip,20231206_1.csv,IM,2024-03-15,6023.8,-152.0,0.02523324147548056,100,0.09448550699955699
IM2406,5705.2,5790.8,5688.0,7980,915823.788,49066,474.0,5753.4,5753.6,5733.2,2023-12-06,202312.zip,20231206_1.csv,IM,2024-06-21,6023.8,-270.40000000000055,0.04488860851953924,198,0.0866382741447922
IM2312,5985.0,6040.0,5946.0,59078,7082582.72,96530,-6015.0,6014.2,6023.4,5998.6,2023-12-07,202312.zip,20231207_1.csv,IM,2023-12-15,6020.83,-6.630000000000109,0.0011011770802364929,8,0.05029658973762549
IM2401,5954.0,6006.6,5897.6,12370,1472050.5,25063,4922.0,5975.0,5986.4,5949.8,2023-12-07,202312.zip,20231207_1.csv,IM,2024-01-19,6020.83,-45.82999999999993,0.007611907328391565,43,0.06510830008757482
IM2403,5860.0,5945.8,5820.6,19678,2317125.832,75007,4367.0,5921.6,5928.2,5873.2,2023-12-07,202312.zip,20231207_1.csv,IM,2024-03-15,6020.83,-99.22999999999956,0.016481116390929418,99,0.061781947412520216
IM2406,5753.4,5852.8,5701.0,11702,1351373.94,53528,4462.0,5830.0,5832.6,5753.6,2023-12-07,202312.zip,20231207_1.csv,IM,2024-06-21,6020.83,-190.82999999999993,0.031694965644271655,197,0.06064635919582773
IM2312,6025.2,6065.0,5996.0,51721,6227071.348,84179,-12351.0,6000.8,6009.0,6023.4,2023-12-08,202312.zip,20231208_1.csv,IM,2023-12-15,6003.14,-2.3400000000001455,0.00038979600675648207,7,0.02033300321862235
IM2401,5975.4,6029.8,5962.2,12053,1442622.84,28394,3331.0,5970.6,5973.4,5986.4,2023-12-08,202312.zip,20231208_1.csv,IM,2024-01-19,6003.14,-32.539999999999964,0.005420496606775793,42,0.047363430013413976
IM2403,5933.6,5984.8,5901.0,19104,2266304.952,77783,2776.0,5907.4,5915.2,5928.2,2023-12-08,202312.zip,20231208_1.csv,IM,2024-03-15,6003.14,-95.74000000000069,0.015948320379001735,98,0.06036202949880231
IM2406,5832.0,5904.0,5810.2,12665,1480599.416,56544,3016.0,5823.8,5826.0,5832.6,2023-12-08,202312.zip,20231208_1.csv,IM,2024-06-21,6003.14,-179.34000000000015,0.02987436574859159,196,0.05734657783577747
IM2312,5973.0,6096.0,5935.2,60774,7299891.776,75330,-8849.0,6070.6,6070.6,6009.0,2023-12-11,202312.zip,20231211_1.csv,IM,2023-12-15,6075.08,-4.479999999999563,0.0007374388485418271,4,0.067340954765584
IM2401,5940.0,6058.2,5898.6,17241,2060337.392,36373,7979.0,6035.8,6034.6,5973.4,2023-12-11,202312.zip,20231211_1.csv,IM,2024-01-19,6075.08,-39.279999999999745,0.006465758475608485,39,0.06090667563877418
IM2403,5886.4,6002.6,5844.6,19112,2258618.984,79892,2109.0,5975.4,5972.8,5915.2,2023-12-11,202312.zip,20231211_1.csv,IM,2024-03-15,6075.08,-99.68000000000029,0.016408014380057567,95,0.06409295656049485
IM2406,5800.0,5914.2,5755.4,10098,1175357.596,58017,1473.0,5886.4,5884.6,5826.0,2023-12-11,202312.zip,20231211_1.csv,IM,2024-06-21,6075.08,-188.6800000000003,0.031058027219394657,193,0.060619402659260566
IM2312,6070.0,6086.0,6048.4,45958,5576147.116,55716,-19614.0,6079.0,6078.0,6070.6,2023-12-12,202312.zip,20231212_1.csv,IM,2023-12-15,6078.99,0.010000000000218279,-1.6450101085752067e-06,3,-0.00020014256730630878
IM2401,6030.0,6050.6,6015.0,17971,2167937.664,44171,7798.0,6045.0,6042.4,6034.6,2023-12-12,202312.zip,20231212_1.csv,IM,2024-01-19,6078.99,-33.98999999999978,0.00559138935908754,38,0.05400875016324952
IM2403,5972.0,5989.8,5949.0,18233,2176778.152,83391,3499.0,5985.0,5982.2,5972.8,2023-12-12,202312.zip,20231212_1.csv,IM,2024-03-15,6078.99,-93.98999999999978,0.015461450010610278,94,0.06097930997707048
IM2406,5874.4,5898.0,5858.6,9284,1091585.164,61347,3330.0,5898.0,5891.2,5884.6,2023-12-12,202312.zip,20231212_1.csv,IM,2024-06-21,6078.99,-180.98999999999978,0.02977303795531816,192,0.05833664483723292
IM2312,6062.2,6078.6,6013.4,39656,4802929.972,40034,-15682.0,6022.6,6033.0,6078.0,2023-12-13,202312.zip,20231213_1.csv,IM,2023-12-15,6019.55,3.050000000000182,-0.0005066823932022846,2,-0.09242270780061901
IM2401,6035.0,6045.0,5973.0,22320,2686480.26,53283,9112.0,5982.0,5995.0,6042.4,2023-12-13,202312.zip,20231213_1.csv,IM,2024-01-19,6019.55,-37.55000000000018,0.006238007824505232,37,0.06192338276089563
IM2403,5973.2,5982.6,5914.0,16435,1958516.56,85737,2346.0,5920.2,5934.4,5982.2,2023-12-13,202312.zip,20231213_1.csv,IM,2024-03-15,6019.55,-99.35000000000036,0.0165045559884045,93,0.06586298486719286
IM2406,5885.0,5891.2,5811.2,8027,941088.176,61857,510.0,5825.4,5835.8,5891.2,2023-12-13,202312.zip,20231213_1.csv,IM,2024-06-21,6019.55,-194.15000000000055,0.03225324152137632,191,0.06368998412261054
IM2312,6041.2,6082.0,5991.0,35203,4247421.316,23013,-17021.0,6000.0,6004.6,6033.0,2023-12-14,202312.zip,20231214_1.csv,IM,2023-12-15,5991.86,8.140000000000327,-0.0013585097115087486,1,-0.49518333333333553
IM2401,6010.0,6043.6,5945.2,34830,4172526.756,69594,16311.0,5956.0,5961.0,5995.0,2023-12-14,202312.zip,20231214_1.csv,IM,2024-01-19,5991.86,-35.85999999999967,0.005984786026375755,36,0.061044418326989563
IM2403,5950.0,5977.2,5887.8,18762,2225872.92,90430,4693.0,5899.0,5904.4,5934.4,2023-12-14,202312.zip,20231214_1.csv,IM,2024-03-15,5991.86,-92.85999999999967,0.015497691868635033,92,0.06245328979856538
IM2406,5841.0,5883.6,5793.0,7869,918619.852,63077,1220.0,5805.6,5809.2,5835.8,2023-12-14,202312.zip,20231214_1.csv,IM,2024-06-21,5991.86,-186.2599999999993,0.031085506003144192,190,0.06163277924037042
IM2312,6010.0,6034.8,5952.2,20199,2420122.852,0,-23013.0,5956.2,5956.24,6004.6,2023-12-15,202312.zip,20231215_1.csv,IM,2023-12-15,5951.6,4.599999999999454,-0.0007729014046642391,0,
IM2401,5980.0,5994.8,5876.4,49446,5870955.84,81211,11617.0,5903.0,5897.2,5961.0,2023-12-15,202312.zip,20231215_1.csv,IM,2024-01-19,5951.6,-48.600000000000364,0.00816587136232283,35,0.08585949033179432
IM2403,5918.2,5940.2,5819.8,20343,2392823.444,90985,555.0,5845.0,5841.0,5904.4,2023-12-15,202312.zip,20231215_1.csv,IM,2024-03-15,5951.6,-106.60000000000036,0.017911149942872573,91,0.0731516558719301
IM2406,5818.6,5846.4,5727.2,8981,1039777.736,64451,1374.0,5758.8,5749.6,5809.2,2023-12-15,202312.zip,20231215_1.csv,IM,2024-06-21,5951.6,-192.80000000000018,0.03239465017810339,189,0.06465559219605192
IM2401,5891.0,5906.4,5807.4,41552,4868956.384,77772,-3439.0,5831.6,5824.8,5897.2,2023-12-18,202312.zip,20231218_1.csv,IM,2024-01-19,5857.01,-25.409999999999854,0.004338391090334515,32,0.049700393116810376
IM2402,5871.8,5880.8,5783.6,1312,153048.42,1270,1270.0,5804.0,5798.0,5897.2,2023-12-18,202312.zip,20231218_1.csv,IM,2024-02-19,5857.01,-53.01000000000022,0.009050693101087415,63,0.05291547701092849
IM2403,5820.8,5846.2,5753.6,15916,1845937.356,91475,490.0,5776.2,5769.0,5841.0,2023-12-18,202312.zip,20231218_1.csv,IM,2024-03-15,5857.01,-80.8100000000004,0.013797142227860326,88,0.05802739533068325
IM2406,5738.8,5756.0,5670.0,6603,754071.672,64837,386.0,5693.0,5685.2,5749.6,2023-12-18,202312.zip,20231218_1.csv,IM,2024-06-21,5857.01,-164.01000000000022,0.02800234249215905,186,0.056533915447946795
IM2401,5826.0,5868.0,5800.4,42896,5000812.268,80418,2646.0,5838.0,5823.2,5824.8,2023-12-19,202312.zip,20231219_1.csv,IM,2024-01-19,5863.54,-25.539999999999964,0.004355730497276333,31,0.051509575749537524
IM2402,5793.4,5836.8,5774.0,1916,222262.796,1638,368.0,5812.6,5795.8,5798.0,2023-12-19,202312.zip,20231219_1.csv,IM,2024-02-19,5863.54,-50.9399999999996,0.008687584633173762,62,0.051592868884392136
IM2403,5769.8,5811.2,5744.0,15309,1768377.5,91724,249.0,5789.0,5771.2,5769.0,2023-12-19,202312.zip,20231219_1.csv,IM,2024-03-15,5863.54,-74.53999999999996,0.01271245697991319,87,0.05402060586566275
IM2406,5691.8,5722.0,5661.8,7172,816126.268,65611,774.0,5708.0,5687.2,5685.2,2023-12-19,202312.zip,20231219_1.csv,IM,2024-06-21,5863.54,-155.53999999999996,0.026526637492026994,185,0.05376247656205618
IM2401,5846.0,5860.8,5741.0,41766,4835552.852,78823,-1595.0,5745.0,5751.6,5823.2,2023-12-20,202312.zip,20231220_1.csv,IM,2024-01-19,5761.31,-16.3100000000004,0.0028309533769230733,30,0.034541050188570566
IM2402,5826.6,5833.8,5715.0,3222,370745.66,3208,1570.0,5724.6,5725.0,5795.8,2023-12-20,202312.zip,20231220_1.csv,IM,2024-02-19,5761.31,-36.710000000000036,0.006371814743521886,61,0.038370924906773456
IM2403,5794.2,5808.0,5691.8,17664,2026456.216,92020,296.0,5699.6,5704.4,5771.2,2023-12-20,202312.zip,20231220_1.csv,IM,2024-03-15,5761.31,-61.710000000000036,0.010711105633961715,86,0.04595212311920671
IM2406,5720.2,5724.8,5607.2,7841,886631.204,66660,1049.0,5616.0,5621.8,5687.2,2023-12-20,202312.zip,20231220_1.csv,IM,2024-06-21,5761.31,-145.3100000000004,0.025221694371592607,184,0.051326712111359155
IM2401,5721.6,5799.2,5665.2,57907,6645218.748,85262,6439.0,5770.2,5773.2,5751.6,2023-12-21,202312.zip,20231221_1.csv,IM,2024-01-19,5798.91,-28.710000000000036,0.004950930433478051,29,0.06262347925548427
IM2402,5709.6,5772.6,5639.8,3538,403648.588,4037,829.0,5744.2,5747.6,5725.0,2023-12-21,202312.zip,20231221_1.csv,IM,2024-02-19,5798.91,-54.710000000000036,0.009434531661984713,60,0.05794003806738425
IM2403,5673.0,5742.8,5615.8,21589,2455371.876,92647,627.0,5723.6,5724.8,5704.4,2023-12-21,202312.zip,20231221_1.csv,IM,2024-03-15,5798.91,-75.30999999999949,0.01298692340457075,85,0.05650115312041305
IM2406,5598.0,5658.2,5526.0,11155,1248200.452,69287,2627.0,5637.0,5642.2,5621.8,2023-12-21,202312.zip,20231221_1.csv,IM,2024-06-21,5798.91,-161.90999999999985,0.027920764419520183,183,0.05728849492666991
IM2401,5756.2,5797.6,5697.0,56485,6484322.948,83263,-1999.0,5722.8,5716.4,5773.2,2023-12-22,202312.zip,20231222_1.csv,IM,2024-01-19,5733.91,-11.109999999999673,0.0019375958115840364,28,0.025306980099652092
IM2402,5736.2,5772.0,5675.0,2752,314504.276,4295,258.0,5699.2,5692.4,5747.6,2023-12-22,202312.zip,20231222_1.csv,IM,2024-02-19,5733.91,-34.710000000000036,0.006053460901897623,59,0.03767745577137139
IM2403,5724.8,5743.8,5651.4,21062,2397975.2,92259,-388.0,5677.2,5669.2,5724.8,2023-12-22,202312.zip,20231222_1.csv,IM,2024-03-15,5733.91,-56.710000000000036,0.009890284291173002,84,0.04340492714382993
IM2406,5636.8,5656.0,5561.6,10064,1127483.368,69146,-141.0,5586.0,5580.2,5642.2,2023-12-22,202312.zip,20231222_1.csv,IM,2024-06-21,5733.91,-147.90999999999985,0.025795661250350932,182,0.05310288082844478
IM2401,5725.2,5755.0,5682.4,37888,4330824.2,81248,-2015.0,5717.6,5713.0,5716.4,2023-12-25,202312.zip,20231225_1.csv,IM,2024-01-19,5735.73,-18.1299999999992,0.003160887977641802,25,0.04629529872673514
IM2402,5697.8,5730.6,5657.2,2876,327248.34,5093,798.0,5692.4,5687.6,5692.4,2023-12-25,202312.zip,20231225_1.csv,IM,2024-02-19,5735.73,-43.32999999999993,0.007554400224557334,56,0.04961330018972597
IM2403,5668.0,5707.8,5636.6,13469,1526288.676,90836,-1423.0,5662.6,5660.6,5669.2,2023-12-25,202312.zip,20231225_1.csv,IM,2024-03-15,5735.73,-73.1299999999992,0.012749902802258739,81,0.0581952494884122
IM2406,5585.6,5617.0,5550.0,7237,807042.964,69424,278.0,5571.0,5569.0,5580.2,2023-12-25,202312.zip,20231225_1.csv,IM,2024-06-21,5735.73,-164.72999999999956,0.02871997112834801,179,0.060294732598682906
IM2401,5711.4,5711.4,5619.6,41911,4738502.82,84435,3187.0,5636.6,5640.8,5713.0,2023-12-26,202312.zip,20231226_1.csv,IM,2024-01-19,5651.59,-14.989999999999782,0.0026523509313307603,24,0.04044511171036746
IM2402,5696.8,5696.8,5595.8,4655,523554.644,6111,1018.0,5610.4,5619.8,5687.6,2023-12-26,202312.zip,20231226_1.csv,IM,2024-02-19,5651.59,-41.19000000000051,0.007288214467079279,55,0.048722340328999685
IM2403,5660.0,5660.0,5570.0,15167,1700111.212,92243,1407.0,5588.0,5591.6,5660.6,2023-12-26,202312.zip,20231226_1.csv,IM,2024-03-15,5651.59,-63.590000000000146,0.011251700848787682,80,0.051920074266284644
IM2406,5563.0,5565.0,5476.0,9381,1033452.872,70834,1410.0,5493.0,5496.4,5569.0,2023-12-26,202312.zip,20231226_1.csv,IM,2024-06-21,5651.59,-158.59000000000015,0.028061129699783582,178,0.059202365830259944
IM2401,5654.6,5689.6,5616.0,44291,5008463.556,85714,1279.0,5673.0,5675.0,5640.8,2023-12-27,202312.zip,20231227_1.csv,IM,2024-01-19,5696.16,-23.159999999999854,0.004065897025364418,23,0.06478743705883798
IM2402,5631.0,5664.6,5594.4,2344,263971.604,5874,-237.0,5649.4,5650.0,5619.8,2023-12-27,202312.zip,20231227_1.csv,IM,2024-02-19,5696.16,-46.76000000000022,0.008209039071936264,54,0.05594628862586614
IM2403,5590.0,5637.2,5567.8,16189,1814921.196,92575,332.0,5625.2,5624.0,5591.6,2023-12-27,202312.zip,20231227_1.csv,IM,2024-03-15,5696.16,-70.96000000000004,0.012457515238336048,79,0.05828293475022398
IM2406,5503.2,5536.4,5469.8,7649,842456.044,70532,-302.0,5525.6,5523.8,5496.4,2023-12-27,202312.zip,20231227_1.csv,IM,2024-06-21,5696.16,-170.5599999999995,0.029942979129799596,177,0.06365277508529357
IM2401,5659.0,5818.8,5642.6,59871,6887151.456,85970,256.0,5803.4,5802.6,5675.0,2023-12-28,202312.zip,20231228_1.csv,IM,2024-01-19,5805.53,-2.130000000000109,0.0003668915671781736,22,0.006089298749634608
IM2402,5648.2,5795.2,5618.8,4316,494953.192,7155,1281.0,5780.6,5781.8,5650.0,2023-12-28,202312.zip,20231228_1.csv,IM,2024-02-19,5805.53,-24.92999999999938,0.0042941815820431994,53,0.029700677412216017
IM2403,5612.8,5771.0,5594.6,23740,2705760.628,93022,447.0,5760.6,5757.4,5624.0,2023-12-28,202312.zip,20231228_1.csv,IM,2024-03-15,5805.53,-44.92999999999938,0.007739172823152951,78,0.03649782296537746
IM2406,5511.2,5671.2,5493.4,11766,1320204.66,72172,1640.0,5667.4,5661.0,5523.8,2023-12-28,202312.zip,20231228_1.csv,IM,2024-06-21,5805.53,-138.1300000000001,0.023792832006724662,176,0.05054571480589142
IM2401,5799.0,5903.2,5798.6,49489,5805638.988,80879,-5091.0,5894.8,5888.0,5802.6,2023-12-29,202312.zip,20231229_1.csv,IM,2024-01-19,5887.24,7.5600000000004,-0.0012841331421855617,21,-0.02229083259822396
IM2402,5779.0,5881.2,5778.0,4293,501927.98,6857,-298.0,5873.4,5864.8,5781.8,2023-12-29,202312.zip,20231229_1.csv,IM,2024-02-19,5887.24,-13.840000000000146,0.002350846916381877,52,0.01654002006438438
IM2403,5757.2,5864.0,5754.6,22482,2617555.872,91468,-1554.0,5855.0,5846.6,5757.4,2023-12-29,202312.zip,20231229_1.csv,IM,2024-03-15,5887.24,-32.23999999999978,0.005476250331224786,77,0.026101788902813155
IM2406,5664.8,5779.6,5660.0,11728,1345005.956,72257,85.0,5764.2,5759.6,5661.0,2023-12-29,202312.zip,20231229_1.csv,IM,2024-06-21,5887.24,-123.03999999999996,0.020899436747949807,175,0.04452071158431094
IM2401,5895.0,5902.0,5832.0,34421,4039689.548,77941,-2938.0,5833.6,5850.4,5888.0,2024-01-02,202401.zip,20240102_1.csv,IM,2024-01-19,5854.75,-21.149999999999636,0.0036124514283273346,17,0.07784265996579527
IM2402,5883.0,5883.2,5810.6,3163,369788.896,7159,302.0,5810.6,5829.8,5864.8,2024-01-02,202401.zip,20240102_1.csv,IM,2024-02-19,5854.75,-44.149999999999636,0.007540885605704761,48,0.05777784709553771
IM2403,5860.0,5861.0,5788.6,13958,1626164.576,90592,-876.0,5793.8,5805.6,5846.6,2024-01-02,202401.zip,20240102_1.csv,IM,2024-03-15,5854.75,-60.94999999999982,0.010410350570049909,73,0.052599330318616744
IM2406,5766.8,5774.0,5702.0,7700,883625.664,71596,-661.0,5706.4,5720.4,5759.6,2024-01-02,202401.zip,20240102_1.csv,IM,2024-06-21,5854.75,-148.35000000000036,0.025338400444083975,171,0.05549094153440537
IM2401,5818.0,5852.6,5766.0,39674,4607970.628,77490,-451.0,5809.4,5798.2,5850.4,2024-01-03,202401.zip,20240103_1.csv,IM,2024-01-19,5824.04,-14.640000000000327,0.0025137189991827347,16,0.05748872516955224
IM2402,5802.2,5833.0,5743.4,3277,379331.288,7507,348.0,5783.0,5772.4,5829.8,2024-01-03,202401.zip,20240103_1.csv,IM,2024-02-19,5824.04,-41.039999999999964,0.0070466548993481926,47,0.05511238001331909
IM2403,5784.6,5811.0,5721.6,15785,1818592.812,91032,440.0,5763.4,5752.4,5805.6,2024-01-03,202401.zip,20240103_1.csv,IM,2024-03-15,5824.04,-60.64000000000033,0.010412016400986324,72,0.053338500036629516
IM2406,5703.0,5724.2,5635.0,9711,1102277.8,72047,451.0,5676.0,5665.8,5720.4,2024-01-03,202401.zip,20240103_1.csv,IM,2024-06-21,5824.04,-148.03999999999996,0.02541878146441301,170,0.05599904655308205
IM2401,5800.0,5802.2,5730.0,43701,5037941.0,76857,-633.0,5765.2,5759.6,5798.2,2024-01-04,202401.zip,20240104_1.csv,IM,2024-01-19,5783.02,-17.82000000000062,0.0030814349595886803,15,0.07521334905988075
IM2402,5776.8,5776.8,5701.6,3771,432750.636,8580,1073.0,5743.6,5729.2,5772.4,2024-01-04,202401.zip,20240104_1.csv,IM,2024-02-19,5783.02,-39.42000000000007,0.006816507637877778,46,0.054458724569048364
IM2403,5764.8,5764.8,5671.4,17373,1984244.464,91376,344.0,5714.4,5702.6,5752.4,2024-01-04,202401.zip,20240104_1.csv,IM,2024-03-15,5783.02,-68.6200000000008,0.01186577255482446,71,0.06173260337610234
IM2406,5666.0,5667.6,5577.6,10106,1135801.428,71942,-105.0,5628.8,5612.0,5665.8,2024-01-04,202401.zip,20240104_1.csv,IM,2024-06-21,5783.02,-154.22000000000025,0.026667727242859263,169,0.059174015460640474
IM2401,5751.0,5780.0,5645.2,49324,5638129.124,78064,1207.0,5664.8,5664.6,5759.6,2024-01-05,202401.zip,20240105_1.csv,IM,2024-01-19,5675.81,-11.010000000000218,0.0019398112339913398,14,0.0506719440353456
IM2402,5732.6,5754.8,5617.0,4921,559499.376,9592,1012.0,5635.8,5638.6,5729.2,2024-01-05,202401.zip,20240105_1.csv,IM,2024-02-19,5675.81,-40.01000000000022,0.007049214120980141,45,0.057582872982639234
IM2403,5703.4,5726.8,5588.2,20533,2322503.712,92661,1285.0,5606.4,5607.4,5702.6,2024-01-05,202401.zip,20240105_1.csv,IM,2024-03-15,5675.81,-69.41000000000076,0.012229091530548186,70,0.06455543154761978
IM2406,5622.6,5637.8,5497.8,11038,1227928.084,73565,1623.0,5519.0,5516.4,5612.0,2024-01-05,202401.zip,20240105_1.csv,IM,2024-06-21,5675.81,-156.8100000000004,0.027627774714093722,168,0.061730094737659745
IM2401,5649.0,5653.6,5462.6,63475,7056293.916,84117,6053.0,5480.2,5505.6,5664.6,2024-01-08,202401.zip,20240108_1.csv,IM,2024-01-19,5543.57,-63.36999999999989,0.011431261804216386,11,0.3836961822892967
IM2402,5617.0,5628.0,5423.0,6896,761904.284,11320,1728.0,5440.0,5464.4,5638.6,2024-01-08,202401.zip,20240108_1.csv,IM,2024-02-19,5543.57,-103.56999999999971,0.018682906502488383,42,0.16545452556022372
IM2403,5585.2,5589.8,5385.6,29347,3222724.36,93907,1246.0,5406.2,5431.6,5607.4,2024-01-08,202401.zip,20240108_1.csv,IM,2024-03-15,5543.57,-137.3699999999999,0.024780060502528123,67,0.1384260580858794
IM2406,5497.4,5501.0,5296.0,15975,1721605.064,75184,1619.0,5317.0,5333.8,5516.4,2024-01-08,202401.zip,20240108_1.csv,IM,2024-06-21,5543.57,-226.5699999999997,0.04087077460914168,165,0.0942637395204632
IM2401,5504.8,5584.2,5471.0,66881,7389234.62,77072,-7045.0,5513.4,5501.8,5505.6,2024-01-09,202401.zip,20240109_1.csv,IM,2024-01-19,5553.3,-39.900000000000546,0.007184917076333064,10,0.26414735009250523
IM2402,5463.2,5550.0,5432.0,9408,1032040.14,13772,2452.0,5468.6,5458.8,5464.4,2024-01-09,202401.zip,20240109_1.csv,IM,2024-02-19,5553.3,-84.69999999999982,0.01525219239011033,41,0.13788475759167834
IM2403,5420.6,5519.0,5399.2,27474,2996940.524,91650,-2257.0,5435.4,5429.6,5431.6,2024-01-09,202401.zip,20240109_1.csv,IM,2024-03-15,5553.3,-117.90000000000055,0.02123061963157047,66,0.1199585545263883
IM2406,5320.0,5429.8,5303.4,15408,1651189.192,75104,-80.0,5341.8,5334.0,5333.8,2024-01-09,202401.zip,20240109_1.csv,IM,2024-06-21,5553.3,-211.5,0.03808546269785529,164,0.08811944726770649
IM2401,5500.4,5567.4,5412.2,60977,6701369.356,75297,-1775.0,5484.6,5499.2,5501.8,2024-01-10,202401.zip,20240110_1.csv,IM,2024-01-19,5512.07,-27.469999999999345,0.00498360869872827,9,0.20312531654288
IM2402,5453.2,5528.6,5372.4,9245,1008998.892,15329,1557.0,5445.0,5458.2,5458.8,2024-01-10,202401.zip,20240110_1.csv,IM,2024-02-19,5512.07,-67.06999999999971,0.012167842570939724,40,0.11239921946739986
IM2403,5409.8,5497.8,5342.6,23963,2597100.924,92187,537.0,5411.4,5427.8,5429.6,2024-01-10,202401.zip,20240110_1.csv,IM,2024-03-15,5512.07,-100.67000000000007,0.01826355615948272,65,0.10446479085463428
IM2406,5320.0,5401.2,5247.4,13264,1413117.884,74686,-418.0,5315.4,5335.6,5334.0,2024-01-10,202401.zip,20240110_1.csv,IM,2024-06-21,5512.07,-196.67000000000007,0.03567988069817696,163,0.08285284499189872
IM2401,5485.2,5640.0,5472.4,63401,7058911.376,73029,-2268.0,5595.2,5591.2,5499.2,2024-01-11,202401.zip,20240111_1.csv,IM,2024-01-19,5611.11,-15.909999999999854,0.002835446106028927,8,0.12973508543037
IM2402,5430.0,5613.8,5430.0,12122,1343243.896,18986,3657.0,5562.0,5559.2,5458.2,2024-01-11,202401.zip,20240111_1.csv,IM,2024-02-19,5611.11,-49.10999999999967,0.008752278960847293,39,0.08263560423754569
IM2403,5414.4,5584.0,5403.6,32188,3545771.9,98069,5882.0,5535.8,5532.8,5427.8,2024-01-11,202401.zip,20240111_1.csv,IM,2024-03-15,5611.11,-75.30999999999949,0.013421586816155684,64,0.07758631882474075
IM2406,5315.4,5492.0,5307.8,16338,1770234.512,75532,846.0,5446.8,5436.6,5335.6,2024-01-11,202401.zip,20240111_1.csv,IM,2024-06-21,5611.11,-164.3099999999995,0.02928297609563879,162,0.06796736242006854
IM2401,5576.4,5637.6,5551.0,46706,5221559.136,62619,-10410.0,5551.0,5566.4,5591.2,2024-01-12,202401.zip,20240112_1.csv,IM,2024-01-19,5574.49,-23.48999999999978,0.004213838395978775,7,0.22065136268882576
IM2402,5535.0,5602.0,5515.0,9097,1010477.524,19847,861.0,5517.2,5529.8,5559.2,2024-01-12,202401.zip,20240112_1.csv,IM,2024-02-19,5574.49,-57.289999999999964,0.010277173337829959,38,0.09973999969473366
IM2403,5516.0,5567.0,5483.4,23492,2595673.516,94706,-3363.0,5485.4,5500.0,5532.8,2024-01-12,202401.zip,20240112_1.csv,IM,2024-03-15,5574.49,-89.09000000000015,0.0159817310641871,63,0.09409639209653833
IM2406,5426.0,5476.8,5385.4,12722,1380383.94,76022,490.0,5388.0,5401.0,5436.6,2024-01-12,202401.zip,20240112_1.csv,IM,2024-06-21,5574.49,-186.48999999999978,0.03345418145875223,161,0.07846842765381559
IM2401,5528.0,5599.8,5498.0,51572,5722659.232,61673,-946.0,5530.2,5538.8,5566.4,2024-01-15,202401.zip,20240115_1.csv,IM,2024-01-19,5559.38,-29.18000000000029,0.005248786735211564,4,0.48147897001917406
IM2402,5500.0,5561.2,5461.2,12520,1379482.664,24703,4856.0,5490.2,5499.6,5529.8,2024-01-15,202401.zip,20240115_1.csv,IM,2024-02-19,5559.38,-69.18000000000029,0.01244383366490509,35,0.13140661021976915
IM2403,5465.0,5528.0,5428.0,23244,2547191.6,96898,2192.0,5459.0,5468.4,5500.0,2024-01-15,202401.zip,20240115_1.csv,IM,2024-03-15,5559.38,-100.38000000000011,0.018055970270066113,60,0.11186023081150404
IM2406,5360.2,5433.2,5331.6,11758,1265222.792,77267,1245.0,5360.2,5369.4,5401.0,2024-01-15,202401.zip,20240115_1.csv,IM,2024-06-21,5559.38,-199.1800000000003,0.03582773618640933,158,0.08584213511776208
IM2401,5525.6,5547.4,5433.2,59099,6490825.096,51543,-10130.0,5513.0,5484.6,5538.8,2024-01-16,202401.zip,20240116_1.csv,IM,2024-01-19,5539.47,-26.470000000000255,0.004778435482094889,3,0.5841677247717503
IM2402,5472.8,5507.8,5383.4,21109,2297100.128,33862,9159.0,5464.6,5434.6,5499.6,2024-01-16,202401.zip,20240116_1.csv,IM,2024-02-19,5539.47,-74.86999999999989,0.013515733454644518,34,0.1470833127014297
IM2403,5445.0,5476.8,5352.0,29961,3241180.804,98212,1314.0,5429.4,5401.4,5468.4,2024-01-16,202401.zip,20240116_1.csv,IM,2024-03-15,5539.47,-110.07000000000062,0.01987013198013543,59,0.12541745412453148
IM2406,5357.0,5378.0,5252.0,15873,1685666.188,79102,1835.0,5333.2,5304.2,5369.4,2024-01-16,202401.zip,20240116_1.csv,IM,2024-06-21,5539.47,-206.27000000000044,0.03723641431400482,157,0.08991691750892528
IM2401,5500.2,5505.0,5330.0,48961,5333184.804,41346,-10197.0,5346.4,5395.8,5484.6,2024-01-17,202401.zip,20240117_1.csv,IM,2024-01-19,5389.12,-42.720000000000255,0.007927082714803246,2,1.4582522819093109
IM2402,5445.0,5453.4,5245.0,26792,2882836.064,42575,8713.0,5258.6,5316.8,5434.6,2024-01-17,202401.zip,20240117_1.csv,IM,2024-02-19,5389.12,-130.51999999999953,0.024219167507867567,33,0.27452749838936064
IM2403,5417.8,5422.2,5196.6,31747,3389673.288,99068,856.0,5202.6,5276.4,5401.4,2024-01-17,202401.zip,20240117_1.csv,IM,2024-03-15,5389.12,-186.51999999999953,0.03461047443738485,58,0.22561597185492144
IM2406,5313.2,5321.8,5093.2,17029,1782491.396,80944,1842.0,5124.2,5174.4,5304.2,2024-01-17,202401.zip,20240117_1.csv,IM,2024-06-21,5389.12,-264.9200000000001,0.04915830413870914,156,0.12096422305820845
IM2401,5335.0,5376.0,5177.8,51285,5421666.736,27909,-13437.0,5344.6,5300.2,5395.8,2024-01-18,202401.zip,20240118_1.csv,IM,2024-01-19,5373.42,-28.81999999999971,0.0053634370661515,1,1.9682109044642715
IM2402,5238.2,5307.8,5036.4,62389,6466466.228,62760,20185.0,5272.8,5194.0,5316.8,2024-01-18,202401.zip,20240118_1.csv,IM,2024-02-19,5373.42,-100.61999999999989,0.018725504427347883,32,0.2176636464497028
IM2403,5203.8,5248.0,5000.6,60621,6232411.74,101304,2236.0,5228.6,5156.8,5276.4,2024-01-18,202401.zip,20240118_1.csv,IM,2024-03-15,5373.42,-144.8199999999997,0.02695117820680304,57,0.1773622270494733
IM2406,5100.0,5147.6,4894.0,31669,3189821.62,84025,3081.0,5123.8,5043.8,5174.4,2024-01-18,202401.zip,20240118_1.csv,IM,2024-06-21,5373.42,-249.6199999999999,0.04645458572008143,155,0.11472244012445415
IM2401,5342.2,5399.0,5318.0,23122,2474689.544,0,-27909.0,5322.8,5322.72,5300.2,2024-01-19,202401.zip,20240119_1.csv,IM,2024-01-19,5306.99,15.8100000000004,-0.002979089841887772,0,
IM2402,5248.0,5309.6,5205.2,61749,6476855.528,69906,7146.0,5217.4,5236.8,5194.0,2024-01-19,202401.zip,20240119_1.csv,IM,2024-02-19,5306.99,-89.59000000000015,0.016881509104030745,31,0.20217924636792403
IM2403,5209.8,5263.2,5160.0,43748,4550744.716,102951,1647.0,5182.4,5200.0,5156.8,2024-01-19,202401.zip,20240119_1.csv,IM,2024-03-15,5306.99,-124.59000000000015,0.023476584655331978,56,0.15669570496846522
IM2406,5105.0,5146.8,5050.0,23185,2361764.936,84316,291.0,5079.4,5098.4,5043.8,2024-01-19,202401.zip,20240119_1.csv,IM,2024-06-21,5306.99,-227.59000000000015,0.04288494984916125,154,0.10619716051952138
IM2402,5204.8,5220.2,4726.0,93331,9355183.708,77889,7983.0,4830.4,4875.2,5236.8,2024-01-22,202401.zip,20240122_1.csv,IM,2024-02-19,5000.83,-170.4300000000003,0.03408034266311799,28,0.4599363998249192
IM2403,5159.6,5184.0,4680.0,66779,6599716.92,102910,-41.0,4732.4,4808.4,5200.0,2024-01-22,202401.zip,20240122_1.csv,IM,2024-03-15,5000.83,-268.4300000000003,0.053677089603125894,53,0.3906309056954634
IM2406,5062.2,5080.0,4588.6,37782,3657757.832,84518,202.0,4619.8,4704.6,5098.4,2024-01-22,202401.zip,20240122_1.csv,IM,2024-06-21,5000.83,-381.02999999999975,0.076193351903584,151,0.19936637548312774
IM2409,4987.0,4996.2,4588.6,8927,852906.132,7737,7737.0,4588.6,4643.0,5098.4,2024-01-22,202401.zip,20240122_1.csv,IM,2024-09-20,5000.83,-412.22999999999956,0.08243231623550484,242,0.1354992502079352
IM2402,4830.2,5058.0,4773.0,101009,10000639.804,78867,978.0,4998.0,5024.8,4875.2,2024-01-23,202401.zip,20240123_1.csv,IM,2024-02-19,5079.63,-81.63000000000011,0.016070068095510925,27,0.22079164999333176
IM2403,4740.4,5008.0,4692.6,66930,6546923.024,104516,1606.0,4945.0,4976.2,4808.4,2024-01-23,202401.zip,20240123_1.csv,IM,2024-03-15,5079.63,-134.6300000000001,0.02650389890602267,52,0.191101928910321
IM2406,4600.0,4890.0,4581.2,39234,3744382.044,81761,-2757.0,4830.2,4863.2,4704.6,2024-01-23,202401.zip,20240123_1.csv,IM,2024-06-21,5079.63,-249.4300000000003,0.04910397017105583,150,0.12565656356534588
IM2409,4580.6,4815.0,4515.0,11265,1057150.176,10434,2697.0,4753.2,4785.0,4643.0,2024-01-23,202401.zip,20240123_1.csv,IM,2024-09-20,5079.63,-326.4300000000003,0.06426255455613894,241,0.10401112611447112
IM2402,5055.0,5111.0,4833.0,112868,11244823.82,82649,3782.0,5090.8,5048.4,5024.8,2024-01-24,202401.zip,20240124_1.csv,IM,2024-02-19,5143.41,-52.60999999999967,0.010228622645287788,26,0.14507807447522164
IM2403,4997.6,5066.8,4767.2,69103,6807409.976,105093,577.0,5048.6,5002.2,4976.2,2024-01-24,202401.zip,20240124_1.csv,IM,2024-03-15,5143.41,-94.80999999999949,0.018433296198436366,51,0.13440204350963397
IM2406,4879.0,4950.0,4651.2,39369,3784484.156,79866,-1895.0,4930.4,4888.4,4863.2,2024-01-24,202401.zip,20240124_1.csv,IM,2024-06-21,5143.41,-213.01000000000022,0.04141415908900914,149,0.10583381067139168
IM2409,4800.2,4879.0,4574.6,12449,1177727.964,14870,4436.0,4861.0,4816.6,4785.0,2024-01-24,202401.zip,20240124_1.csv,IM,2024-09-20,5143.41,-282.40999999999985,0.054907153036604095,240,0.08835600528012069
IM2402,5055.4,5307.8,5038.0,97699,10140424.472,76703,-5946.0,5306.6,5279.8,5048.4,2024-01-25,202401.zip,20240125_1.csv,IM,2024-02-19,5316.2,-9.599999999999454,0.0018058011361498094,25,0.02641239211547699
IM2403,5045.0,5276.2,4996.6,62150,6407418.192,104875,-218.0,5273.8,5244.6,5002.2,2024-01-25,202401.zip,20240125_1.csv,IM,2024-03-15,5316.2,-42.399999999999636,0.007975621684661927,50,0.05869012856005165
IM2406,4921.0,5169.8,4885.0,32023,3233062.288,79137,-729.0,5162.0,5136.0,4888.4,2024-01-25,202401.zip,20240125_1.csv,IM,2024-06-21,5316.2,-154.19999999999982,0.02900568074940746,148,0.07367116244489348
IM2409,4859.2,5104.8,4805.0,14684,1463317.764,19317,4447.0,5095.8,5061.8,4816.6,2024-01-25,202401.zip,20240125_1.csv,IM,2024-09-20,5316.2,-220.39999999999964,0.04145818441744098,239,0.06605324821606283
IM2402,5284.0,5316.8,5196.0,74122,7799820.228,71513,-5190.0,5216.8,5230.8,5279.8,2024-01-26,202401.zip,20240126_1.csv,IM,2024-02-19,5269.76,-52.960000000000036,0.01004979353898472,24,0.15439222000715688
IM2403,5251.0,5279.0,5151.6,50487,5271365.268,103131,-1744.0,5178.2,5187.2,5244.6,2024-01-26,202401.zip,20240126_1.csv,IM,2024-03-15,5269.76,-91.5600000000004,0.017374605295117918,49,0.13171151586044802
IM2406,5154.0,5169.6,5031.0,26665,2722762.976,79377,240.0,5060.0,5068.4,5136.0,2024-01-26,202401.zip,20240126_1.csv,IM,2024-06-21,5269.76,-209.76000000000022,0.03980446927374304,147,0.10293135435992568
IM2409,5063.2,5095.6,4951.0,11630,1168874.872,22094,2777.0,4975.8,4986.6,5061.8,2024-01-26,202401.zip,20240126_1.csv,IM,2024-09-20,5269.76,-293.96000000000004,0.055782426524168094,238,0.09060271883985724
IM2402,5248.0,5271.4,5058.0,82003,8414095.344,75990,4477.0,5063.0,5093.0,5230.8,2024-01-29,202401.zip,20240129_1.csv,IM,2024-02-19,5131.25,-68.25,0.013300852618757575,21,0.2342978471262096
IM2403,5215.0,5233.8,5012.2,49380,5024310.596,105179,2048.0,5016.4,5052.0,5187.2,2024-01-29,202401.zip,20240129_1.csv,IM,2024-03-15,5131.25,-114.85000000000036,0.02238246041412917,46,0.18166609174082915
IM2406,5099.0,5117.8,4887.2,24676,2450629.832,79552,175.0,4896.2,4929.2,5068.4,2024-01-29,202401.zip,20240129_1.csv,IM,2024-06-21,5131.25,-235.05000000000018,0.04580755176613893,144,0.1216834398785456
IM2409,5015.8,5035.6,4805.2,11587,1131434.008,23491,1397.0,4823.6,4856.0,4986.6,2024-01-29,202401.zip,20240129_1.csv,IM,2024-09-20,5131.25,-307.64999999999964,0.0599561510353227,235,0.09906280821422336
IM2402,5035.2,5099.4,4886.0,83571,8373681.536,76370,380.0,4907.2,4936.2,5093.0,2024-01-30,202401.zip,20240130_1.csv,IM,2024-02-19,4984.66,-77.46000000000004,0.015539675725124713,20,0.2880756847081837
IM2403,5012.0,5049.4,4827.2,51858,5137184.664,105164,-15.0,4848.0,4880.4,5052.0,2024-01-30,202401.zip,20240130_1.csv,IM,2024-03-15,4984.66,-136.65999999999985,0.027416112633559697,45,0.22864365603226972
IM2406,4861.0,4920.8,4705.0,27158,2622902.08,79175,-377.0,4726.4,4760.2,4929.2,2024-01-30,202401.zip,20240130_1.csv,IM,2024-06-21,4984.66,-258.2600000000002,0.05181095601304808,143,0.13947086681091442
IM2409,4798.8,4839.0,4620.0,11410,1084131.376,25057,1566.0,4648.6,4676.2,4856.0,2024-01-30,202401.zip,20240130_1.csv,IM,2024-09-20,4984.66,-336.0599999999995,0.06741884100420081,234,0.11276430620964425
IM2402,4889.0,4935.4,4706.4,109118,10501746.432,81823,5453.0,4727.2,4752.0,4936.2,2024-01-31,202401.zip,20240131_1.csv,IM,2024-02-19,4785.03,-57.82999999999993,0.012085608658670921,19,0.23501115604207576
IM2403,4814.0,4875.0,4642.4,80255,7615049.264,115729,10565.0,4666.2,4691.4,4880.4,2024-01-31,202401.zip,20240131_1.csv,IM,2024-03-15,4785.03,-118.82999999999993,0.024833700102193657,44,0.21125302465311463
IM2406,4698.0,4756.2,4515.0,39764,3674784.468,79235,60.0,4544.0,4567.2,4760.2,2024-01-31,202401.zip,20240131_1.csv,IM,2024-06-21,4785.03,-241.02999999999975,0.05037168001036563,142,0.1363443978129337
IM2409,4619.8,4671.4,4422.0,15116,1372091.628,28432,3375.0,4461.4,4482.2,4676.2,2024-01-31,202401.zip,20240131_1.csv,IM,2024-09-20,4785.03,-323.6300000000001,0.06763384973552933,233,0.11363563776723976
IM2402,4701.8,4858.2,4651.0,115210,10931254.592,81141,-682.0,4699.2,4709.2,4752.0,2024-02-01,202402.zip,20240201_1.csv,IM,2024-02-19,4750.44,-51.23999999999978,0.010786369262636653,18,0.22110855748496044
IM2403,4643.0,4818.0,4595.0,82537,7740205.096,117818,2089.0,4641.6,4656.0,4691.4,2024-02-01,202402.zip,20240201_1.csv,IM,2024-03-15,4750.44,-108.83999999999924,0.022911561876373443,43,0.19904223082657865
IM2406,4519.2,4714.4,4473.2,40068,3665823.536,80010,775.0,4521.4,4535.6,4567.2,2024-02-01,202402.zip,20240201_1.csv,IM,2024-06-21,4750.44,-229.03999999999996,0.04821448118490079,141,0.131133048290133
IM2409,4436.4,4635.0,4391.8,16236,1459564.104,29892,1460.0,4441.0,4454.8,4482.2,2024-02-01,202402.zip,20240201_1.csv,IM,2024-09-20,4750.44,-309.4399999999996,0.06513922920824167,232,0.1096227162257646
IM2402,4726.2,4788.0,4339.0,134558,12357921.988,78971,-2170.0,4507.2,4481.0,4709.2,2024-02-02,202402.zip,20240202_1.csv,IM,2024-02-19,4574.67,-67.47000000000025,0.014748604817396704,17,0.32140144396416875
IM2403,4680.2,4738.8,4267.2,112911,10216663.636,123994,6176.0,4447.4,4414.6,4656.0,2024-02-02,202402.zip,20240202_1.csv,IM,2024-03-15,4574.67,-127.27000000000044,0.027820585965763756,42,0.24869292277778185
IM2406,4560.0,4617.0,4150.0,49153,4327805.332,80142,132.0,4323.0,4294.6,4535.6,2024-02-02,202402.zip,20240202_1.csv,IM,2024-06-21,4574.67,-251.67000000000007,0.05501380427440672,140,0.1517787746604542
IM2409,4473.0,4535.4,4076.2,19481,1684570.592,32489,2597.0,4238.0,4214.6,4454.8,2024-02-02,202402.zip,20240202_1.csv,IM,2024-09-20,4574.67,-336.6700000000001,0.07359437948529624,231,0.12552330083004945
IM2402,4453.0,4458.6,4081.2,161837,13828716.988,81624,2653.0,4176.6,4278.2,4481.0,2024-02-05,202402.zip,20240205_1.csv,IM,2024-02-19,4293.07,-116.46999999999935,0.027129769605433673,14,0.7270361743318184
IM2403,4390.0,4397.0,3976.0,156570,13107781.384,125937,1943.0,4044.6,4175.6,4414.6,2024-02-05,202402.zip,20240205_1.csv,IM,2024-03-15,4293.07,-248.4699999999998,0.05787699711395333,39,0.5749454479984071
IM2406,4280.0,4280.0,3872.0,61294,4985893.04,78634,-1508.0,3922.6,4049.2,4294.6,2024-02-05,202402.zip,20240205_1.csv,IM,2024-06-21,4293.07,-370.4699999999998,0.08629488920516082,137,0.2516235693516253
IM2409,4190.0,4203.0,3805.4,28635,2285045.92,35256,2767.0,3850.0,3977.8,4214.6,2024-02-05,202402.zip,20240205_1.csv,IM,2024-09-20,4293.07,-443.0699999999997,0.10320586433484658,228,0.1842339371155159
IM2402,4146.0,4645.8,4129.0,138116,12165495.708,61421,-20203.0,4609.0,4575.8,4278.2,2024-02-06,202402.zip,20240206_1.csv,IM,2024-02-19,4592.44,16.5600000000004,-0.0036059262614209775,13,-0.1008795500442308
IM2403,4002.0,4575.0,4002.0,158325,13747267.052,131092,5155.0,4568.4,4524.4,4175.6,2024-02-06,202402.zip,20240206_1.csv,IM,2024-03-15,4592.44,-24.039999999999964,0.005234690055830882,38,0.050545163802597944
IM2406,3900.0,4454.0,3889.2,59906,5053080.024,77287,-1347.0,4454.0,4413.0,4049.2,2024-02-06,202402.zip,20240206_1.csv,IM,2024-06-21,4592.44,-138.4399999999996,0.03014519514680636,136,0.08341906812118619
IM2409,3820.0,4375.4,3815.0,28608,2371323.992,36328,1072.0,4375.4,4330.4,3977.8,2024-02-06,202402.zip,20240206_1.csv,IM,2024-09-20,4592.44,-217.03999999999996,0.04726027993833348,227,0.07976071262660153
IM2402,4662.0,4868.2,4605.8,80645,7712303.488,42076,-19345.0,4825.0,4773.0,4575.8,2024-02-07,202402.zip,20240207_1.csv,IM,2024-02-19,4797.85,27.149999999999636,-0.005658784663963967,12,-0.17115284974093106
IM2403,4586.0,4841.2,4566.6,173017,16420413.476,130284,-808.0,4793.0,4727.4,4524.4,2024-02-07,202402.zip,20240207_1.csv,IM,2024-03-15,4797.85,-4.850000000000364,0.0010108694519420647,37,0.009982181221488988
IM2406,4474.0,4753.8,4466.2,63227,5882945.892,76475,-812.0,4715.0,4635.0,4413.0,2024-02-07,202402.zip,20240207_1.csv,IM,2024-06-21,4797.85,-82.85000000000036,0.017268151359463135,135,0.047508346097953645
IM2409,4395.0,4668.0,4385.2,27393,2504691.588,35648,-680.0,4636.8,4556.2,4330.4,2024-02-07,202402.zip,20240207_1.csv,IM,2024-09-20,4797.85,-161.05000000000018,0.03356711860520867,226,0.056095340775145636
IM2402,4880.0,5097.6,4880.0,45049,4519386.612,26476,-15600.0,5002.4,4996.0,4773.0,2024-02-08,202402.zip,20240208_1.csv,IM,2024-02-19,4993.1,9.299999999999272,-0.001862570347078929,11,-0.061688571303952576
IM2403,4846.2,5078.0,4846.2,173190,17323221.648,135122,4838.0,4980.4,4970.0,4727.4,2024-02-08,202402.zip,20240208_1.csv,IM,2024-03-15,4993.1,-12.700000000000728,0.002543510043860664,36,0.025854125951510147
IM2406,4769.2,5008.8,4768.0,69515,6852285.16,81638,5163.0,4887.0,4865.6,4635.0,2024-02-08,202402.zip,20240208_1.csv,IM,2024-06-21,4993.1,-106.10000000000036,0.021249324067212805,134,0.05913724807515567
IM2409,4719.0,4958.0,4688.0,30228,2942518.18,39432,3784.0,4810.0,4790.2,4556.2,2024-02-08,202402.zip,20240208_1.csv,IM,2024-09-20,4993.1,-183.10000000000036,0.03667060543550105,225,0.061752367752368
IM2402,5072.0,5118.4,4951.0,19908,1995641.72,0,-26476.0,4985.4,4985.47,4996.0,2024-02-19,202402.zip,20240219_1.csv,IM,2024-02-19,5029.59,-44.19000000000051,0.008786004425808125,0,
IM2403,5070.0,5122.6,4856.2,132602,13139244.008,138301,3179.0,4954.6,4935.8,4970.0,2024-02-19,202402.zip,20240219_1.csv,IM,2024-03-15,5029.59,-74.98999999999978,0.014909764016549976,25,0.22097727364469208
IM2406,4988.0,5033.8,4733.8,45529,4413855.96,84030,2392.0,4842.8,4818.4,4865.6,2024-02-19,202402.zip,20240219_1.csv,IM,2024-06-21,5029.59,-186.78999999999996,0.037138216037490124,123,0.11445765434362037
IM2409,4922.0,4966.0,4649.6,22774,2167733.688,41789,2357.0,4753.8,4734.2,4790.2,2024-02-19,202402.zip,20240219_1.csv,IM,2024-09-20,5029.59,-275.78999999999996,0.05483349537437443,214,0.09895020530550458
IM2403,4922.2,5030.2,4872.4,116169,11488761.936,134213,-4088.0,4989.0,4997.0,4935.8,2024-02-20,202402.zip,20240220_1.csv,IM,2024-03-15,5046.01,-57.01000000000022,0.011298035477535717,24,0.17378774971604227
IM2404,4909.4,4995.2,4834.2,3970,389728.82,3702,3702.0,4955.2,4961.8,4935.8,2024-02-20,202402.zip,20240220_1.csv,IM,2024-04-19,5046.01,-90.8100000000004,0.017996397153394517,59,0.11337396633155136
IM2406,4828.8,4915.0,4754.0,33785,3261495.572,80150,-3880.0,4873.2,4879.2,4818.4,2024-02-20,202402.zip,20240220_1.csv,IM,2024-06-21,5046.01,-172.8100000000004,0.03424686039068503,122,0.10609322921081944
IM2409,4744.0,4827.2,4666.6,15548,1474345.612,40694,-1095.0,4787.8,4793.0,4734.2,2024-02-20,202402.zip,20240220_1.csv,IM,2024-09-20,5046.01,-258.21000000000004,0.05117112332318008,213,0.09241667053996976
IM2403,4950.8,5215.0,4940.4,152686,15528238.148,140832,6619.0,5001.4,5073.8,4997.0,2024-02-21,202402.zip,20240221_1.csv,IM,2024-03-15,5073.48,-72.07999999999993,0.014207210829647487,23,0.22871161292229295
IM2404,4955.2,5187.6,4900.0,9221,932547.828,7366,3664.0,4964.0,5050.8,4961.8,2024-02-21,202402.zip,20240221_1.csv,IM,2024-04-19,5073.48,-109.47999999999956,0.021578876826162663,58,0.13879310344827506
IM2406,4823.0,5110.0,4823.0,50656,5039054.028,86840,6690.0,4887.2,4966.0,4879.2,2024-02-21,202402.zip,20240221_1.csv,IM,2024-06-21,5073.48,-186.27999999999975,0.03671641555697469,121,0.11497769853176915
IM2409,4750.0,5034.0,4737.8,26085,2554406.768,45653,4959.0,4796.6,4877.0,4793.0,2024-02-21,202402.zip,20240221_1.csv,IM,2024-09-20,5073.48,-276.8799999999992,0.0545739807784793,212,0.09938368293893676
IM2403,5031.0,5137.6,5016.2,128355,13049249.8,136589,-4243.0,5122.4,5097.6,5073.8,2024-02-22,202402.zip,20240222_1.csv,IM,2024-03-15,5151.53,-29.13000000000011,0.005654630760181911,22,0.09434897349253896
IM2404,4974.8,5106.6,4974.8,6270,633364.024,7874,508.0,5089.0,5064.0,5050.8,2024-02-22,202402.zip,20240222_1.csv,IM,2024-04-19,5151.53,-62.529999999999745,0.012138141484180354,57,0.07868174562954774
IM2406,4899.2,5030.0,4899.2,40587,4037540.952,81448,-5392.0,5010.8,4984.4,4966.0,2024-02-22,202402.zip,20240222_1.csv,IM,2024-06-21,5151.53,-140.72999999999956,0.027318097730188784,120,0.08542622934461518
IM2409,4800.6,4941.4,4800.6,19442,1898900.176,45262,-391.0,4919.8,4892.0,4877.0,2024-02-22,202402.zip,20240222_1.csv,IM,2024-09-20,5151.53,-231.72999999999956,0.044982752696771544,211,0.08147891227420492
IM2403,5150.0,5218.0,5066.6,125499,12897210.136,135418,-1171.0,5217.0,5191.4,5097.6,2024-02-23,202402.zip,20240223_1.csv,IM,2024-03-15,5225.67,-8.670000000000073,0.0016591173954727534,21,0.028884963991347618
IM2404,5119.2,5184.0,5032.6,6435,657608.248,8961,1087.0,5184.0,5157.4,5064.0,2024-02-23,202402.zip,20240223_1.csv,IM,2024-04-19,5225.67,-41.67000000000007,0.007974097101424382,56,0.05239180307539742
IM2406,5030.6,5102.6,4957.4,38749,3895438.82,82404,956.0,5102.2,5075.4,4984.4,2024-02-23,202402.zip,20240223_1.csv,IM,2024-06-21,5225.67,-123.47000000000025,0.0236275922513286,119,0.07422494300530778
IM2409,4942.0,5014.6,4869.0,19126,1888911.028,47420,2158.0,5014.6,4982.6,4892.0,2024-02-23,202402.zip,20240223_1.csv,IM,2024-09-20,5225.67,-211.0699999999997,0.04039099292530901,210,0.07315833005718539
IM2403,5217.0,5305.2,5163.2,127431,13326280.248,135321,-97.0,5215.0,5227.8,5191.4,2024-02-26,202402.zip,20240226_1.csv,IM,2024-03-15,5255.4,-40.399999999999636,0.007687331126079777,18,0.15708959198891945
IM2404,5186.6,5266.4,5125.2,8795,912935.096,11272,2311.0,5178.4,5187.6,5157.4,2024-02-26,202402.zip,20240226_1.csv,IM,2024-04-19,5255.4,-77.0,0.014651596453171933,53,0.10240286939362016
IM2406,5115.2,5186.8,5049.2,40020,4093957.404,81928,-476.0,5102.6,5111.8,5075.4,2024-02-26,202402.zip,20240226_1.csv,IM,2024-06-21,5255.4,-152.79999999999927,0.029074856338242472,116,0.09422512120257792
IM2409,5014.8,5092.2,4954.4,18827,1889974.424,48909,1489.0,5003.2,5016.6,4982.6,2024-02-26,202402.zip,20240226_1.csv,IM,2024-09-20,5255.4,-252.19999999999982,0.04798873539597359,207,0.0888832113630851
IM2403,5188.0,5391.8,5181.2,130656,13821577.98,133768,-1553.0,5386.0,5349.4,5227.8,2024-02-27,202402.zip,20240227_1.csv,IM,2024-03-15,5394.03,-8.029999999999745,0.0014886828586417877,17,0.03201055022825769
IM2404,5161.2,5356.6,5142.4,8948,940443.896,13393,2121.0,5355.8,5311.8,5187.6,2024-02-27,202402.zip,20240227_1.csv,IM,2024-04-19,5394.03,-38.22999999999956,0.007087465216174094,52,0.05010366188201428
IM2406,5093.4,5277.8,5068.2,40618,4201896.548,85048,3120.0,5271.0,5233.0,5111.8,2024-02-27,202402.zip,20240227_1.csv,IM,2024-06-21,5394.03,-123.02999999999975,0.022808549451894033,115,0.07408205686570453
IM2409,4990.0,5187.2,4972.8,18033,1832620.696,50744,1835.0,5178.0,5140.8,5016.6,2024-02-27,202402.zip,20240227_1.csv,IM,2024-09-20,5394.03,-216.02999999999975,0.040049832870784896,206,0.0739226732216585
IM2403,5400.0,5464.0,5100.0,190365,20211834.728,142224,8456.0,5117.6,5190.4,5349.4,2024-02-28,202402.zip,20240228_1.csv,IM,2024-03-15,5152.05,-34.44999999999982,0.006686658708669357,16,0.1535662468735321
IM2404,5367.2,5429.2,5062.8,12221,1290548.964,17044,3651.0,5078.6,5154.6,5311.8,2024-02-28,202402.zip,20240228_1.csv,IM,2024-04-19,5152.05,-73.44999999999982,0.014256461020370481,51,0.10350718084264335
IM2406,5288.8,5350.0,4985.0,64860,6741612.616,89584,4536.0,5000.0,5070.6,5233.0,2024-02-28,202402.zip,20240228_1.csv,IM,2024-06-21,5152.05,-152.05000000000018,0.029512524140876017,114,0.09736535087719314
IM2409,5192.0,5261.4,4897.6,26795,2738416.756,53823,3079.0,4910.8,4983.8,5140.8,2024-02-28,202402.zip,20240228_1.csv,IM,2024-09-20,5152.05,-241.25,0.0468260207102027,205,0.08746898324648329
IM2403,5108.0,5341.2,5107.6,166035,17442127.708,131842,-10382.0,5333.8,5288.4,5190.4,2024-02-29,202402.zip,20240229_1.csv,IM,2024-03-15,5344.61,-10.80999999999949,0.00202259846836339,15,0.04931630982288667
IM2404,5072.8,5305.6,5054.8,12153,1268947.044,18213,1169.0,5300.0,5258.4,5154.6,2024-02-29,202402.zip,20240229_1.csv,IM,2024-04-19,5344.61,-44.60999999999967,0.008346726889333356,50,0.06144396226414999
IM2406,4990.0,5224.0,4988.0,56743,5829193.984,88865,-719.0,5215.2,5174.6,5070.6,2024-02-29,202402.zip,20240229_1.csv,IM,2024-06-21,5344.61,-129.40999999999985,0.024213179259104045,113,0.0801514327758073
IM2409,4899.4,5134.6,4897.0,23101,2333585.856,53178,-645.0,5129.0,5088.0,4983.8,2024-02-29,202402.zip,20240229_1.csv,IM,2024-09-20,5344.61,-215.60999999999967,0.040341577776488724,204,0.07521403667725597
IM2403,5335.0,5401.8,5287.6,125193,13380419.852,124584,-7258.0,5392.0,5375.8,5288.4,2024-03-01,202403.zip,20240301_1.csv,IM,2024-03-15,5401.94,-9.9399999999996,0.0018400796750795978,14,0.04806194362017846
IM2404,5296.0,5366.2,5250.0,9589,1018056.268,19281,1068.0,5361.2,5339.6,5258.4,2024-03-01,202403.zip,20240301_1.csv,IM,2024-04-19,5401.94,-40.73999999999978,0.0075417350063125,49,0.056605131047420584
IM2406,5223.0,5285.2,5173.4,40692,4253541.832,84945,-3920.0,5277.0,5258.2,5174.6,2024-03-01,202403.zip,20240301_1.csv,IM,2024-06-21,5401.94,-124.9399999999996,0.023128727827410045,112,0.07715947237337199
IM2409,5140.0,5198.0,5083.6,17978,1847732.76,54597,1419.0,5189.0,5173.0,5088.0,2024-03-01,202403.zip,20240301_1.csv,IM,2024-09-20,5401.94,-212.9399999999996,0.03941917163093256,203,0.07378539483389933
IM2403,5400.0,5418.6,5289.0,115382,12358602.024,118322,-6262.0,5383.4,5375.2,5375.8,2024-03-04,202403.zip,20240304_1.csv,IM,2024-03-15,5428.34,-44.94000000000051,0.008278773989838561,11,0.2769979769459653
IM2404,5381.0,5384.0,5251.8,10425,1108630.036,21502,2221.0,5344.4,5334.8,5339.6,2024-03-04,202403.zip,20240304_1.csv,IM,2024-04-19,5428.34,-83.94000000000051,0.015463290803450103,46,0.12462496298441758
IM2406,5294.8,5302.0,5169.4,38052,3984968.48,86845,1900.0,5260.6,5252.4,5258.2,2024-03-04,202403.zip,20240304_1.csv,IM,2024-06-21,5428.34,-167.73999999999978,0.030900791033723007,109,0.10677454380443538
IM2409,5198.0,5215.2,5081.0,16744,1723230.08,54047,-550.0,5167.8,5164.0,5173.0,2024-03-04,202403.zip,20240304_1.csv,IM,2024-09-20,5428.34,-260.53999999999996,0.04799625668252172,200,0.09200926893455645
IM2403,5348.0,5367.8,5281.2,109655,11694818.98,114764,-3558.0,5311.4,5320.6,5375.2,2024-03-05,202403.zip,20240305_1.csv,IM,2024-03-15,5375.13,-63.73000000000047,0.011856457425215905,10,0.4379532703242094
IM2404,5300.2,5328.4,5243.0,11851,1253999.372,24002,2500.0,5268.6,5279.0,5334.8,2024-03-05,202403.zip,20240305_1.csv,IM,2024-04-19,5375.13,-106.52999999999975,0.019819055539121777,45,0.16400498551164686
IM2406,5230.0,5245.8,5160.0,36016,3752224.468,87136,291.0,5183.8,5196.4,5252.4,2024-03-05,202403.zip,20240305_1.csv,IM,2024-06-21,5375.13,-191.32999999999993,0.03559541815732825,108,0.1247394839764336
IM2409,5129.8,5154.2,5066.2,16506,1689294.468,55446,1399.0,5090.0,5102.6,5164.0,2024-03-05,202403.zip,20240305_1.csv,IM,2024-09-20,5375.13,-285.1300000000001,0.05304615888359909,199,0.10274599915096122
IM2403,5300.2,5418.0,5280.6,115716,12372831.052,111890,-2874.0,5345.0,5358.2,5320.6,2024-03-06,202403.zip,20240306_1.csv,IM,2024-03-15,5381.46,-36.460000000000036,0.006775113073403838,9,0.2766427606277897
IM2404,5237.8,5373.8,5237.8,12615,1338088.384,27064,3062.0,5300.8,5315.8,5279.0,2024-03-06,202403.zip,20240306_1.csv,IM,2024-04-19,5381.46,-80.65999999999985,0.014988497545275759,44,0.1262283737617654
IM2406,5170.2,5289.0,5154.2,40469,4222312.808,90581,3445.0,5215.2,5231.2,5196.4,2024-03-06,202403.zip,20240306_1.csv,IM,2024-06-21,5381.46,-166.26000000000022,0.0308949615903491,107,0.10874915595391194
IM2409,5078.6,5199.0,5065.0,17329,1777451.348,55540,94.0,5122.0,5138.4,5102.6,2024-03-06,202403.zip,20240306_1.csv,IM,2024-09-20,5381.46,-259.46000000000004,0.04821368178895691,198,0.09338099858404426
IM2403,5358.2,5418.0,5268.0,114576,12249918.696,107331,-4559.0,5277.0,5298.6,5358.2,2024-03-07,202403.zip,20240307_1.csv,IM,2024-03-15,5303.28,-26.279999999999745,0.004955423813187254,8,0.2272171688459329
IM2404,5315.0,5373.2,5226.2,13790,1462262.532,30335,3271.0,5234.8,5255.4,5315.8,2024-03-07,202403.zip,20240307_1.csv,IM,2024-04-19,5303.28,-68.47999999999956,0.01291276342188219,43,0.11104220236307615
IM2406,5223.6,5287.6,5142.6,39749,4147885.648,89696,-885.0,5149.2,5173.4,5231.2,2024-03-07,202403.zip,20240307_1.csv,IM,2024-06-21,5303.28,-154.07999999999993,0.02905371769923515,106,0.10303707188806752
IM2409,5129.2,5195.8,5049.0,16877,1730675.88,55761,221.0,5056.2,5077.0,5138.4,2024-03-07,202403.zip,20240307_1.csv,IM,2024-09-20,5303.28,-247.07999999999993,0.04659003484635926,197,0.09053989503162119
IM2403,5300.2,5381.0,5255.8,103462,10993405.672,99244,-8087.0,5348.0,5347.0,5298.6,2024-03-08,202403.zip,20240308_1.csv,IM,2024-03-15,5370.37,-22.36999999999989,0.0041654485631343885,7,0.21810690244684436
IM2404,5241.8,5335.2,5213.4,14247,1501555.552,33217,2882.0,5303.6,5300.0,5255.4,2024-03-08,202403.zip,20240308_1.csv,IM,2024-04-19,5370.37,-66.76999999999953,0.01243303534020923,42,0.10940928713290828
IM2406,5173.0,5246.0,5123.0,36207,3752156.7,91193,1497.0,5216.0,5211.4,5173.4,2024-03-08,202403.zip,20240308_1.csv,IM,2024-06-21,5370.37,-154.3699999999999,0.02874476060308695,105,0.10287950993280728
IM2409,5080.0,5151.0,5030.0,13804,1405372.016,55375,-386.0,5120.2,5119.2,5077.0,2024-03-08,202403.zip,20240308_1.csv,IM,2024-09-20,5370.37,-250.17000000000007,0.04658338252299188,196,0.09098820478154139
IM2403,5330.0,5463.4,5319.8,93763,10096835.92,90367,-8877.0,5463.0,5432.2,5347.0,2024-03-11,202403.zip,20240311_1.csv,IM,2024-03-15,5466.65,-3.649999999999636,0.0006676849624540626,4,0.06096695954603132
IM2404,5300.0,5416.2,5273.8,18361,1961181.388,40073,6856.0,5413.6,5383.0,5300.0,2024-03-11,202403.zip,20240311_1.csv,IM,2024-04-19,5466.65,-53.04999999999927,0.009704297878956769,39,0.09171227828867687
IM2406,5204.0,5322.0,5183.8,35167,3686794.504,92010,817.0,5319.6,5288.4,5211.4,2024-03-11,202403.zip,20240311_1.csv,IM,2024-06-21,5466.65,-147.04999999999927,0.02689947225448841,102,0.0989187783542621
IM2409,5119.8,5224.4,5092.0,13578,1398293.352,56512,1137.0,5219.0,5191.2,5119.2,2024-03-11,202403.zip,20240311_1.csv,IM,2024-09-20,5466.65,-247.64999999999964,0.04530196738404679,193,0.08974010863058143
IM2403,5479.4,5526.0,5428.0,103387,11324339.9,81801,-8566.0,5488.2,5480.4,5432.2,2024-03-12,202403.zip,20240312_1.csv,IM,2024-03-15,5496.36,-8.159999999999854,0.0014846189114250397,3,0.18089719762399406
IM2404,5427.0,5480.0,5384.0,26227,2849762.092,49912,9839.0,5446.2,5437.4,5383.0,2024-03-12,202403.zip,20240312_1.csv,IM,2024-04-19,5496.36,-50.159999999999854,0.009126039779053796,38,0.08846535198854125
IM2406,5328.2,5390.0,5293.2,43573,4653048.504,96037,4027.0,5352.0,5342.4,5288.4,2024-03-12,202403.zip,20240312_1.csv,IM,2024-06-21,5496.36,-144.35999999999967,0.026264655153592553,101,0.09747702348710216
IM2409,5229.2,5295.2,5198.0,18157,1903964.552,59236,2724.0,5252.2,5243.2,5191.2,2024-03-12,202403.zip,20240312_1.csv,IM,2024-09-20,5496.36,-244.15999999999985,0.044422126643815174,192,0.088374078164071
IM2403,5494.8,5568.0,5465.0,80318,8853571.964,60725,-21076.0,5517.4,5524.2,5480.4,2024-03-13,202403.zip,20240313_1.csv,IM,2024-03-15,5521.78,-4.380000000000109,0.0007932224753611772,2,0.14487802225685242
IM2404,5450.0,5523.8,5420.0,34379,3762400.092,62221,12309.0,5473.0,5480.8,5437.4,2024-03-13,202403.zip,20240313_1.csv,IM,2024-04-19,5521.78,-48.779999999999745,0.00883410784203642,37,0.08792401025180117
IM2406,5352.0,5428.8,5325.2,40444,4347002.572,96078,41.0,5380.0,5386.0,5342.4,2024-03-13,202403.zip,20240313_1.csv,IM,2024-06-21,5521.78,-141.77999999999975,0.0256765028668291,100,0.09618903345724922
IM2409,5257.4,5327.0,5223.8,14679,1548219.836,59689,453.0,5281.2,5287.2,5243.2,2024-03-13,202403.zip,20240313_1.csv,IM,2024-09-20,5521.78,-240.57999999999993,0.04356928381789926,191,0.08705353336719847
IM2403,5510.0,5545.0,5431.0,64905,7132704.712,38334,-22391.0,5487.0,5465.8,5524.2,2024-03-14,202403.zip,20240314_1.csv,IM,2024-03-15,5486.65,0.3500000000003638,-6.37912022820597e-05,1,-0.02328230362678929
IM2404,5470.0,5507.0,5378.6,61078,6647423.524,85339,23118.0,5437.2,5413.6,5480.8,2024-03-14,202403.zip,20240314_1.csv,IM,2024-04-19,5486.65,-49.44999999999982,0.009012785579542992,36,0.09221070689979174
IM2406,5377.0,5408.0,5283.4,46427,4965927.024,102160,6082.0,5344.2,5318.6,5386.0,2024-03-14,202403.zip,20240314_1.csv,IM,2024-06-21,5486.65,-142.44999999999982,0.025963019328734238,99,0.09827372561738781
IM2409,5288.0,5309.4,5182.0,17429,1829018.316,61476,1787.0,5241.0,5217.0,5287.2,2024-03-14,202403.zip,20240314_1.csv,IM,2024-09-20,5486.65,-245.64999999999964,0.04477231097299805,190,0.09004132397393022
IM2403,5473.6,5514.6,5457.0,32350,3547720.048,0,-38334.0,5511.0,5510.79,5465.8,2024-03-15,202403.zip,20240315_1.csv,IM,2024-03-15,5555.64,-44.64000000000033,0.008035077866816454,0,
IM2404,5419.8,5534.0,5397.4,86438,9421327.668,101062,15723.0,5532.2,5499.8,5413.6,2024-03-15,202403.zip,20240315_1.csv,IM,2024-04-19,5555.64,-23.44000000000051,0.004219135869134916,35,0.044185986458501726
IM2406,5330.0,5441.6,5302.6,48152,5158486.408,100865,-1295.0,5440.0,5406.8,5318.6,2024-03-15,202403.zip,20240315_1.csv,IM,2024-06-21,5555.64,-115.64000000000033,0.020814883613769153,98,0.07917279411764751
IM2409,5225.0,5345.2,5202.0,15400,1620176.96,61676,200.0,5342.8,5307.8,5217.0,2024-03-15,202403.zip,20240315_1.csv,IM,2024-09-20,5555.64,-212.84000000000015,0.038310617678611325,189,0.07693348275065744
IM2404,5560.0,5642.8,5507.2,81015,9021762.74,99605,-1457.0,5639.6,5612.4,5499.8,2024-03-18,202403.zip,20240318_1.csv,IM,2024-04-19,5648.01,-8.409999999999854,0.001489020026522625,32,0.017009462107240095
IM2405,5497.0,5609.4,5475.2,3430,379647.172,3335,3335.0,5606.6,5577.2,5499.8,2024-03-18,202403.zip,20240318_1.csv,IM,2024-05-17,5648.01,-41.409999999999854,0.007331785885648201,60,0.044931122843316094
IM2406,5460.0,5553.6,5415.4,44412,4863749.772,102787,1922.0,5550.8,5519.2,5406.8,2024-03-18,202403.zip,20240318_1.csv,IM,2024-06-21,5648.01,-97.21000000000004,0.017211371792897,95,0.06728598627793834
IM2409,5360.0,5458.4,5320.6,14146,1522393.076,63181,1505.0,5456.8,5424.0,5307.8,2024-03-18,202403.zip,20240318_1.csv,IM,2024-09-20,5648.01,-191.21000000000004,0.03385440181586086,186,0.06876263097991171
IM2404,5620.0,5638.6,5569.2,75764,8501694.228,98993,-612.0,5581.6,5595.6,5612.4,2024-03-19,202403.zip,20240319_1.csv,IM,2024-04-19,5607.48,-25.8799999999992,0.004615263897508215,31,0.054592971375993955
IM2405,5600.2,5606.4,5534.6,4330,482911.764,4738,1403.0,5545.2,5561.8,5577.2,2024-03-19,202403.zip,20240319_1.csv,IM,2024-05-17,5607.48,-62.279999999999745,0.011106593336043913,59,0.06948198900377343
IM2406,5528.8,5551.8,5483.2,39895,4408763.484,99641,-3146.0,5495.2,5511.6,5519.2,2024-03-19,202403.zip,20240319_1.csv,IM,2024-06-21,5607.48,-112.27999999999975,0.020023254652713818,94,0.0793384865089222
IM2409,5449.6,5460.4,5392.4,16119,1751806.164,64447,1266.0,5401.8,5419.8,5424.0,2024-03-19,202403.zip,20240319_1.csv,IM,2024-09-20,5607.48,-205.67999999999938,0.036679577992253076,185,0.0751233072459328
IM2404,5581.0,5650.8,5568.0,81466,9139079.768,98770,-223.0,5629.0,5630.6,5595.6,2024-03-20,202403.zip,20240320_1.csv,IM,2024-04-19,5659.15,-30.149999999999636,0.005327655213238636,30,0.06516699236098684
IM2405,5543.6,5613.2,5535.8,3716,414294.764,5074,336.0,5591.4,5594.8,5561.8,2024-03-20,202403.zip,20240320_1.csv,IM,2024-05-17,5659.15,-67.75,0.01197176254384491,58,0.07625241596392424
IM2406,5500.2,5559.8,5482.0,38940,4300334.212,100823,1182.0,5539.0,5540.2,5511.6,2024-03-20,202403.zip,20240320_1.csv,IM,2024-06-21,5659.15,-120.14999999999964,0.02123110361096625,93,0.08513386019369973
IM2409,5396.0,5466.8,5390.4,14824,1609709.156,64546,99.0,5446.2,5447.6,5419.8,2024-03-20,202403.zip,20240320_1.csv,IM,2024-09-20,5659.15,-212.94999999999982,0.03762932595884538,184,0.07756380396063926
IM2404,5652.8,5675.4,5595.4,75688,8532411.116,96980,-1790.0,5627.0,5637.2,5630.6,2024-03-21,202403.zip,20240321_1.csv,IM,2024-04-19,5658.28,-31.279999999999745,0.005528181708929214,29,0.06996562141889599
IM2405,5614.8,5642.2,5562.8,4349,487573.74,5977,903.0,5592.2,5602.4,5594.8,2024-03-21,202403.zip,20240321_1.csv,IM,2024-05-17,5658.28,-66.07999999999993,0.011678460592264739,57,0.07566679654681897
IM2406,5562.2,5587.8,5508.2,39125,4342713.536,98490,-2333.0,5540.0,5549.4,5540.2,2024-03-21,202403.zip,20240321_1.csv,IM,2024-06-21,5658.28,-118.27999999999975,0.02090387891726808,92,0.0847045204834401
IM2409,5470.2,5497.0,5417.4,13943,1522397.744,64913,367.0,5445.0,5456.4,5447.6,2024-03-21,202403.zip,20240321_1.csv,IM,2024-09-20,5658.28,-213.27999999999975,0.03769343334016695,183,0.07812571818533066
IM2404,5611.0,5630.2,5515.0,95152,10596944.184,101676,4696.0,5558.8,5581.8,5637.2,2024-03-22,202403.zip,20240322_1.csv,IM,2024-04-19,5595.88,-37.07999999999993,0.006626303637676245,28,0.08695478983131068
IM2405,5581.0,5596.6,5481.0,4948,548053.736,6727,750.0,5521.8,5548.4,5602.4,2024-03-22,202403.zip,20240322_1.csv,IM,2024-05-17,5595.88,-74.07999999999993,0.013238311043124562,56,0.08744301806346791
IM2406,5533.0,5542.0,5428.0,48512,5316756.336,103538,5048.0,5466.6,5492.2,5549.4,2024-03-22,202403.zip,20240322_1.csv,IM,2024-06-21,5595.88,-129.27999999999975,0.023102711280441945,91,0.09485615544225992
IM2409,5444.0,5449.8,5334.2,17907,1928979.272,67933,3020.0,5374.8,5398.6,5456.4,2024-03-22,202403.zip,20240322_1.csv,IM,2024-09-20,5595.88,-221.07999999999993,0.03950763776206778,182,0.08249139042842978
IM2404,5553.4,5575.0,5420.2,88462,9758197.444,98817,-2859.0,5435.4,5468.6,5581.8,2024-03-25,202403.zip,20240325_1.csv,IM,2024-04-19,5466.06,-30.660000000000764,0.0056091590652134204,25,0.08235566839607071
IM2405,5521.8,5537.0,5379.4,5690,622943.024,7571,844.0,5393.8,5425.0,5548.4,2024-03-25,202403.zip,20240325_1.csv,IM,2024-05-17,5466.06,-72.26000000000022,0.013219759753826388,53,0.09226141544764525
IM2406,5452.0,5481.6,5325.2,45896,4974721.116,99330,-4208.0,5337.0,5375.0,5492.2,2024-03-25,202403.zip,20240325_1.csv,IM,2024-06-21,5466.06,-129.0600000000004,0.023611156847894166,88,0.10030085850069045
IM2409,5360.0,5385.0,5223.4,19661,2091433.736,68190,257.0,5241.6,5275.8,5398.6,2024-03-25,202403.zip,20240325_1.csv,IM,2024-09-20,5466.06,-224.46000000000004,0.04106431323476145,179,0.08732023911842328
IM2404,5441.0,5468.8,5365.6,98250,10651319.02,103399,4582.0,5401.0,5415.6,5468.6,2024-03-26,202403.zip,20240326_1.csv,IM,2024-04-19,5447.75,-46.75,0.008581524482584535,24,0.13164035980991173
IM2405,5394.8,5430.0,5324.2,5508,592795.696,8133,562.0,5363.2,5375.0,5425.0,2024-03-26,202403.zip,20240326_1.csv,IM,2024-05-17,5447.75,-84.55000000000018,0.015520168877059315,52,0.11065706323434879
IM2406,5350.0,5371.8,5270.4,50027,5328126.68,104937,5607.0,5304.2,5320.2,5375.0,2024-03-26,202403.zip,20240326_1.csv,IM,2024-06-21,5447.75,-143.55000000000018,0.026350328117112576,87,0.11354209871422638
IM2409,5248.8,5275.4,5174.0,19263,2013159.992,68596,406.0,5207.2,5222.4,5275.8,2024-03-26,202403.zip,20240326_1.csv,IM,2024-09-20,5447.75,-240.55000000000018,0.04415584415584417,178,0.09472703957010267
IM2404,5390.0,5399.6,5215.6,101351,10776798.128,101761,-1638.0,5216.8,5278.6,5415.6,2024-03-27,202403.zip,20240327_1.csv,IM,2024-04-19,5266.23,-49.42999999999938,0.009386221262648875,23,0.1503666248841532
IM2405,5350.0,5361.0,5171.0,5745,605597.84,8778,645.0,5172.0,5228.2,5375.0,2024-03-27,202403.zip,20240327_1.csv,IM,2024-05-17,5266.23,-94.22999999999956,0.017893255706643907,51,0.1303927255356901
IM2406,5302.0,5305.2,5116.0,49269,5142486.208,100476,-4461.0,5121.4,5179.8,5320.2,2024-03-27,202403.zip,20240327_1.csv,IM,2024-06-21,5266.23,-144.82999999999993,0.027501647288477704,86,0.12002293613392408
IM2409,5202.4,5208.4,5012.8,20227,2070698.992,68221,-375.0,5017.4,5077.2,5222.4,2024-03-27,202403.zip,20240327_1.csv,IM,2024-09-20,5266.23,-248.82999999999993,0.04725012010489471,177,0.1022689064653873
IM2404,5236.2,5411.8,5230.6,120426,12857247.848,106816,5055.0,5349.6,5351.4,5278.6,2024-03-28,202403.zip,20240328_1.csv,IM,2024-04-19,5382.24,-32.63999999999942,0.006064389547846161,22,0.10122761939720167
IM2405,5155.0,5370.4,5155.0,7002,741091.584,10217,1439.0,5309.0,5311.2,5228.2,2024-03-28,202403.zip,20240328_1.csv,IM,2024-05-17,5382.24,-73.23999999999978,0.013607717232973604,50,0.10070672443021228
IM2406,5132.0,5310.0,5131.4,56610,5929509.12,104699,4223.0,5249.0,5250.2,5179.8,2024-03-28,202403.zip,20240328_1.csv,IM,2024-06-21,5382.24,-133.23999999999978,0.024755492137102708,85,0.1090013784138152
IM2409,5025.0,5208.2,5025.0,22401,2299644.26,69733,1512.0,5145.0,5146.2,5077.2,2024-03-28,202403.zip,20240328_1.csv,IM,2024-09-20,5382.24,-237.23999999999978,0.04407830197092655,176,0.09562748476013784
IM2404,5353.0,5419.0,5301.2,92418,9902384.684,96257,-10559.0,5412.0,5395.6,5351.4,2024-03-29,202403.zip,20240329_1.csv,IM,2024-04-19,5441.26,-29.26000000000022,0.0053774309626815064,21,0.09397018970189645
IM2405,5309.0,5379.0,5258.8,5749,611468.992,10097,-120.0,5375.0,5356.2,5311.2,2024-03-29,202403.zip,20240329_1.csv,IM,2024-05-17,5441.26,-66.26000000000022,0.012177326575094738,49,0.09182686283815827
IM2406,5255.0,5319.0,5197.6,44878,4718233.712,98158,-6541.0,5308.0,5295.0,5250.2,2024-03-29,202403.zip,20240329_1.csv,IM,2024-06-21,5441.26,-133.26000000000022,0.02449065106243775,84,0.109089379911724
IM2409,5148.4,5219.2,5091.0,17932,1849155.18,68841,-892.0,5209.6,5194.4,5146.2,2024-03-29,202403.zip,20240329_1.csv,IM,2024-09-20,5441.26,-231.65999999999985,0.042574697772207126,175,0.09274734555984546
IM2404,5443.0,5557.2,5440.0,77326,8513132.28,93833,-2424.0,5541.6,5532.4,5395.6,2024-04-01,202404.zip,20240401_1.csv,IM,2024-04-19,5559.06,-17.460000000000036,0.0031408187715189495,18,0.06388949039988631
IM2405,5402.0,5518.0,5402.0,6688,730949.604,11649,1552.0,5503.0,5491.2,5356.2,2024-04-01,202404.zip,20240401_1.csv,IM,2024-05-17,5559.06,-56.0600000000004,0.010084438736045365,46,0.08083298438006208
IM2406,5330.0,5462.4,5330.0,38262,4136196.132,100572,2414.0,5446.2,5435.6,5295.0,2024-04-01,202404.zip,20240401_1.csv,IM,2024-06-21,5559.06,-112.86000000000058,0.020301993502498727,81,0.09338009376568467
IM2409,5240.0,5366.2,5240.0,14927,1584793.416,69205,364.0,5352.8,5339.2,5194.4,2024-04-01,202404.zip,20240401_1.csv,IM,2024-09-20,5559.06,-206.26000000000022,0.03710339517832151,172,0.08177083152308026
IM2404,5531.0,5543.2,5462.4,84121,9250563.088,93587,-246.0,5506.6,5495.8,5532.4,2024-04-02,202404.zip,20240402_1.csv,IM,2024-04-19,5531.05,-24.449999999999818,0.00442049882029627,17,0.09533212551355223
IM2405,5499.8,5505.4,5421.2,5319,580862.436,11302,-347.0,5470.4,5456.0,5491.2,2024-04-02,202404.zip,20240402_1.csv,IM,2024-05-17,5531.05,-60.650000000000546,0.010965368239303719,45,0.08992740729908183
IM2406,5452.0,5452.0,5367.0,37701,4075237.016,97889,-2683.0,5414.2,5402.0,5435.6,2024-04-02,202404.zip,20240402_1.csv,IM,2024-06-21,5531.05,-116.85000000000036,0.02112618761356344,80,0.098468494883824
IM2409,5353.8,5356.4,5274.0,14483,1538041.464,69497,292.0,5318.6,5304.6,5339.2,2024-04-02,202404.zip,20240402_1.csv,IM,2024-09-20,5531.05,-212.44999999999982,0.038410428399670904,171,0.08526212653683866
IM2404,5495.0,5504.2,5421.0,77975,8512547.0,89825,-3762.0,5475.0,5464.2,5495.8,2024-04-03,202404.zip,20240403_1.csv,IM,2024-04-19,5500.93,-25.93000000000029,0.0047137484025429055,16,0.10804166666666955
IM2405,5453.0,5465.8,5383.0,5458,591523.924,12099,797.0,5433.0,5423.6,5456.0,2024-04-03,202404.zip,20240403_1.csv,IM,2024-05-17,5500.93,-67.93000000000029,0.012348821017537093,44,0.10371990194602056
IM2406,5404.8,5410.4,5325.8,35205,3775353.128,98982,1093.0,5374.4,5365.8,5402.0,2024-04-03,202404.zip,20240403_1.csv,IM,2024-06-21,5500.93,-126.53000000000065,0.023001565189886164,79,0.10877505077988162
IM2409,5315.6,5315.6,5228.0,14190,1493581.436,69759,262.0,5271.6,5264.4,5304.6,2024-04-03,202404.zip,20240403_1.csv,IM,2024-09-20,5500.93,-229.32999999999993,0.04168931435230039,170,0.0934033310569845
IM2404,5460.0,5460.0,5341.6,73630,7957835.308,90525,700.0,5348.4,5361.4,5464.2,2024-04-08,202404.zip,20240408_1.csv,IM,2024-04-19,5399.91,-51.51000000000022,0.009539047873020179,11,0.319571358639118
IM2405,5406.0,5421.2,5295.2,6829,731700.436,13478,1379.0,5306.2,5315.4,5423.6,2024-04-08,202404.zip,20240408_1.csv,IM,2024-05-17,5399.91,-93.71000000000004,0.017353992936919305,39,0.16528391074205312
IM2406,5359.6,5359.8,5236.4,38012,4029285.876,98366,-616.0,5241.8,5257.6,5365.8,2024-04-08,202404.zip,20240408_1.csv,IM,2024-06-21,5399.91,-158.10999999999967,0.029280117631590108,74,0.1487784524193774
IM2409,5254.6,5255.0,5128.6,15696,1630379.004,70930,1171.0,5135.0,5150.6,5264.4,2024-04-08,202404.zip,20240408_1.csv,IM,2024-09-20,5399.91,-264.90999999999985,0.04905822504449142,165,0.11412133014664634
IM2404,5355.0,5438.8,5347.0,74898,8081120.636,88348,-2177.0,5431.6,5414.6,5361.4,2024-04-09,202404.zip,20240409_1.csv,IM,2024-04-19,5468.91,-37.30999999999949,0.006822200401908174,10,0.2507207820899908
IM2405,5306.2,5392.0,5301.8,7358,786764.852,15082,1604.0,5386.4,5366.8,5315.4,2024-04-09,202404.zip,20240409_1.csv,IM,2024-05-17,5468.91,-82.51000000000022,0.015087101451660478,38,0.14713542684499842
IM2406,5251.0,5328.8,5238.2,39921,4220683.372,102095,3729.0,5322.4,5304.0,5257.6,2024-04-09,202404.zip,20240409_1.csv,IM,2024-06-21,5468.91,-146.51000000000022,0.026789616212371414,73,0.137635277318503
IM2409,5140.0,5221.8,5131.0,16113,1669281.488,70656,-274.0,5218.6,5198.8,5150.6,2024-04-09,202404.zip,20240409_1.csv,IM,2024-09-20,5468.91,-250.3099999999995,0.0457696323398995,164,0.10675130840623524
IM2404,5418.0,5425.0,5285.4,88954,9503670.008,92744,4396.0,5330.0,5324.2,5414.6,2024-04-10,202404.zip,20240410_1.csv,IM,2024-04-19,5367.05,-37.05000000000018,0.006903233619958815,9,0.2819105691056958
IM2405,5373.0,5376.8,5237.2,9664,1023706.332,17480,2398.0,5280.6,5274.6,5366.8,2024-04-10,202404.zip,20240410_1.csv,IM,2024-05-17,5367.05,-86.44999999999982,0.0161075451132372,37,0.16150012641888617
IM2406,5306.4,5314.2,5176.4,47508,4971913.008,101649,-446.0,5218.0,5213.0,5304.0,2024-04-10,202404.zip,20240410_1.csv,IM,2024-06-21,5367.05,-149.05000000000018,0.027771308260590155,72,0.14480657233507985
IM2409,5211.0,5211.0,5071.0,17342,1778594.156,72356,1700.0,5111.2,5107.6,5198.8,2024-04-10,202404.zip,20240410_1.csv,IM,2024-09-20,5367.05,-255.85000000000036,0.04767050800719208,163,0.11209024185548982
IM2404,5300.4,5427.0,5291.2,91001,9776232.264,87336,-5408.0,5353.8,5365.0,5324.2,2024-04-11,202404.zip,20240411_1.csv,IM,2024-04-19,5379.92,-26.11999999999989,0.004855090782019067,8,0.22259423213418575
IM2405,5245.8,5377.2,5241.0,11056,1177449.012,20067,2587.0,5301.8,5315.2,5274.6,2024-04-11,202404.zip,20240411_1.csv,IM,2024-05-17,5379.92,-78.11999999999989,0.014520662017279085,36,0.14939265909691
IM2406,5190.0,5310.0,5178.0,49573,5212393.24,106644,4995.0,5235.6,5246.4,5213.0,2024-04-11,202404.zip,20240411_1.csv,IM,2024-06-21,5379.92,-144.3199999999997,0.026825677705244688,71,0.14170806795083218
IM2409,5079.8,5203.6,5071.0,17719,1825362.556,73187,831.0,5128.6,5139.6,5107.6,2024-04-11,202404.zip,20240411_1.csv,IM,2024-09-20,5379.92,-251.3199999999997,0.04671444928549118,162,0.1104094058831545
IM2404,5364.4,5395.0,5295.2,75999,8124828.824,80012,-7324.0,5309.0,5320.4,5365.0,2024-04-12,202404.zip,20240412_1.csv,IM,2024-04-19,5338.77,-29.770000000000437,0.005576190770533396,7,0.2923889352312873
IM2405,5313.8,5340.8,5240.0,12037,1274177.456,22526,2459.0,5253.0,5265.6,5315.2,2024-04-12,202404.zip,20240412_1.csv,IM,2024-05-17,5338.77,-85.77000000000044,0.01606549823273906,35,0.1702757607897545
IM2406,5245.8,5273.8,5171.2,42393,4430988.584,103321,-3323.0,5183.8,5198.0,5246.4,2024-04-12,202404.zip,20240412_1.csv,IM,2024-06-21,5338.77,-154.97000000000025,0.029027285311036155,70,0.1558813721869789
IM2409,5131.4,5169.8,5063.0,15387,1574277.88,73081,-106.0,5076.0,5088.6,5139.6,2024-04-12,202404.zip,20240412_1.csv,IM,2024-09-20,5338.77,-262.77000000000044,0.04921920217578213,161,0.11736028515630754
IM2404,5293.2,5343.2,5174.8,106204,11180692.48,83623,3611.0,5262.8,5225.8,5320.4,2024-04-15,202404.zip,20240415_1.csv,IM,2024-04-19,5287.51,-24.710000000000036,0.004673277213660176,4,0.4284387588356095
IM2405,5235.6,5287.6,5112.2,22499,2340034.976,31706,9180.0,5197.0,5162.6,5265.6,2024-04-15,202404.zip,20240415_1.csv,IM,2024-05-17,5287.51,-90.51000000000022,0.017117698122556813,32,0.19864916057340934
IM2406,5170.0,5218.2,5038.2,67238,6900961.844,112448,9127.0,5120.0,5089.6,5198.0,2024-04-15,202404.zip,20240415_1.csv,IM,2024-06-21,5287.51,-167.51000000000022,0.031680318335095436,67,0.17823329640858185
IM2409,5056.0,5112.8,4932.0,26159,2627628.328,77429,4348.0,5013.2,4980.8,5088.6,2024-04-15,202404.zip,20240415_1.csv,IM,2024-09-20,5287.51,-274.3100000000004,0.05187886169482425,158,0.12640445679103388
IM2404,5240.2,5264.8,5038.2,109380,11245696.648,72632,-10991.0,5055.0,5087.2,5225.8,2024-04-16,202404.zip,20240416_1.csv,IM,2024-04-19,5066.66,-11.659999999999854,0.0023013188175247112,3,0.28063963072864
IM2405,5165.2,5209.0,4977.2,30798,3126682.696,42540,10834.0,4986.4,5022.6,5162.6,2024-04-16,202404.zip,20240416_1.csv,IM,2024-05-17,5066.66,-80.26000000000022,0.01584081031685569,31,0.18951483519042772
IM2406,5097.0,5126.2,4905.0,71003,7115374.144,110752,-1696.0,4917.2,4958.4,5089.6,2024-04-16,202404.zip,20240416_1.csv,IM,2024-06-21,5066.66,-149.46000000000004,0.02949872302463552,66,0.16809547931934674
IM2409,4991.6,5020.0,4802.4,27642,2713900.524,75783,-1646.0,4814.2,4854.6,4980.8,2024-04-16,202404.zip,20240416_1.csv,IM,2024-09-20,5066.66,-252.46000000000004,0.04982769714170676,157,0.12191626840660089
IM2404,5136.4,5294.0,5120.0,89804,9365385.984,50301,-22331.0,5289.2,5259.0,5087.2,2024-04-17,202404.zip,20240417_1.csv,IM,2024-04-19,5287.46,1.7399999999997817,-0.00032908050368218866,2,-0.060037434772728104
IM2405,5059.0,5236.8,5059.0,44901,4633106.384,56255,13715.0,5232.0,5199.6,5022.6,2024-04-17,202404.zip,20240417_1.csv,IM,2024-05-17,5287.46,-55.460000000000036,0.010488968238057561,30,0.12896852701325315
IM2406,4980.0,5163.0,4980.0,72196,7335261.144,113725,2973.0,5157.4,5119.8,4958.4,2024-04-17,202404.zip,20240417_1.csv,IM,2024-06-21,5287.46,-130.0600000000004,0.02459782201662053,65,0.14160951701960775
IM2409,4870.0,5060.0,4870.0,25325,2519966.604,76226,443.0,5054.0,5018.8,4854.6,2024-04-17,202404.zip,20240417_1.csv,IM,2024-09-20,5287.46,-233.46000000000004,0.04415352551130414,156,0.10808004322547259
IM2404,5267.0,5355.2,5221.2,60839,6442514.776,31019,-19282.0,5290.2,5306.4,5259.0,2024-04-18,202404.zip,20240418_1.csv,IM,2024-04-19,5286.72,3.4799999999995634,-0.0006582531323768848,1,-0.2401043438811018
IM2405,5229.8,5297.6,5157.2,62996,6601836.824,74773,18518.0,5234.0,5247.6,5199.6,2024-04-18,202404.zip,20240418_1.csv,IM,2024-05-17,5286.72,-52.720000000000255,0.009972156649113328,29,0.1267758554807436
IM2406,5135.0,5226.0,5086.0,64063,6620232.704,111060,-2665.0,5165.6,5180.2,5119.8,2024-04-18,202404.zip,20240418_1.csv,IM,2024-06-21,5286.72,-121.11999999999989,0.02291023545790205,64,0.1337235751897166
IM2409,5045.0,5119.4,4985.0,20606,2086284.616,75022,-1204.0,5062.6,5077.8,5018.8,2024-04-18,202404.zip,20240418_1.csv,IM,2024-09-20,5286.72,-224.1199999999999,0.04239301495066883,155,0.10424810405975231
IM2404,5270.0,5319.0,5223.2,25682,2704463.388,0,-31019.0,5258.0,5257.99,5306.4,2024-04-19,202404.zip,20240419_1.csv,IM,2024-04-19,5264.39,-6.390000000000327,0.0012138158457105641,0,
IM2405,5207.8,5264.6,5149.2,71833,7464476.756,80786,6013.0,5191.8,5188.6,5247.6,2024-04-19,202404.zip,20240419_1.csv,IM,2024-05-17,5264.39,-72.59000000000015,0.013788872025058962,28,0.18226096922069468
IM2406,5136.0,5192.4,5078.2,62048,6358264.264,112345,1285.0,5118.8,5116.6,5180.2,2024-04-19,202404.zip,20240419_1.csv,IM,2024-06-21,5264.39,-145.59000000000015,0.027655625817996077,63,0.16478425002883906
IM2409,5043.0,5087.4,4975.6,18504,1858294.26,76218,1196.0,5018.2,5013.6,5077.8,2024-04-19,202404.zip,20240419_1.csv,IM,2024-09-20,5264.39,-246.1900000000005,0.04676515227785183,154,0.11627720551737175
IM2405,5155.4,5254.0,5115.2,66495,6905800.636,80540,-246.0,5189.2,5197.2,5188.6,2024-04-22,202404.zip,20240422_1.csv,IM,2024-05-17,5246.08,-56.88000000000011,0.010842381359033815,25,0.1600339165960087
IM2406,5103.8,5182.0,5046.4,59063,6049546.988,110846,-1499.0,5118.4,5127.4,5116.6,2024-04-22,202404.zip,20240422_1.csv,IM,2024-06-21,5246.08,-127.68000000000029,0.02433817250213499,60,0.1517505470459528
IM2409,4987.0,5084.0,4944.0,17176,1723488.484,74514,-1704.0,5014.2,5021.0,5013.6,2024-04-22,202404.zip,20240422_1.csv,IM,2024-09-20,5246.08,-231.8800000000001,0.044200622178845905,151,0.11178346211989768
IM2412,4950.6,5000.0,4875.4,3749,370497.568,3568,3568.0,4938.0,4944.2,5013.6,2024-04-22,202404.zip,20240422_1.csv,IM,2024-12-20,5246.08,-308.0799999999999,0.05872575332438701,242,0.09410006393326824
IM2405,5195.0,5228.2,5133.2,60320,6240102.088,79334,-1206.0,5151.8,5156.6,5197.2,2024-04-23,202404.zip,20240423_1.csv,IM,2024-05-17,5218.43,-66.63000000000011,0.012768208062578279,24,0.19669460188672103
IM2406,5127.0,5157.8,5065.0,54460,5557192.98,110994,148.0,5082.8,5086.6,5127.4,2024-04-23,202404.zip,20240423_1.csv,IM,2024-06-21,5218.43,-135.6300000000001,0.025990575709552544,59,0.1650796704872401
IM2409,5014.0,5081.0,4958.4,15229,1522227.532,72909,-1605.0,4976.0,4981.4,5021.0,2024-04-23,202404.zip,20240423_1.csv,IM,2024-09-20,5218.43,-242.4300000000003,0.04645650128486922,150,0.11855164790996772
IM2412,4937.4,4975.2,4884.6,4426,435103.304,4659,1091.0,4898.0,4902.6,4944.2,2024-04-23,202404.zip,20240423_1.csv,IM,2024-12-20,5218.43,-320.4300000000003,0.0614035255814489,241,0.09908096115104995
IM2405,5178.2,5277.4,5145.8,65511,6836682.12,78206,-1128.0,5275.4,5257.4,5156.6,2024-04-24,202404.zip,20240424_1.csv,IM,2024-05-17,5305.61,-30.210000000000036,0.005693972983313866,23,0.09087833438552304
IM2406,5116.8,5208.8,5077.6,61305,6311476.376,110829,-165.0,5205.8,5186.2,5086.6,2024-04-24,202404.zip,20240424_1.csv,IM,2024-06-21,5305.61,-99.80999999999949,0.018812162974662594,58,0.120656701212572
IM2409,5011.8,5100.0,4971.0,18495,1864408.212,73580,671.0,5099.8,5077.0,4981.4,2024-04-24,202404.zip,20240424_1.csv,IM,2024-09-20,5305.61,-205.8099999999995,0.03879101554769371,149,0.0988598447471685
IM2412,4917.0,5028.4,4891.0,6653,661565.96,8604,3945.0,5028.4,5002.8,4902.6,2024-04-24,202404.zip,20240424_1.csv,IM,2024-12-20,5305.61,-277.21000000000004,0.05224846907330172,240,0.08384182012833756
IM2405,5250.0,5337.0,5241.2,59032,6242286.652,75366,-2840.0,5279.2,5277.6,5257.4,2024-04-25,202404.zip,20240425_1.csv,IM,2024-05-17,5313.99,-34.789999999999964,0.006546869677963252,22,0.10933431718304379
IM2406,5186.0,5270.8,5176.0,60085,6273833.632,109272,-1557.0,5214.2,5212.0,5186.2,2024-04-25,202404.zip,20240425_1.csv,IM,2024-06-21,5313.99,-99.78999999999996,0.018778733117676194,57,0.12255113734626154
IM2409,5079.8,5164.6,5068.8,20139,2059828.44,70674,-2906.0,5106.8,5102.8,5077.0,2024-04-25,202404.zip,20240425_1.csv,IM,2024-09-20,5313.99,-207.1899999999996,0.03898953517037096,148,0.10005783227027419
IM2412,5007.8,5087.0,4992.8,8039,809332.68,11512,2908.0,5030.4,5024.6,5002.8,2024-04-25,202404.zip,20240425_1.csv,IM,2024-12-20,5313.99,-283.59000000000015,0.053366679274895135,239,0.08609607560924978
IM2405,5291.2,5418.0,5287.0,65929,7074215.148,75132,-234.0,5408.6,5399.8,5277.6,2024-04-26,202404.zip,20240426_1.csv,IM,2024-05-17,5415.94,-7.339999999999236,0.0013552587362487545,21,0.023587654934025207
IM2406,5218.0,5360.0,5218.0,71576,7596234.62,110203,931.0,5351.2,5342.2,5212.0,2024-04-26,202404.zip,20240426_1.csv,IM,2024-06-21,5415.94,-64.73999999999978,0.011953603621901232,56,0.07885447589859627
IM2409,5111.0,5256.2,5111.0,21986,2287224.016,71652,978.0,5247.8,5238.0,5102.8,2024-04-26,202404.zip,20240426_1.csv,IM,2024-09-20,5415.94,-168.13999999999942,0.031045395628459538,147,0.07955533293770252
IM2412,5039.8,5182.4,5037.0,8894,912523.068,14860,3348.0,5175.6,5161.2,5024.6,2024-04-26,202404.zip,20240426_1.csv,IM,2024-12-20,5415.94,-240.33999999999924,0.04437641480518606,238,0.07121660396131532
IM2405,5430.0,5571.8,5430.0,63448,6995213.652,71302,-3830.0,5557.0,5554.6,5399.8,2024-04-29,202404.zip,20240429_1.csv,IM,2024-05-17,5545.23,11.770000000000437,-0.0021225449620665415,18,-0.04294933317337589
IM2406,5372.0,5528.6,5371.4,73142,7993765.16,110557,354.0,5510.2,5508.6,5342.2,2024-04-29,202404.zip,20240429_1.csv,IM,2024-06-21,5545.23,-35.029999999999745,0.006317141038333807,53,0.04378141258441427
IM2409,5259.8,5443.0,5259.8,25095,2697841.556,72555,903.0,5426.8,5424.0,5238.0,2024-04-29,202404.zip,20240429_1.csv,IM,2024-09-20,5545.23,-118.42999999999938,0.0213570942954574,144,0.05531568378745799
IM2412,5200.0,5378.2,5195.2,9843,1046143.284,17644,2784.0,5340.0,5358.6,5161.2,2024-04-29,202404.zip,20240429_1.csv,IM,2024-12-20,5545.23,-205.22999999999956,0.03701018713380677,235,0.059693162801816836
IM2405,5555.6,5569.2,5476.2,51202,5645491.228,66592,-4710.0,5493.0,5500.8,5554.6,2024-04-30,202404.zip,20240430_1.csv,IM,2024-05-17,5497.43,-4.430000000000291,0.0008058310883449771,17,0.01731562095073172
IM2406,5510.2,5525.0,5432.4,59732,6533863.652,106642,-3915.0,5448.8,5457.4,5508.6,2024-04-30,202404.zip,20240430_1.csv,IM,2024-06-21,5497.43,-48.63000000000011,0.008845951653772777,52,0.06264593897880127
IM2409,5425.0,5439.4,5338.0,20774,2234987.632,71303,-1252.0,5359.0,5364.8,5424.0,2024-04-30,202404.zip,20240430_1.csv,IM,2024-09-20,5497.43,-138.4300000000003,0.02518085723692709,143,0.06593306861080735
IM2412,5377.2,5377.2,5264.2,8192,869742.328,19167,1523.0,5287.0,5297.4,5358.6,2024-04-30,202404.zip,20240430_1.csv,IM,2024-12-20,5497.43,-210.4300000000003,0.03827788621228467,234,0.06208337981082457
IM2405,5581.2,5648.0,5568.0,51806,5800415.02,65944,-648.0,5590.2,5596.6,5500.8,2024-05-06,202405.zip,20240506_1.csv,IM,2024-05-17,5606.84,-16.640000000000327,0.0029678036113034434,11,0.09877025053584586
IM2406,5560.0,5597.2,5531.8,57463,6394320.812,108078,1436.0,5548.6,5559.0,5457.4,2024-05-06,202405.zip,20240506_1.csv,IM,2024-06-21,5606.84,-58.23999999999978,0.010387312639561608,46,0.08328618735004091
IM2409,5472.2,5515.8,5446.6,21687,2377240.52,73744,2441.0,5461.8,5474.2,5364.8,2024-05-06,202405.zip,20240506_1.csv,IM,2024-09-20,5606.84,-145.03999999999996,0.025868403592754552,137,0.07074964992423845
IM2412,5400.0,5447.2,5378.2,7131,772116.196,19778,611.0,5394.6,5406.2,5297.4,2024-05-06,202405.zip,20240506_1.csv,IM,2024-12-20,5606.84,-212.23999999999978,0.037853764330710304,228,0.06298338624524447
IM2405,5592.2,5628.6,5578.0,39063,4377945.252,60370,-5574.0,5606.8,5606.6,5596.6,2024-05-07,202405.zip,20240507_1.csv,IM,2024-05-17,5625.34,-18.539999999999964,0.003295800787152414,10,0.120694513804666
IM2406,5545.0,5585.8,5533.0,45224,5027539.476,106467,-1611.0,5557.2,5557.4,5559.0,2024-05-07,202405.zip,20240507_1.csv,IM,2024-06-21,5625.34,-68.14000000000033,0.012113045611465312,45,0.09945496133144699
IM2409,5461.8,5498.8,5438.0,14931,1632580.18,72110,-1634.0,5462.8,5463.2,5474.2,2024-05-07,202405.zip,20240507_1.csv,IM,2024-09-20,5625.34,-162.53999999999996,0.028894253502899425,136,0.07985441101094473
IM2412,5394.8,5428.2,5365.2,6752,728447.968,21648,1870.0,5393.6,5393.2,5406.2,2024-05-07,202405.zip,20240507_1.csv,IM,2024-12-20,5625.34,-231.73999999999978,0.04119573216907779,227,0.06908587694732339
IM2405,5586.4,5589.0,5501.2,42615,4725552.568,58459,-1911.0,5519.8,5522.8,5606.6,2024-05-08,202405.zip,20240508_1.csv,IM,2024-05-17,5536.66,-16.859999999999673,0.0030451571886298545,9,0.12387526118095435
IM2406,5538.0,5538.0,5451.0,50753,5575724.472,109674,3207.0,5461.2,5467.4,5557.4,2024-05-08,202405.zip,20240508_1.csv,IM,2024-06-21,5536.66,-75.46000000000004,0.013629155483630973,44,0.114622244195415
IM2409,5450.0,5450.0,5352.0,16863,1819664.472,72954,844.0,5363.6,5368.0,5463.2,2024-05-08,202405.zip,20240508_1.csv,IM,2024-09-20,5536.66,-173.0599999999995,0.03125711168827405,135,0.08723673707266813
IM2412,5383.2,5383.2,5278.2,7679,817225.332,23755,2107.0,5288.8,5294.2,5393.2,2024-05-08,202405.zip,20240508_1.csv,IM,2024-12-20,5536.66,-247.85999999999967,0.04476706173035727,226,0.07568916715637518
IM2405,5529.8,5642.6,5529.8,44845,5025279.876,58193,-266.0,5617.0,5620.4,5522.8,2024-05-09,202405.zip,20240509_1.csv,IM,2024-05-17,5626.83,-9.829999999999927,0.0017469872023857524,8,0.07984578066583356
IM2406,5478.8,5587.0,5471.8,56400,6257246.724,110212,538.0,5562.8,5565.0,5467.4,2024-05-09,202405.zip,20240509_1.csv,IM,2024-06-21,5626.83,-64.02999999999975,0.011379409010046415,43,0.0977044770828135
IM2409,5371.6,5490.0,5371.0,18186,1982052.116,72810,-144.0,5469.0,5469.8,5368.0,2024-05-09,202405.zip,20240509_1.csv,IM,2024-09-20,5626.83,-157.82999999999993,0.0280495412159244,134,0.07860853439876836
IM2412,5306.2,5419.6,5302.0,8384,902821.124,25692,1937.0,5398.4,5400.4,5294.2,2024-05-09,202405.zip,20240509_1.csv,IM,2024-12-20,5626.83,-228.4300000000003,0.040596570360220685,225,0.06864334288348832
IM2405,5627.0,5650.0,5529.0,47930,5334651.408,54643,-3550.0,5563.6,5554.6,5620.4,2024-05-10,202405.zip,20240510_1.csv,IM,2024-05-17,5574.23,-10.6299999999992,0.0019069898443371258,7,0.09962588457626527
IM2406,5580.0,5596.0,5466.0,67029,7379910.4,113824,3612.0,5503.6,5493.6,5565.0,2024-05-10,202405.zip,20240510_1.csv,IM,2024-06-21,5574.23,-70.6299999999992,0.012670808344829587,42,0.11152851466918537
IM2409,5485.0,5504.2,5367.8,23267,2516011.596,74520,1710.0,5404.8,5395.4,5469.8,2024-05-10,202405.zip,20240510_1.csv,IM,2024-09-20,5574.23,-169.42999999999938,0.03039522947564044,133,0.08603039292280427
IM2412,5422.8,5434.4,5294.4,10870,1159054.06,27624,1932.0,5332.2,5322.6,5400.4,2024-05-10,202405.zip,20240510_1.csv,IM,2024-12-20,5574.23,-242.02999999999975,0.04341944986123636,224,0.07396182458861796
IM2405,5507.0,5554.8,5451.0,44303,4878029.88,49028,-5615.0,5512.0,5500.6,5554.6,2024-05-13,202405.zip,20240513_1.csv,IM,2024-05-17,5520.8,-8.800000000000182,0.0015939718881321507,4,0.14568214804063312
IM2406,5451.0,5492.2,5389.6,66036,7184474.624,116072,2248.0,5443.8,5433.8,5493.6,2024-05-13,202405.zip,20240513_1.csv,IM,2024-06-21,5520.8,-77.0,0.013947254021156374,39,0.13237830663158476
IM2409,5351.0,5396.0,5290.0,20366,2174860.376,72659,-1861.0,5341.8,5332.8,5395.4,2024-05-13,202405.zip,20240513_1.csv,IM,2024-09-20,5520.8,-179.0,0.03242283726996087,130,0.09408381502057804
IM2412,5296.4,5324.2,5215.6,8484,893974.036,28669,1045.0,5266.2,5259.6,5322.6,2024-05-13,202405.zip,20240513_1.csv,IM,2024-12-20,5520.8,-254.60000000000036,0.04611650485436902,221,0.07984755851841624
IM2405,5547.0,5584.6,5507.2,37920,4205567.388,42389,-6639.0,5537.0,5539.4,5500.6,2024-05-14,202405.zip,20240514_1.csv,IM,2024-05-17,5551.68,-14.680000000000291,0.002644244625050529,3,0.3225693817350102
IM2406,5477.0,5528.0,5444.0,59866,6561680.728,116594,522.0,5470.0,5474.2,5433.8,2024-05-14,202405.zip,20240514_1.csv,IM,2024-06-21,5551.68,-81.68000000000029,0.014712663554095395,38,0.14342923121331638
IM2409,5371.4,5424.6,5341.0,19339,2080803.164,73066,407.0,5370.4,5370.6,5332.8,2024-05-14,202405.zip,20240514_1.csv,IM,2024-09-20,5551.68,-181.28000000000065,0.03265317885757113,129,0.09550946503198149
IM2412,5295.2,5361.6,5265.6,8118,861503.136,30549,1880.0,5295.0,5296.2,5259.6,2024-05-14,202405.zip,20240514_1.csv,IM,2024-12-20,5551.68,-256.6800000000003,0.046234653294138006,220,0.08042595930981222
IM2405,5533.0,5551.6,5476.6,35851,3956774.1,32383,-10006.0,5489.2,5498.6,5539.4,2024-05-15,202405.zip,20240515_1.csv,IM,2024-05-17,5497.23,-8.029999999999745,0.0014607356796059179,2,0.2669742403264319
IM2406,5460.0,5486.0,5408.2,62134,6775716.956,121328,4734.0,5424.0,5433.4,5474.2,2024-05-15,202405.zip,20240515_1.csv,IM,2024-06-21,5497.23,-73.22999999999956,0.013321254522732251,37,0.13318658813680812
IM2409,5368.0,5384.8,5305.0,19101,2043072.464,73741,675.0,5318.6,5327.6,5370.6,2024-05-15,202405.zip,20240515_1.csv,IM,2024-09-20,5497.23,-178.6299999999992,0.032494547253798634,128,0.09577231026491863
IM2412,5310.0,5313.0,5232.0,6799,717397.652,30547,-2.0,5247.0,5255.4,5296.2,2024-05-15,202405.zip,20240515_1.csv,IM,2024-12-20,5497.23,-250.22999999999956,0.04551928880545286,219,0.07948351438917478
IM2405,5519.0,5545.4,5465.4,31589,3484654.796,20701,-11682.0,5478.2,5488.2,5498.6,2024-05-16,202405.zip,20240516_1.csv,IM,2024-05-17,5488.95,-10.75,0.0019584802193497453,1,0.7162480376765834
IM2406,5470.2,5485.4,5401.4,79478,8670229.012,134269,12941.0,5415.0,5427.8,5433.4,2024-05-16,202405.zip,20240516_1.csv,IM,2024-06-21,5488.95,-73.94999999999982,0.013472522067061954,36,0.1384618344105868
IM2409,5360.0,5383.2,5297.8,23933,2561489.312,74613,872.0,5313.8,5322.6,5327.6,2024-05-16,202405.zip,20240516_1.csv,IM,2024-09-20,5488.95,-175.14999999999964,0.0319095637599176,127,0.09473142727760099
IM2412,5288.0,5309.8,5222.0,8753,923777.064,32746,2199.0,5240.0,5251.8,5255.4,2024-05-16,202405.zip,20240516_1.csv,IM,2024-12-20,5488.95,-248.94999999999982,0.04535475819601198,218,0.07954579277260324
IM2405,5498.0,5535.0,5473.2,16920,1861428.8,0,-20701.0,5512.0,5511.79,5488.2,2024-05-17,202405.zip,20240517_1.csv,IM,2024-05-17,5563.23,-51.22999999999956,0.009208679130648822,0,
IM2406,5427.8,5536.0,5408.0,94821,10356680.824,142465,8196.0,5530.2,5491.8,5427.8,2024-05-17,202405.zip,20240517_1.csv,IM,2024-06-21,5563.23,-33.029999999999745,0.005937198354193485,35,0.062286303259505384
IM2409,5322.6,5436.0,5305.0,28635,3068276.884,77368,2755.0,5429.6,5387.6,5322.6,2024-05-17,202405.zip,20240517_1.csv,IM,2024-09-20,5563.23,-133.6299999999992,0.02402021847020508,126,0.07129489792577262
IM2412,5246.0,5362.8,5231.6,10425,1102324.06,34345,1599.0,5358.0,5316.6,5251.8,2024-05-17,202405.zip,20240517_1.csv,IM,2024-12-20,5563.23,-205.22999999999956,0.03689043954680993,217,0.0644274980519243
IM2406,5533.2,5587.4,5506.8,76844,8526917.66,136278,-6187.0,5539.2,5540.2,5491.8,2024-05-20,202405.zip,20240520_1.csv,IM,2024-06-21,5596.78,-57.57999999999993,0.010288058490775076,32,0.1185680016969966
IM2407,5515.0,5552.4,5474.6,2811,309897.04,2757,2757.0,5503.8,5504.4,5491.8,2024-05-20,202405.zip,20240520_1.csv,IM,2024-07-19,5596.78,-92.97999999999956,0.016613123974856925,60,0.10277051007182815
IM2409,5430.0,5492.0,5408.0,27389,2984423.896,76382,-986.0,5439.4,5439.4,5387.6,2024-05-20,202405.zip,20240520_1.csv,IM,2024-09-20,5596.78,-157.3800000000001,0.02811974027923203,123,0.08585909313885928
IM2412,5355.2,5422.0,5337.6,10052,1080679.32,34719,374.0,5369.0,5368.2,5316.6,2024-05-20,202405.zip,20240520_1.csv,IM,2024-12-20,5596.78,-227.77999999999975,0.04069840158090898,214,0.07236045278972573
IM2406,5520.0,5534.6,5445.0,70134,7689921.192,134930,-1348.0,5476.8,5462.4,5540.2,2024-05-21,202405.zip,20240521_1.csv,IM,2024-06-21,5536.74,-59.9399999999996,0.010825865039716387,31,0.12886086059201027
IM2407,5493.6,5497.8,5406.0,4458,485277.648,4114,1357.0,5433.6,5422.4,5504.4,2024-05-21,202405.zip,20240521_1.csv,IM,2024-07-19,5536.74,-103.13999999999942,0.018628290293566163,59,0.11743033928250572
IM2409,5426.4,5434.2,5341.6,21234,2284839.324,77278,896.0,5375.0,5357.6,5439.4,2024-05-21,202405.zip,20240521_1.csv,IM,2024-09-20,5536.74,-161.73999999999978,0.02921213566105685,122,0.09002683949675945
IM2412,5356.0,5362.0,5270.0,7586,805336.604,34806,87.0,5301.8,5287.2,5368.2,2024-05-21,202405.zip,20240521_1.csv,IM,2024-12-20,5536.74,-234.9399999999996,0.042432911785635574,213,0.07593585454280126
IM2406,5485.0,5504.2,5442.0,65033,7123587.956,131548,-3382.0,5479.6,5484.8,5462.4,2024-05-22,202405.zip,20240522_1.csv,IM,2024-06-21,5539.66,-60.05999999999949,0.010841820617149667,30,0.13335462442513846
IM2407,5452.0,5465.8,5404.6,3186,346522.996,4456,342.0,5442.6,5445.2,5422.4,2024-05-22,202405.zip,20240522_1.csv,IM,2024-07-19,5539.66,-97.05999999999949,0.0175209308874551,58,0.11222735837460979
IM2409,5378.0,5401.6,5341.6,18602,1999724.896,76313,-965.0,5379.6,5381.4,5357.6,2024-05-22,202405.zip,20240522_1.csv,IM,2024-09-20,5539.66,-160.0599999999995,0.02889346999635345,121,0.08975121195529563
IM2412,5312.0,5331.2,5269.0,7280,772164.388,35539,733.0,5307.2,5310.6,5287.2,2024-05-22,202405.zip,20240522_1.csv,IM,2024-12-20,5539.66,-232.46000000000004,0.041962864146897094,212,0.07541188261158911
IM2406,5457.0,5458.0,5325.2,86122,9266347.008,136494,4946.0,5359.0,5347.8,5484.8,2024-05-23,202405.zip,20240523_1.csv,IM,2024-06-21,5412.82,-53.81999999999971,0.00994306110308485,29,0.12640224951901635
IM2407,5407.8,5423.2,5284.0,5340,570196.828,6129,1673.0,5317.8,5308.2,5445.2,2024-05-23,202405.zip,20240523_1.csv,IM,2024-07-19,5412.82,-95.01999999999953,0.017554620327296933,57,0.1144197607109655
IM2409,5363.8,5363.8,5223.0,26651,2812522.508,79818,3505.0,5257.8,5245.2,5381.4,2024-05-23,202405.zip,20240523_1.csv,IM,2024-09-20,5412.82,-155.01999999999953,0.028639415314013705,120,0.08967993584135317
IM2412,5280.0,5280.0,5153.0,9677,1007732.344,36939,1400.0,5187.0,5174.8,5310.6,2024-05-23,202405.zip,20240523_1.csv,IM,2024-12-20,5412.82,-225.8199999999997,0.04171947339833948,211,0.07531067917698009
IM2406,5350.0,5386.4,5289.0,77622,8285695.216,131652,-4842.0,5291.2,5308.6,5347.8,2024-05-24,202405.zip,20240524_1.csv,IM,2024-06-21,5350.11,-58.909999999999854,0.011010988559113755,28,0.14513417156248734
IM2407,5300.0,5347.0,5246.2,5031,532648.144,6621,492.0,5249.0,5261.8,5308.2,2024-05-24,202405.zip,20240524_1.csv,IM,2024-07-19,5350.11,-101.10999999999967,0.018898676849634755,56,0.12555163568570785
IM2409,5247.0,5284.2,5185.2,24824,2597873.324,78240,-1578.0,5188.0,5203.6,5245.2,2024-05-24,202405.zip,20240524_1.csv,IM,2024-09-20,5350.11,-162.10999999999967,0.03030031158237867,119,0.09584197210109899
IM2412,5174.4,5214.8,5113.4,9995,1031869.536,37623,684.0,5120.0,5132.6,5174.8,2024-05-24,202405.zip,20240524_1.csv,IM,2024-12-20,5350.11,-230.10999999999967,0.043010330628715954,210,0.07811583891369037
IM2406,5320.0,5344.8,5231.8,86544,9140713.612,135548,3896.0,5335.8,5317.2,5308.6,2024-05-27,202405.zip,20240527_1.csv,IM,2024-06-21,5404.62,-68.81999999999971,0.012733550184841791,25,0.1883076577083093
IM2407,5275.0,5302.2,5189.4,4660,488435.26,7118,497.0,5291.2,5279.8,5261.8,2024-05-27,202405.zip,20240527_1.csv,IM,2024-07-19,5404.62,-113.42000000000007,0.020985749229363027,53,0.14762246749319566
IM2409,5215.0,5238.6,5128.0,26615,2756058.744,81098,2858.0,5229.0,5212.2,5203.6,2024-05-27,202405.zip,20240527_1.csv,IM,2024-09-20,5404.62,-175.6199999999999,0.03249442143943515,116,0.10567936771717394
IM2412,5140.0,5165.8,5055.8,9924,1013355.916,39136,1513.0,5158.6,5142.2,5132.6,2024-05-27,202405.zip,20240527_1.csv,IM,2024-12-20,5404.62,-246.01999999999953,0.045520314101638926,207,0.08409323879395775
IM2406,5320.0,5348.0,5264.6,76924,8158920.72,125679,-9869.0,5279.0,5275.6,5317.2,2024-05-28,202405.zip,20240528_1.csv,IM,2024-06-21,5348.03,-69.02999999999975,0.01290755661430465,24,0.1988693407842387
IM2407,5264.2,5303.4,5220.0,4786,503338.7,8095,977.0,5233.8,5229.8,5279.8,2024-05-28,202405.zip,20240528_1.csv,IM,2024-07-19,5348.03,-114.22999999999956,0.021359266870230598,52,0.15319781626528078
IM2409,5217.0,5239.6,5155.0,22699,2357998.496,78528,-2570.0,5167.0,5164.8,5212.2,2024-05-28,202405.zip,20240528_1.csv,IM,2024-09-20,5348.03,-181.02999999999975,0.033849847513944376,115,0.11120059575399066
IM2412,5134.4,5165.0,5078.8,10729,1098284.192,40490,1354.0,5090.6,5090.0,5142.2,2024-05-28,202405.zip,20240528_1.csv,IM,2024-12-20,5348.03,-257.4299999999994,0.04813548166334136,206,0.089601612948137
IM2406,5286.2,5341.8,5252.0,83508,8852218.816,130440,4761.0,5284.0,5275.4,5275.6,2024-05-29,202405.zip,20240529_1.csv,IM,2024-06-21,5351.25,-67.25,0.012567157206260227,23,0.20197355429022926
IM2407,5233.2,5296.0,5204.4,5130,538890.184,9198,1103.0,5236.2,5227.8,5229.8,2024-05-29,202405.zip,20240529_1.csv,IM,2024-07-19,5351.25,-115.05000000000018,0.021499649614576066,51,0.15725088018477792
IM2409,5180.0,5225.0,5132.8,25828,2677274.708,81887,3359.0,5165.0,5155.0,5164.8,2024-05-29,202405.zip,20240529_1.csv,IM,2024-09-20,5351.25,-186.25,0.03480495211399204,114,0.11545532514733123
IM2412,5081.0,5149.6,5058.0,10732,1096393.532,41375,885.0,5093.2,5081.0,5090.0,2024-05-29,202405.zip,20240529_1.csv,IM,2024-12-20,5351.25,-258.0500000000002,0.048222377949077355,205,0.09020947106902953
IM2406,5268.0,5323.8,5240.2,87534,9254830.708,125533,-4907.0,5291.4,5286.0,5275.4,2024-05-30,202405.zip,20240530_1.csv,IM,2024-06-21,5334.3,-42.900000000000546,0.008042292334514478,22,0.13451071550062377
IM2407,5220.0,5277.8,5191.8,5190,543787.356,9920,722.0,5245.8,5237.8,5227.8,2024-05-30,202405.zip,20240530_1.csv,IM,2024-07-19,5334.3,-88.5,0.01659074292784435,50,0.1231556673910556
IM2409,5149.0,5206.0,5122.0,28361,2930239.108,82498,611.0,5171.0,5163.6,5155.0,2024-05-30,202405.zip,20240530_1.csv,IM,2024-09-20,5334.3,-163.30000000000018,0.030613201357253983,113,0.10200608225245264
IM2412,5063.0,5130.6,5050.0,10563,1075484.356,42372,997.0,5098.6,5089.2,5081.0,2024-05-30,202405.zip,20240530_1.csv,IM,2024-12-20,5334.3,-235.69999999999982,0.04418574133438313,204,0.08271253623639864
IM2406,5313.0,5353.2,5308.0,72770,7750409.376,120721,-4812.0,5314.0,5319.8,5286.0,2024-05-31,202405.zip,20240531_1.csv,IM,2024-06-21,5355.21,-41.210000000000036,0.007695309801109551,21,0.13478905675932515
IM2407,5278.8,5304.0,5260.6,4657,491577.092,10150,230.0,5268.0,5272.6,5237.8,2024-05-31,202405.zip,20240531_1.csv,IM,2024-07-19,5355.21,-87.21000000000004,0.016285075655296466,49,0.12331539677374441
IM2409,5195.0,5233.6,5188.4,22629,2356190.572,81172,-1326.0,5197.2,5200.6,5163.6,2024-05-31,202405.zip,20240531_1.csv,IM,2024-09-20,5355.21,-158.01000000000022,0.02950584570913195,112,0.09908090963815729
IM2412,5115.2,5162.2,5115.0,9434,968411.38,42113,-259.0,5126.4,5126.2,5089.2,2024-05-31,202405.zip,20240531_1.csv,IM,2024-12-20,5355.21,-228.8100000000004,0.042726615762967324,203,0.08025264178705213
IM2406,5310.0,5314.4,5181.2,94312,9900539.484,127269,6548.0,5222.4,5206.8,5319.8,2024-06-03,202406.zip,20240603_1.csv,IM,2024-06-21,5284.62,-62.220000000000255,0.011773788843852606,18,0.24159071180555644
IM2407,5270.2,5270.2,5135.0,6784,706891.62,12889,2739.0,5178.8,5161.6,5272.6,2024-06-03,202406.zip,20240603_1.csv,IM,2024-07-19,5284.62,-105.81999999999971,0.02002414553931975,46,0.1621338332532973
IM2409,5196.2,5196.4,5060.4,30470,3123730.388,84973,3801.0,5098.0,5083.8,5200.6,2024-06-03,202406.zip,20240603_1.csv,IM,2024-09-20,5284.62,-186.6199999999999,0.0353137973969746,109,0.12258144046415063
IM2412,5121.0,5121.2,4988.0,11573,1170547.964,44472,2359.0,5027.0,5012.4,5126.2,2024-06-03,202406.zip,20240603_1.csv,IM,2024-12-20,5284.62,-257.6199999999999,0.048749011281795096,200,0.09352625820568922
IM2406,5209.8,5285.0,5180.8,91299,9544223.736,119444,-7825.0,5268.6,5258.0,5206.8,2024-06-04,202406.zip,20240604_1.csv,IM,2024-06-21,5313.71,-45.10999999999967,0.008489360540940294,17,0.1838321822294549
IM2407,5160.8,5235.2,5135.0,7113,736642.456,13489,600.0,5220.6,5210.8,5161.6,2024-06-04,202406.zip,20240604_1.csv,IM,2024-07-19,5313.71,-93.10999999999967,0.01752259720609517,45,0.14466259731746414
IM2409,5081.2,5159.0,5060.0,29729,3033419.872,83453,-1520.0,5141.0,5132.4,5083.8,2024-06-04,202406.zip,20240604_1.csv,IM,2024-09-20,5313.71,-172.71000000000004,0.03250271467581034,108,0.11353741165791327
IM2412,5005.0,5086.0,4988.0,11103,1116452.692,44080,-392.0,5069.6,5057.8,5012.4,2024-06-04,202406.zip,20240604_1.csv,IM,2024-12-20,5313.71,-244.10999999999967,0.045939654215228054,199,0.08831849598315077
IM2406,5256.2,5288.6,5203.8,70893,7449531.196,117604,-1840.0,5209.6,5223.0,5258.0,2024-06-05,202406.zip,20240605_1.csv,IM,2024-06-21,5244.09,-34.48999999999978,0.006576927550823841,16,0.15102946963298358
IM2407,5210.6,5240.6,5155.0,5438,566256.62,13730,241.0,5161.4,5174.6,5210.8,2024-06-05,202406.zip,20240605_1.csv,IM,2024-07-19,5244.09,-82.69000000000051,0.0157682267085425,44,0.13290020854102472
IM2409,5125.0,5161.6,5078.8,21827,2237697.596,81631,-1822.0,5083.2,5097.6,5132.4,2024-06-05,202406.zip,20240605_1.csv,IM,2024-09-20,5244.09,-160.89000000000033,0.030680251483098164,107,0.10796946290363862
IM2412,5050.8,5086.6,5004.0,7711,778892.296,44016,-64.0,5010.2,5023.2,5057.8,2024-06-05,202406.zip,20240605_1.csv,IM,2024-12-20,5244.09,-233.89000000000033,0.04460068381740212,198,0.08605661622008287
IM2406,5235.4,5246.0,5071.4,111388,11458562.592,128795,11191.0,5101.8,5099.0,5223.0,2024-06-06,202406.zip,20240606_1.csv,IM,2024-06-21,5130.87,-29.06999999999971,0.005665705815972699,15,0.13865106433023414
IM2407,5181.6,5200.0,5023.0,9900,1009485.66,17218,3488.0,5055.8,5050.2,5174.6,2024-06-06,202406.zip,20240606_1.csv,IM,2024-07-19,5130.87,-75.06999999999971,0.014631046976438689,43,0.12603783635097407
IM2409,5118.0,5123.6,4951.0,39994,4017520.556,89512,7881.0,4978.8,4978.8,5097.6,2024-06-06,202406.zip,20240606_1.csv,IM,2024-09-20,5130.87,-152.0699999999997,0.029638248484175178,106,0.10517338799528865
IM2412,5038.0,5050.0,4878.0,12464,1233673.668,46365,2349.0,4907.0,4904.8,5023.2,2024-06-06,202406.zip,20240606_1.csv,IM,2024-12-20,5130.87,-223.8699999999999,0.04363197664333729,197,0.08452914566262422
IM2406,5151.0,5167.8,5060.8,100891,10324453.856,119715,-9080.0,5115.0,5126.0,5099.0,2024-06-07,202406.zip,20240607_1.csv,IM,2024-06-21,5153.59,-38.590000000000146,0.0074879841042846396,14,0.1966952939533567
IM2407,5104.4,5122.8,5011.0,10223,1036844.86,18416,1198.0,5067.6,5079.0,5050.2,2024-06-07,202406.zip,20240607_1.csv,IM,2024-07-19,5153.59,-85.98999999999978,0.016685456157746303,42,0.14746508162030275
IM2409,5026.6,5050.0,4937.0,35942,3591088.012,84508,-5004.0,4995.0,5004.4,4978.8,2024-06-07,202406.zip,20240607_1.csv,IM,2024-09-20,5153.59,-158.59000000000015,0.030772723480137154,105,0.11036817770151144
IM2412,4980.0,4980.0,4861.8,13069,1286495.96,46760,395.0,4919.0,4928.4,4904.8,2024-06-07,202406.zip,20240607_1.csv,IM,2024-12-20,5153.59,-234.59000000000015,0.04551972508484381,196,0.08881155328567701
IM2406,5094.4,5191.2,5048.0,90754,9297015.952,116754,-2961.0,5174.0,5169.4,5126.0,2024-06-11,202406.zip,20240611_1.csv,IM,2024-06-21,5198.92,-24.920000000000073,0.004793303224515877,10,0.17579822187862348
IM2407,5056.0,5143.2,5000.0,10090,1022831.352,19594,1178.0,5122.2,5119.6,5079.0,2024-06-11,202406.zip,20240611_1.csv,IM,2024-07-19,5198.92,-76.72000000000025,0.014756911050756716,38,0.14386704725971045
IM2409,4980.0,5066.2,4925.6,31503,3148851.468,86287,1779.0,5047.8,5044.2,5004.4,2024-06-11,202406.zip,20240611_1.csv,IM,2024-09-20,5198.92,-151.1199999999999,0.02906757557338835,101,0.1081910401904328
IM2412,4903.6,4989.0,4843.2,12468,1225631.176,47701,941.0,4973.0,4966.8,4928.4,2024-06-11,202406.zip,20240611_1.csv,IM,2024-12-20,5198.92,-225.92000000000007,0.043455179152593226,192,0.08636302701253452
IM2406,5164.8,5207.0,5158.2,68123,7070632.772,105908,-10846.0,5180.6,5189.2,5169.4,2024-06-12,202406.zip,20240612_1.csv,IM,2024-06-21,5216.46,-35.85999999999967,0.006874393745950225,9,0.2807246693862138
IM2407,5119.6,5159.0,5104.4,8746,898898.352,20757,1163.0,5130.6,5138.8,5119.6,2024-06-12,202406.zip,20240612_1.csv,IM,2024-07-19,5216.46,-85.85999999999967,0.016459438009684635,37,0.16508737716783528
IM2409,5040.0,5082.2,5033.2,24743,2504785.344,82974,-3313.0,5050.8,5059.2,5044.2,2024-06-12,202406.zip,20240612_1.csv,IM,2024-09-20,5216.46,-165.65999999999985,0.03175716865460487,100,0.11971549061534802
IM2412,4958.8,5008.8,4954.0,10876,1083954.924,48772,1071.0,4971.8,4979.0,4966.8,2024-06-12,202406.zip,20240612_1.csv,IM,2024-12-20,5216.46,-244.65999999999985,0.04690153859130519,191,0.09403917676849266
IM2406,5199.8,5199.8,5134.2,68759,7094967.04,103228,-2680.0,5148.4,5146.6,5189.2,2024-06-13,202406.zip,20240613_1.csv,IM,2024-06-21,5180.24,-31.840000000000146,0.00614643336988252,8,0.28216533291896706
IM2407,5140.2,5146.0,5077.0,10338,1055815.916,23067,2310.0,5093.2,5090.8,5138.8,2024-06-13,202406.zip,20240613_1.csv,IM,2024-07-19,5180.24,-87.03999999999996,0.016802310317668656,36,0.17326806111852824
IM2409,5060.0,5067.2,4993.6,26679,2681138.884,86049,3075.0,5009.2,5008.4,5059.2,2024-06-13,202406.zip,20240613_1.csv,IM,2024-09-20,5180.24,-171.03999999999996,0.03301777523821292,99,0.12588876870598512
IM2412,4974.8,4984.8,4911.8,11048,1091928.204,49771,999.0,4925.8,4925.2,4979.0,2024-06-13,202406.zip,20240613_1.csv,IM,2024-12-20,5180.24,-254.4399999999996,0.04911741540932457,190,0.09923111607839256
IM2406,5132.2,5193.8,5113.0,82584,8501524.84,98376,-4852.0,5178.8,5168.2,5146.6,2024-06-14,202406.zip,20240614_1.csv,IM,2024-06-21,5180.65,-1.8499999999994543,0.00035709804754213703,7,0.018626764060058556
IM2407,5092.2,5139.6,5060.2,15061,1535023.996,27846,4779.0,5128.0,5117.6,5090.8,2024-06-14,202406.zip,20240614_1.csv,IM,2024-07-19,5180.65,-52.649999999999636,0.010162817407082025,35,0.10707181858702758
IM2409,4991.6,5059.0,4975.0,31818,3189013.072,88460,2411.0,5045.4,5037.2,5008.4,2024-06-14,202406.zip,20240614_1.csv,IM,2024-09-20,5180.65,-135.25,0.026106762664916516,98,0.09984089366511285
IM2412,4915.0,4979.0,4891.2,12746,1255538.508,51779,2008.0,4964.8,4954.8,4925.2,2024-06-14,202406.zip,20240614_1.csv,IM,2024-12-20,5180.65,-215.84999999999945,0.041664655979461895,189,0.08396172546792888
IM2406,5152.0,5207.0,5142.8,63411,6573264.056,86066,-12310.0,5173.8,5175.8,5168.2,2024-06-17,202406.zip,20240617_1.csv,IM,2024-06-21,5183.97,-10.170000000000073,0.0019618169086627057,4,0.1793676794619048
IM2407,5098.8,5156.2,5085.0,15783,1620217.652,31836,3990.0,5126.4,5125.6,5117.6,2024-06-17,202406.zip,20240617_1.csv,IM,2024-07-19,5183.97,-57.57000000000062,0.011105388341367872,32,0.12809336230103027
IM2409,5016.2,5077.0,5010.0,28591,2888637.4,89589,1129.0,5044.0,5042.0,5037.2,2024-06-17,202406.zip,20240617_1.csv,IM,2024-09-20,5183.97,-139.97000000000025,0.02700054205560609,95,0.10661765933469691
IM2412,4940.0,4993.2,4928.0,10506,1043156.34,52717,938.0,4957.2,4954.0,4954.8,2024-06-17,202406.zip,20240617_1.csv,IM,2024-12-20,5183.97,-226.77000000000044,0.043744466113808556,186,0.08976955643534461
IM2406,5171.2,5242.6,5171.2,68503,7149880.444,75217,-10849.0,5230.0,5217.4,5175.8,2024-06-18,202406.zip,20240618_1.csv,IM,2024-06-21,5227.25,2.75,-0.0005260892438663234,3,-0.06397386870618711
IM2407,5130.0,5196.0,5126.6,22689,2346160.32,41736,9900.0,5180.6,5168.2,5125.6,2024-06-18,202406.zip,20240618_1.csv,IM,2024-07-19,5227.25,-46.649999999999636,0.008924386627767844,31,0.10602365151377195
IM2409,5055.0,5115.0,5044.0,31985,3255626.976,92002,2413.0,5102.4,5088.0,5042.0,2024-06-18,202406.zip,20240618_1.csv,IM,2024-09-20,5227.25,-124.85000000000036,0.023884451671529083,94,0.09501213029496376
IM2412,4970.0,5029.8,4956.6,10662,1066891.428,52750,33.0,5019.0,5002.2,4954.0,2024-06-18,202406.zip,20240618_1.csv,IM,2024-12-20,5227.25,-208.25,0.03983930364914634,185,0.08186324399713507
IM2406,5240.6,5254.0,5141.0,68614,7112297.564,55505,-19712.0,5155.0,5161.8,5217.4,2024-06-19,202406.zip,20240619_1.csv,IM,2024-06-21,5159.99,-4.989999999999782,0.0009670561377056464,2,0.17665858389913858
IM2407,5184.8,5204.0,5096.0,31810,3264363.344,55628,13892.0,5106.0,5109.6,5168.2,2024-06-19,202406.zip,20240619_1.csv,IM,2024-07-19,5159.99,-53.98999999999978,0.010463198572090215,30,0.128648322235278
IM2409,5115.0,5126.0,5015.6,36239,3663055.992,96674,4672.0,5026.6,5030.4,5088.0,2024-06-19,202406.zip,20240619_1.csv,IM,2024-09-20,5159.99,-133.38999999999942,0.025850825292296986,93,0.10414990102119037
IM2412,5025.0,5042.2,4929.2,11508,1143155.536,54195,1445.0,4937.4,4943.6,5002.2,2024-06-19,202406.zip,20240619_1.csv,IM,2024-12-20,5159.99,-222.59000000000015,0.043137680499380826,184,0.08942982444553631
IM2406,5155.2,5172.8,5048.6,55148,5629703.56,34529,-20976.0,5064.0,5067.0,5161.8,2024-06-20,202406.zip,20240620_1.csv,IM,2024-06-21,5056.14,7.859999999999673,-0.0015545455624250692,1,-0.5665284360189343
IM2407,5093.2,5119.6,4988.2,56280,5674929.136,79405,23777.0,5002.8,5006.4,5109.6,2024-06-20,202406.zip,20240620_1.csv,IM,2024-07-19,5056.14,-53.340000000000146,0.01054954965645738,29,0.13419450624891432
IM2409,5030.4,5041.2,4909.0,39923,3964295.888,100906,4232.0,4925.0,4927.2,5030.4,2024-06-20,202406.zip,20240620_1.csv,IM,2024-09-20,5056.14,-131.14000000000033,0.025936781813794774,92,0.10564135952328392
IM2412,4932.0,4955.0,4821.8,12009,1171831.788,54531,336.0,4836.6,4840.8,4943.6,2024-06-20,202406.zip,20240620_1.csv,IM,2024-12-20,5056.14,-219.53999999999996,0.04342047490773593,183,0.09053474090659791
IM2406,5050.0,5092.0,5027.0,27104,2743262.584,0,-34529.0,5059.4,5059.51,5067.0,2024-06-21,202406.zip,20240621_1.csv,IM,2024-06-21,5055.33,4.069999999999709,-0.0008050908644934296,0,
IM2407,4990.2,5036.4,4968.0,74160,7426240.676,95028,15623.0,4994.6,5006.4,5006.4,2024-06-21,202406.zip,20240621_1.csv,IM,2024-07-19,5055.33,-60.72999999999956,0.012013063439973215,28,0.158502968920718
IM2409,4925.0,4955.4,4890.0,39333,3874621.008,101554,648.0,4919.2,4928.8,4927.2,2024-06-21,202406.zip,20240621_1.csv,IM,2024-09-20,5055.33,-136.1300000000001,0.02692801459054106,91,0.11099689666326558
IM2412,4812.0,4866.8,4801.8,13494,1305079.392,56908,2377.0,4831.0,4842.0,4840.8,2024-06-21,202406.zip,20240621_1.csv,IM,2024-12-20,5055.33,-224.32999999999993,0.044374946838287466,182,0.09312618141535527
IM2407,4961.2,4979.8,4826.0,88614,8681345.752,100237,5209.0,4834.0,4853.4,5006.4,2024-06-24,202406.zip,20240624_1.csv,IM,2024-07-19,4887.78,-53.779999999999745,0.011002950214616836,25,0.16243028547786595
IM2408,4921.6,4941.0,4789.0,2214,215029.692,2136,2136.0,4797.0,4816.6,5006.4,2024-06-24,202406.zip,20240624_1.csv,IM,2024-08-16,4887.78,-90.77999999999975,0.018572849023482996,53,0.13032791721240827
IM2409,4891.2,4905.0,4747.8,49197,4743827.264,107339,5785.0,4752.8,4773.0,4928.8,2024-06-24,202406.zip,20240624_1.csv,IM,2024-09-20,4887.78,-134.97999999999956,0.02761580922218254,88,0.1177958734372846
IM2412,4801.0,4819.8,4656.0,14738,1395736.308,57372,464.0,4662.8,4683.0,4842.0,2024-06-24,202406.zip,20240624_1.csv,IM,2024-12-20,4887.78,-224.97999999999956,0.04602907659510036,179,0.09838682777701367
IM2407,4852.0,4867.6,4767.8,90594,8731958.508,102236,1999.0,4808.4,4793.4,4853.4,2024-06-25,202406.zip,20240625_1.csv,IM,2024-07-19,4847.61,-39.210000000000036,0.008088521972683504,24,0.12401604483819899
IM2408,4812.6,4830.0,4730.8,3405,325707.996,2591,455.0,4767.2,4755.6,4816.6,2024-06-25,202406.zip,20240625_1.csv,IM,2024-08-16,4847.61,-80.40999999999985,0.016587555517048602,52,0.11839577658874026
IM2409,4770.0,4786.8,4686.6,49373,4678514.196,104524,-2815.0,4727.0,4711.0,4773.0,2024-06-25,202406.zip,20240625_1.csv,IM,2024-09-20,4847.61,-120.60999999999967,0.024880301839463104,87,0.10704621774156282
IM2412,4685.0,4697.6,4597.0,15346,1426968.728,57597,225.0,4635.2,4621.6,4683.0,2024-06-25,202406.zip,20240625_1.csv,IM,2024-12-20,4847.61,-212.40999999999985,0.04381746881452919,178,0.09396786146459135
IM2407,4808.4,4966.2,4772.4,108500,10561218.796,102894,658.0,4954.4,4941.6,4793.4,2024-06-26,202406.zip,20240626_1.csv,IM,2024-07-19,4986.38,-31.980000000000473,0.006413470293078483,23,0.10243595504040347
IM2408,4765.0,4926.2,4733.8,3838,370442.492,3484,893.0,4915.0,4906.8,4755.6,2024-06-26,202406.zip,20240626_1.csv,IM,2024-08-16,4986.38,-71.38000000000011,0.014314994043775231,51,0.10393832405800592
IM2409,4721.6,4887.0,4692.6,55371,5300356.188,105659,1135.0,4874.8,4859.6,4711.0,2024-06-26,202406.zip,20240626_1.csv,IM,2024-09-20,4986.38,-111.57999999999993,0.022376954824943174,86,0.09714578630297994
IM2412,4625.0,4795.6,4602.0,16863,1585436.84,58519,922.0,4784.0,4771.4,4621.6,2024-06-26,202406.zip,20240626_1.csv,IM,2024-12-20,4986.38,-202.3800000000001,0.04058655778340203,177,0.08723605521228947
IM2407,4936.4,4943.0,4818.0,93752,9127371.732,99692,-3202.0,4835.0,4832.4,4941.6,2024-06-27,202406.zip,20240627_1.csv,IM,2024-07-19,4864.09,-29.090000000000146,0.005980563682004281,22,0.0998199680361016
IM2408,4907.4,4907.4,4779.2,4261,411882.54,4204,720.0,4802.2,4792.4,4906.8,2024-06-27,202406.zip,20240627_1.csv,IM,2024-08-16,4864.09,-61.89000000000033,0.01272385996147285,50,0.09408125442505597
IM2409,4853.0,4864.0,4740.6,47620,4563411.68,102162,-3497.0,4753.6,4753.4,4859.6,2024-06-27,202406.zip,20240627_1.csv,IM,2024-09-20,4864.09,-110.48999999999978,0.022715451399953457,85,0.09981005108202776
IM2412,4764.2,4774.2,4650.2,14225,1338301.288,57999,-520.0,4665.8,4663.0,4771.4,2024-06-27,202406.zip,20240627_1.csv,IM,2024-12-20,4864.09,-198.28999999999996,0.04076610424560401,176,0.088136315413122
IM2407,4825.0,4951.8,4823.2,105825,10367618.76,104068,4376.0,4851.4,4858.0,4832.4,2024-06-28,202406.zip,20240628_1.csv,IM,2024-07-19,4895.99,-44.590000000000146,0.009107453242347296,21,0.159751137128803
IM2408,4789.8,4915.0,4783.6,4277,415415.356,4803,599.0,4810.0,4818.6,4792.4,2024-06-28,202406.zip,20240628_1.csv,IM,2024-08-16,4895.99,-85.98999999999978,0.017563352866325266,49,0.133167932453646
IM2409,4752.0,4875.6,4744.6,56234,5421124.94,104854,2692.0,4775.0,4780.2,4753.4,2024-06-28,202406.zip,20240628_1.csv,IM,2024-09-20,4895.99,-120.98999999999978,0.02471206027790085,84,0.11010059835452453
IM2412,4659.2,4788.8,4653.4,15258,1443487.476,58700,701.0,4684.4,4689.0,4663.0,2024-06-28,202406.zip,20240628_1.csv,IM,2024-12-20,4895.99,-211.59000000000015,0.043217000034722286,175,0.09420977835246457
IM2407,4858.0,4929.4,4793.2,97193,9447366.288,99581,-4487.0,4893.2,4904.0,4858.0,2024-07-01,202407.zip,20240701_1.csv,IM,2024-07-19,4940.25,-47.05000000000018,0.009523809523809601,18,0.19497863247863179
IM2408,4811.4,4890.0,4753.8,3967,382361.244,4925,122.0,4856.6,4863.0,4818.6,2024-07-01,202407.zip,20240701_1.csv,IM,2024-08-16,4940.25,-83.64999999999964,0.016932341480694224,46,0.1366685675611304
IM2409,4780.2,4852.2,4714.0,50612,4841985.42,103116,-1738.0,4816.6,4826.8,4780.2,2024-07-01,202407.zip,20240701_1.csv,IM,2024-09-20,4940.25,-123.64999999999964,0.025029097717726767,81,0.11568082705745505
IM2412,4689.6,4759.4,4622.0,14341,1345262.384,59446,746.0,4726.0,4735.0,4689.0,2024-07-01,202407.zip,20240701_1.csv,IM,2024-12-20,4940.25,-214.25,0.043368250594605584,172,0.09620364583845915
IM2407,4900.0,4917.4,4838.0,77542,7563014.684,91892,-7689.0,4863.8,4860.8,4904.0,2024-07-02,202407.zip,20240702_1.csv,IM,2024-07-19,4905.65,-41.849999999999454,0.008530979584764342,17,0.18474117308422197
IM2408,4865.0,4875.8,4797.4,3952,382406.588,5598,673.0,4822.0,4820.4,4863.0,2024-07-02,202407.zip,20240702_1.csv,IM,2024-08-16,4905.65,-83.64999999999964,0.017051766840275984,45,0.14070809714733334
IM2409,4820.0,4838.8,4757.8,37585,3606490.448,100528,-2588.0,4787.0,4779.8,4826.8,2024-07-02,202407.zip,20240702_1.csv,IM,2024-09-20,4905.65,-118.64999999999964,0.024186397317378816,80,0.11308557029454716
IM2412,4727.2,4747.0,4662.4,12732,1198065.016,60307,861.0,4690.8,4687.0,4735.0,2024-07-02,202407.zip,20240702_1.csv,IM,2024-12-20,4905.65,-214.84999999999945,0.04379643880015893,171,0.09776540317565732
IM2407,4861.2,4879.0,4821.0,74798,7255335.584,92615,723.0,4832.2,4836.2,4860.8,2024-07-03,202407.zip,20240703_1.csv,IM,2024-07-19,4867.13,-34.93000000000029,0.007176713997776973,16,0.1649022443193597
IM2408,4822.0,4839.6,4781.6,4234,407295.456,6815,1217.0,4789.0,4796.0,4820.4,2024-07-03,202407.zip,20240703_1.csv,IM,2024-08-16,4867.13,-78.13000000000011,0.016052581295342483,44,0.1353359498092218
IM2409,4787.0,4800.4,4743.6,37301,3559724.768,101958,1430.0,4752.6,4757.8,4779.8,2024-07-03,202407.zip,20240703_1.csv,IM,2024-09-20,4867.13,-114.52999999999975,0.02353132133310587,79,0.11134065457574911
IM2412,4685.0,4705.0,4648.8,11597,1084758.368,60337,30.0,4658.4,4664.2,4687.0,2024-07-03,202407.zip,20240703_1.csv,IM,2024-12-20,4867.13,-208.73000000000047,0.04288564307918641,170,0.09620375842248305
IM2407,4843.6,4853.0,4701.4,86507,8254664.672,96368,3753.0,4729.0,4724.8,4836.2,2024-07-04,202407.zip,20240704_1.csv,IM,2024-07-19,4761.87,-32.86999999999989,0.006902750390077816,15,0.16913441883414082
IM2408,4800.0,4814.6,4661.8,4744,448815.228,7477,662.0,4690.0,4683.6,4796.0,2024-07-04,202407.zip,20240704_1.csv,IM,2024-08-16,4761.87,-71.86999999999989,0.015092810177514293,43,0.130076610303961
IM2409,4794.2,4794.2,4621.0,46779,4389272.652,105295,3337.0,4648.0,4644.0,4757.8,2024-07-04,202407.zip,20240704_1.csv,IM,2024-09-20,4761.87,-113.86999999999989,0.023912874563984277,78,0.11464139525133496
IM2412,4664.4,4681.6,4527.0,14261,1310521.38,61669,1332.0,4551.2,4548.8,4664.2,2024-07-04,202407.zip,20240704_1.csv,IM,2024-12-20,4761.87,-210.67000000000007,0.044241022959467635,169,0.09997304826817269
IM2407,4728.0,4806.4,4680.0,98420,9332633.444,97634,1266.0,4778.2,4783.6,4724.8,2024-07-05,202407.zip,20240705_1.csv,IM,2024-07-19,4810.79,-32.590000000000146,0.006774355147491362,14,0.17782174399206221
IM2408,4697.4,4766.4,4639.0,6025,565967.396,8902,1425.0,4739.6,4743.4,4683.6,2024-07-05,202407.zip,20240705_1.csv,IM,2024-08-16,4810.79,-71.1899999999996,0.014797985362071442,42,0.13053316735589457
IM2409,4655.0,4725.0,4600.0,52213,4867437.636,105360,65.0,4698.2,4702.6,4644.0,2024-07-05,202407.zip,20240705_1.csv,IM,2024-09-20,4810.79,-112.59000000000015,0.02340364056631039,77,0.11359794052101745
IM2412,4558.8,4626.8,4503.8,14873,1357498.192,61874,205.0,4602.8,4605.6,4548.8,2024-07-05,202407.zip,20240705_1.csv,IM,2024-12-20,4810.79,-207.98999999999978,0.04323406342825187,168,0.09817568343492777
IM2407,4768.8,4769.0,4637.0,88034,8260361.944,94241,-3393.0,4663.0,4656.6,4783.6,2024-07-08,202407.zip,20240708_1.csv,IM,2024-07-19,4693.96,-30.960000000000036,0.0065957102318724425,11,0.22031076365196423
IM2408,4733.4,4733.4,4596.2,6248,580934.256,9936,1034.0,4621.2,4616.0,4743.4,2024-07-08,202407.zip,20240708_1.csv,IM,2024-08-16,4693.96,-72.76000000000022,0.015500771203844965,39,0.14735544325261415
IM2409,4678.0,4685.8,4551.8,46127,4250559.904,104375,-985.0,4577.6,4570.6,4702.6,2024-07-08,202407.zip,20240708_1.csv,IM,2024-09-20,4693.96,-116.35999999999967,0.024789303700926246,74,0.12537963951368347
IM2412,4589.2,4590.0,4456.2,14711,1327441.092,62916,1042.0,4479.4,4475.2,4605.6,2024-07-08,202407.zip,20240708_1.csv,IM,2024-12-20,4693.96,-214.5600000000004,0.045709805792976566,165,0.10595899613178726
IM2407,4656.0,4795.6,4626.8,123226,11607287.236,105861,11620.0,4766.6,4776.0,4656.6,2024-07-09,202407.zip,20240709_1.csv,IM,2024-07-19,4797.06,-30.460000000000036,0.0063497225383880584,10,0.23324591952335103
IM2408,4616.6,4753.8,4584.6,9068,847186.936,12442,2506.0,4726.8,4734.2,4616.0,2024-07-09,202407.zip,20240709_1.csv,IM,2024-08-16,4797.06,-70.26000000000022,0.014646470963465164,38,0.14277434828503227
IM2409,4575.0,4713.8,4541.4,66843,6184096.988,111766,7391.0,4683.6,4694.0,4570.6,2024-07-09,202407.zip,20240709_1.csv,IM,2024-09-20,4797.06,-113.46000000000004,0.023651986841940698,73,0.12112477581347703
IM2412,4477.0,4621.8,4445.6,21563,1955014.476,65169,2253.0,4588.2,4601.4,4475.2,2024-07-09,202407.zip,20240709_1.csv,IM,2024-12-20,4797.06,-208.86000000000058,0.043539167740241025,164,0.10131224743004642
IM2407,4755.8,4813.6,4747.8,83873,8013972.5,90954,-14907.0,4758.0,4764.8,4776.0,2024-07-10,202407.zip,20240710_1.csv,IM,2024-07-19,4777.68,-19.68000000000029,0.004119154066408837,9,0.16774555135211275
IM2408,4719.8,4773.8,4707.2,7320,693346.376,12870,428.0,4718.2,4722.0,4734.2,2024-07-10,202407.zip,20240710_1.csv,IM,2024-08-16,4777.68,-59.48000000000047,0.012449557107215292,37,0.12436144338140882
IM2409,4672.0,4732.8,4665.0,43270,4063123.308,103557,-8209.0,4675.0,4682.2,4694.0,2024-07-10,202407.zip,20240710_1.csv,IM,2024-09-20,4777.68,-102.68000000000029,0.021491602618844308,72,0.11134343434343458
IM2412,4578.0,4641.2,4568.0,14515,1336980.652,63896,-1273.0,4585.0,4593.2,4601.4,2024-07-10,202407.zip,20240710_1.csv,IM,2024-12-20,4777.68,-192.6800000000003,0.040329197434738284,163,0.09410280255032762
IM2407,4840.0,4888.2,4799.6,89853,8722512.928,92011,1057.0,4881.4,4877.0,4764.8,2024-07-11,202407.zip,20240711_1.csv,IM,2024-07-19,4893.59,-12.19000000000051,0.0024910137547282662,8,0.11393631949851296
IM2408,4800.0,4847.2,4758.4,8913,858458.188,15892,3022.0,4841.8,4836.2,4722.0,2024-07-11,202407.zip,20240711_1.csv,IM,2024-08-16,4893.59,-51.789999999999964,0.010583232350891647,36,0.10844996810185344
IM2409,4756.0,4809.6,4721.0,53212,5081015.892,106672,3115.0,4802.6,4797.4,4682.2,2024-07-11,202407.zip,20240711_1.csv,IM,2024-09-20,4893.59,-90.98999999999978,0.018593711365275767,71,0.09739838690662221
IM2412,4680.0,4721.2,4632.6,17099,1602676.516,65703,1807.0,4712.0,4707.6,4593.2,2024-07-11,202407.zip,20240711_1.csv,IM,2024-12-20,4893.59,-181.59000000000015,0.03710772663831663,162,0.0868289395082688
IM2407,4871.0,4892.0,4842.2,68072,6626657.0,81735,-10276.0,4864.2,4874.8,4877.0,2024-07-12,202407.zip,20240712_1.csv,IM,2024-07-19,4878.02,-13.820000000000618,0.0028331167153887726,7,0.14814651653186547
IM2408,4836.2,4852.8,4803.6,7950,767577.584,17414,1522.0,4827.0,4835.2,4836.2,2024-07-12,202407.zip,20240712_1.csv,IM,2024-08-16,4878.02,-51.02000000000044,0.010459161709054143,35,0.11022699695167118
IM2409,4793.4,4812.0,4764.0,38647,3700946.984,102240,-4432.0,4786.6,4796.0,4797.4,2024-07-12,202407.zip,20240712_1.csv,IM,2024-09-20,4878.02,-91.42000000000007,0.018741210573142375,70,0.09958843437930869
IM2412,4708.0,4725.8,4676.0,13210,1242071.428,65155,-548.0,4699.0,4708.8,4707.6,2024-07-12,202407.zip,20240712_1.csv,IM,2024-12-20,4878.02,-179.02000000000044,0.036699316525967585,161,0.08637003512046346
IM2407,4850.2,4856.4,4790.4,69517,6699403.748,78372,-3363.0,4808.8,4805.0,4874.8,2024-07-15,202407.zip,20240715_1.csv,IM,2024-07-19,4827.6,-18.800000000000182,0.0038942745877869056,4,0.3567418066877523
IM2408,4805.2,4818.8,4747.2,12592,1202600.792,23167,5753.0,4765.8,4761.4,4835.2,2024-07-15,202407.zip,20240715_1.csv,IM,2024-08-16,4827.6,-61.80000000000018,0.012801391996022926,32,0.14790932267405413
IM2409,4780.0,4780.0,4707.0,35491,3363034.312,102878,638.0,4727.0,4721.8,4796.0,2024-07-15,202407.zip,20240715_1.csv,IM,2024-09-20,4827.6,-100.60000000000036,0.020838511889966105,67,0.11593923759665829
IM2412,4689.2,4690.0,4616.0,13198,1226662.22,66930,1775.0,4633.0,4631.4,4708.8,2024-07-15,202407.zip,20240715_1.csv,IM,2024-12-20,4827.6,-194.60000000000036,0.04030988482890052,158,0.09703229719650167
IM2407,4795.8,4837.4,4767.0,72248,6939145.624,69493,-8879.0,4816.6,4813.8,4805.0,2024-07-16,202407.zip,20240716_1.csv,IM,2024-07-19,4836.72,-20.11999999999989,0.004159843861128998,3,0.5082284875915333
IM2408,4751.2,4790.0,4721.6,17917,1704450.76,29085,5918.0,4769.4,4765.8,4761.4,2024-07-16,202407.zip,20240716_1.csv,IM,2024-08-16,4836.72,-67.32000000000062,0.013918523296779783,31,0.16619254197119646
IM2409,4715.0,4748.2,4680.0,41758,3937740.492,104593,1715.0,4725.2,4723.4,4721.8,2024-07-16,202407.zip,20240716_1.csv,IM,2024-09-20,4836.72,-111.52000000000044,0.023056947683554263,66,0.13052133114776066
IM2412,4617.0,4660.0,4586.2,15035,1389573.544,67658,728.0,4630.0,4629.0,4631.4,2024-07-16,202407.zip,20240716_1.csv,IM,2024-12-20,4836.72,-206.72000000000025,0.04273970790122239,157,0.10379936993575543
IM2407,4820.2,4834.2,4771.6,63485,6088215.116,51040,-18453.0,4789.6,4794.6,4813.8,2024-07-17,202407.zip,20240717_1.csv,IM,2024-07-19,4795.62,-6.019999999999527,0.0012553121389934363,2,0.22938241189239705
IM2408,4770.0,4786.0,4722.0,27181,2577506.88,42750,13665.0,4729.8,4735.2,4765.8,2024-07-17,202407.zip,20240717_1.csv,IM,2024-08-16,4795.62,-65.81999999999971,0.013725024084477067,30,0.16931159879910282
IM2409,4725.0,4743.0,4678.4,40497,3804656.868,104127,-466.0,4681.2,4688.2,4723.4,2024-07-17,202407.zip,20240717_1.csv,IM,2024-09-20,4795.62,-114.42000000000007,0.02385927158532164,65,0.13725376136296485
IM2412,4628.0,4648.0,4571.0,14781,1359625.384,70398,2740.0,4582.0,4589.8,4629.0,2024-07-17,202407.zip,20240717_1.csv,IM,2024-12-20,4795.62,-213.6199999999999,0.04454481380926756,156,0.10908250232235381
IM2407,4763.6,4829.0,4713.4,60705,5780737.712,30963,-20077.0,4809.2,4805.6,4794.6,2024-07-18,202407.zip,20240718_1.csv,IM,2024-07-19,4812.43,-3.230000000000473,0.0006711785937666415,1,0.24514472261502718
IM2408,4700.0,4771.4,4651.2,60855,5732818.6,72743,29993.0,4756.8,4749.0,4735.2,2024-07-18,202407.zip,20240718_1.csv,IM,2024-08-16,4812.43,-55.63000000000011,0.011559648659824728,29,0.14719363640581462
IM2409,4660.0,4724.0,4605.0,56952,5307855.64,112615,8488.0,4706.0,4700.4,4688.2,2024-07-18,202407.zip,20240718_1.csv,IM,2024-09-20,4812.43,-106.43000000000029,0.022115646357453556,64,0.12898078915214659
IM2412,4565.0,4625.0,4506.6,18888,1721896.568,72313,1915.0,4610.4,4602.0,4589.8,2024-07-18,202407.zip,20240718_1.csv,IM,2024-12-20,4812.43,-202.03000000000065,0.04198087037110165,155,0.10319019271996598
IM2407,4785.0,4861.0,4767.0,27289,2629251.34,0,-30963.0,4824.8,4824.9,4805.6,2024-07-19,202407.zip,20240719_1.csv,IM,2024-07-19,4821.42,3.380000000000109,-0.0007010382833272377,0,
IM2408,4715.0,4823.6,4710.8,79476,7579025.272,83773,11030.0,4757.0,4764.0,4749.0,2024-07-19,202407.zip,20240719_1.csv,IM,2024-08-16,4821.42,-64.42000000000007,0.013361208938445501,28,0.17653157752485088
IM2409,4682.0,4777.6,4659.8,57338,5414108.032,108703,-3912.0,4710.4,4717.4,4700.4,2024-07-19,202407.zip,20240719_1.csv,IM,2024-09-20,4821.42,-111.02000000000044,0.023026411306212746,63,0.1365512718900974
IM2412,4585.6,4680.0,4564.0,17898,1655717.6,72909,596.0,4615.0,4622.0,4602.0,2024-07-19,202407.zip,20240719_1.csv,IM,2024-12-20,4821.42,-206.42000000000007,0.04281311314923819,154,0.10601131263103092
IM2408,4777.8,4808.0,4737.0,62756,5990572.808,79680,-4093.0,4766.2,4761.6,4764.0,2024-07-22,202407.zip,20240722_1.csv,IM,2024-08-16,4826.87,-60.67000000000007,0.01256922187670273,25,0.18584658637908544
IM2409,4720.8,4759.0,4688.0,41910,3960582.976,108053,-650.0,4718.4,4712.2,4717.4,2024-07-22,202407.zip,20240722_1.csv,IM,2024-09-20,4826.87,-108.47000000000025,0.022472119613745623,60,0.1398480770317625
IM2412,4625.0,4661.8,4591.0,14971,1385857.828,70902,-2007.0,4619.0,4614.0,4622.0,2024-07-22,202407.zip,20240722_1.csv,IM,2024-12-20,4826.87,-207.8699999999999,0.043065174740566814,151,0.10878268424833194
IM2503,4569.6,4579.2,4507.2,4881,443828.152,4748,4748.0,4541.6,4532.8,4622.0,2024-07-22,202407.zip,20240722_1.csv,IM,2025-03-21,4826.87,-285.2699999999995,0.05910041082523443,242,0.09473811064509968
IM2408,4776.0,4781.8,4624.4,65738,6187127.96,81852,2172.0,4625.0,4657.8,4761.6,2024-07-23,202407.zip,20240723_1.csv,IM,2024-08-16,4694.95,-69.94999999999982,0.01489898720966143,24,0.23001576576576388
IM2409,4723.0,4730.8,4572.8,43928,4090562.516,107049,-1004.0,4574.8,4610.0,4712.2,2024-07-23,202407.zip,20240723_1.csv,IM,2024-09-20,4694.95,-120.14999999999964,0.025591326851191143,59,0.16247723342170717
IM2412,4625.0,4635.0,4476.0,16196,1476085.936,71374,472.0,4476.0,4512.8,4614.0,2024-07-23,202407.zip,20240723_1.csv,IM,2024-12-20,4694.95,-218.94999999999982,0.04663521443252849,150,0.11903001191540057
IM2503,4541.6,4550.0,4394.0,5091,455714.352,5665,917.0,4395.8,4427.4,4532.8,2024-07-23,202407.zip,20240723_1.csv,IM,2025-03-21,4694.95,-299.14999999999964,0.06371739848134694,241,0.10306872516372166
IM2408,4619.8,4649.4,4562.2,89033,8199664.948,93159,11307.0,4570.2,4582.4,4657.8,2024-07-24,202407.zip,20240724_1.csv,IM,2024-08-16,4631.01,-60.8100000000004,0.01313104484766825,23,0.2111566804230815
IM2409,4570.0,4597.6,4508.0,54727,4981178.06,111492,4443.0,4518.8,4529.4,4610.0,2024-07-24,202407.zip,20240724_1.csv,IM,2024-09-20,4631.01,-112.21000000000004,0.024230135542786524,58,0.15626917277397356
IM2412,4471.0,4499.2,4407.6,21218,1888888.656,71362,-12.0,4417.4,4428.8,4512.8,2024-07-24,202407.zip,20240724_1.csv,IM,2024-12-20,4631.01,-213.61000000000058,0.046126007069732244,149,0.11845719626747603
IM2503,4395.0,4416.6,4324.4,6053,528653.46,7642,1977.0,4335.8,4345.2,4427.4,2024-07-24,202407.zip,20240724_1.csv,IM,2025-03-21,4631.01,-295.21000000000004,0.06374635338727408,240,0.10354841282654487
IM2408,4555.0,4643.0,4542.0,88909,8152541.34,88083,-5076.0,4579.2,4584.0,4582.4,2024-07-25,202407.zip,20240725_1.csv,IM,2024-08-16,4632.57,-53.36999999999989,0.011520603034600674,22,0.1933649585477417
IM2409,4500.0,4588.8,4488.4,56582,5128513.892,110170,-1322.0,4526.8,4530.2,4529.4,2024-07-25,202407.zip,20240725_1.csv,IM,2024-09-20,4632.57,-105.76999999999953,0.02283181905508158,57,0.14961984686909396
IM2412,4392.0,4489.2,4385.8,18660,1653630.752,70492,-870.0,4423.0,4426.6,4428.8,2024-07-25,202407.zip,20240725_1.csv,IM,2024-12-20,4632.57,-209.5699999999997,0.04523838819488957,148,0.1168539300095937
IM2503,4315.0,4407.6,4303.0,5896,512502.616,8015,373.0,4345.0,4342.6,4345.2,2024-07-25,202407.zip,20240725_1.csv,IM,2025-03-21,4632.57,-287.5699999999997,0.062075694484918675,239,0.10107616603511951
IM2408,4601.4,4679.0,4600.2,83036,7718457.184,86687,-1396.0,4664.6,4657.0,4584.0,2024-07-26,202407.zip,20240726_1.csv,IM,2024-08-16,4702.08,-37.47999999999956,0.007970940519940073,21,0.139655725086415
IM2409,4556.0,4624.0,4550.0,56060,5151624.348,108754,-1416.0,4613.0,4603.8,4530.2,2024-07-26,202407.zip,20240726_1.csv,IM,2024-09-20,4702.08,-89.07999999999993,0.018944807404382757,56,0.12586401783778792
IM2412,4427.2,4519.8,4427.2,18534,1664096.756,71261,769.0,4508.6,4499.8,4426.6,2024-07-26,202407.zip,20240726_1.csv,IM,2024-12-20,4702.08,-193.47999999999956,0.041147747379882804,147,0.10655403535676776
IM2503,4359.8,4436.6,4358.2,5681,500632.344,9574,1559.0,4427.6,4417.6,4342.6,2024-07-26,202407.zip,20240726_1.csv,IM,2025-03-21,4702.08,-274.47999999999956,0.058374166326391586,238,0.09507322668881445
IM2408,4679.0,4679.0,4619.2,59453,5520017.36,79510,-7177.0,4638.6,4642.6,4657.0,2024-07-29,202407.zip,20240729_1.csv,IM,2024-08-16,4685.65,-47.04999999999927,0.010041296298272218,18,0.20568047351451574
IM2409,4620.0,4625.0,4566.2,35273,3238026.536,104606,-4148.0,4583.8,4590.4,4603.8,2024-07-29,202407.zip,20240729_1.csv,IM,2024-09-20,4685.65,-101.84999999999945,0.021736578703061338,53,0.15302146937491912
IM2412,4522.6,4524.0,4460.6,14093,1263997.968,69747,-1514.0,4480.2,4485.8,4499.8,2024-07-29,202407.zip,20240729_1.csv,IM,2024-12-20,4685.65,-205.44999999999982,0.043846638139852456,144,0.11623558782098035
IM2503,4434.8,4437.0,4374.2,4993,439314.936,10194,620.0,4394.0,4399.6,4417.6,2024-07-29,202407.zip,20240729_1.csv,IM,2025-03-21,4685.65,-291.64999999999964,0.06224323199556081,235,0.10309246651623565
IM2408,4618.6,4685.4,4585.2,74188,6885390.732,87209,7699.0,4656.0,4656.8,4642.6,2024-07-30,202407.zip,20240730_1.csv,IM,2024-08-16,4702.49,-46.48999999999978,0.009886251751731523,17,0.2143830857085073
IM2409,4564.0,4632.4,4532.2,47814,4387536.248,108651,4045.0,4603.4,4603.8,4590.4,2024-07-30,202407.zip,20240730_1.csv,IM,2024-09-20,4702.49,-99.09000000000015,0.021071815144742545,52,0.1510917098064641
IM2412,4464.0,4523.0,4425.0,16136,1446746.98,71089,1342.0,4495.2,4497.2,4485.8,2024-07-30,202407.zip,20240730_1.csv,IM,2024-12-20,4702.49,-207.28999999999996,0.044080901820099605,143,0.1177026279468885
IM2503,4378.8,4437.2,4341.6,5462,480394.18,11428,1234.0,4416.0,4412.6,4399.6,2024-07-30,202407.zip,20240730_1.csv,IM,2025-03-21,4702.49,-286.4899999999998,0.06092304289854944,234,0.10119461670073077
IM2408,4660.0,4898.8,4648.0,100816,9669669.512,92356,5147.0,4895.0,4875.8,4656.8,2024-07-31,202407.zip,20240731_1.csv,IM,2024-08-16,4889.08,5.920000000000073,-0.0012108617572221814,16,-0.027589376915221064
IM2409,4610.0,4856.6,4596.8,70615,6709943.376,112727,4076.0,4855.2,4833.0,4603.8,2024-07-31,202407.zip,20240731_1.csv,IM,2024-09-20,4889.08,-33.88000000000011,0.006929729110589311,51,0.04994119908632437
IM2412,4493.0,4762.2,4492.2,27024,2513159.92,72882,1793.0,4762.0,4736.6,4497.2,2024-07-31,202407.zip,20240731_1.csv,IM,2024-12-20,4889.08,-127.07999999999993,0.025992620288479595,142,0.06859498021307184
IM2503,4415.8,4683.8,4403.4,10415,953108.252,14953,3525.0,4683.8,4655.0,4412.6,2024-07-31,202407.zip,20240731_1.csv,IM,2025-03-21,4889.08,-205.27999999999975,0.041987449581516345,233,0.06865706598600177
IM2408,4899.2,4935.0,4827.6,81007,7903104.408,87470,-4886.0,4859.4,4866.0,4875.8,2024-08-01,202408.zip,20240801_1.csv,IM,2024-08-16,4878.29,-18.890000000000327,0.0038722585168163848,15,0.09459123897326409
IM2409,4860.0,4898.0,4785.0,53297,5157231.512,108939,-3788.0,4819.8,4825.6,4833.0,2024-08-01,202408.zip,20240801_1.csv,IM,2024-09-20,4878.29,-58.48999999999978,0.011989857101566304,50,0.08858811568944791
IM2412,4779.0,4807.6,4682.0,20717,1963706.368,71377,-1505.0,4721.6,4725.6,4736.6,2024-08-01,202408.zip,20240801_1.csv,IM,2024-12-20,4878.29,-156.6899999999996,0.0321198616728402,141,0.08590646336979169
IM2503,4698.0,4731.6,4600.0,8333,776438.944,15337,384.0,4641.0,4644.0,4655.0,2024-08-01,202408.zip,20240801_1.csv,IM,2025-03-21,4878.29,-237.28999999999996,0.04864204465089206,232,0.08044012697917363
IM2408,4820.0,4892.0,4781.8,81276,7862598.388,87295,-175.0,4792.8,4797.6,4866.0,2024-08-02,202408.zip,20240802_1.csv,IM,2024-08-16,4809.89,-17.090000000000146,0.003553095808843887,14,0.09296459570307757
IM2409,4784.0,4849.4,4740.0,51411,4930157.556,110453,1514.0,4749.0,4755.4,4825.6,2024-08-02,202408.zip,20240802_1.csv,IM,2024-09-20,4809.89,-60.89000000000033,0.012659333165623399,49,0.09550818432237136
IM2412,4692.0,4749.6,4634.6,19450,1825556.316,72143,766.0,4648.0,4654.0,4725.6,2024-08-02,202408.zip,20240802_1.csv,IM,2024-12-20,4809.89,-161.89000000000033,0.03365773437646191,140,0.0908068754610281
IM2503,4610.0,4669.0,4557.2,6703,617789.86,15599,262.0,4566.6,4571.6,4644.0,2024-08-02,202408.zip,20240802_1.csv,IM,2025-03-21,4809.89,-243.28999999999996,0.050581198322622756,231,0.0841806298053836
IM2408,4780.0,4852.2,4652.2,107524,10220870.464,95315,8020.0,4670.6,4676.6,4797.6,2024-08-05,202408.zip,20240805_1.csv,IM,2024-08-16,4678.78,-8.179999999999382,0.0017483190062365095,11,0.05811400520859489
IM2409,4724.0,4811.8,4612.0,73711,6945483.416,115943,5490.0,4625.0,4633.8,4755.4,2024-08-05,202408.zip,20240805_1.csv,IM,2024-09-20,4678.78,-53.779999999999745,0.011494449407751572,46,0.09226650998824822
IM2412,4630.0,4712.0,4508.6,25448,2343879.096,73521,1378.0,4523.8,4530.6,4654.0,2024-08-05,202408.zip,20240805_1.csv,IM,2024-12-20,4678.78,-154.97999999999956,0.03312401950935917,137,0.09127346914276221
IM2503,4545.0,4634.6,4428.0,9192,832080.848,17413,1814.0,4442.8,4448.8,4571.6,2024-08-05,202408.zip,20240805_1.csv,IM,2025-03-21,4678.78,-235.97999999999956,0.050436224827839604,228,0.08503083640947148
IM2408,4739.4,4764.4,4673.0,88344,8336242.9,84545,-10770.0,4729.8,4717.4,4676.6,2024-08-06,202408.zip,20240806_1.csv,IM,2024-08-16,4749.95,-20.149999999999636,0.004242149917367488,10,0.15549811831366567
IM2409,4699.8,4718.8,4630.4,54462,5091846.828,110725,-5218.0,4683.2,4672.4,4633.8,2024-08-06,202408.zip,20240806_1.csv,IM,2024-09-20,4749.95,-66.75,0.014052779502942148,45,0.11560827354515489
IM2412,4599.8,4630.6,4531.0,20444,1870893.012,72105,-1416.0,4584.0,4573.0,4530.6,2024-08-06,202408.zip,20240806_1.csv,IM,2024-12-20,4749.95,-165.94999999999982,0.03493720986536697,136,0.09715979814700716
IM2503,4530.0,4544.8,4450.8,7545,678159.908,17451,38.0,4504.8,4493.0,4448.8,2024-08-06,202408.zip,20240806_1.csv,IM,2025-03-21,4749.95,-245.14999999999964,0.051611069590206116,227,0.08750309019375901
IM2408,4721.0,4759.0,4693.0,74151,7011874.184,80158,-4387.0,4719.0,4725.2,4717.4,2024-08-07,202408.zip,20240807_1.csv,IM,2024-08-16,4743.41,-24.409999999999854,0.005146086886859802,9,0.20978196887287773
IM2409,4680.0,4709.4,4647.0,46027,4309669.36,109681,-1044.0,4669.0,4676.4,4672.4,2024-08-07,202408.zip,20240807_1.csv,IM,2024-09-20,4743.41,-74.40999999999985,0.015687026843557716,44,0.13220492026713804
IM2412,4577.0,4606.0,4546.2,17401,1593525.708,70871,-1234.0,4565.0,4571.8,4573.0,2024-08-07,202408.zip,20240807_1.csv,IM,2024-12-20,4743.41,-178.40999999999985,0.03761218195348914,135,0.10566654496774981
IM2503,4497.0,4523.0,4462.8,7623,685584.872,19067,1616.0,4481.6,4489.0,4493.0,2024-08-07,202408.zip,20240807_1.csv,IM,2025-03-21,4743.41,-261.8099999999995,0.05519446980126097,226,0.09434905714773151
IM2408,4701.2,4772.0,4655.0,88332,8332407.664,83736,3578.0,4735.0,4738.0,4725.2,2024-08-08,202408.zip,20240808_1.csv,IM,2024-08-16,4739.49,-4.489999999999782,0.0009473593150317594,8,0.04326425554381744
IM2409,4660.0,4721.6,4606.0,55959,5224629.148,112029,2348.0,4687.2,4689.0,4676.4,2024-08-08,202408.zip,20240808_1.csv,IM,2024-09-20,4739.49,-52.289999999999964,0.011032832646550528,43,0.0946955488872224
IM2412,4545.0,4615.8,4501.4,20960,1913539.68,72772,1901.0,4585.0,4588.2,4571.8,2024-08-08,202408.zip,20240808_1.csv,IM,2024-12-20,4739.49,-154.48999999999978,0.03259633420473507,134,0.09178022103224341
IM2503,4465.2,4534.2,4416.2,9121,817714.176,20039,972.0,4505.0,4507.6,4489.0,2024-08-08,202408.zip,20240808_1.csv,IM,2025-03-21,4739.49,-234.48999999999978,0.04947578747924353,225,0.08443837711185109
IM2408,4772.0,4792.0,4682.0,77726,7357408.28,74611,-9125.0,4687.0,4695.6,4738.0,2024-08-09,202408.zip,20240809_1.csv,IM,2024-08-16,4702.75,-15.75,0.003349104247514778,7,0.1752186899935959
IM2409,4716.0,4743.0,4628.2,51299,4805509.956,111533,-496.0,4631.6,4643.6,4689.0,2024-08-09,202408.zip,20240809_1.csv,IM,2024-09-20,4702.75,-71.14999999999964,0.015129445537185648,42,0.13350189587882763
IM2412,4606.0,4644.4,4524.6,20285,1859243.284,70803,-1969.0,4526.4,4540.6,4588.2,2024-08-09,202408.zip,20240809_1.csv,IM,2024-12-20,4702.75,-176.35000000000036,0.03749933549518902,133,0.10692118352615405
IM2503,4535.2,4563.6,4442.2,8496,764037.736,21358,1319.0,4445.6,4458.0,4507.6,2024-08-09,202408.zip,20240809_1.csv,IM,2025-03-21,4702.75,-257.14999999999964,0.05468077188878839,224,0.09425426063330662
IM2408,4687.0,4703.6,4651.0,67101,6272999.42,69659,-4952.0,4678.4,4665.8,4695.6,2024-08-12,202408.zip,20240812_1.csv,IM,2024-08-16,4674.1,4.299999999999272,-0.0009199632014718073,4,-0.08386948529410215
IM2409,4628.0,4648.0,4597.2,46236,4272181.3,113995,2462.0,4624.2,4613.2,4643.6,2024-08-12,202408.zip,20240812_1.csv,IM,2024-09-20,4674.1,-49.900000000000546,0.010675852035686106,39,0.10099321407223506
IM2412,4522.0,4544.0,4494.4,16457,1486544.752,70575,-228.0,4523.0,4510.4,4540.6,2024-08-12,202408.zip,20240812_1.csv,IM,2024-12-20,4674.1,-151.10000000000036,0.03232707900986298,130,0.09379666320855828
IM2503,4452.8,4462.0,4410.0,6379,565451.528,21590,232.0,4441.0,4426.6,4458.0,2024-08-12,202408.zip,20240812_1.csv,IM,2025-03-21,4674.1,-233.10000000000036,0.04987056331700224,221,0.08668862033234156
IM2408,4678.2,4705.0,4637.0,68645,6414008.616,61666,-7993.0,4689.8,4666.8,4665.8,2024-08-13,202408.zip,20240813_1.csv,IM,2024-08-16,4697.59,-7.789999999999964,0.0016582971268246371,3,0.20209461668586837
IM2409,4625.4,4654.0,4588.0,60347,5576706.24,125107,11112.0,4639.0,4616.4,4613.2,2024-08-13,202408.zip,20240813_1.csv,IM,2024-09-20,4697.59,-58.590000000000146,0.012472352844756562,38,0.12131329347295744
IM2412,4520.0,4552.0,4489.6,17978,1625465.528,71765,1190.0,4539.4,4516.8,4510.4,2024-08-13,202408.zip,20240813_1.csv,IM,2024-12-20,4697.59,-158.1900000000005,0.03367471405550515,129,0.0986015465623467
IM2503,4444.2,4470.0,4405.2,7300,648012.604,23497,1907.0,4457.8,4435.4,4426.6,2024-08-13,202408.zip,20240813_1.csv,IM,2025-03-21,4697.59,-239.78999999999996,0.0510453232402146,220,0.08924433781033463
IM2408,4690.0,4701.0,4640.6,51499,4804849.604,44383,-17283.0,4641.6,4655.8,4666.8,2024-08-14,202408.zip,20240814_1.csv,IM,2024-08-16,4649.28,-7.6799999999993815,0.0016518686764400714,2,0.30196483971042076
IM2409,4646.0,4650.0,4590.0,60648,5596259.424,127077,1970.0,4590.6,4605.2,4616.4,2024-08-14,202408.zip,20240814_1.csv,IM,2024-09-20,4649.28,-58.67999999999938,0.01262130910592596,37,0.1260990437568657
IM2412,4577.0,4577.0,4485.0,17177,1550026.64,71573,-192.0,4485.6,4500.6,4516.8,2024-08-14,202408.zip,20240814_1.csv,IM,2024-12-20,4649.28,-163.67999999999938,0.035205451166632096,128,0.10405380551096777
IM2503,4462.2,4469.0,4400.2,6990,618826.744,23392,-105.0,4400.2,4415.4,4435.4,2024-08-14,202408.zip,20240814_1.csv,IM,2025-03-21,4649.28,-249.07999999999993,0.053573886709339935,219,0.09434419647591767
IM2408,4635.8,4758.0,4625.0,51426,4821590.4,31782,-12601.0,4679.6,4682.6,4655.8,2024-08-15,202408.zip,20240815_1.csv,IM,2024-08-16,4691.85,-12.25,0.0026109104084742762,1,0.9554769638430527
IM2409,4580.0,4719.4,4573.6,118664,11030360.984,160619,33542.0,4637.4,4638.0,4605.2,2024-08-15,202408.zip,20240815_1.csv,IM,2024-09-20,4691.85,-54.45000000000073,0.011605230346238837,36,0.11904569370768223
IM2412,4481.6,4616.4,4469.8,31220,2837645.032,78042,6469.0,4529.6,4532.2,4500.6,2024-08-15,202408.zip,20240815_1.csv,IM,2024-12-20,4691.85,-162.25,0.034581241940812246,127,0.10294707151141587
IM2503,4387.0,4530.0,4382.6,11522,1027183.092,28129,4737.0,4443.0,4446.0,4415.4,2024-08-15,202408.zip,20240815_1.csv,IM,2025-03-21,4691.85,-248.85000000000036,0.05303878001214879,218,0.09377729528151713
IM2408,4695.0,4708.4,4664.2,22746,2129910.104,0,-31782.0,4668.4,4668.79,4682.6,2024-08-16,202408.zip,20240816_1.csv,IM,2024-08-16,4655.65,12.75,-0.002738607928001402,0,
IM2409,4649.0,4668.8,4602.0,90140,8356151.736,155809,-4810.0,4606.2,4614.6,4638.0,2024-08-16,202408.zip,20240816_1.csv,IM,2024-09-20,4655.65,-49.44999999999982,0.010621502905072244,35,0.11195624530911649
IM2412,4534.2,4563.4,4497.0,23459,2125387.748,77313,-729.0,4501.4,4510.0,4532.2,2024-08-16,202408.zip,20240816_1.csv,IM,2024-12-20,4655.65,-154.25,0.03313178610935097,126,0.09926585450311431
IM2503,4465.0,4474.0,4408.8,8649,768063.552,27459,-670.0,4412.8,4421.0,4446.0,2024-08-16,202408.zip,20240816_1.csv,IM,2025-03-21,4655.65,-242.84999999999945,0.05216242629922774,217,0.09256717157961894
IM2409,4608.0,4687.4,4600.2,80063,7431430.208,155221,-588.0,4622.8,4623.4,4614.6,2024-08-19,202408.zip,20240819_1.csv,IM,2024-09-20,4663.61,-40.80999999999949,0.008750731729282535,32,0.10069418155663046
IM2410,4575.6,4650.4,4564.4,2251,207180.788,2182,2182.0,4585.8,4587.0,4614.6,2024-08-19,202408.zip,20240819_1.csv,IM,2024-10-18,4663.61,-77.80999999999949,0.016684499775924566,60,0.1032195400293657
IM2412,4496.6,4582.8,4496.0,22195,2013614.344,76933,-380.0,4517.8,4518.6,4510.0,2024-08-19,202408.zip,20240819_1.csv,IM,2024-12-20,4663.61,-145.8099999999995,0.03126547888867193,123,0.0957740961047663
IM2503,4406.0,4493.6,4406.0,9373,833626.408,29301,1842.0,4430.6,4429.6,4421.0,2024-08-19,202408.zip,20240819_1.csv,IM,2025-03-21,4663.61,-233.0099999999993,0.049963440339136245,214,0.08969972422038547
IM2409,4626.0,4632.8,4518.2,96619,8803208.728,155978,757.0,4537.0,4532.0,4623.4,2024-08-20,202408.zip,20240820_1.csv,IM,2024-09-20,4579.3,-42.30000000000018,0.00923721966239388,31,0.10977482633827992
IM2410,4593.0,4594.0,4482.8,3569,322548.4,3231,1049.0,4501.0,4496.0,4587.0,2024-08-20,202408.zip,20240820_1.csv,IM,2024-10-18,4579.3,-78.30000000000018,0.017098683204856635,59,0.10762015220723163
IM2412,4529.0,4529.0,4413.0,25889,2305180.176,78320,1387.0,4431.0,4426.2,4518.6,2024-08-20,202408.zip,20240820_1.csv,IM,2024-12-20,4579.3,-148.30000000000018,0.0323848623152011,122,0.10013189488366221
IM2503,4447.6,4447.6,4326.2,10687,932117.872,30730,1429.0,4344.0,4338.2,4429.6,2024-08-20,202408.zip,20240820_1.csv,IM,2025-03-21,4579.3,-235.30000000000018,0.0513833992094862,213,0.09282081377151805
IM2409,4530.2,4559.0,4513.6,72862,6604997.496,149045,-6933.0,4522.0,4520.2,4532.0,2024-08-21,202408.zip,20240821_1.csv,IM,2024-09-20,4548.26,-26.26000000000022,0.005773636511545166,30,0.07065384048356194
IM2410,4487.0,4520.8,4476.4,3708,333371.968,4084,853.0,4486.4,4483.8,4496.0,2024-08-21,202408.zip,20240821_1.csv,IM,2024-10-18,4548.26,-61.86000000000058,0.013600805582794417,58,0.08677143797038758
IM2412,4429.8,4453.6,4408.8,20506,1816112.768,76390,-1930.0,4419.0,4417.0,4426.2,2024-08-21,202408.zip,20240821_1.csv,IM,2024-12-20,4548.26,-129.26000000000022,0.028419659386226814,121,0.08823637223933482
IM2503,4327.0,4368.0,4322.6,9476,822725.94,31035,305.0,4332.8,4330.8,4338.2,2024-08-21,202408.zip,20240821_1.csv,IM,2025-03-21,4548.26,-215.46000000000004,0.04737196202503813,212,0.08561601631086099
IM2409,4528.0,4538.2,4456.4,88130,7915799.86,156536,7491.0,4473.2,4467.8,4520.2,2024-08-22,202408.zip,20240822_1.csv,IM,2024-09-20,4491.84,-18.640000000000327,0.004149747096958145,29,0.05244721822223992
IM2410,4490.4,4501.6,4420.6,4373,389573.172,5545,1461.0,4436.2,4431.0,4483.8,2024-08-22,202408.zip,20240822_1.csv,IM,2024-10-18,4491.84,-55.64000000000033,0.012386906034052902,57,0.08031450973134144
IM2412,4428.8,4434.0,4353.2,24627,2161422.604,80823,4433.0,4369.0,4365.0,4417.0,2024-08-22,202408.zip,20240822_1.csv,IM,2024-12-20,4491.84,-122.84000000000015,0.027347367671154865,120,0.08552033264667717
IM2503,4352.4,4352.4,4265.4,9702,834616.148,32808,1773.0,4281.0,4277.8,4330.8,2024-08-22,202408.zip,20240822_1.csv,IM,2025-03-21,4491.84,-210.84000000000015,0.04693844838640737,211,0.08519580068881444
IM2409,4478.0,4494.0,4445.6,87728,7837315.676,150538,-5998.0,4475.0,4471.0,4467.8,2024-08-23,202408.zip,20240823_1.csv,IM,2024-09-20,4495.34,-20.340000000000146,0.004524685563272235,28,0.05925059856344957
IM2410,4421.0,4457.0,4408.2,4082,361671.436,5934,389.0,4438.6,4434.2,4431.0,2024-08-23,202408.zip,20240823_1.csv,IM,2024-10-18,4495.34,-56.73999999999978,0.012621959629305013,56,0.08331978873647379
IM2412,4368.8,4395.0,4345.0,23734,2072978.572,78401,-2422.0,4376.6,4372.0,4365.0,2024-08-23,202408.zip,20240823_1.csv,IM,2024-12-20,4495.34,-118.73999999999978,0.02641401985166858,119,0.08321585728839782
IM2503,4272.6,4311.0,4258.0,8896,761668.876,32502,-306.0,4291.0,4285.6,4277.8,2024-08-23,202408.zip,20240823_1.csv,IM,2025-03-21,4495.34,-204.34000000000015,0.04545596106189964,210,0.08276914028254043
IM2409,4480.0,4517.0,4458.6,77864,6993257.544,148292,-2246.0,4489.2,4484.8,4471.0,2024-08-26,202408.zip,20240826_1.csv,IM,2024-09-20,4512.89,-23.69000000000051,0.005249407807414008,25,0.07704579880602376
IM2410,4449.6,4480.6,4422.6,3469,309069.312,6825,891.0,4455.0,4449.2,4434.2,2024-08-26,202408.zip,20240826_1.csv,IM,2024-10-18,4512.89,-57.89000000000033,0.012827700209843473,53,0.08948965546449855
IM2412,4385.0,4420.0,4361.8,21579,1895788.08,81561,3160.0,4390.6,4385.0,4372.0,2024-08-26,202408.zip,20240826_1.csv,IM,2024-12-20,4512.89,-122.28999999999996,0.02709793502611413,116,0.0876399148965583
IM2503,4302.0,4334.4,4275.6,7745,667188.2,33197,695.0,4307.8,4301.2,4285.6,2024-08-26,202408.zip,20240826_1.csv,IM,2025-03-21,4512.89,-205.09000000000015,0.045445379789890716,207,0.08394821616692155
IM2409,4476.0,4480.0,4422.8,77232,6868920.808,146087,-2205.0,4442.2,4443.2,4484.8,2024-08-27,202408.zip,20240827_1.csv,IM,2024-09-20,4459.68,-17.480000000000473,0.0039195637355147195,24,0.05984459652124385
IM2410,4445.0,4445.0,4386.2,4116,363230.488,7405,580.0,4405.4,4408.0,4449.2,2024-08-27,202408.zip,20240827_1.csv,IM,2024-10-18,4459.68,-54.280000000000655,0.012171276862914082,52,0.08648564174736678
IM2412,4377.0,4379.4,4323.0,20358,1770080.788,79115,-2446.0,4344.2,4342.8,4385.0,2024-08-27,202408.zip,20240827_1.csv,IM,2024-12-20,4459.68,-115.48000000000047,0.025894234563915042,115,0.08437076521819213
IM2503,4283.0,4295.0,4237.0,8776,747912.66,34418,1221.0,4258.0,4257.0,4301.2,2024-08-27,202408.zip,20240827_1.csv,IM,2025-03-21,4459.68,-201.6800000000003,0.045222975639507834,206,0.08392335158946955
IM2409,4433.0,4493.8,4421.2,82253,7329516.244,146868,781.0,4450.2,4454.6,4443.2,2024-08-28,202408.zip,20240828_1.csv,IM,2024-09-20,4470.55,-20.350000000000364,0.004552012615897438,23,0.07256879514941318
IM2410,4405.2,4459.0,4386.2,3844,339750.336,8372,967.0,4416.6,4419.6,4408.0,2024-08-28,202408.zip,20240828_1.csv,IM,2024-10-18,4470.55,-53.94999999999982,0.012067866369909752,51,0.08742307320066076
IM2412,4344.0,4393.2,4322.4,22409,1952456.148,81749,2634.0,4351.8,4355.0,4342.8,2024-08-28,202408.zip,20240828_1.csv,IM,2024-12-20,4470.55,-118.75,0.026562727181219326,114,0.08736806225776331
IM2503,4270.2,4309.2,4237.0,9499,811391.192,35702,1284.0,4265.8,4270.8,4257.0,2024-08-28,202408.zip,20240828_1.csv,IM,2025-03-21,4470.55,-204.75,0.04579973381351288,205,0.0854599085866144
IM2409,4434.6,4553.6,4432.0,113326,10212389.084,153849,6981.0,4527.4,4537.0,4454.6,2024-08-29,202408.zip,20240829_1.csv,IM,2024-09-20,4542.46,-15.0600000000004,0.0033153841750946933,22,0.055188207560430566
IM2410,4399.6,4519.4,4396.6,6321,565703.532,10168,1796.0,4493.8,4502.8,4419.6,2024-08-29,202408.zip,20240829_1.csv,IM,2024-10-18,4542.46,-48.659999999999854,0.010712257235066414,50,0.07904624148827326
IM2412,4334.0,4455.8,4332.6,32467,2861726.756,83785,2036.0,4432.8,4439.8,4355.0,2024-08-29,202408.zip,20240829_1.csv,IM,2024-12-20,4542.46,-109.65999999999985,0.024141104159420168,113,0.0799069446906647
IM2503,4250.0,4371.4,4247.0,11871,1026359.588,37184,1482.0,4346.4,4356.2,4270.8,2024-08-29,202408.zip,20240829_1.csv,IM,2025-03-21,4542.46,-196.0600000000004,0.043161634885062417,204,0.08070900686797848
IM2409,4527.6,4697.6,4525.2,142796,13218027.036,155302,1453.0,4621.0,4641.8,4537.0,2024-08-30,202408.zip,20240830_1.csv,IM,2024-09-20,4629.32,-8.319999999999709,0.0017972401994245102,21,0.03129398913860934
IM2410,4504.8,4665.6,4490.6,11018,1013474.448,13708,3540.0,4590.4,4603.0,4502.8,2024-08-30,202408.zip,20240830_1.csv,IM,2024-10-18,4629.32,-38.92000000000007,0.008407282279038863,49,0.0631566499029039
IM2412,4423.8,4603.6,4423.8,49065,4449771.572,89254,5469.0,4525.0,4545.4,4439.8,2024-08-30,202408.zip,20240830_1.csv,IM,2024-12-20,4629.32,-104.31999999999971,0.022534627115861405,112,0.07513180741909971
IM2503,4358.4,4522.0,4345.0,17315,1540943.368,40087,2903.0,4441.8,4460.6,4356.2,2024-08-30,202408.zip,20240830_1.csv,IM,2025-03-21,4629.32,-187.51999999999953,0.04050702911010673,203,0.07590762809290232
IM2409,4612.0,4634.8,4508.8,89892,8216291.412,142020,-13282.0,4515.6,4528.0,4641.8,2024-09-02,202409.zip,20240902_1.csv,IM,2024-09-20,4532.51,-16.909999999999854,0.003730824642416697,18,0.07593613743959066
IM2410,4588.2,4601.8,4475.8,7471,677890.84,13996,288.0,4485.0,4495.4,4603.0,2024-09-02,202409.zip,20240902_1.csv,IM,2024-10-18,4532.51,-47.51000000000022,0.010482050784223373,46,0.08405385100092105
IM2412,4515.8,4539.0,4410.4,31046,2776759.864,83781,-5473.0,4418.8,4429.6,4545.4,2024-09-02,202409.zip,20240902_1.csv,IM,2024-12-20,4532.51,-113.71000000000004,0.025087644594275593,109,0.08617091028076047
IM2503,4444.6,4455.6,4327.2,12013,1053558.088,39328,-759.0,4333.2,4345.4,4460.6,2024-09-02,202409.zip,20240902_1.csv,IM,2025-03-21,4532.51,-199.3100000000004,0.043973427526911246,200,0.08394275593095203
IM2409,4524.0,4592.8,4514.0,95410,8677854.88,140430,-1590.0,4547.4,4547.2,4528.0,2024-09-03,202409.zip,20240903_1.csv,IM,2024-09-20,4572.4,-25.0,0.005467588137520796,17,0.11803771515203078
IM2410,4492.8,4558.4,4481.0,6138,554123.172,14868,872.0,4513.8,4513.4,4495.4,2024-09-03,202409.zip,20240903_1.csv,IM,2024-10-18,4572.4,-58.599999999999454,0.01281602659434855,45,0.10530176594246657
IM2412,4416.2,4491.4,4415.6,32138,2858392.864,87453,3672.0,4444.6,4444.6,4429.6,2024-09-03,202409.zip,20240903_1.csv,IM,2024-12-20,4572.4,-127.79999999999927,0.027950310559006097,108,0.09717784877529224
IM2503,4333.2,4405.8,4330.6,11806,1029631.612,40093,765.0,4358.2,4358.4,4345.4,2024-09-03,202409.zip,20240903_1.csv,IM,2025-03-21,4572.4,-214.19999999999982,0.04684629516227801,199,0.09014717015853418
IM2409,4530.0,4587.0,4507.0,95403,8667992.24,134704,-5726.0,4536.2,4532.4,4547.2,2024-09-04,202409.zip,20240904_1.csv,IM,2024-09-20,4550.77,-14.570000000000618,0.0032016559834930902,16,0.07327237004541555
IM2410,4498.8,4552.4,4471.2,6932,625038.692,15818,950.0,4501.6,4498.4,4513.4,2024-09-04,202409.zip,20240904_1.csv,IM,2024-10-18,4550.77,-49.17000000000007,0.010804764907916709,44,0.09060944997334326
IM2412,4429.0,4483.8,4402.0,32477,2884400.272,86679,-774.0,4433.0,4429.2,4444.6,2024-09-04,202409.zip,20240904_1.csv,IM,2024-12-20,4550.77,-117.77000000000044,0.025879136937265623,107,0.09062458494173925
IM2503,4343.2,4398.0,4318.0,10661,928224.896,39786,-307.0,4346.6,4342.6,4358.4,2024-09-04,202409.zip,20240904_1.csv,IM,2025-03-21,4550.77,-204.17000000000007,0.04486493494507526,198,0.08659043617977051
IM2409,4544.6,4611.4,4544.6,88060,8051276.424,131885,-2819.0,4577.2,4571.0,4532.4,2024-09-05,202409.zip,20240905_1.csv,IM,2024-09-20,4586.78,-9.579999999999927,0.0020886111825725306,15,0.05092924349675202
IM2410,4519.6,4577.8,4511.2,7909,717662.1,17025,1207.0,4543.0,4536.2,4498.4,2024-09-05,202409.zip,20240905_1.csv,IM,2024-10-18,4586.78,-43.779999999999745,0.00954482229363518,43,0.0818007770707804
IM2412,4445.0,4509.0,4443.4,32922,2942944.668,88291,1612.0,4476.6,4469.2,4429.2,2024-09-05,202409.zip,20240905_1.csv,IM,2024-12-20,4586.78,-110.17999999999938,0.024021208778271297,106,0.08475034540195947
IM2503,4362.8,4421.4,4356.2,13335,1168492.748,41990,2204.0,4391.6,4380.6,4342.6,2024-09-05,202409.zip,20240905_1.csv,IM,2025-03-21,4586.78,-195.17999999999938,0.04255272762155571,197,0.08234536815322985
IM2409,4595.0,4597.4,4482.0,90398,8181155.588,127548,-4337.0,4497.2,4494.4,4571.0,2024-09-06,202409.zip,20240906_1.csv,IM,2024-09-20,4508.23,-11.029999999999745,0.0024466364848287903,14,0.06394375547959726
IM2410,4559.0,4560.0,4446.8,8122,729002.564,18451,1426.0,4461.6,4458.2,4536.2,2024-09-06,202409.zip,20240906_1.csv,IM,2024-10-18,4508.23,-46.6299999999992,0.010343305465781327,42,0.09082770861616928
IM2412,4498.6,4498.6,4376.2,31503,2785306.072,87847,-444.0,4393.2,4389.6,4469.2,2024-09-06,202409.zip,20240906_1.csv,IM,2024-12-20,4508.23,-115.02999999999975,0.02551555710334208,105,0.09101934591554924
IM2503,4394.0,4404.0,4286.8,13131,1137139.508,42590,600.0,4304.0,4299.4,4380.6,2024-09-06,202409.zip,20240906_1.csv,IM,2025-03-21,4508.23,-204.22999999999956,0.04530159286460533,196,0.0883657703322964
IM2409,4487.2,4518.6,4445.2,85871,7688870.464,125870,-1678.0,4457.4,4456.2,4494.4,2024-09-09,202409.zip,20240909_1.csv,IM,2024-09-20,4475.53,-18.13000000000011,0.004050916874649535,11,0.13496351317727084
IM2410,4439.8,4484.0,4408.4,11374,1010059.716,22286,3835.0,4420.8,4418.8,4458.2,2024-09-09,202409.zip,20240909_1.csv,IM,2024-10-18,4475.53,-54.72999999999956,0.01222871928017455,39,0.11586515261189485
IM2412,4373.0,4417.2,4341.0,32808,2869800.24,91830,3983.0,4355.0,4352.4,4389.6,2024-09-09,202409.zip,20240909_1.csv,IM,2024-12-20,4475.53,-120.52999999999975,0.02693088863218429,102,0.09903750478377284
IM2503,4288.0,4332.2,4253.6,12335,1057126.28,44706,2116.0,4267.0,4264.6,4299.4,2024-09-09,202409.zip,20240909_1.csv,IM,2025-03-21,4475.53,-208.52999999999975,0.04659336436131578,193,0.09242329675507056
IM2409,4471.0,4502.4,4378.8,116746,10359219.108,129541,3671.0,4473.6,4471.8,4456.2,2024-09-10,202409.zip,20240910_1.csv,IM,2024-09-20,4487.58,-13.979999999999563,0.0031152647975076775,10,0.11406249999999352
IM2410,4422.0,4463.6,4341.8,14662,1290183.824,26141,3855.0,4436.0,4433.0,4418.8,2024-09-10,202409.zip,20240910_1.csv,IM,2024-10-18,4487.58,-51.57999999999993,0.011493945511834913,38,0.11168608514071442
IM2412,4368.2,4398.0,4274.0,45961,3982141.388,95560,3730.0,4369.0,4368.2,4352.4,2024-09-10,202409.zip,20240910_1.csv,IM,2024-12-20,4487.58,-118.57999999999993,0.026424041465555992,101,0.09808461505340277
IM2503,4285.0,4308.8,4186.6,17006,1442798.936,47797,3091.0,4281.6,4278.6,4264.6,2024-09-10,202409.zip,20240910_1.csv,IM,2025-03-21,4487.58,-205.97999999999956,0.04590001738130567,192,0.0914556620188711
IM2409,4460.0,4494.4,4439.0,86309,7706823.344,111092,-18449.0,4474.8,4464.6,4471.8,2024-09-11,202409.zip,20240911_1.csv,IM,2024-09-20,4486.01,-11.210000000000036,0.0024988798509143484,9,0.10159734016666033
IM2410,4427.4,4455.0,4401.2,14697,1300924.692,28956,2815.0,4436.0,4424.2,4433.0,2024-09-11,202409.zip,20240911_1.csv,IM,2024-10-18,4486.01,-50.01000000000022,0.011147991199306317,37,0.11121323081422209
IM2412,4357.0,4388.2,4334.4,33692,2936841.288,93852,-1708.0,4366.6,4356.2,4368.2,2024-09-11,202409.zip,20240911_1.csv,IM,2024-12-20,4486.01,-119.40999999999985,0.02661830892039918,100,0.09981369944579267
IM2503,4269.8,4299.0,4245.8,11996,1024322.048,46663,-1134.0,4278.0,4268.0,4278.6,2024-09-11,202409.zip,20240911_1.csv,IM,2025-03-21,4486.01,-208.01000000000022,0.04636859926750059,191,0.0929186584718111
IM2409,4484.0,4545.0,4461.6,86856,7811238.684,106827,-4265.0,4468.4,4475.0,4464.6,2024-09-12,202409.zip,20240912_1.csv,IM,2024-09-20,4468.74,-0.3400000000001455,7.608408634207642e-05,8,0.003471600572914485
IM2410,4444.4,4507.0,4424.0,15226,1357448.488,32117,3161.0,4429.4,4436.8,4424.2,2024-09-12,202409.zip,20240912_1.csv,IM,2024-10-18,4468.74,-39.340000000000146,0.008803376343219815,36,0.09004919151327223
IM2412,4381.0,4439.0,4355.0,38203,3354084.296,97186,3334.0,4359.6,4368.0,4356.2,2024-09-12,202409.zip,20240912_1.csv,IM,2024-12-20,4468.74,-109.13999999999942,0.024422991715785547,99,0.0922985706222695
IM2503,4291.0,4350.4,4266.6,12136,1043650.688,47969,1306.0,4270.6,4279.2,4268.0,2024-09-12,202409.zip,20240912_1.csv,IM,2025-03-21,4468.74,-198.13999999999942,0.04433912019942965,190,0.08912971676604005
IM2409,4475.0,4478.6,4414.2,80427,7149870.244,94210,-12617.0,4416.8,4424.6,4475.0,2024-09-13,202409.zip,20240913_1.csv,IM,2024-09-20,4413.19,3.610000000000582,-0.0008180023973589634,7,-0.04261812042332558
IM2410,4439.0,4442.6,4377.2,18690,1647106.136,38567,6450.0,4380.0,4387.2,4436.8,2024-09-13,202409.zip,20240913_1.csv,IM,2024-10-18,4413.19,-33.1899999999996,0.007520636999539976,35,0.07902380952380932
IM2412,4369.0,4372.8,4308.0,35245,3057865.196,97469,283.0,4312.0,4317.2,4368.0,2024-09-13,202409.zip,20240913_1.csv,IM,2024-12-20,4413.19,-101.1899999999996,0.022928992406852977,98,0.08740285771080192
IM2503,4286.6,4286.6,4215.8,13465,1143329.236,50540,2571.0,4220.6,4225.6,4279.2,2024-09-13,202409.zip,20240913_1.csv,IM,2025-03-21,4413.19,-192.58999999999924,0.043639634821976636,189,0.08812326891509906
IM2409,4413.0,4423.0,4337.4,90715,7954040.952,75838,-18372.0,4405.0,4399.6,4424.6,2024-09-18,202409.zip,20240918_1.csv,IM,2024-09-20,4399.13,5.869999999999891,-0.0013343547474158335,2,-0.24319523269011767
IM2410,4393.0,4393.0,4300.6,39006,3389545.276,59059,20492.0,4365.6,4361.0,4387.2,2024-09-18,202409.zip,20240918_1.csv,IM,2024-10-18,4399.13,-33.529999999999745,0.007621961615137507,30,0.09344610897318309
IM2412,4307.6,4317.4,4228.0,46622,3984122.172,106473,9004.0,4290.6,4285.2,4317.2,2024-09-18,202409.zip,20240918_1.csv,IM,2024-12-20,4399.13,-108.52999999999975,0.0246707871783739,93,0.09927541026169209
IM2503,4221.2,4227.8,4138.2,16773,1402085.676,54347,3807.0,4194.6,4190.4,4225.6,2024-09-18,202409.zip,20240918_1.csv,IM,2025-03-21,4399.13,-204.52999999999975,0.046493283899316395,184,0.0967256166831475
IM2409,4422.2,4543.2,4380.0,92123,8225328.584,42680,-33158.0,4487.4,4484.8,4399.6,2024-09-19,202409.zip,20240919_1.csv,IM,2024-09-20,4482.27,5.1299999999992,-0.0011445093669053552,1,-0.41726835138381324
IM2410,4371.0,4509.8,4340.2,80570,7145425.356,91990,32931.0,4454.0,4447.4,4361.0,2024-09-19,202409.zip,20240919_1.csv,IM,2024-10-18,4482.27,-28.270000000000437,0.006307072086242149,29,0.0798859607017342
IM2412,4309.0,4437.4,4262.2,69390,6045133.336,116341,9868.0,4379.0,4369.4,4285.2,2024-09-19,202409.zip,20240919_1.csv,IM,2024-12-20,4482.27,-103.27000000000044,0.023039665169657386,92,0.09356302808860549
IM2503,4210.2,4342.0,4166.8,22954,1956563.02,59728,5381.0,4281.8,4271.8,4190.4,2024-09-19,202409.zip,20240919_1.csv,IM,2025-03-21,4482.27,-200.47000000000025,0.04472510580576361,183,0.09338234749851151
IM2409,4483.0,4493.0,4437.0,35454,3163897.352,0,-42680.0,4447.8,4448.4,4484.8,2024-09-20,202409.zip,20240920_1.csv,IM,2024-09-20,4463.36,-15.55999999999949,0.003486162890736888,0,
IM2410,4456.0,4457.8,4388.2,80598,7127609.508,103051,11061.0,4422.6,4412.8,4447.4,2024-09-20,202409.zip,20240920_1.csv,IM,2024-10-18,4463.36,-40.75999999999931,0.009132133639231266,28,0.12014102887118601
IM2412,4362.4,4379.2,4310.8,53756,4672246.792,115940,-401.0,4347.2,4337.0,4369.4,2024-09-20,202409.zip,20240920_1.csv,IM,2024-12-20,4463.36,-116.15999999999985,0.026025236593059886,91,0.10717622458513132
IM2503,4273.8,4280.8,4214.0,15861,1347318.488,59023,-705.0,4250.0,4239.6,4271.8,2024-09-20,202409.zip,20240920_1.csv,IM,2025-03-21,4463.36,-213.35999999999967,0.04780255233725261,182,0.10068054298642513
IM2410,4415.2,4497.8,4402.4,78245,6963263.752,101314,-1737.0,4437.0,4436.6,4412.8,2024-09-23,202409.zip,20240923_1.csv,IM,2024-10-18,4469.13,-32.13000000000011,0.007189318726463556,25,0.10572413793103323
IM2411,4380.6,4458.8,4365.4,1282,113090.536,1245,1245.0,4401.8,4400.0,4412.8,2024-09-23,202409.zip,20240923_1.csv,IM,2024-11-15,4469.13,-67.32999999999993,0.015065572046460973,53,0.10534048249558244
IM2412,4344.0,4421.6,4325.4,46247,4046455.18,115201,-739.0,4363.0,4361.4,4337.0,2024-09-23,202409.zip,20240923_1.csv,IM,2024-12-20,4469.13,-106.13000000000011,0.02374735127418537,88,0.10089348967557815
IM2503,4246.8,4321.0,4229.0,12787,1093657.7,59393,370.0,4265.4,4265.6,4239.6,2024-09-23,202409.zip,20240923_1.csv,IM,2025-03-21,4469.13,-203.73000000000047,0.045586053661450965,179,0.09739463941765569
IM2410,4496.0,4656.8,4438.2,156875,14257872.676,127361,26047.0,4653.2,4624.4,4436.6,2024-09-24,202409.zip,20240924_1.csv,IM,2024-10-18,4642.56,10.639999999999418,-0.0022918389853872068,24,-0.03477535172927468
IM2411,4436.2,4623.8,4403.8,5053,456882.448,4231,2986.0,4623.2,4596.0,4400.0,2024-09-24,202409.zip,20240924_1.csv,IM,2024-11-15,4642.56,-19.360000000000582,0.004170113041080947,52,0.029393560237998422
IM2412,4430.0,4590.0,4369.0,98223,8792568.6,131230,16029.0,4586.0,4556.4,4361.4,2024-09-24,202409.zip,20240924_1.csv,IM,2024-12-20,4642.56,-56.5600000000004,0.012182933553901432,87,0.051742685133665305
IM2503,4305.2,4498.0,4274.4,29595,2594394.088,64096,4703.0,4494.0,4462.4,4265.6,2024-09-24,202409.zip,20240924_1.csv,IM,2025-03-21,4642.56,-148.5600000000004,0.03199958643507039,178,0.0677862618322561
IM2410,4710.0,4802.8,4672.6,140021,13264284.704,112646,-14715.0,4676.4,4690.6,4624.4,2024-09-25,202409.zip,20240925_1.csv,IM,2024-10-18,4686.26,-9.860000000000582,0.002104023250950826,23,0.03346033552379888
IM2411,4692.0,4770.8,4640.0,6808,640244.988,5818,1587.0,4648.4,4659.6,4596.0,2024-09-25,202409.zip,20240925_1.csv,IM,2024-11-15,4686.26,-37.86000000000058,0.00807893714817376,51,0.05829077177726007
IM2412,4642.2,4739.0,4609.4,86249,8061665.856,124168,-7062.0,4615.4,4628.4,4556.4,2024-09-25,202409.zip,20240925_1.csv,IM,2024-12-20,4686.26,-70.86000000000058,0.015120799955614994,86,0.06516077116952287
IM2503,4590.0,4651.4,4519.2,29826,2734696.472,63616,-480.0,4525.6,4537.8,4462.4,2024-09-25,202409.zip,20240925_1.csv,IM,2025-03-21,4686.26,-160.65999999999985,0.03428320238313709,177,0.07320676148444648
IM2410,4671.4,4940.0,4662.4,152942,14595858.504,119316,6670.0,4937.4,4875.2,4690.6,2024-09-26,202409.zip,20240926_1.csv,IM,2024-10-18,4874.13,63.26999999999953,-0.01298077810809306,22,-0.21260315513869807
IM2411,4640.0,4913.4,4634.8,8858,841692.796,8674,2856.0,4901.8,4836.8,4659.6,2024-09-26,202409.zip,20240926_1.csv,IM,2024-11-15,4874.13,27.670000000000073,-0.0056769105460872105,50,-0.041207515606512306
IM2412,4620.0,4885.0,4600.0,95626,9013160.932,133526,9358.0,4882.4,4815.8,4628.4,2024-09-26,202409.zip,20240926_1.csv,IM,2024-12-20,4874.13,8.269999999999527,-0.0016967130544320863,85,-0.007273544351379241
IM2503,4520.2,4810.0,4510.4,31222,2893961.82,67007,3391.0,4803.8,4733.4,4537.8,2024-09-26,202409.zip,20240926_1.csv,IM,2025-03-21,4874.13,-70.32999999999993,0.014429241731344855,176,0.03036238593310611
IM2410,5022.0,5362.6,4954.4,212983,21971528.652,109667,-9649.0,5362.2,5285.0,4875.2,2024-09-27,202409.zip,20240927_1.csv,IM,2024-10-18,5136.44,225.76000000000022,-0.04395262088138874,21,-0.7317749821945861
IM2411,5032.0,5320.4,4933.4,12520,1283779.856,11289,2615.0,5320.4,5268.8,4836.8,2024-09-27,202409.zip,20240927_1.csv,IM,2024-11-15,5136.44,183.96000000000004,-0.03581468877276861,49,-0.2575585079532155
IM2412,4978.0,5297.2,4902.0,142577,14592318.98,125960,-7566.0,5297.2,5245.2,4815.8,2024-09-27,202409.zip,20240927_1.csv,IM,2024-12-20,5136.44,160.76000000000022,-0.03129794176511358,84,-0.13186975688863492
IM2503,4942.2,5206.6,4830.2,52480,5292978.204,70510,3503.0,5206.6,5166.6,4733.4,2024-09-27,202409.zip,20240927_1.csv,IM,2025-03-21,5136.44,70.16000000000076,-0.01365926595073641,175,-0.028105426628839466
IM2410,5521.0,5813.4,5392.6,180916,20342345.416,102683,-6984.0,5813.4,5801.2,5285.0,2024-09-30,202409.zip,20240930_1.csv,IM,2024-10-18,5708.83,104.56999999999971,-0.018317238383346535,18,-0.3647516465789766
IM2411,5503.0,5795.6,5385.2,16836,1888921.656,15690,4401.0,5795.6,5790.0,5268.8,2024-09-30,202409.zip,20240930_1.csv,IM,2024-11-15,5708.83,86.77000000000044,-0.015199261494912353,46,-0.1187972059763488
IM2412,5460.0,5769.6,5401.2,119240,13374631.308,119663,-6297.0,5769.6,5763.0,5245.2,2024-09-30,202409.zip,20240930_1.csv,IM,2024-12-20,5708.83,60.77000000000044,-0.010644913230907216,81,-0.0474625837938144
IM2503,5475.0,5683.2,5370.4,46023,5109138.632,69402,-1108.0,5683.2,5683.2,5166.6,2024-09-30,202409.zip,20240930_1.csv,IM,2025-03-21,5708.83,-25.63000000000011,0.004489536384863491,172,0.009570179509087786
IM2410,6381.2,6381.2,5906.0,211253,26240115.316,102649,-34.0,6219.8,6174.4,5801.2,2024-10-08,202410.zip,20241008_1.csv,IM,2024-10-18,6201.99,17.8100000000004,-0.002871658935277299,10,-0.10451541850220387
IM2411,6369.0,6369.0,5899.0,22440,2783564.812,17754,2064.0,6207.6,6171.8,5790.0,2024-10-08,202410.zip,20241008_1.csv,IM,2024-11-15,6201.99,5.610000000000582,-0.0009045483788268083,38,-0.008680573219246458
IM2412,6339.2,6339.2,5895.2,143088,17711045.588,120131,468.0,6184.8,6150.8,5763.0,2024-10-08,202410.zip,20241008_1.csv,IM,2024-12-20,6201.99,-17.1899999999996,0.002771691021752676,73,0.013896973224679643
IM2503,6251.4,6251.4,5858.0,57496,7049442.28,72085,2683.0,6120.0,6096.8,5683.2,2024-10-08,202410.zip,20241008_1.csv,IM,2025-03-21,6201.99,-81.98999999999978,0.013219950370768063,164,0.029816624820660134
IM2410,6050.0,6129.6,5679.0,236928,28155910.288,113905,11256.0,5749.8,5853.4,6174.4,2024-10-09,202410.zip,20241009_1.csv,IM,2024-10-18,5727.38,22.420000000000073,-0.003914529854837756,9,-0.158136901380144
IM2411,6067.6,6125.6,5665.2,27713,3283755.096,22066,4312.0,5745.2,5818.2,6171.8,2024-10-09,202410.zip,20241009_1.csv,IM,2024-11-15,5727.38,17.81999999999971,-0.003111370294968996,37,-0.030598045654092368
IM2412,6026.6,6106.6,5634.8,162244,19164313.296,127140,7009.0,5715.8,5813.0,6150.8,2024-10-09,202410.zip,20241009_1.csv,IM,2024-12-20,5727.38,-11.579999999999927,0.002021866892016888,72,0.010270507482183638
IM2503,5980.0,6051.0,5581.8,61386,7178460.64,78182,6097.0,5639.2,5746.8,6096.8,2024-10-09,202410.zip,20241009_1.csv,IM,2025-03-21,5727.38,-88.18000000000029,0.015396219562871738,163,0.03501530043420855
IM2410,5860.0,5934.6,5629.6,199403,23011654.428,109601,-4304.0,5664.0,5699.8,5853.4,2024-10-10,202410.zip,20241010_1.csv,IM,2024-10-18,5654.53,9.470000000000255,-0.0016747634197713523,8,-0.07628332450564997
IM2411,5824.8,5919.6,5620.0,23130,2663911.7,22776,710.0,5648.0,5680.0,5818.2,2024-10-10,202410.zip,20241010_1.csv,IM,2024-11-15,5654.53,-6.529999999999745,0.0011548263074030451,36,0.011722192713250541
IM2412,5844.0,5902.2,5605.0,133053,15280608.048,129332,2192.0,5628.8,5669.2,5813.0,2024-10-10,202410.zip,20241010_1.csv,IM,2024-12-20,5654.53,-25.729999999999563,0.0045503339800123666,71,0.02349949254938369
IM2503,5765.6,5844.6,5533.0,44711,5070814.212,76984,-1198.0,5559.0,5596.4,5746.8,2024-10-10,202410.zip,20241010_1.csv,IM,2025-03-21,5654.53,-95.52999999999975,0.01689441916481116,162,0.038718716617918786
IM2410,5630.2,5650.0,5345.0,181571,19944306.452,106392,-3209.0,5423.0,5401.2,5699.8,2024-10-11,202410.zip,20241011_1.csv,IM,2024-10-18,5416.76,6.239999999999782,-0.0011519801504957794,7,-0.05999841943046385
IM2411,5626.0,5636.0,5328.0,19885,2178120.204,25187,2411.0,5399.0,5381.6,5680.0,2024-10-11,202410.zip,20241011_1.csv,IM,2024-11-15,5416.76,-17.76000000000022,0.0032787127360267565,35,0.034304765432752085
IM2412,5600.0,5618.0,5302.0,123517,13460201.644,130577,1245.0,5379.0,5353.2,5669.2,2024-10-11,202410.zip,20241011_1.csv,IM,2024-12-20,5416.76,-37.76000000000022,0.00697095680812887,70,0.03660372347488953
IM2503,5534.0,5547.4,5218.0,39931,4285834.864,78901,1917.0,5308.2,5270.0,5596.4,2024-10-11,202410.zip,20241011_1.csv,IM,2025-03-21,5416.76,-108.5600000000004,0.02004150082337053,161,0.0463649232723496
IM2410,5460.0,5638.6,5337.6,166111,18266706.14,94623,-11769.0,5613.0,5590.8,5401.2,2024-10-14,202410.zip,20241014_1.csv,IM,2024-10-18,5615.76,-2.7600000000002183,0.0004914739946152435,4,0.04486905398182334
IM2411,5430.0,5616.0,5317.0,24752,2716248.728,29338,4151.0,5597.8,5573.4,5381.6,2024-10-14,202410.zip,20241014_1.csv,IM,2024-11-15,5615.76,-17.960000000000036,0.0031981423707565515,32,0.036595850155417796
IM2412,5399.2,5585.4,5284.4,112920,12297156.716,127187,-3390.0,5557.0,5536.2,5353.2,2024-10-14,202410.zip,20241014_1.csv,IM,2024-12-20,5615.76,-58.76000000000022,0.0104634101172415,67,0.057604903322151825
IM2503,5325.0,5508.2,5201.8,34513,3702700.032,77929,-972.0,5482.4,5460.6,5270.0,2024-10-14,202410.zip,20241014_1.csv,IM,2025-03-21,5615.76,-133.36000000000058,0.02374745359488306,158,0.05619409036419456
IM2410,5555.0,5708.6,5481.0,145218,16276775.416,85180,-9443.0,5481.4,5539.0,5590.8,2024-10-15,202410.zip,20241015_1.csv,IM,2024-10-18,5507.18,-25.780000000000655,0.004681161683475099,3,0.5722199924593733
IM2411,5543.2,5685.0,5452.0,31868,3554220.864,35014,5676.0,5452.0,5512.8,5573.4,2024-10-15,202410.zip,20241015_1.csv,IM,2024-11-15,5507.18,-55.18000000000029,0.010019647078904348,31,0.11916727806309609
IM2412,5502.8,5651.0,5411.0,102444,11363644.292,130906,3719.0,5411.0,5478.8,5536.2,2024-10-15,202410.zip,20241015_1.csv,IM,2024-12-20,5507.18,-96.18000000000029,0.017464473650761425,66,0.09830059978830974
IM2503,5431.0,5569.8,5331.0,30076,3285969.904,77726,-203.0,5331.0,5392.2,5460.6,2024-10-15,202410.zip,20241015_1.csv,IM,2025-03-21,5507.18,-176.1800000000003,0.03199096452267769,157,0.07683182252107909
IM2410,5438.4,5620.0,5425.0,126998,14036288.424,67735,-17445.0,5527.2,5510.4,5539.0,2024-10-16,202410.zip,20241016_1.csv,IM,2024-10-18,5524.25,2.949999999999818,-0.0005340091415124704,2,-0.09740465335070225
IM2411,5400.0,5599.0,5400.0,42897,4721023.52,47117,12103.0,5501.4,5485.8,5512.8,2024-10-16,202410.zip,20241016_1.csv,IM,2024-11-15,5524.25,-22.850000000000364,0.004136308096121755,30,0.050534106469869666
IM2412,5356.8,5563.6,5350.4,105670,11553627.496,131153,247.0,5470.4,5452.6,5478.8,2024-10-16,202410.zip,20241016_1.csv,IM,2024-12-20,5524.25,-53.850000000000364,0.009747929583201365,65,0.055277212185299233
IM2503,5250.0,5477.6,5250.0,32382,3482605.26,79542,1816.0,5386.6,5365.2,5392.2,2024-10-16,202410.zip,20241016_1.csv,IM,2025-03-21,5524.25,-137.64999999999964,0.024917409603113505,156,0.05979016543426333
IM2410,5588.0,5634.4,5489.2,91036,10145624.116,41237,-26498.0,5490.0,5526.6,5510.4,2024-10-17,202410.zip,20241017_1.csv,IM,2024-10-18,5505.61,-15.609999999999673,0.0028352898225627587,1,1.0378233151183802
IM2411,5540.2,5611.4,5465.0,68656,7616260.248,68569,21452.0,5469.2,5503.2,5485.8,2024-10-17,202410.zip,20241017_1.csv,IM,2024-11-15,5505.61,-36.409999999999854,0.006613254480429931,29,0.08378991316891912
IM2412,5519.8,5578.8,5430.0,111905,12339534.528,141913,10760.0,5434.0,5468.4,5452.6,2024-10-17,202410.zip,20241017_1.csv,IM,2024-12-20,5505.61,-71.60999999999967,0.013006733132205128,64,0.07515656629554651
IM2503,5430.0,5491.6,5340.0,32560,3533502.228,80458,916.0,5340.2,5378.2,5365.2,2024-10-17,202410.zip,20241017_1.csv,IM,2025-03-21,5505.61,-165.40999999999985,0.03004390067585605,155,0.07293994063288674
IM2410,5500.0,5765.0,5482.4,46637,5223891.884,0,-41237.0,5751.0,5752.01,5526.6,2024-10-18,202410.zip,20241018_1.csv,IM,2024-10-18,5749.43,1.569999999999709,-0.00027307054786285256,0,
IM2411,5497.0,6030.2,5460.0,161272,18373638.74,106792,38223.0,5732.8,5843.2,5503.2,2024-10-18,202410.zip,20241018_1.csv,IM,2024-11-15,5749.43,-16.63000000000011,0.002892460643924677,28,0.03781466797575755
IM2412,5455.0,5989.8,5430.0,237911,27047036.456,154527,12614.0,5728.0,5829.0,5468.4,2024-10-18,202410.zip,20241018_1.csv,IM,2024-12-20,5749.43,-21.43000000000029,0.003727326013187482,63,0.021675617407111727
IM2503,5373.0,5909.6,5342.4,60006,6719779.584,86632,6174.0,5640.2,5754.6,5378.2,2024-10-18,202410.zip,20241018_1.csv,IM,2025-03-21,5749.43,-109.23000000000047,0.018998405059284185,154,0.04590072793771243
IM2411,5799.0,5956.0,5766.4,114107,13360778.784,91397,-15395.0,5840.0,5843.8,5843.2,2024-10-21,202410.zip,20241021_1.csv,IM,2024-11-15,5860.57,-20.56999999999971,0.0035098975014374867,25,0.051425000000000276
IM2412,5780.0,5944.0,5750.4,164469,19220215.104,156900,2373.0,5822.6,5826.6,5829.0,2024-10-21,202410.zip,20241021_1.csv,IM,2024-12-20,5860.57,-37.969999999999345,0.006478891984909252,60,0.03967027902769558
IM2503,5715.0,5867.6,5670.6,41239,4753300.072,83554,-3078.0,5746.0,5749.4,5754.6,2024-10-21,202410.zip,20241021_1.csv,IM,2025-03-21,5860.57,-114.56999999999971,0.01954929298685959,151,0.0481971333931119
IM2506,5679.4,5773.6,5580.6,7518,853739.656,6928,6928.0,5660.2,5663.0,5754.6,2024-10-21,202410.zip,20241021_1.csv,IM,2025-06-20,5860.57,-200.3699999999999,0.03418950716397895,242,0.05339227419759411
IM2411,5838.2,5919.8,5791.4,91095,10662891.048,88086,-3311.0,5873.8,5862.2,5843.8,2024-10-22,202410.zip,20241022_1.csv,IM,2024-11-15,5888.81,-15.010000000000218,0.002548902070197534,24,0.038863611858307535
IM2412,5817.0,5896.0,5764.0,144065,16789641.012,152874,-4026.0,5850.6,5835.6,5826.6,2024-10-22,202410.zip,20241022_1.csv,IM,2024-12-20,5888.81,-38.210000000000036,0.006488577488490854,59,0.04040336004941114
IM2503,5752.0,5812.2,5683.2,33794,3884876.74,83452,-102.0,5777.8,5760.4,5749.4,2024-10-22,202410.zip,20241022_1.csv,IM,2025-03-21,5888.81,-111.01000000000022,0.01885100724934241,150,0.04675210864573603
IM2506,5666.2,5717.2,5594.2,7800,882277.344,7746,818.0,5681.0,5664.2,5663.0,2024-10-22,202410.zip,20241022_1.csv,IM,2025-06-20,5888.81,-207.8100000000004,0.035288963304980214,241,0.05540098355076012
IM2411,5852.0,6001.6,5837.0,92625,10958654.944,85998,-2088.0,5891.2,5892.4,5862.2,2024-10-23,202410.zip,20241023_1.csv,IM,2024-11-15,5903.58,-12.38000000000011,0.002097032647986441,23,0.03334893016555168
IM2412,5828.0,5976.0,5811.2,163299,19241868.804,160776,7902.0,5866.2,5868.6,5835.6,2024-10-23,202410.zip,20241023_1.csv,IM,2024-12-20,5903.58,-37.38000000000011,0.006331751242466432,58,0.04010027051524882
IM2503,5765.0,5900.0,5738.4,35686,4153766.728,83871,419.0,5797.0,5798.4,5760.4,2024-10-23,202410.zip,20241023_1.csv,IM,2025-03-21,5903.58,-106.57999999999993,0.01805345231198696,149,0.0450379911849798
IM2506,5664.2,5803.2,5641.2,8634,986751.9,10719,2973.0,5700.6,5696.4,5664.2,2024-10-23,202410.zip,20241023_1.csv,IM,2025-06-20,5903.58,-202.97999999999956,0.03438252721230162,240,0.05415197523067736
IM2411,5860.0,5884.6,5801.0,72339,8454089.144,78340,-7658.0,5859.0,5849.4,5892.4,2024-10-24,202410.zip,20241024_1.csv,IM,2024-11-15,5861.63,-2.630000000000109,0.0004486806570869195,22,0.007447361479621308
IM2412,5840.0,5861.0,5775.6,128380,14936012.176,152667,-8109.0,5832.0,5822.6,5868.6,2024-10-24,202410.zip,20241024_1.csv,IM,2024-12-20,5861.63,-29.63000000000011,0.005054907935164832,57,0.03253360166534339
IM2503,5770.0,5791.2,5707.0,26698,3068908.7,81434,-2437.0,5763.0,5753.0,5798.4,2024-10-24,202410.zip,20241024_1.csv,IM,2025-03-21,5861.63,-98.63000000000011,0.01682637764580841,148,0.04220768790654279
IM2506,5670.4,5694.2,5611.0,6660,752855.94,10005,-714.0,5666.8,5658.2,5696.4,2024-10-24,202410.zip,20241024_1.csv,IM,2025-06-20,5861.63,-194.82999999999993,0.03323819483658985,239,0.05250648052681812
IM2411,5875.0,6027.6,5870.6,84386,10050699.344,84537,6197.0,5996.0,5971.4,5849.4,2024-10-25,202410.zip,20241025_1.csv,IM,2024-11-15,5974.91,21.090000000000146,-0.003529760280908123,21,-0.06113480415515082
IM2412,5855.8,6001.8,5843.4,171776,20376100.084,164952,12285.0,5979.4,5948.0,5822.6,2024-10-25,202410.zip,20241025_1.csv,IM,2024-12-20,5974.91,4.489999999999782,-0.0007514757544464512,56,-0.004894333640738033
IM2503,5780.0,5932.8,5774.4,34115,4000157.344,83455,2021.0,5910.8,5878.0,5753.0,2024-10-25,202410.zip,20241025_1.csv,IM,2025-03-21,5974.91,-64.10999999999967,0.010729868734424386,147,0.026931158874864813
IM2506,5681.2,5835.0,5678.0,8903,1026155.784,12491,2486.0,5812.8,5776.8,5658.2,2024-10-25,202410.zip,20241025_1.csv,IM,2025-06-20,5974.91,-162.10999999999967,0.02713178943281147,238,0.04277010659755219
IM2411,5996.0,6073.0,5953.0,63694,7673772.988,74282,-10255.0,6069.2,6056.6,5971.4,2024-10-28,202410.zip,20241028_1.csv,IM,2024-11-15,6082.09,-12.890000000000327,0.0021193372672880795,18,0.04306672305337847
IM2412,5981.4,6050.8,5931.0,129514,15548231.392,156470,-8482.0,6044.0,6030.6,5948.0,2024-10-28,202410.zip,20241028_1.csv,IM,2024-12-20,6082.09,-38.090000000000146,0.006262649845694468,53,0.043401377321029055
IM2503,5920.0,5978.6,5862.2,24262,2879254.324,80264,-3191.0,5976.6,5960.2,5878.0,2024-10-28,202410.zip,20241028_1.csv,IM,2025-03-21,6082.09,-105.48999999999978,0.017344366821273605,144,0.044739123786470616
IM2506,5835.0,5882.2,5767.8,6934,809803.072,12041,-450.0,5881.2,5864.4,5776.8,2024-10-28,202410.zip,20241028_1.csv,IM,2025-06-20,6082.09,-200.89000000000033,0.03302976443952654,235,0.053053907076425474
IM2411,6089.0,6109.0,5958.8,74729,9012786.316,75764,1482.0,5977.8,5979.6,6056.6,2024-10-29,202410.zip,20241029_1.csv,IM,2024-11-15,5983.84,-6.039999999999964,0.0010093852776812406,17,0.021693993265276316
IM2412,6075.0,6087.4,5931.2,158353,19017523.968,169197,12727.0,5951.0,5953.2,6030.6,2024-10-29,202410.zip,20241029_1.csv,IM,2024-12-20,5983.84,-32.840000000000146,0.005488114655472054,52,0.038734924964130384
IM2503,6000.0,6017.8,5858.0,29462,3495845.224,81809,1545.0,5876.6,5878.6,5960.2,2024-10-29,202410.zip,20241029_1.csv,IM,2025-03-21,5983.84,-107.23999999999978,0.01792160218187644,143,0.04657871482225682
IM2506,5898.0,5920.0,5758.8,8324,971491.12,14041,2000.0,5780.0,5781.4,5864.4,2024-10-29,202410.zip,20241029_1.csv,IM,2025-06-20,5983.84,-203.84000000000015,0.03406508195406299,234,0.05500961168781242
IM2411,5959.8,6039.6,5920.2,65943,7893151.124,69957,-5807.0,6006.0,5981.8,5979.6,2024-10-30,202410.zip,20241030_1.csv,IM,2024-11-15,6019.35,-13.350000000000364,0.0022178474419995986,16,0.050707105394604754
IM2412,5936.0,6009.6,5890.8,152202,18120582.108,160642,-8555.0,5975.0,5948.8,5953.2,2024-10-30,202410.zip,20241030_1.csv,IM,2024-12-20,6019.35,-44.350000000000364,0.007367905172485423,51,0.05312248748871946
IM2503,5859.8,5934.0,5811.0,28455,3344214.82,81049,-760.0,5894.8,5869.0,5878.6,2024-10-30,202410.zip,20241030_1.csv,IM,2025-03-21,6019.35,-124.55000000000018,0.020691602913935903,142,0.054309921754862635
IM2506,5776.0,5836.6,5712.2,8762,1012834.392,15348,1307.0,5800.0,5775.0,5781.4,2024-10-30,202410.zip,20241030_1.csv,IM,2025-06-20,6019.35,-219.35000000000036,0.03644081171555069,233,0.05924430220512064
IM2411,6030.0,6164.4,5980.8,79259,9644247.804,75957,6000.0,6095.4,6118.2,5981.8,2024-10-31,202410.zip,20241031_1.csv,IM,2024-11-15,6116.66,-21.26000000000022,0.00347575310708792,15,0.08487165184674872
IM2412,5988.2,6133.0,5950.0,194052,23493733.792,174387,13745.0,6063.6,6085.2,5948.8,2024-10-31,202410.zip,20241031_1.csv,IM,2024-12-20,6116.66,-53.05999999999949,0.008674668855224832,50,0.06387921366844679
IM2503,5906.2,6048.0,5869.0,34719,4145919.628,81085,36.0,5979.0,6003.0,5869.0,2024-10-31,202410.zip,20241031_1.csv,IM,2025-03-21,6116.66,-137.65999999999985,0.022505746600268717,141,0.059600920004887106
IM2506,5809.6,5947.4,5770.8,10967,1288385.1,17719,2371.0,5880.0,5904.4,5775.0,2024-10-31,202410.zip,20241031_1.csv,IM,2025-06-20,6116.66,-236.65999999999985,0.03869105034446907,232,0.06332167780905475
IM2411,6070.0,6097.4,5903.0,81407,9731890.264,72078,-3879.0,5917.8,5931.0,6118.2,2024-11-01,202411.zip,20241101_1.csv,IM,2024-11-15,5930.23,-12.429999999999382,0.0020960401198603096,14,0.05476154265822518
IM2412,6048.0,6063.8,5874.0,186128,22125844.112,168205,-6182.0,5890.0,5899.0,6085.2,2024-11-01,202411.zip,20241101_1.csv,IM,2024-12-20,5930.23,-40.22999999999956,0.006783885279322943,49,0.050878174699419985
IM2503,5960.0,5980.0,5794.0,34582,4053925.576,81924,839.0,5809.0,5819.0,6003.0,2024-11-01,202411.zip,20241101_1.csv,IM,2025-03-21,5930.23,-121.22999999999956,0.020442714700778852,140,0.054409352482600835
IM2506,5860.0,5879.8,5700.0,12025,1385927.356,19352,1633.0,5713.0,5721.2,5904.4,2024-11-01,202411.zip,20241101_1.csv,IM,2025-06-20,5930.23,-217.22999999999956,0.03663095697805985,231,0.0600809045671637
IM2411,5917.8,6068.8,5910.6,58573,7018387.752,64446,-7632.0,6065.4,6024.4,5931.0,2024-11-04,202411.zip,20241104_1.csv,IM,2024-11-15,6053.11,12.289999999999964,-0.0020303612523149273,11,-0.06723456745714028
IM2412,5881.2,6040.2,5881.2,137701,16412378.476,165746,-2459.0,6035.8,5991.4,5899.0,2024-11-04,202411.zip,20241104_1.csv,IM,2024-12-20,6053.11,-17.30999999999949,0.0028596870038706257,46,0.022756069942099076
IM2503,5810.0,5956.0,5801.2,24919,2928293.336,78184,-3740.0,5956.0,5906.0,5819.0,2024-11-04,202411.zip,20241104_1.csv,IM,2025-03-21,6053.11,-97.10999999999967,0.016042992775614495,137,0.04343917438343429
IM2506,5700.0,5853.4,5700.0,8668,1001173.88,19771,419.0,5852.2,5804.4,5721.2,2024-11-04,202411.zip,20241104_1.csv,IM,2025-06-20,6053.11,-200.90999999999985,0.03319120253886021,228,0.05495920112814067
IM2411,6055.2,6312.8,6042.6,73004,9054221.94,68657,4211.0,6283.4,6273.0,6024.4,2024-11-05,202411.zip,20241105_1.csv,IM,2024-11-15,6266.54,16.859999999999673,-0.0026904799139555458,10,-0.09793901390966464
IM2412,6019.4,6293.4,6011.0,198361,24503564.06,176878,11132.0,6261.4,6251.0,5991.4,2024-11-05,202411.zip,20241105_1.csv,IM,2024-12-20,6266.54,-5.140000000000327,0.0008202293450613185,45,0.006658432796357496
IM2503,5950.0,6209.2,5926.4,37649,4587453.12,83390,5206.0,6173.6,6168.6,5906.0,2024-11-05,202411.zip,20241105_1.csv,IM,2025-03-21,6266.54,-92.9399999999996,0.014831150842410601,136,0.040403420827965865
IM2506,5832.0,6105.4,5823.8,13486,1616884.196,22646,2875.0,6073.0,6067.4,5804.4,2024-11-05,202411.zip,20241105_1.csv,IM,2025-06-20,6266.54,-193.53999999999996,0.030884666817733497,227,0.051242990023727474
IM2411,6282.2,6376.8,6232.4,72949,9199273.784,65176,-3481.0,6293.8,6292.8,6273.0,2024-11-06,202411.zip,20241106_1.csv,IM,2024-11-15,6293.19,0.6100000000005821,-9.693017372747192e-05,9,-0.003930676044504157
IM2412,6267.0,6348.8,6201.0,203102,25501448.86,175401,-1477.0,6268.2,6266.4,6251.0,2024-11-06,202411.zip,20241106_1.csv,IM,2024-12-20,6293.19,-24.98999999999978,0.003970959084343528,44,0.033072239094303145
IM2503,6177.6,6266.0,6112.4,40886,5064877.784,81293,-2097.0,6179.8,6180.4,6168.6,2024-11-06,202411.zip,20241106_1.csv,IM,2025-03-21,6293.19,-113.38999999999942,0.018017889178620017,135,0.04960888102575486
IM2506,6107.0,6162.0,6005.2,13713,1670501.952,23422,776.0,6072.2,6078.4,6067.4,2024-11-06,202411.zip,20241106_1.csv,IM,2025-06-20,6293.19,-220.98999999999978,0.03511573621644981,226,0.05877748234883303
IM2411,6250.0,6415.0,6245.6,61581,7792176.284,60325,-4851.0,6408.0,6385.4,6292.8,2024-11-07,202411.zip,20241107_1.csv,IM,2024-11-15,6403.92,4.079999999999927,-0.0006371097702657647,8,-0.029049625468164156
IM2412,6225.2,6397.8,6222.4,165755,20891090.688,168295,-7106.0,6389.0,6361.4,6266.4,2024-11-07,202411.zip,20241107_1.csv,IM,2024-12-20,6403.92,-14.920000000000073,0.002329822983422658,43,0.019822587514150312
IM2503,6128.0,6310.0,6128.0,34549,4296202.368,81318,25.0,6297.0,6274.6,6180.4,2024-11-07,202411.zip,20241107_1.csv,IM,2025-03-21,6403.92,-106.92000000000007,0.01669602368549261,134,0.046250168879281704
IM2506,6043.2,6205.0,6025.6,13062,1596197.336,25176,1754.0,6194.6,6169.4,6078.4,2024-11-07,202411.zip,20241107_1.csv,IM,2025-06-20,6403.92,-209.3199999999997,0.032686229684318335,225,0.054816058430819686
IM2411,6455.4,6527.0,6379.0,63772,8232433.052,60305,-20.0,6408.6,6413.0,6385.4,2024-11-08,202411.zip,20241108_1.csv,IM,2024-11-15,6423.12,-14.519999999999527,0.002260583641594649,7,0.11814035603942864
IM2412,6440.0,6507.0,6349.2,188440,24228857.468,178466,10171.0,6381.8,6384.2,6361.4,2024-11-08,202411.zip,20241108_1.csv,IM,2024-12-20,6423.12,-41.31999999999971,0.00643301074867042,42,0.05626789874180886
IM2503,6335.0,6417.8,6259.8,41000,5200751.524,82316,998.0,6289.6,6293.2,6274.6,2024-11-08,202411.zip,20241108_1.csv,IM,2025-03-21,6423.12,-133.51999999999953,0.020787405497639688,133,0.058259200532493734
IM2506,6240.2,6315.0,6153.8,13932,1737894.704,26564,1388.0,6184.0,6187.0,6169.4,2024-11-08,202411.zip,20241108_1.csv,IM,2025-06-20,6423.12,-239.1199999999999,0.03722801380014695,224,0.0630073576972834
IM2411,6395.4,6554.8,6371.2,58558,7597412.052,53715,-6590.0,6525.6,6528.6,6413.0,2024-11-11,202411.zip,20241111_1.csv,IM,2024-11-15,6579.01,-53.409999999999854,0.008118242714329371,4,0.746852779821014
IM2412,6359.0,6522.2,6342.4,164466,21223945.676,172711,-5755.0,6490.4,6492.4,6384.2,2024-11-11,202411.zip,20241111_1.csv,IM,2024-12-20,6579.01,-88.61000000000058,0.01346859177900639,39,0.12777312922912723
IM2503,6274.0,6416.0,6250.0,35376,4491942.316,81335,-981.0,6390.0,6388.0,6293.2,2024-11-11,202411.zip,20241111_1.csv,IM,2025-03-21,6579.01,-189.01000000000022,0.028729246497573357,130,0.08304881425303962
IM2506,6170.0,6305.0,6150.0,13171,1644057.272,27867,1303.0,6280.0,6278.8,6187.0,2024-11-11,202411.zip,20241111_1.csv,IM,2025-06-20,6579.01,-299.0100000000002,0.045449087324688664,221,0.07863694988039314
IM2411,6532.0,6587.0,6420.6,58489,7608717.74,49718,-3997.0,6456.0,6447.2,6528.6,2024-11-12,202411.zip,20241112_1.csv,IM,2024-11-15,6491.97,-35.970000000000255,0.005540691038313561,3,0.6778732961586247
IM2412,6500.0,6538.0,6362.8,176924,22834869.732,178522,5811.0,6407.8,6393.0,6492.4,2024-11-12,202411.zip,20241112_1.csv,IM,2024-12-20,6491.97,-84.17000000000007,0.012965247836943194,38,0.12617044851587234
IM2503,6405.0,6432.8,6254.2,38993,4946752.224,83236,1901.0,6302.0,6284.6,6388.0,2024-11-12,202411.zip,20241112_1.csv,IM,2025-03-21,6491.97,-189.97000000000025,0.029262304046383525,129,0.08529229062263963
IM2506,6279.2,6325.0,6144.8,13893,1732576.256,28896,1029.0,6199.0,6177.2,6278.8,2024-11-12,202411.zip,20241112_1.csv,IM,2025-06-20,6491.97,-292.97000000000025,0.04512805820113164,220,0.07841004414201729
IM2411,6440.0,6487.0,6349.8,49080,6297461.972,39077,-10641.0,6445.4,6444.0,6447.2,2024-11-13,202411.zip,20241113_1.csv,IM,2024-11-15,6474.39,-28.99000000000069,0.004477641909122032,2,0.8208450988301769
IM2412,6387.6,6436.2,6303.2,181560,23128919.88,179774,1252.0,6397.4,6403.4,6393.0,2024-11-13,202411.zip,20241113_1.csv,IM,2024-12-20,6474.39,-76.99000000000069,0.011891467767619956,37,0.11871947133928698
IM2503,6277.2,6325.0,6198.0,39628,4964014.108,84298,1062.0,6293.2,6298.4,6284.6,2024-11-13,202411.zip,20241113_1.csv,IM,2025-03-21,6474.39,-181.1900000000005,0.02798564806877568,128,0.0821004591265179
IM2506,6167.8,6218.6,6090.2,14234,1752490.744,30341,1445.0,6188.0,6192.2,6177.2,2024-11-13,202411.zip,20241113_1.csv,IM,2025-06-20,6474.39,-286.3900000000003,0.04423428307531685,219,0.07713585434173664
IM2411,6430.0,6444.0,6270.8,42093,5357072.948,26394,-12683.0,6279.0,6298.2,6444.0,2024-11-14,202411.zip,20241114_1.csv,IM,2024-11-15,6272.19,6.8100000000004,-0.0010857451703472076,1,-0.39586717630198887
IM2412,6381.0,6396.8,6221.0,182534,22993408.976,192409,12635.0,6239.6,6243.2,6403.4,2024-11-14,202411.zip,20241114_1.csv,IM,2024-12-20,6272.19,-32.589999999999236,0.005195952290986017,36,0.05295634157460109
IM2503,6284.2,6293.0,6110.0,44267,5479356.508,87989,3691.0,6136.8,6134.4,6298.4,2024-11-14,202411.zip,20241114_1.csv,IM,2025-03-21,6272.19,-135.38999999999942,0.02158576191091144,127,0.0634064972177655
IM2506,6174.0,6185.8,6002.0,15812,1921885.368,33032,2691.0,6022.0,6024.8,6192.2,2024-11-14,202411.zip,20241114_1.csv,IM,2025-06-20,6272.19,-250.1899999999996,0.03988877887946629,218,0.06956095996636183
IM2411,6272.2,6336.2,6214.2,22695,2848942.028,0,-26394.0,6215.6,6215.43,6298.2,2024-11-15,202411.zip,20241115_1.csv,IM,2024-11-15,6125.51,90.09000000000015,-0.014707346816836608,0,
IM2412,6260.0,6306.2,6095.0,218880,27207023.412,199783,7374.0,6103.0,6140.8,6243.2,2024-11-15,202411.zip,20241115_1.csv,IM,2024-12-20,6125.51,-22.51000000000022,0.0036747960577976357,35,0.038464221343134826
IM2503,6130.0,6201.0,5990.0,53788,6573351.24,94837,6848.0,6002.6,6041.6,6134.4,2024-11-15,202411.zip,20241115_1.csv,IM,2025-03-21,6125.51,-122.90999999999985,0.02006526803482478,126,0.059315764755907274
IM2506,6005.2,6091.0,5888.0,17650,2117740.828,34831,1799.0,5895.8,5932.2,6024.8,2024-11-15,202411.zip,20241115_1.csv,IM,2025-06-20,6125.51,-229.71000000000004,0.03750055097453109,217,0.06553454517259256
IM2412,6141.2,6144.0,5901.4,217824,26186836.932,200461,678.0,5954.2,5938.4,6140.8,2024-11-18,202411.zip,20241118_1.csv,IM,2024-12-20,5974.56,-20.360000000000582,0.0034077823304143884,32,0.0390029307043778
IM2501,6122.0,6122.6,5873.0,6256,747770.464,5669,5669.0,5928.8,5908.6,6140.8,2024-11-18,202411.zip,20241118_1.csv,IM,2025-01-17,5974.56,-45.76000000000022,0.007659141426314298,60,0.046952727926955574
IM2503,6030.4,6040.0,5804.2,56000,6621075.424,94007,-830.0,5855.0,5841.4,6041.6,2024-11-18,202411.zip,20241118_1.csv,IM,2025-03-21,5974.56,-119.5600000000004,0.02001151549235436,123,0.06059639110481621
IM2506,5929.0,5930.2,5700.0,19327,2242483.296,36766,1935.0,5748.8,5733.8,5932.2,2024-11-18,202411.zip,20241118_1.csv,IM,2025-06-20,5974.56,-225.76000000000022,0.037786883050802134,214,0.06698057749882316
IM2412,5979.0,6101.4,5931.0,220087,26446780.976,196641,-3820.0,6093.0,6055.8,5938.4,2024-11-19,202411.zip,20241119_1.csv,IM,2024-12-20,6130.28,-37.279999999999745,0.006081288293519949,31,0.07204036361133505
IM2501,5928.6,6070.2,5904.8,7614,911152.808,5691,22.0,6068.0,6028.0,5908.6,2024-11-19,202411.zip,20241119_1.csv,IM,2025-01-17,6130.28,-62.279999999999745,0.010159405443144531,59,0.06349563701775346
IM2503,5870.0,5999.8,5835.2,53645,6342076.028,95970,1963.0,5995.8,5958.4,5841.4,2024-11-19,202411.zip,20241119_1.csv,IM,2025-03-21,6130.28,-134.47999999999956,0.021937007771259953,122,0.06710325643250799
IM2506,5760.2,5896.8,5730.8,18083,2101076.852,36163,-603.0,5890.0,5853.4,5733.8,2024-11-19,202411.zip,20241119_1.csv,IM,2025-06-20,6130.28,-240.27999999999975,0.03919559954847085,213,0.06990618299497026
IM2412,6080.0,6208.8,6070.6,200989,24706645.568,191596,-5045.0,6190.8,6173.8,6055.8,2024-11-20,202411.zip,20241120_1.csv,IM,2024-12-20,6250.8,-60.0,0.009598771357266278,30,0.11791690896168608
IM2501,6067.2,6178.2,6041.4,6835,835884.564,7339,1648.0,6159.2,6145.2,6028.0,2024-11-20,202411.zip,20241120_1.csv,IM,2025-01-17,6250.8,-91.60000000000036,0.014654124272093227,58,0.09359142029193282
IM2503,5985.0,6106.2,5973.0,49488,5982980.732,93087,-2883.0,6084.8,6068.2,5958.4,2024-11-20,202411.zip,20241120_1.csv,IM,2025-03-21,6250.8,-166.0,0.026556600755103354,121,0.08229420879123264
IM2506,5884.2,5998.4,5870.0,15192,1803661.452,35967,-196.0,5972.6,5959.0,5853.4,2024-11-20,202411.zip,20241120_1.csv,IM,2025-06-20,6250.8,-278.1999999999998,0.044506303193191266,212,0.08019562922250596
IM2412,6180.0,6224.0,6125.0,181881,22497397.864,187022,-4574.0,6187.2,6166.0,6173.8,2024-11-21,202411.zip,20241121_1.csv,IM,2024-12-20,6262.16,-74.96000000000004,0.011970310563767184,29,0.15248611148265995
IM2501,6158.4,6190.8,6093.0,5557,683882.272,6593,-746.0,6155.0,6134.6,6145.2,2024-11-21,202411.zip,20241121_1.csv,IM,2025-01-17,6262.16,-107.15999999999985,0.017112306296868773,57,0.11148659626320036
IM2503,6084.2,6113.8,6018.0,43643,5303476.204,93458,371.0,6079.0,6058.0,6068.2,2024-11-21,202411.zip,20241121_1.csv,IM,2025-03-21,6262.16,-183.15999999999985,0.029248693741456555,120,0.09164528157043342
IM2506,5965.6,5999.0,5904.4,12525,1493621.44,35870,-97.0,5963.2,5944.0,5959.0,2024-11-21,202411.zip,20241121_1.csv,IM,2025-06-20,6262.16,-298.96000000000004,0.04774071566360494,211,0.08672496207386361
IM2412,6173.0,6209.6,5943.0,197788,24135428.86,189155,2133.0,5951.2,6009.0,6166.0,2024-11-22,202411.zip,20241122_1.csv,IM,2024-12-20,6030.49,-79.28999999999996,0.013148185305008386,28,0.17367955802431095
IM2501,6133.2,6178.2,5908.4,8000,970865.748,9274,2681.0,5916.6,5970.8,6134.6,2024-11-22,202411.zip,20241122_1.csv,IM,2025-01-17,6030.49,-113.88999999999942,0.018885695855560547,56,0.12546373761957777
IM2503,6061.0,6098.0,5826.4,53719,6435767.636,94136,678.0,5838.2,5896.4,6058.0,2024-11-22,202411.zip,20241122_1.csv,IM,2025-03-21,6030.49,-192.28999999999996,0.031886297796696494,119,0.10102378452665717
IM2506,5956.2,5983.2,5707.2,17798,2089719.516,38528,2658.0,5707.4,5774.6,5944.0,2024-11-22,202411.zip,20241122_1.csv,IM,2025-06-20,6030.49,-323.09000000000015,0.053576077565836266,210,0.0983917704166855
IM2412,5973.2,5995.8,5882.2,202233,24025656.628,193159,4004.0,5992.8,5937.4,6009.0,2024-11-25,202411.zip,20241125_1.csv,IM,2024-12-20,6052.13,-59.32999999999993,0.009803160209711281,25,0.1445431184087569
IM2501,5966.0,5966.0,5843.2,10078,1189344.164,10039,765.0,5957.8,5896.4,5970.8,2024-11-25,202411.zip,20241125_1.csv,IM,2025-01-17,6052.13,-94.32999999999993,0.015586248147346438,53,0.10903876130039176
IM2503,5856.2,5878.6,5767.8,56838,6621487.828,97763,3627.0,5876.8,5819.2,5896.4,2024-11-25,202411.zip,20241125_1.csv,IM,2025-03-21,6052.13,-175.32999999999993,0.028969965945873644,116,0.09387505339523293
IM2506,5755.0,5757.0,5646.2,17827,2033216.888,37855,-673.0,5752.6,5698.6,5774.6,2024-11-25,202411.zip,20241125_1.csv,IM,2025-06-20,6052.13,-299.52999999999975,0.04949166657028181,207,0.0918118352197309
IM2412,5980.2,6033.4,5887.0,190017,22621656.388,185010,-8149.0,5914.0,5921.0,5937.4,2024-11-26,202411.zip,20241126_1.csv,IM,2024-12-20,5981.57,-67.56999999999971,0.011296365335522252,24,0.17376176586630496
IM2501,5936.8,5996.2,5849.2,9025,1067277.616,10765,726.0,5877.4,5883.2,5896.4,2024-11-26,202411.zip,20241126_1.csv,IM,2025-01-17,5981.57,-104.17000000000007,0.0174151602338517,52,0.12440760697430372
IM2503,5851.0,5917.0,5770.0,51660,6028350.652,93577,-4186.0,5798.4,5803.8,5819.2,2024-11-26,202411.zip,20241126_1.csv,IM,2025-03-21,5981.57,-183.17000000000007,0.03062239512368825,115,0.10026311606200239
IM2506,5739.0,5792.4,5642.8,17948,2048917.256,39647,1792.0,5674.8,5676.4,5698.6,2024-11-26,202411.zip,20241126_1.csv,IM,2025-06-20,5981.57,-306.7699999999995,0.05128586641968569,206,0.09578289744268795
IM2412,5886.2,6095.4,5801.0,244628,28992935.848,197311,12301.0,6086.8,6028.8,5921.0,2024-11-27,202411.zip,20241127_1.csv,IM,2024-12-20,6118.66,-31.859999999999673,0.005207022452628496,23,0.0830657074039026
IM2501,5846.6,6062.6,5765.2,12946,1528736.256,13417,2652.0,6053.6,6001.8,5883.2,2024-11-27,202411.zip,20241127_1.csv,IM,2025-01-17,6118.66,-65.05999999999949,0.010633047105085058,51,0.07691712207547144
IM2503,5771.0,5986.6,5692.0,65851,7666779.74,103246,9669.0,5979.8,5919.6,5803.8,2024-11-27,202411.zip,20241127_1.csv,IM,2025-03-21,6118.66,-138.85999999999967,0.022694511543377094,114,0.07434957925600971
IM2506,5654.0,5869.8,5571.0,22559,2573649.412,40558,911.0,5862.0,5803.6,5676.4,2024-11-27,202411.zip,20241127_1.csv,IM,2025-06-20,6118.66,-256.65999999999985,0.04194709299094901,205,0.07795632889798698
IM2412,6091.0,6126.8,6011.4,186048,22592955.776,176294,-21017.0,6036.8,6052.0,6028.8,2024-11-28,202411.zip,20241128_1.csv,IM,2024-12-20,6086.09,-49.289999999999964,0.008098795778570422,22,0.13546347553188892
IM2501,6058.8,6093.6,5976.2,9797,1182926.348,13239,-178.0,6004.0,6017.0,6001.8,2024-11-28,202411.zip,20241128_1.csv,IM,2025-01-17,6086.09,-82.09000000000015,0.01348813441799257,50,0.0998096269153894
IM2503,5979.8,6018.4,5899.0,52480,6255726.88,96641,-6605.0,5926.0,5940.2,5919.6,2024-11-28,202411.zip,20241128_1.csv,IM,2025-03-21,6086.09,-160.09000000000015,0.026304244597105897,113,0.08726035559511287
IM2506,5857.6,5901.4,5775.0,15654,1827827.552,40122,-436.0,5797.0,5816.2,5803.6,2024-11-28,202411.zip,20241128_1.csv,IM,2025-06-20,6086.09,-289.09000000000015,0.047500119124101015,204,0.08922621403227488
IM2412,6030.0,6225.8,5988.2,235635,28867814.388,189378,13084.0,6156.0,6163.8,6052.0,2024-11-29,202411.zip,20241129_1.csv,IM,2024-12-20,6189.13,-33.13000000000011,0.005352933287877337,21,0.09353979083511184
IM2501,5987.8,6197.0,5954.0,14661,1786625.984,16880,3641.0,6122.4,6126.8,6017.0,2024-11-29,202411.zip,20241129_1.csv,IM,2025-01-17,6189.13,-66.73000000000047,0.010781806166617947,49,0.08118881617719603
IM2503,5941.2,6117.8,5875.0,70296,8460223.412,105999,9358.0,6049.0,6056.0,5940.2,2024-11-29,202411.zip,20241129_1.csv,IM,2025-03-21,6189.13,-140.1300000000001,0.02264130822910493,112,0.07549572833762354
IM2506,5799.6,5996.6,5752.0,21484,2533853.144,42902,2780.0,5925.4,5936.2,5816.2,2024-11-29,202411.zip,20241129_1.csv,IM,2025-06-20,6189.13,-263.7300000000005,0.042611804890186566,203,0.08002739645852933
IM2412,6156.2,6307.0,6150.2,182864,22871477.524,173067,-16311.0,6266.8,6267.0,6163.8,2024-12-02,202412.zip,20241202_1.csv,IM,2024-12-20,6313.61,-46.80999999999949,0.0074141418301097994,18,0.15146530570271377
IM2501,6120.0,6272.0,6117.8,13121,1632200.116,17756,876.0,6232.4,6230.6,6126.8,2024-12-02,202412.zip,20241202_1.csv,IM,2025-01-17,6313.61,-81.21000000000004,0.01286268869949203,46,0.10339254471025247
IM2503,6040.0,6195.8,6040.0,54619,6712889.928,99890,-6109.0,6159.6,6156.8,6056.0,2024-12-02,202412.zip,20241202_1.csv,IM,2025-03-21,6313.61,-154.0099999999993,0.024393334399812394,109,0.08372646919167216
IM2506,5925.0,6071.8,5922.2,16741,2015994.544,41632,-1270.0,6030.8,6030.4,5936.2,2024-12-02,202412.zip,20241202_1.csv,IM,2025-06-20,6313.61,-282.8099999999995,0.044793707561917695,200,0.08558205379054158
IM2412,6272.2,6324.2,6193.2,180768,22595415.568,172505,-562.0,6265.4,6287.8,6267.0,2024-12-03,202412.zip,20241203_1.csv,IM,2024-12-20,6303.28,-37.88000000000011,0.006009569620895827,17,0.12980909157483284
IM2501,6252.0,6288.8,6160.4,14008,1741416.296,20036,2280.0,6232.2,6253.8,6230.6,2024-12-03,202412.zip,20241203_1.csv,IM,2025-01-17,6303.28,-71.07999999999993,0.011276668655049393,45,0.09250951153329115
IM2503,6167.0,6213.6,6083.0,56274,6910963.04,105690,5800.0,6156.0,6178.6,6156.8,2024-12-03,202412.zip,20241203_1.csv,IM,2025-03-21,6303.28,-147.27999999999975,0.023365612823799675,108,0.08085637619425763
IM2506,6036.2,6086.0,5955.2,18187,2186478.024,42633,1001.0,6032.0,6051.8,6030.4,2024-12-03,202412.zip,20241203_1.csv,IM,2025-06-20,6303.28,-271.27999999999975,0.043037910421240944,199,0.0824890366954135
IM2412,6265.2,6270.0,6131.2,176184,21848024.92,166822,-5683.0,6171.8,6159.2,6287.8,2024-12-04,202412.zip,20241204_1.csv,IM,2024-12-20,6204.94,-33.13999999999942,0.005340905794415374,16,0.12249364042904429
IM2501,6228.0,6235.6,6097.0,12939,1596179.744,21252,1216.0,6135.4,6125.8,6253.8,2024-12-04,202412.zip,20241204_1.csv,IM,2025-01-17,6204.94,-69.53999999999996,0.011207199424974279,44,0.09402254279931324
IM2503,6145.0,6160.0,6021.6,55197,6724194.236,104357,-1333.0,6061.8,6050.0,6178.6,2024-12-04,202412.zip,20241204_1.csv,IM,2025-03-21,6204.94,-143.13999999999942,0.023068716216433915,107,0.08055054743000639
IM2506,6044.0,6044.0,5896.6,16218,1935666.272,42055,-578.0,5937.2,5927.4,6051.8,2024-12-04,202412.zip,20241204_1.csv,IM,2025-06-20,6204.94,-267.7399999999998,0.043149490567193194,198,0.08313028213823206
IM2412,6155.8,6281.8,6153.2,169624,21142146.388,161405,-5417.0,6255.6,6243.0,6159.2,2024-12-05,202412.zip,20241205_1.csv,IM,2024-12-20,6285.6,-30.0,0.004772814051164587,15,0.11669544088496749
IM2501,6093.2,6245.0,6093.2,13042,1616308.876,23211,1959.0,6218.8,6206.4,6125.8,2024-12-05,202412.zip,20241205_1.csv,IM,2025-01-17,6285.6,-66.80000000000018,0.010627465953926496,43,0.09117888592878953
IM2503,6046.2,6164.6,6045.0,53276,6520348.692,106161,1804.0,6138.8,6125.4,6050.0,2024-12-05,202412.zip,20241205_1.csv,IM,2025-03-21,6285.6,-146.80000000000018,0.023354970090365357,106,0.0823435469534334
IM2506,5928.2,6037.0,5920.0,15340,1838529.7,43866,1811.0,6010.0,5999.0,5927.4,2024-12-05,202412.zip,20241205_1.csv,IM,2025-06-20,6285.6,-275.60000000000036,0.04384625175003187,197,0.08496330143500269
IM2412,6263.2,6370.2,6175.2,203792,25618287.296,167060,5655.0,6333.6,6334.8,6243.0,2024-12-06,202412.zip,20241206_1.csv,IM,2024-12-20,6349.62,-16.019999999999527,0.0025229856274863183,14,0.0659442158826355
IM2501,6225.0,6333.4,6140.0,16009,2001034.128,25404,2193.0,6293.6,6298.6,6206.4,2024-12-06,202412.zip,20241206_1.csv,IM,2025-01-17,6349.62,-56.01999999999953,0.008822575209225025,42,0.07735484876548843
IM2503,6133.8,6255.0,6060.0,67251,8298462.78,109558,3397.0,6220.0,6220.2,6125.4,2024-12-06,202412.zip,20241206_1.csv,IM,2025-03-21,6349.62,-129.6199999999999,0.020413820039624442,105,0.07244112693308807
IM2506,6020.0,6125.0,5930.0,17921,2163813.888,44949,1083.0,6090.0,6092.8,5999.0,2024-12-06,202412.zip,20241206_1.csv,IM,2025-06-20,6349.62,-259.6199999999999,0.04088748618027538,196,0.07938850909822033
IM2412,6323.8,6354.6,6218.2,147628,18542407.14,150504,-16556.0,6264.0,6261.8,6334.8,2024-12-09,202412.zip,20241209_1.csv,IM,2024-12-20,6303.27,-39.27000000000044,0.006230099614961793,11,0.20802203065134048
IM2501,6281.0,6318.4,6179.4,12697,1584523.18,26091,687.0,6226.8,6224.4,6298.6,2024-12-09,202412.zip,20241209_1.csv,IM,2025-01-17,6303.27,-76.47000000000025,0.012131798257095205,39,0.11493556389008361
IM2503,6214.8,6241.6,6101.6,51989,6408786.912,106930,-2628.0,6147.4,6144.4,6220.2,2024-12-09,202412.zip,20241209_1.csv,IM,2025-03-21,6303.27,-155.8700000000008,0.024728434606164917,102,0.09073268341725227
IM2506,6070.0,6113.4,5970.2,13312,1606397.472,44118,-831.0,6018.4,6014.2,6092.8,2024-12-09,202412.zip,20241209_1.csv,IM,2025-06-20,6303.27,-284.8700000000008,0.04519400247807892,193,0.08951611431334276
IM2412,6500.0,6538.0,6330.2,188885,24272776.124,157277,6773.0,6358.2,6366.2,6261.8,2024-12-10,202412.zip,20241210_1.csv,IM,2024-12-20,6362.02,-3.8200000000006185,0.0006004382255950791,10,0.021929162341544184
IM2501,6550.0,6550.0,6295.4,21646,2765795.108,32450,6359.0,6317.8,6329.6,6224.4,2024-12-10,202412.zip,20241210_1.csv,IM,2025-01-17,6362.02,-44.220000000000255,0.00695062260099788,38,0.06722984849822877
IM2503,6362.0,6396.0,6221.0,74054,9356235.656,114824,7894.0,6246.0,6256.8,6144.4,2024-12-10,202412.zip,20241210_1.csv,IM,2025-03-21,6362.02,-116.02000000000044,0.01823634631767901,101,0.06712779347099028
IM2506,6225.0,6265.0,6095.0,20803,2576332.404,47348,3230.0,6117.0,6129.2,6014.2,2024-12-10,202412.zip,20241210_1.csv,IM,2025-06-20,6362.02,-245.02000000000044,0.038512925140128496,192,0.07614733188927057
IM2412,6356.8,6452.8,6356.6,146971,18860532.764,141428,-15849.0,6430.2,6432.0,6366.2,2024-12-11,202412.zip,20241211_1.csv,IM,2024-12-20,6447.37,-17.170000000000073,0.0026631013886282418,9,0.10829194875569487
IM2501,6319.4,6413.4,6319.4,16206,2068437.46,32932,482.0,6394.4,6395.2,6329.6,2024-12-11,202412.zip,20241211_1.csv,IM,2025-01-17,6447.37,-52.970000000000255,0.00821575309001965,37,0.08171867444825126
IM2503,6260.0,6341.0,6250.0,57058,7196448.664,111143,-3681.0,6317.8,6319.8,6256.8,2024-12-11,202412.zip,20241211_1.csv,IM,2025-03-21,6447.37,-129.5699999999997,0.02009656650696323,100,0.07485683307480459
IM2506,6122.2,6214.0,6120.8,14852,1834884.892,46113,-1235.0,6188.4,6188.8,6129.2,2024-12-11,202412.zip,20241211_1.csv,IM,2025-06-20,6447.37,-258.97000000000025,0.040166765673445126,191,0.0799706408984754
IM2412,6432.2,6498.0,6376.6,144410,18590122.328,134954,-6474.0,6477.8,6479.2,6432.0,2024-12-12,202412.zip,20241212_1.csv,IM,2024-12-20,6490.15,-12.349999999999454,0.001902883600533034,8,0.08698458581617094
IM2501,6408.6,6462.2,6341.2,20166,2580953.324,36923,3991.0,6444.8,6443.8,6395.2,2024-12-12,202412.zip,20241212_1.csv,IM,2025-01-17,6490.15,-45.349999999999454,0.006987511844872563,36,0.07134412411728858
IM2503,6310.0,6380.0,6262.8,59089,7471307.388,115868,4725.0,6364.6,6363.0,6319.8,2024-12-12,202412.zip,20241212_1.csv,IM,2025-03-21,6490.15,-125.54999999999927,0.01934469927505511,99,0.07272827257586677
IM2506,6190.2,6249.6,6130.8,13189,1633835.352,46639,526.0,6230.2,6232.2,6188.8,2024-12-12,202412.zip,20241212_1.csv,IM,2025-06-20,6490.15,-259.9499999999998,0.0400530033974561,190,0.0801543500335379
IM2412,6419.0,6442.8,6327.8,164655,21004754.672,131621,-3333.0,6359.0,6366.4,6479.2,2024-12-13,202412.zip,20241213_1.csv,IM,2024-12-20,6354.99,4.010000000000218,-0.0006310002061371556,7,-0.03288140543212549
IM2501,6405.0,6405.6,6290.0,28819,3656260.8,42823,5900.0,6321.0,6325.8,6443.8,2024-12-13,202412.zip,20241213_1.csv,IM,2025-01-17,6354.99,-33.98999999999978,0.00534855286947733,35,0.05607770018306283
IM2503,6318.0,6325.0,6201.4,71635,8965725.208,117786,1918.0,6236.2,6239.2,6363.0,2024-12-13,202412.zip,20241213_1.csv,IM,2025-03-21,6354.99,-118.78999999999996,0.018692397627691038,98,0.07094579116403314
IM2506,6199.6,6199.6,6066.2,17584,2152125.32,48064,1425.0,6099.0,6099.4,6232.2,2024-12-13,202412.zip,20241213_1.csv,IM,2025-06-20,6354.99,-255.98999999999978,0.040281731363857376,189,0.08105791477655719
IM2412,6361.0,6364.8,6242.4,115176,14485543.616,113214,-18407.0,6263.4,6259.8,6366.4,2024-12-16,202412.zip,20241216_1.csv,IM,2024-12-20,6277.52,-14.1200000000008,0.002249295900291992,4,0.20571095571097014
IM2501,6320.0,6326.4,6205.6,25904,3236594.112,47109,4286.0,6227.0,6220.8,6325.8,2024-12-16,202412.zip,20241216_1.csv,IM,2025-01-17,6277.52,-50.52000000000044,0.008047764085180154,32,0.09253954552754298
IM2503,6235.0,6238.0,6117.4,55828,6880009.552,117595,-191.0,6142.0,6134.4,6239.2,2024-12-16,202412.zip,20241216_1.csv,IM,2025-03-21,6277.52,-135.52000000000044,0.02158814308835344,95,0.08477403211708895
IM2506,6100.6,6105.0,5978.2,15319,1844646.608,47993,-71.0,6000.4,5993.2,6099.4,2024-12-16,202412.zip,20241216_1.csv,IM,2025-06-20,6277.52,-277.1200000000008,0.044144821521875044,186,0.09062908350912836
IM2412,6249.8,6267.2,6138.0,144996,17951492.268,113630,416.0,6143.6,6152.0,6259.8,2024-12-17,202412.zip,20241217_1.csv,IM,2024-12-20,6143.94,-0.339999999999236,5.53390820872135e-05,3,0.00673329426827259
IM2501,6208.8,6227.8,6101.0,41504,5105481.288,60908,13799.0,6105.4,6114.0,6220.8,2024-12-17,202412.zip,20241217_1.csv,IM,2025-01-17,6143.94,-38.539999999999964,0.006272847716611851,31,0.07432394590933152
IM2503,6134.4,6143.4,6021.0,77325,9389650.768,129902,12307.0,6022.0,6033.4,6134.4,2024-12-17,202412.zip,20241217_1.csv,IM,2025-03-21,6143.94,-121.9399999999996,0.019847199028636298,94,0.07862677275521673
IM2506,5996.6,6002.0,5884.8,19712,2338811.492,51826,3833.0,5887.2,5896.0,5993.2,2024-12-17,202412.zip,20241217_1.csv,IM,2025-06-20,6143.94,-256.7399999999998,0.04178751745622511,185,0.08604108592897804
IM2412,6169.8,6243.0,6126.0,116069,14368035.856,81088,-32542.0,6189.8,6194.6,6152.0,2024-12-18,202412.zip,20241218_1.csv,IM,2024-12-20,6195.87,-6.069999999999709,0.0009796848545885473,2,0.17896781802320016
IM2501,6130.2,6202.0,6088.2,50668,6232379.44,73422,12514.0,6151.0,6154.4,6114.0,2024-12-18,202412.zip,20241218_1.csv,IM,2025-01-17,6195.87,-44.86999999999989,0.007241920827906312,30,0.08875277732617855
IM2503,6040.8,6119.8,6006.4,75197,9126285.532,127157,-2745.0,6066.6,6070.8,6033.4,2024-12-18,202412.zip,20241218_1.csv,IM,2025-03-21,6195.87,-129.26999999999953,0.020863898048215868,93,0.0836300398905478
IM2506,5905.8,5978.8,5871.2,18128,2150537.38,51500,-326.0,5931.0,5933.4,5896.0,2024-12-18,202412.zip,20241218_1.csv,IM,2025-06-20,6195.87,-264.8699999999999,0.04274944438795514,184,0.08858901827538418
IM2412,6131.8,6231.6,6096.0,96333,11865979.456,52443,-28645.0,6218.0,6207.2,6194.6,2024-12-19,202412.zip,20241219_1.csv,IM,2024-12-20,6207.19,10.8100000000004,-0.0017415287755007114,1,-0.634552910903865
IM2501,6101.0,6192.4,6052.2,81267,9953147.98,100436,27014.0,6180.6,6168.6,6154.4,2024-12-19,202412.zip,20241219_1.csv,IM,2025-01-17,6207.19,-26.589999999999236,0.004283741918645889,29,0.0541480182149474
IM2503,6010.0,6110.0,5968.0,92263,11141596.3,141988,14831.0,6096.8,6086.6,6070.8,2024-12-19,202412.zip,20241219_1.csv,IM,2025-03-21,6207.19,-110.38999999999942,0.017784214757402217,92,0.07183445841867095
IM2506,5888.6,5974.0,5832.8,19310,2279931.604,54035,2535.0,5963.0,5950.0,5933.4,2024-12-19,202412.zip,20241219_1.csv,IM,2025-06-20,6207.19,-244.1899999999996,0.039339862320953545,183,0.08167795210721127
IM2412,6217.8,6313.0,6196.0,44472,5565188.744,0,-52443.0,6278.4,6278.63,6207.2,2024-12-20,202412.zip,20241220_1.csv,IM,2024-12-20,6271.75,6.649999999999636,-0.0010603101207795618,0,
IM2501,6164.0,6275.0,6155.2,89334,11117910.092,109891,9455.0,6226.2,6223.4,6168.6,2024-12-20,202412.zip,20241220_1.csv,IM,2025-01-17,6271.75,-45.55000000000018,0.007262725714513474,28,0.09536744494463409
IM2503,6076.0,6192.0,6070.0,98404,12086573.94,142566,578.0,6141.2,6141.8,6086.6,2024-12-20,202412.zip,20241220_1.csv,IM,2025-03-21,6271.75,-130.55000000000018,0.020815561844780173,91,0.08526584631417569
IM2506,5952.0,6056.8,5938.2,19259,2313373.12,54394,359.0,6005.8,6001.2,5950.0,2024-12-20,202412.zip,20241220_1.csv,IM,2025-06-20,6271.75,-265.9499999999998,0.042404432574640216,182,0.08880769651607813
IM2501,6220.2,6226.0,6056.4,100541,12318985.72,115487,5596.0,6063.0,6072.0,6223.4,2024-12-23,202412.zip,20241223_1.csv,IM,2025-01-17,6096.38,-33.38000000000011,0.005475380471689828,25,0.08038066963549406
IM2502,6181.0,6188.0,6017.8,4400,534729.376,4231,4231.0,6027.4,6033.4,6223.4,2024-12-23,202412.zip,20241223_1.csv,IM,2025-02-21,6096.38,-68.98000000000047,0.01131491147205399,60,0.06962012365752025
IM2503,6142.0,6144.0,5982.8,110939,13422395.56,154200,11634.0,5987.0,5998.8,6141.8,2024-12-23,202412.zip,20241223_1.csv,IM,2025-03-21,6096.38,-109.38000000000011,0.017941794966849223,88,0.07577725222831287
IM2506,6008.8,6008.8,5853.0,20033,2369105.56,55639,1245.0,5853.2,5868.2,6001.2,2024-12-23,202412.zip,20241223_1.csv,IM,2025-06-20,6096.38,-243.1800000000003,0.039889245749116786,179,0.0847177325911015
IM2501,6088.0,6137.6,6045.6,95778,11682207.636,110405,-5082.0,6130.2,6112.2,6072.0,2024-12-24,202412.zip,20241224_1.csv,IM,2025-01-17,6164.36,-34.159999999999854,0.005541532292078988,24,0.08474709906147575
IM2502,6049.6,6098.0,6007.8,5152,624751.876,4419,188.0,6091.2,6077.0,6033.4,2024-12-24,202412.zip,20241224_1.csv,IM,2025-02-21,6164.36,-73.15999999999985,0.011868223140763967,59,0.07430391384292033
IM2503,6010.0,6058.2,5966.4,122818,14789058.652,152273,-1927.0,6053.4,6032.4,5998.8,2024-12-24,202412.zip,20241224_1.csv,IM,2025-03-21,6164.36,-110.96000000000004,0.018000246578720236,87,0.0769025405690121
IM2506,5878.0,5925.0,5834.2,19536,2300152.188,55509,-130.0,5919.2,5899.0,5868.2,2024-12-24,202412.zip,20241224_1.csv,IM,2025-06-20,6164.36,-245.15999999999985,0.03977055201188762,178,0.08492967467513812
IM2501,6113.2,6116.4,6013.4,100031,12117758.328,115337,4932.0,6080.0,6064.4,6112.2,2024-12-25,202412.zip,20241225_1.csv,IM,2025-01-17,6094.69,-14.6899999999996,0.0024102948632332977,23,0.038342748855833046
IM2502,6086.0,6086.0,5978.0,5527,665470.684,5411,992.0,6041.2,6031.8,6077.0,2024-12-25,202412.zip,20241225_1.csv,IM,2025-02-21,6094.69,-53.48999999999978,0.008776492323645635,58,0.05572040380193879
IM2503,6034.0,6045.0,5944.2,122978,14716801.064,155470,3197.0,6001.8,5988.0,6032.4,2024-12-25,202412.zip,20241225_1.csv,IM,2025-03-21,6094.69,-92.88999999999942,0.015241136136538436,86,0.06568736743318043
IM2506,5909.0,5909.0,5813.2,18663,2184276.5,55807,298.0,5871.4,5858.4,5899.0,2024-12-25,202412.zip,20241225_1.csv,IM,2025-06-20,6094.69,-223.28999999999996,0.036636810075656,177,0.07842367742974715
IM2501,6075.0,6163.0,6075.0,68659,8422357.568,105675,-9662.0,6131.0,6136.8,6064.4,2024-12-26,202412.zip,20241226_1.csv,IM,2025-01-17,6160.45,-29.449999999999818,0.0047804949313767775,22,0.0796937322993433
IM2502,6025.2,6122.2,6025.2,4083,497524.44,5363,-48.0,6094.4,6096.6,6031.8,2024-12-26,202412.zip,20241226_1.csv,IM,2025-02-21,6160.45,-66.05000000000018,0.010721619362221935,57,0.06940006471284565
IM2503,6000.0,6083.6,5996.0,94903,11495468.148,146619,-8851.0,6052.8,6059.4,5988.0,2024-12-26,202412.zip,20241226_1.csv,IM,2025-03-21,6160.45,-107.64999999999964,0.017474372813674255,85,0.07637155774284357
IM2506,5871.0,5949.8,5869.6,13685,1621377.464,54670,-1137.0,5923.2,5927.6,5858.4,2024-12-26,202412.zip,20241226_1.csv,IM,2025-06-20,6160.45,-237.25,0.03851179702781449,176,0.08306728588048228
IM2501,6136.6,6237.0,6100.2,85923,10619696.548,110259,4584.0,6143.6,6153.2,6136.8,2024-12-27,202412.zip,20241227_1.csv,IM,2025-01-17,6171.57,-27.969999999999345,0.004532072065940973,21,0.07913035322860008
IM2502,6103.6,6199.0,6061.0,6157,756304.536,7644,2281.0,6108.0,6114.4,6096.6,2024-12-27,202412.zip,20241227_1.csv,IM,2025-02-21,6171.57,-63.56999999999971,0.010300458392272893,56,0.06783565464496154
IM2503,6059.0,6155.0,6018.0,116992,14271056.888,155250,8631.0,6067.4,6076.2,6059.4,2024-12-27,202412.zip,20241227_1.csv,IM,2025-03-21,6171.57,-104.17000000000007,0.016879011337471717,84,0.07460254019529822
IM2506,5924.8,6021.8,5891.2,17176,2049781.748,55813,1143.0,5936.2,5945.4,5927.6,2024-12-27,202412.zip,20241227_1.csv,IM,2025-06-20,6171.57,-235.3699999999999,0.038137783416537396,175,0.08269845548138068
IM2501,6135.2,6179.8,6083.0,81610,10009607.948,104973,-5286.0,6133.6,6130.0,6153.2,2024-12-30,202412.zip,20241230_1.csv,IM,2025-01-17,6145.93,-12.329999999999927,0.0020062057328996685,18,0.0407631733402885
IM2502,6087.0,6139.8,6048.0,4990,608114.6,7862,218.0,6095.8,6092.6,6114.4,2024-12-30,202412.zip,20241230_1.csv,IM,2025-02-21,6145.93,-50.13000000000011,0.008156617468796479,53,0.05663488068184298
IM2503,6061.0,6100.0,6008.0,111379,13486727.184,153147,-2103.0,6057.8,6052.4,6076.2,2024-12-30,202412.zip,20241230_1.csv,IM,2025-03-21,6145.93,-88.13000000000011,0.014339571065729695,81,0.06555663976124645
IM2506,5930.0,5970.2,5878.0,15548,1841924.464,55424,-389.0,5926.6,5921.8,5945.4,2024-12-30,202412.zip,20241230_1.csv,IM,2025-06-20,6145.93,-219.32999999999993,0.03568703190566769,172,0.07853384112150255
IM2501,6151.0,6157.8,5924.4,95469,11508278.264,111907,6934.0,5926.4,5955.8,6130.0,2024-12-31,202412.zip,20241231_1.csv,IM,2025-01-17,5957.72,-31.32000000000062,0.005257044641238662,17,0.11346834900267164
IM2502,6095.8,6120.0,5884.2,7324,877594.784,10583,2721.0,5886.4,5917.6,6092.6,2024-12-31,202412.zip,20241231_1.csv,IM,2025-02-21,5957.72,-71.32000000000062,0.011971022471683912,52,0.0850454502686774
IM2503,6070.0,6081.6,5847.0,137741,16395104.792,164962,11815.0,5848.6,5881.4,6052.4,2024-12-31,202412.zip,20241231_1.csv,IM,2025-03-21,5957.72,-109.11999999999989,0.018315731521454492,80,0.08512464521423968
IM2506,5935.0,5950.0,5722.0,23797,2766992.656,60799,5375.0,5722.8,5756.4,5921.8,2024-12-31,202412.zip,20241231_1.csv,IM,2025-06-20,5957.72,-234.92000000000007,0.039431191798204646,171,0.08762099442590791
IM2501,5926.6,5964.8,5717.4,102541,12026367.604,114805,2898.0,5778.0,5774.2,5955.8,2025-01-02,202501.zip,20250102_1.csv,IM,2025-01-17,5797.09,-19.090000000000146,0.003293031503737276,15,0.08039517710857307
IM2502,5886.0,5925.0,5679.6,7573,883393.08,10602,19.0,5740.8,5735.2,5917.6,2025-01-02,202501.zip,20250102_1.csv,IM,2025-02-21,5797.09,-56.289999999999964,0.00971004417733723,50,0.07157835144927453
IM2503,5850.2,5887.8,5638.0,166462,19264464.768,168141,3179.0,5699.4,5699.0,5881.4,2025-01-02,202501.zip,20250102_1.csv,IM,2025-03-21,5797.09,-97.69000000000051,0.016851558281827717,78,0.08020828553253023
IM2506,5726.8,5759.4,5513.2,25908,2929244.948,62180,1381.0,5570.2,5570.8,5756.4,2025-01-02,202501.zip,20250102_1.csv,IM,2025-06-20,5797.09,-226.89000000000033,0.039138602298739555,169,0.0879732681456417
IM2501,5802.0,5806.0,5601.4,114034,13016594.18,118244,3439.0,5625.0,5638.4,5774.2,2025-01-03,202501.zip,20250103_1.csv,IM,2025-01-17,5625.21,-0.21000000000003638,3.733193960764325e-05,14,0.0009733333333362364
IM2502,5754.2,5766.8,5563.8,8226,933310.688,12448,1846.0,5590.0,5603.4,5735.2,2025-01-03,202501.zip,20250103_1.csv,IM,2025-02-21,5625.21,-35.210000000000036,0.006259321874205637,49,0.046919243547150775
IM2503,5721.0,5727.0,5529.0,176952,19930997.196,172211,4070.0,5553.4,5566.8,5699.0,2025-01-03,202501.zip,20250103_1.csv,IM,2025-03-21,5625.21,-71.8100000000004,0.012765745634385262,77,0.0612954319782573
IM2506,5585.0,5600.0,5405.0,26723,2941545.956,63123,943.0,5433.2,5442.4,5570.8,2025-01-03,202501.zip,20250103_1.csv,IM,2025-06-20,5625.21,-192.01000000000022,0.03413383678120463,168,0.07678064185624207
IM2501,5620.0,5679.8,5558.0,96653,10857746.336,112286,-5958.0,5597.2,5592.4,5638.4,2025-01-06,202501.zip,20250106_1.csv,IM,2025-01-17,5608.03,-10.829999999999927,0.001931159426750595,11,0.06420336791772553
IM2502,5611.0,5642.0,5520.0,8400,937013.656,12677,229.0,5562.8,5556.0,5603.4,2025-01-06,202501.zip,20250106_1.csv,IM,2025-02-21,5608.03,-45.22999999999956,0.008065220763797565,46,0.06451611012283329
IM2503,5550.8,5606.8,5490.8,151560,16803611.564,168619,-3592.0,5527.2,5522.4,5566.8,2025-01-06,202501.zip,20250106_1.csv,IM,2025-03-21,5608.03,-80.82999999999993,0.014413260984695198,74,0.07213209464349303
IM2506,5414.2,5482.0,5368.4,22457,2434946.348,62736,-387.0,5404.6,5398.6,5442.4,2025-01-06,202501.zip,20250106_1.csv,IM,2025-06-20,5608.03,-203.42999999999938,0.036274770284752345,165,0.08326459278796147
IM2501,5610.2,5682.8,5568.8,85029,9571787.98,106911,-5375.0,5672.8,5659.6,5592.4,2025-01-07,202501.zip,20250107_1.csv,IM,2025-01-17,5692.04,-19.23999999999978,0.0033801589588267067,10,0.1237942462276096
IM2502,5562.8,5646.0,5531.2,8021,897040.112,14421,1744.0,5635.0,5625.8,5556.0,2025-01-07,202501.zip,20250107_1.csv,IM,2025-02-21,5692.04,-57.039999999999964,0.010021011798933221,45,0.0821043083900233
IM2503,5536.0,5608.6,5496.2,140353,15589589.348,166007,-2612.0,5599.0,5585.4,5522.4,2025-01-07,202501.zip,20250107_1.csv,IM,2025-03-21,5692.04,-93.03999999999996,0.016345633551415606,73,0.08308626540453612
IM2506,5401.2,5484.2,5373.6,19503,2118409.28,62158,-578.0,5474.6,5463.0,5398.6,2025-01-07,202501.zip,20250107_1.csv,IM,2025-06-20,5692.04,-217.4399999999996,0.0382007153849937,164,0.0883967021089857
IM2501,5660.0,5698.0,5476.2,116777,13066492.512,113407,6496.0,5639.6,5659.4,5659.6,2025-01-08,202501.zip,20250108_1.csv,IM,2025-01-17,5661.78,-22.17999999999938,0.003917495911179736,9,0.15950106784562484
IM2502,5600.0,5659.8,5437.6,12182,1352986.216,17609,3188.0,5602.8,5623.4,5625.8,2025-01-08,202501.zip,20250108_1.csv,IM,2025-02-21,5661.78,-58.97999999999956,0.01041721861322753,44,0.08732524971280495
IM2503,5570.0,5622.0,5402.6,200605,22153010.968,180375,14368.0,5565.4,5586.2,5585.4,2025-01-08,202501.zip,20250108_1.csv,IM,2025-03-21,5661.78,-96.38000000000011,0.017022915054982768,72,0.0877911840219128
IM2506,5451.0,5498.6,5282.4,30892,3335958.432,68211,6053.0,5442.0,5464.8,5463.0,2025-01-08,202501.zip,20250108_1.csv,IM,2025-06-20,5661.78,-219.77999999999975,0.03881818085478417,163,0.09043465615086452
IM2501,5625.8,5696.2,5617.2,70728,8009165.42,96726,-16681.0,5640.2,5652.2,5659.4,2025-01-09,202501.zip,20250109_1.csv,IM,2025-01-17,5672.78,-32.57999999999993,0.005743215848314165,8,0.2635478351831517
IM2502,5597.2,5655.0,5581.4,10325,1161286.444,19218,1609.0,5602.0,5612.8,5623.4,2025-01-09,202501.zip,20250109_1.csv,IM,2025-02-21,5672.78,-70.77999999999975,0.01247712761644193,43,0.10724865704108955
IM2503,5540.2,5615.0,5539.2,127718,14260638.108,167449,-12926.0,5561.2,5572.6,5586.2,2025-01-09,202501.zip,20250109_1.csv,IM,2025-03-21,5672.78,-111.57999999999993,0.019669368457793213,71,0.10314599240411161
IM2506,5415.0,5492.6,5415.0,20270,2213921.78,65970,-2241.0,5438.4,5448.8,5464.8,2025-01-09,202501.zip,20250109_1.csv,IM,2025-06-20,5672.78,-234.3800000000001,0.04131660314695795,162,0.09710179373744647
IM2501,5632.0,5711.0,5528.0,80703,9072711.784,95843,-883.0,5530.4,5561.4,5652.2,2025-01-10,202501.zip,20250110_1.csv,IM,2025-01-17,5544.92,-14.520000000000437,0.0026186130728668155,7,0.1369004566965001
IM2502,5592.0,5672.6,5490.8,11404,1272620.896,21123,1905.0,5491.4,5524.8,5612.8,2025-01-10,202501.zip,20250110_1.csv,IM,2025-02-21,5544.92,-53.52000000000044,0.0096520779380046,42,0.08469867168923953
IM2503,5559.0,5630.0,5452.0,166760,18479784.152,178339,10890.0,5456.0,5485.6,5572.6,2025-01-10,202501.zip,20250110_1.csv,IM,2025-03-21,5544.92,-88.92000000000007,0.016036299892514205,70,0.08498062421449547
IM2506,5430.0,5506.0,5332.6,23907,2589795.036,68179,2209.0,5333.2,5362.0,5448.8,2025-01-10,202501.zip,20250110_1.csv,IM,2025-06-20,5544.92,-211.72000000000025,0.03818269695505083,161,0.08999968788039588
IM2501,5480.4,5601.2,5456.0,85697,9482430.816,88351,-7492.0,5557.6,5547.0,5561.4,2025-01-13,202501.zip,20250113_1.csv,IM,2025-01-17,5559.47,-1.8699999999998909,0.0003363629986311567,4,0.030703451129990567
IM2502,5462.4,5563.0,5418.8,16727,1837895.552,26619,5496.0,5516.0,5503.8,5524.8,2025-01-13,202501.zip,20250113_1.csv,IM,2025-02-21,5559.47,-43.470000000000255,0.00781909066871489,39,0.07375536899648684
IM2503,5429.6,5525.0,5381.0,159240,17376600.632,175491,-2848.0,5480.8,5470.2,5485.6,2025-01-13,202501.zip,20250113_1.csv,IM,2025-03-21,5559.47,-78.67000000000007,0.014150629466477938,67,0.07819576943773313
IM2506,5301.4,5399.0,5261.0,24808,2645576.608,67984,-195.0,5362.8,5350.2,5362.0,2025-01-13,202501.zip,20250113_1.csv,IM,2025-06-20,5559.47,-196.67000000000007,0.035375674299888304,158,0.08471928748726558
IM2501,5580.0,5827.2,5552.6,93319,10666406.228,76862,-11489.0,5819.0,5802.6,5547.0,2025-01-14,202501.zip,20250114_1.csv,IM,2025-01-17,5811.05,7.949999999999818,-0.0013680832207603189,3,-0.16622271868017993
IM2502,5559.2,5788.0,5512.0,28155,3199664.78,38096,11477.0,5784.0,5765.2,5503.8,2025-01-14,202501.zip,20250114_1.csv,IM,2025-02-21,5811.05,-27.050000000000182,0.00465492466937989,38,0.0449208797408468
IM2503,5511.0,5752.0,5477.0,211844,23910012.34,187451,11960.0,5747.6,5729.6,5470.2,2025-01-14,202501.zip,20250114_1.csv,IM,2025-03-21,5811.05,-63.44999999999982,0.01091885287512584,66,0.06105117392872239
IM2506,5380.0,5631.2,5355.0,32318,3568985.84,70812,2828.0,5624.6,5605.2,5350.2,2025-01-14,202501.zip,20250114_1.csv,IM,2025-06-20,5811.05,-186.44999999999982,0.03208542346047616,157,0.07706620213162757
IM2501,5808.2,5818.0,5747.6,61620,7119678.244,53499,-23363.0,5775.4,5776.6,5802.6,2025-01-15,202501.zip,20250115_1.csv,IM,2025-01-17,5775.57,-0.17000000000007276,2.94343242311923e-05,2,0.005371922291115827
IM2502,5770.8,5779.4,5710.0,27800,3190641.652,46075,7979.0,5737.0,5738.8,5765.2,2025-01-15,202501.zip,20250115_1.csv,IM,2025-02-21,5775.57,-38.56999999999971,0.006678128738808464,37,0.06632174269440999
IM2503,5733.0,5745.0,5673.6,139200,15874691.996,176033,-11418.0,5702.4,5701.8,5729.6,2025-01-15,202501.zip,20250115_1.csv,IM,2025-03-21,5775.57,-73.17000000000007,0.012668879435276503,65,0.07205346736596792
IM2506,5610.4,5620.0,5548.8,20444,2280569.192,68441,-2371.0,5578.0,5578.6,5605.2,2025-01-15,202501.zip,20250115_1.csv,IM,2025-06-20,5775.57,-197.5699999999997,0.034207879049167444,156,0.08287256024124079
IM2501,5790.2,5919.8,5751.2,55810,6505658.456,34348,-19151.0,5797.0,5796.0,5776.6,2025-01-16,202501.zip,20250116_1.csv,IM,2025-01-17,5801.31,-4.3100000000004,0.0007429356472935522,1,0.27137312402966685
IM2502,5774.0,5886.4,5713.2,47476,5493214.476,64943,18868.0,5753.0,5757.0,5738.8,2025-01-16,202501.zip,20250116_1.csv,IM,2025-02-21,5801.31,-48.3100000000004,0.008327429494372929,36,0.08513987871062584
IM2503,5733.8,5852.6,5677.0,193605,22280579.2,194476,18443.0,5720.4,5721.8,5701.8,2025-01-16,202501.zip,20250116_1.csv,IM,2025-03-21,5801.31,-80.91000000000076,0.013946849935618122,64,0.08066566039962254
IM2506,5610.0,5728.0,5556.0,28749,3239733.592,73357,4916.0,5595.8,5598.4,5578.6,2025-01-16,202501.zip,20250116_1.csv,IM,2025-06-20,5801.31,-205.51000000000022,0.03542475751166552,155,0.08648323800454047
IM2501,5780.0,5877.0,5761.2,28776,3344588.444,0,-34348.0,5851.8,5852.0,5796.0,2025-01-17,202501.zip,20250117_1.csv,IM,2025-01-17,5841.57,10.230000000000473,-0.0017512415326701447,0,
IM2502,5731.0,5866.0,5721.0,61379,7108872.916,79769,14826.0,5811.8,5820.0,5757.0,2025-01-17,202501.zip,20250117_1.csv,IM,2025-02-21,5841.57,-29.769999999999527,0.005096232690869007,35,0.05341866055758482
IM2503,5703.0,5832.0,5686.0,196360,22601054.112,188890,-5586.0,5778.0,5788.8,5721.8,2025-01-17,202501.zip,20250117_1.csv,IM,2025-03-21,5841.57,-63.56999999999971,0.010882348409759657,63,0.06374219123440229
IM2506,5580.0,5707.2,5561.6,28611,3224900.076,72176,-1181.0,5655.4,5665.4,5598.4,2025-01-17,202501.zip,20250117_1.csv,IM,2025-06-20,5841.57,-186.17000000000007,0.0318698569049074,154,0.07802225800510647
IM2502,5860.0,5912.2,5830.0,47327,5557259.624,75643,-4126.0,5848.6,5850.0,5820.0,2025-01-20,202501.zip,20250120_1.csv,IM,2025-02-21,5879.15,-30.549999999999272,0.005196329401358946,32,0.0595802307389786
IM2503,5820.0,5885.0,5797.4,156432,18274038.564,185989,-2901.0,5816.4,5818.8,5788.8,2025-01-20,202501.zip,20250120_1.csv,IM,2025-03-21,5879.15,-62.75,0.010673311618176085,60,0.06562979964697535
IM2506,5695.0,5758.0,5676.0,25997,2972853.5,71437,-739.0,5695.6,5694.8,5665.4,2025-01-20,202501.zip,20250120_1.csv,IM,2025-06-20,5879.15,-183.54999999999927,0.03122049956201134,151,0.07789881023529703
IM2509,5587.0,5646.8,5559.4,6925,775832.396,6705,6705.0,5579.8,5578.8,5665.4,2025-01-20,202501.zip,20250120_1.csv,IM,2025-09-19,5879.15,-299.34999999999945,0.05091722442870139,242,0.08091669359872185
IM2502,5875.4,5900.2,5801.0,49826,5826880.144,77039,1396.0,5881.6,5865.0,5850.0,2025-01-21,202501.zip,20250121_1.csv,IM,2025-02-21,5908.02,-26.420000000000073,0.004471887366664262,31,0.05288938274421709
IM2503,5855.0,5872.8,5766.0,159114,18501574.476,186188,199.0,5845.6,5829.6,5818.8,2025-01-21,202501.zip,20250121_1.csv,IM,2025-03-21,5908.02,-62.42000000000007,0.010565299372717107,59,0.06605953659481431
IM2506,5720.2,5746.4,5646.0,23961,2727672.64,70266,-1171.0,5721.0,5707.6,5694.8,2025-01-21,202501.zip,20250121_1.csv,IM,2025-06-20,5908.02,-187.02000000000044,0.0316552753714443,150,0.0795458835867857
IM2509,5640.4,5640.4,5535.0,6165,687936.348,7642,937.0,5610.8,5594.8,5578.8,2025-01-21,202501.zip,20250121_1.csv,IM,2025-09-19,5908.02,-297.22000000000025,0.050307886567750315,241,0.08022857222304228
IM2502,5853.8,5863.8,5787.6,47494,5535315.116,73841,-3198.0,5843.0,5830.4,5865.0,2025-01-22,202501.zip,20250122_1.csv,IM,2025-02-21,5855.74,-12.739999999999782,0.0021756430442607666,30,0.026528039249244333
IM2503,5817.0,5829.0,5751.0,144804,16771873.148,182051,-4137.0,5806.6,5794.8,5829.6,2025-01-22,202501.zip,20250122_1.csv,IM,2025-03-21,5855.74,-49.13999999999942,0.008391766027863179,58,0.05325717346610313
IM2506,5692.0,5705.0,5630.0,21567,2445552.436,70417,151.0,5685.0,5673.6,5707.6,2025-01-22,202501.zip,20250122_1.csv,IM,2025-06-20,5855.74,-170.73999999999978,0.029157715335721868,149,0.07357180381670832
IM2509,5600.8,5600.8,5518.8,4690,521251.052,8815,1173.0,5577.8,5562.8,5594.8,2025-01-22,202501.zip,20250122_1.csv,IM,2025-09-19,5855.74,-277.9399999999996,0.0474645390676498,240,0.07578264130421779
IM2502,5888.0,5989.0,5807.2,69097,8151559.944,87233,13392.0,5809.0,5822.2,5830.4,2025-01-23,202501.zip,20250123_1.csv,IM,2025-02-21,5829.03,-20.029999999999745,0.0034362492558795976,29,0.043398472049909514
IM2503,5859.0,5961.8,5775.0,206009,24168763.224,196866,14815.0,5776.2,5789.2,5794.8,2025-01-23,202501.zip,20250123_1.csv,IM,2025-03-21,5829.03,-52.82999999999993,0.009063257523121315,57,0.05856746103338793
IM2506,5736.0,5838.0,5657.0,30877,3548250.824,73530,3113.0,5657.0,5671.2,5673.6,2025-01-23,202501.zip,20250123_1.csv,IM,2025-06-20,5829.03,-172.02999999999975,0.029512629030902238,148,0.07499790978887651
IM2509,5641.2,5731.0,5540.8,8613,969042.508,11991,3176.0,5540.8,5556.8,5562.8,2025-01-23,202501.zip,20250123_1.csv,IM,2025-09-19,5829.03,-288.22999999999956,0.049447335148386506,239,0.07944410395852393
IM2502,5810.0,5951.0,5810.0,61102,7199063.064,77008,-10225.0,5945.0,5933.6,5822.2,2025-01-24,202501.zip,20250124_1.csv,IM,2025-02-21,5938.13,6.869999999999891,-0.0011569298752300838,28,-0.015063979334374688
IM2503,5776.8,5926.4,5776.8,181477,21273671.792,182907,-13959.0,5920.0,5906.2,5789.2,2025-01-24,202501.zip,20250124_1.csv,IM,2025-03-21,5938.13,-18.13000000000011,0.0030531497289550957,56,0.019960937499999793
IM2506,5661.0,5802.0,5655.0,28961,3325467.792,71068,-2462.0,5795.4,5783.2,5671.2,2025-01-24,202501.zip,20250124_1.csv,IM,2025-06-20,5938.13,-142.73000000000047,0.024036186476213972,147,0.061151537261900944
IM2509,5535.0,5688.0,5535.0,8112,913843.364,12661,670.0,5681.0,5668.6,5556.8,2025-01-24,202501.zip,20250124_1.csv,IM,2025-09-19,5938.13,-257.1300000000001,0.04330151074496513,238,0.06941348797924383
IM2502,5950.0,5979.8,5819.2,50825,5982353.752,78834,1826.0,5825.8,5854.0,5933.6,2025-01-27,202501.zip,20250127_1.csv,IM,2025-02-21,5846.07,-20.269999999999527,0.003467286570294159,25,0.05079851694187805
IM2503,5948.4,5954.0,5786.0,150049,17571408.656,178993,-3914.0,5790.6,5826.2,5906.2,2025-01-27,202501.zip,20250127_1.csv,IM,2025-03-21,5846.07,-55.469999999999345,0.009488425557682256,53,0.06597077631998147
IM2506,5824.8,5830.0,5669.8,23551,2703644.752,70298,-770.0,5676.2,5706.6,5783.2,2025-01-27,202501.zip,20250127_1.csv,IM,2025-06-20,5846.07,-169.8699999999999,0.029057127266693628,144,0.07585590075911491
IM2509,5695.4,5717.0,5555.0,6916,777124.912,13345,684.0,5563.2,5591.4,5668.6,2025-01-27,202501.zip,20250127_1.csv,IM,2025-09-19,5846.07,-282.8699999999999,0.04838635185688844,235,0.0789745607915847
IM2502,5899.0,5932.8,5830.0,52004,6116900.284,76887,-1947.0,5866.0,5856.6,5854.0,2025-02-05,202502.zip,20250205_1.csv,IM,2025-02-21,5881.44,-15.4399999999996,0.0026252074321934105,16,0.06004517558813101
IM2503,5861.0,5904.0,5796.0,148296,17356813.716,180250,1257.0,5832.2,5825.4,5826.2,2025-02-05,202502.zip,20250205_1.csv,IM,2025-03-21,5881.44,-49.23999999999978,0.008372099349819084,44,0.07003672401806903
IM2506,5755.0,5780.0,5677.8,22914,2626452.384,71441,1143.0,5712.0,5703.0,5706.6,2025-02-05,202502.zip,20250205_1.csv,IM,2025-06-20,5881.44,-169.4399999999996,0.028809271198889985,135,0.08020230314347958
IM2509,5658.0,5667.0,5561.8,7514,843930.44,14688,1343.0,5597.0,5586.2,5591.4,2025-02-05,202502.zip,20250205_1.csv,IM,2025-09-19,5881.44,-284.4399999999996,0.04836230582986478,226,0.08207668140802357
IM2502,5855.8,6043.2,5830.8,50786,6053215.208,76498,-389.0,6024.0,6020.4,5856.6,2025-02-06,202502.zip,20250206_1.csv,IM,2025-02-21,6041.83,-17.829999999999927,0.002951092632530239,15,0.07202246569278563
IM2503,5828.8,6012.0,5797.0,174807,20731114.872,189866,9616.0,5988.6,5985.4,5825.4,2025-02-06,202502.zip,20250206_1.csv,IM,2025-03-21,6041.83,-53.22999999999956,0.008810244578215443,43,0.07544936153886081
IM2506,5690.0,5885.0,5676.0,30235,3511118.612,72464,1023.0,5864.6,5859.2,5703.0,2025-02-06,202502.zip,20250206_1.csv,IM,2025-06-20,6041.83,-177.22999999999956,0.029333827664796863,134,0.08231650209885658
IM2509,5592.2,5767.6,5561.8,8915,1014337.068,16498,1810.0,5748.0,5741.2,5586.2,2025-02-06,202502.zip,20250206_1.csv,IM,2025-09-19,6041.83,-293.8299999999999,0.048632616276856555,225,0.08292580994355511
IM2502,6030.4,6205.8,6021.0,67964,8320082.288,80725,4227.0,6127.8,6099.6,6020.4,2025-02-07,202502.zip,20250207_1.csv,IM,2025-02-21,6134.05,-6.25,0.0010189026825669911,14,0.026591342499985533
IM2503,5996.8,6176.0,5988.0,221664,26998446.156,197152,7286.0,6095.4,6067.8,5985.4,2025-02-07,202502.zip,20250207_1.csv,IM,2025-03-21,6134.05,-38.650000000000546,0.006300894188994266,42,0.055104981586427924
IM2506,5864.0,6048.8,5861.8,39945,4762429.392,76126,3662.0,5971.8,5939.2,5859.2,2025-02-07,202502.zip,20250207_1.csv,IM,2025-06-20,6134.05,-162.25,0.02645071363943885,133,0.0745625366541041
IM2509,5757.8,5932.6,5740.0,11775,1377049.588,19530,3032.0,5853.0,5823.4,5741.2,2025-02-07,202502.zip,20250207_1.csv,IM,2025-09-19,6134.05,-281.0500000000002,0.045818015829672154,224,0.07824379591662387
IM2502,6145.0,6205.2,6115.4,52753,6504227.064,68776,-11949.0,6181.8,6188.0,6099.6,2025-02-10,202502.zip,20250210_1.csv,IM,2025-02-21,6210.55,-28.75,0.004629219634331938,11,0.15432030682443407
IM2503,6115.0,6169.8,6083.0,150283,18422123.556,180572,-16580.0,6143.6,6152.4,6067.8,2025-02-10,202502.zip,20250210_1.csv,IM,2025-03-21,6210.55,-66.94999999999982,0.01078004363542684,39,0.10198960435792319
IM2506,5974.4,6040.0,5958.0,25406,3049896.04,71289,-4837.0,6017.2,6024.6,5939.2,2025-02-10,202502.zip,20250210_1.csv,IM,2025-06-20,6210.55,-193.35000000000036,0.031132508392976543,130,0.09021925608128542
IM2509,5867.0,5923.8,5840.2,7908,930673.116,19335,-195.0,5900.0,5905.8,5823.4,2025-02-10,202502.zip,20250210_1.csv,IM,2025-09-19,6210.55,-310.5500000000002,0.0500036228675399,221,0.08693208835033374
IM2502,6174.8,6199.0,6115.4,42998,5294136.056,62606,-6170.0,6179.8,6176.8,6188.0,2025-02-11,202502.zip,20250211_1.csv,IM,2025-02-21,6190.17,-10.36999999999989,0.0016752367059386097,10,0.06124874591410667
IM2503,6139.0,6156.0,6077.0,137719,16847852.344,179091,-1481.0,6133.2,6134.0,6152.4,2025-02-11,202502.zip,20250211_1.csv,IM,2025-03-21,6190.17,-56.970000000000255,0.009203301363290506,38,0.0892212616750259
IM2506,6020.0,6026.8,5950.0,22835,2735153.512,71921,632.0,6005.6,6005.0,6024.6,2025-02-11,202502.zip,20250211_1.csv,IM,2025-06-20,6190.17,-184.5699999999997,0.029816628622477248,129,0.08695766380318926
IM2509,5896.8,5907.0,5832.4,6687,785278.088,20330,995.0,5888.8,5886.2,5905.8,2025-02-11,202502.zip,20250211_1.csv,IM,2025-09-19,6190.17,-301.3699999999999,0.04868525420141934,220,0.0849069805856418
IM2502,6161.0,6271.0,6161.0,46880,5836657.464,63530,924.0,6268.0,6252.6,6176.8,2025-02-12,202502.zip,20250212_1.csv,IM,2025-02-21,6284.61,-16.609999999999673,0.0026429643207772635,9,0.10747092817130599
IM2503,6123.4,6227.8,6119.4,170775,21121224.076,189977,10886.0,6223.0,6207.4,6134.0,2025-02-12,202502.zip,20250212_1.csv,IM,2025-03-21,6284.61,-61.60999999999967,0.009803313172973338,37,0.09766580818324311
IM2506,5990.0,6097.4,5990.0,28614,3465157.128,74371,2450.0,6096.0,6078.6,6005.0,2025-02-12,202502.zip,20250212_1.csv,IM,2025-06-20,6284.61,-188.60999999999967,0.030011408822504415,128,0.08822723148375972
IM2509,5879.4,5976.6,5872.0,7769,922234.26,21069,739.0,5970.0,5956.8,5886.2,2025-02-12,202502.zip,20250212_1.csv,IM,2025-09-19,6284.61,-314.6099999999997,0.050060385608653446,219,0.0878308207705192
IM2502,6266.2,6269.0,6197.0,50406,6280786.888,58774,-4756.0,6215.6,6221.6,6252.6,2025-02-13,202502.zip,20250213_1.csv,IM,2025-02-21,6212.5,3.100000000000364,-0.0004989939637827234,8,-0.02275524486775357
IM2503,6217.0,6226.0,6155.0,173716,21493295.676,187814,-2163.0,6175.0,6179.6,6207.4,2025-02-13,202502.zip,20250213_1.csv,IM,2025-03-21,6212.5,-37.5,0.006036217303822977,36,0.061572199730094486
IM2506,6096.8,6096.8,6027.4,31251,3787674.388,77261,2890.0,6045.8,6053.4,6078.6,2025-02-13,202502.zip,20250213_1.csv,IM,2025-06-20,6212.5,-166.69999999999982,0.026832997987927487,127,0.07924483529009395
IM2509,5970.0,5971.6,5906.2,8906,1057254.476,22682,1613.0,5918.2,5927.2,5956.8,2025-02-13,202502.zip,20250213_1.csv,IM,2025-09-19,6212.5,-294.3000000000002,0.04737223340040242,218,0.08326011287215729
IM2502,6204.6,6257.0,6172.2,45685,5686334.756,55171,-3603.0,6240.2,6236.0,6221.6,2025-02-14,202502.zip,20250214_1.csv,IM,2025-02-21,6248.83,-8.63000000000011,0.0013810585341575976,7,0.07211192864698036
IM2503,6178.0,6219.8,6132.0,165277,20441651.32,187975,161.0,6205.2,6198.4,6179.6,2025-02-14,202502.zip,20250214_1.csv,IM,2025-03-21,6248.83,-43.63000000000011,0.00698210705043989,35,0.0733253676639869
IM2506,6045.0,6086.4,6005.0,32500,3934279.432,76883,-378.0,6071.8,6065.8,6053.4,2025-02-14,202502.zip,20250214_1.csv,IM,2025-06-20,6248.83,-177.02999999999975,0.028330103395355577,126,0.0844601271451625
IM2509,5914.2,5958.4,5884.0,8368,991891.824,23211,529.0,5944.6,5938.2,5927.2,2025-02-14,202502.zip,20250214_1.csv,IM,2025-09-19,6248.83,-304.22999999999956,0.048685914003101294,217,0.08608203611502876
IM2502,6276.4,6298.0,6213.6,51573,6458275.832,51728,-3443.0,6262.8,6250.4,6236.0,2025-02-17,202502.zip,20250217_1.csv,IM,2025-02-21,6281.57,-18.769999999999527,0.002988106476565444,4,0.273481909050268
IM2503,6241.0,6259.8,6168.4,164701,20479306.528,187072,-903.0,6219.2,6203.8,6198.4,2025-02-17,202502.zip,20250217_1.csv,IM,2025-03-21,6281.57,-62.36999999999989,0.009929046400820152,32,0.11438895878891142
IM2506,6099.0,6125.0,6034.2,32180,3915062.868,78006,1123.0,6081.6,6067.4,6065.8,2025-02-17,202502.zip,20250217_1.csv,IM,2025-06-20,6281.57,-199.96999999999935,0.03183439808837585,123,0.09757414341112598
IM2509,5969.8,5996.4,5904.0,9414,1120807.34,24935,1724.0,5949.0,5936.0,5938.2,2025-02-17,202502.zip,20250217_1.csv,IM,2025-09-19,6281.57,-332.5699999999997,0.05294377042681997,214,0.09534945007642844
IM2502,6245.0,6281.2,6108.0,46928,5822073.92,44730,-6998.0,6151.6,6144.6,6250.4,2025-02-18,202502.zip,20250218_1.csv,IM,2025-02-21,6142.14,9.460000000000036,-0.0015401798070380224,3,-0.18710037497020326
IM2503,6206.6,6236.0,6065.6,194221,23923625.928,199394,12322.0,6110.2,6102.2,6203.8,2025-02-18,202502.zip,20250218_1.csv,IM,2025-03-21,6142.14,-31.94000000000051,0.005200141970062688,31,0.061547533949051145
IM2506,6060.0,6097.2,5929.0,37426,4506111.832,80808,2802.0,5973.4,5965.2,6067.4,2025-02-18,202502.zip,20250218_1.csv,IM,2025-06-20,6142.14,-168.7400000000007,0.02747250958135128,122,0.08451416031839568
IM2509,5936.0,5964.4,5802.2,10434,1229382.204,26070,1135.0,5843.4,5838.8,5936.0,2025-02-18,202502.zip,20250218_1.csv,IM,2025-09-19,6142.14,-298.7400000000007,0.0486377712002658,213,0.0876074463690107
IM2502,6149.0,6286.8,6138.0,41506,5167368.352,34904,-9826.0,6279.8,6270.2,6144.6,2025-02-19,202502.zip,20250219_1.csv,IM,2025-02-21,6288.53,-8.729999999999563,0.0013882417671537972,2,0.2537063282270152
IM2503,6107.0,6247.8,6099.6,184332,22811675.692,197244,-2150.0,6240.0,6229.6,6102.2,2025-02-19,202502.zip,20250219_1.csv,IM,2025-03-21,6288.53,-48.529999999999745,0.0077172248522309195,30,0.09462313034188087
IM2506,5972.0,6105.0,5962.4,37541,4541984.92,81468,660.0,6101.6,6089.4,5965.2,2025-02-19,202502.zip,20250219_1.csv,IM,2025-06-20,6288.53,-186.92999999999938,0.029725547942046737,121,0.09241506360071372
IM2509,5842.8,5975.0,5831.4,11967,1416779.296,27707,1637.0,5967.8,5958.0,5838.8,2025-02-19,202502.zip,20250219_1.csv,IM,2025-09-19,6288.53,-320.72999999999956,0.0510023805245422,212,0.09252995004005747
IM2502,6279.0,6342.4,6256.6,31628,3979490.52,23916,-10988.0,6310.0,6319.2,6270.2,2025-02-20,202502.zip,20250220_1.csv,IM,2025-02-21,6334.41,-24.409999999999854,0.0038535554218940282,1,1.4119889064975788
IM2503,6231.8,6291.8,6206.0,167649,20937726.256,198815,1571.0,6254.4,6267.6,6229.6,2025-02-20,202502.zip,20250220_1.csv,IM,2025-03-21,6334.41,-80.01000000000022,0.012631010622930927,29,0.1610102350014555
IM2506,6092.2,6150.6,6066.8,37772,4612161.86,84120,2652.0,6113.4,6127.2,6089.4,2025-02-20,202502.zip,20250220_1.csv,IM,2025-06-20,6334.41,-221.01000000000022,0.03489038442412162,120,0.10996151895835374
IM2509,5970.2,6020.6,5940.2,11495,1373258.404,29325,1618.0,5983.0,5997.0,5958.0,2025-02-20,202502.zip,20250220_1.csv,IM,2025-09-19,6334.41,-351.40999999999985,0.05547635849274046,211,0.10160276391323601
IM2502,6339.2,6456.2,6310.2,19562,2497824.532,0,-23916.0,6442.0,6442.56,6319.2,2025-02-21,202502.zip,20250221_1.csv,IM,2025-02-21,6449.23,-7.229999999999563,0.0011210640650123338,0,
IM2503,6274.8,6423.0,6246.0,201141,25524148.536,206363,7548.0,6399.0,6403.2,6267.6,2025-02-21,202502.zip,20250221_1.csv,IM,2025-03-21,6449.23,-50.22999999999956,0.007788526692333764,28,0.10232597727323282
IM2506,6140.0,6276.0,6102.2,57293,7104210.66,96709,12589.0,6253.6,6257.2,6127.2,2025-02-21,202502.zip,20250221_1.csv,IM,2025-06-20,6449.23,-195.6299999999992,0.030333853808904188,119,0.09595138746300562
IM2509,5996.8,6141.0,5969.6,17857,2167069.64,34844,5519.0,6120.0,6123.2,5997.0,2025-02-21,202502.zip,20250221_1.csv,IM,2025-09-19,6449.23,-329.22999999999956,0.051049505134721396,210,0.0935021397447867
IM2503,6380.0,6409.8,6327.8,172390,21958717.592,195891,-10472.0,6366.6,6356.0,6403.2,2025-02-24,202502.zip,20250224_1.csv,IM,2025-03-21,6464.02,-97.42000000000007,0.015071116735406176,25,0.22340527125938572
IM2504,6352.4,6366.0,6283.4,4957,627528.368,4800,4800.0,6319.8,6312.6,6403.2,2025-02-24,202502.zip,20250224_1.csv,IM,2025-04-18,6464.02,-144.22000000000025,0.02231119334408005,53,0.1571589619208156
IM2506,6250.0,6263.8,6180.0,45379,5646412.136,90270,-6439.0,6215.6,6206.0,6257.2,2025-02-24,202502.zip,20250224_1.csv,IM,2025-06-20,6464.02,-248.42000000000007,0.03843119297279407,116,0.1257587971089426
IM2509,6120.2,6131.2,6048.0,15452,1881037.028,33738,-1106.0,6080.8,6072.0,6123.2,2025-02-24,202502.zip,20250224_1.csv,IM,2025-09-19,6464.02,-383.22000000000025,0.05928508884564099,207,0.11112453738924521
IM2503,6309.4,6405.2,6292.0,180068,22892829.068,195526,-365.0,6355.4,6358.6,6356.0,2025-02-25,202502.zip,20250225_1.csv,IM,2025-03-21,6435.43,-80.03000000000065,0.012435843447912709,24,0.19151004132968308
IM2504,6277.0,6358.6,6244.4,5641,711357.684,5362,562.0,6310.6,6307.6,6312.6,2025-02-25,202502.zip,20250225_1.csv,IM,2025-04-18,6435.43,-124.82999999999993,0.019397305230575146,52,0.13884742764920527
IM2506,6150.0,6248.6,6140.0,46865,5811328.508,93829,3559.0,6195.8,6199.2,6206.0,2025-02-25,202502.zip,20250225_1.csv,IM,2025-06-20,6435.43,-239.6300000000001,0.03723605104864791,115,0.12275489567266469
IM2509,6015.0,6112.4,6004.0,15404,1868788.032,35952,2214.0,6054.0,6057.0,6072.0,2025-02-25,202502.zip,20250225_1.csv,IM,2025-09-19,6435.43,-381.4300000000003,0.05927032070895033,206,0.11163440844695474
IM2503,6376.6,6465.0,6322.2,212290,27159549.152,201621,6095.0,6420.8,6412.8,6358.6,2025-02-26,202502.zip,20250226_1.csv,IM,2025-03-21,6524.41,-103.60999999999967,0.015880363128619956,23,0.256081119513752
IM2504,6340.0,6410.0,6271.6,8842,1121418.828,9325,3963.0,6366.6,6359.0,6307.6,2025-02-26,202502.zip,20250226_1.csv,IM,2025-04-18,6524.41,-157.8099999999995,0.02418762769353855,51,0.1773983774391223
IM2506,6215.0,6295.0,6156.0,53785,6696292.788,93243,-586.0,6248.2,6239.8,6199.2,2025-02-26,202502.zip,20250226_1.csv,IM,2025-06-20,6524.41,-276.21000000000004,0.042334862462659495,114,0.1415378155224495
IM2509,6065.0,6148.6,6010.8,17305,2104112.108,38483,2531.0,6093.6,6092.2,6057.0,2025-02-26,202502.zip,20250226_1.csv,IM,2025-09-19,6524.41,-430.8099999999995,0.06603049164598784,205,0.125878290537533
IM2503,6412.6,6453.6,6324.6,208253,26590168.952,194417,-7204.0,6415.0,6391.0,6412.8,2025-02-27,202502.zip,20250227_1.csv,IM,2025-03-21,6499.53,-84.52999999999975,0.013005555786341438,22,0.21861723233897815
IM2504,6366.6,6395.6,6272.4,9450,1196764.624,10277,952.0,6361.8,6336.0,6359.0,2025-02-27,202502.zip,20250227_1.csv,IM,2025-04-18,6499.53,-137.72999999999956,0.02119076302440326,50,0.15804159200226306
IM2506,6235.0,6278.8,6158.0,54026,6714868.64,96835,3592.0,6238.6,6220.6,6239.8,2025-02-27,202502.zip,20250227_1.csv,IM,2025-06-20,6499.53,-260.9299999999994,0.04014597978623058,113,0.13509873868342914
IM2509,6100.0,6124.0,6017.0,18648,2263420.152,41088,2605.0,6093.0,6074.4,6092.2,2025-02-27,202502.zip,20250227_1.csv,IM,2025-09-19,6499.53,-406.52999999999975,0.06254759959566303,204,0.11937795058939368
IM2503,6387.8,6397.0,6208.0,216120,27160429.82,198135,3718.0,6230.4,6230.0,6391.0,2025-02-28,202502.zip,20250228_1.csv,IM,2025-03-21,6270.42,-40.02000000000044,0.0063823475939411844,21,0.1116438293345069
IM2504,6336.2,6339.6,6158.0,10639,1325450.6,12350,2073.0,6179.6,6178.6,6336.0,2025-02-28,202502.zip,20250228_1.csv,IM,2025-04-18,6270.42,-90.81999999999971,0.014483878272906758,49,0.1094757470597797
IM2506,6216.6,6218.2,6040.0,62591,7653496.54,96513,-322.0,6060.0,6059.8,6220.6,2025-02-28,202502.zip,20250228_1.csv,IM,2025-06-20,6270.42,-210.42000000000007,0.03355756073755822,112,0.1131590346534651
IM2509,6073.2,6073.2,5897.2,18248,2179875.212,42118,1030.0,5917.0,5917.0,6074.4,2025-02-28,202502.zip,20250228_1.csv,IM,2025-09-19,6270.42,-353.4200000000001,0.05636305064094593,203,0.107395573079488
IM2503,6250.0,6324.6,6196.4,192032,24061841.196,187317,-10818.0,6215.4,6222.8,6230.0,2025-03-03,202503.zip,20250303_1.csv,IM,2025-03-21,6273.67,-58.27000000000044,0.009288024394015104,18,0.1901062057327139
IM2504,6202.6,6273.6,6146.0,8861,1101015.996,12280,-70.0,6168.8,6173.8,6178.6,2025-03-03,202503.zip,20250303_1.csv,IM,2025-04-18,6273.67,-104.86999999999989,0.016715893567879725,46,0.13489181885843485
IM2506,6081.2,6154.2,6030.0,53535,6528641.56,95055,-1458.0,6049.0,6055.4,6059.8,2025-03-03,202503.zip,20250303_1.csv,IM,2025-06-20,6273.67,-224.67000000000007,0.03581157440541183,109,0.12437350324035693
IM2509,5935.2,6009.8,5885.2,14612,1738946.516,41136,-982.0,5906.0,5912.0,5917.0,2025-03-03,202503.zip,20250303_1.csv,IM,2025-09-19,6273.67,-367.6700000000001,0.058605250196456016,200,0.11361289366745664
IM2503,6184.8,6306.0,6169.0,179630,22493144.216,184657,-2660.0,6279.2,6289.8,6222.8,2025-03-04,202503.zip,20250304_1.csv,IM,2025-03-21,6357.63,-78.43000000000029,0.012336358045372253,17,0.26817719379763805
IM2504,6120.0,6254.0,6120.0,9535,1184110.24,14397,2117.0,6227.0,6238.6,6173.8,2025-03-04,202503.zip,20250304_1.csv,IM,2025-04-18,6357.63,-130.6300000000001,0.020546964828088488,45,0.17015488107346227
IM2506,6004.0,6133.2,6004.0,46874,5707576.62,93774,-1281.0,6107.2,6116.8,6055.4,2025-03-04,202503.zip,20250304_1.csv,IM,2025-06-20,6357.63,-250.4300000000003,0.03939046468573981,108,0.1385840725943395
IM2509,5880.0,5984.4,5865.0,13289,1579504.144,42186,1050.0,5958.6,5965.6,5912.0,2025-03-04,202503.zip,20250304_1.csv,IM,2025-09-19,6357.63,-399.02999999999975,0.06276395449247596,199,0.12282905312991306
IM2503,6285.0,6329.8,6233.2,182519,22910141.26,181491,-3166.0,6313.0,6306.6,6289.8,2025-03-05,202503.zip,20250305_1.csv,IM,2025-03-21,6398.24,-85.23999999999978,0.013322413663757526,16,0.3080211468398555
IM2504,6230.2,6277.6,6180.0,8577,1067764.036,14272,-125.0,6259.8,6253.8,6238.6,2025-03-05,202503.zip,20250305_1.csv,IM,2025-04-18,6398.24,-138.4399999999996,0.021637200230063214,44,0.18345997112890497
IM2506,6116.8,6153.2,6056.6,52693,6428190.612,99038,5264.0,6129.6,6125.6,6116.8,2025-03-05,202503.zip,20250305_1.csv,IM,2025-06-20,6398.24,-268.6399999999994,0.041986546300232463,107,0.14950221630232424
IM2509,5966.0,6001.8,5902.2,13999,1665118.588,43215,1029.0,5976.6,5972.6,5965.6,2025-03-05,202503.zip,20250305_1.csv,IM,2025-09-19,6398.24,-421.6399999999994,0.06589937232738996,198,0.13005147685400648
IM2503,6352.8,6504.4,6352.2,187916,24226206.708,179624,-1867.0,6475.8,6483.0,6306.6,2025-03-06,202503.zip,20250306_1.csv,IM,2025-03-21,6534.97,-59.17000000000007,0.00905436444237695,15,0.2223359790810943
IM2504,6302.8,6446.0,6302.6,12632,1614754.244,18093,3821.0,6420.6,6427.6,6253.8,2025-03-06,202503.zip,20250306_1.csv,IM,2025-04-18,6534.97,-114.36999999999989,0.0175012280086978,43,0.15120317669362246
IM2506,6170.0,6313.8,6165.0,62367,7812037.22,103031,3993.0,6287.8,6295.8,6125.6,2025-03-06,202503.zip,20250306_1.csv,IM,2025-06-20,6534.97,-247.17000000000007,0.03782266789289013,106,0.13535803385651896
IM2509,6011.0,6160.0,6011.0,18042,2204936.972,45915,2700.0,6130.0,6138.6,5972.6,2025-03-06,202503.zip,20250306_1.csv,IM,2025-09-19,6534.97,-404.97000000000025,0.061969680044437925,197,0.12240214141982914
IM2503,6455.0,6500.0,6417.8,165679,21414375.784,169906,-9718.0,6452.8,6443.6,6483.0,2025-03-07,202503.zip,20250307_1.csv,IM,2025-03-21,6507.76,-54.960000000000036,0.008445302223806683,14,0.22205642733165562
IM2504,6412.0,6444.0,6360.0,11600,1485641.164,18287,194.0,6395.0,6384.6,6427.6,2025-03-07,202503.zip,20250307_1.csv,IM,2025-04-18,6507.76,-112.76000000000022,0.01732700652759167,42,0.15323504225771675
IM2506,6270.0,6308.8,6223.0,55939,7016350.144,100827,-2204.0,6254.8,6247.4,6295.8,2025-03-07,202503.zip,20250307_1.csv,IM,2025-06-20,6507.76,-252.96000000000004,0.038870517658918025,105,0.14058597283000945
IM2509,6112.0,6149.4,6056.2,16432,2007826.28,46120,205.0,6091.8,6082.6,6138.6,2025-03-07,202503.zip,20250307_1.csv,IM,2025-09-19,6507.76,-415.96000000000004,0.06391753844640857,196,0.1271577182039959
IM2503,6458.0,6476.2,6373.6,154299,19810843.892,162826,-7080.0,6427.4,6429.0,6443.6,2025-03-10,202503.zip,20250310_1.csv,IM,2025-03-21,6520.97,-93.57000000000062,0.014349092236277783,11,0.4830604485908362
IM2504,6396.6,6417.0,6310.0,13719,1743763.932,21710,3423.0,6362.8,6363.4,6384.6,2025-03-10,202503.zip,20250310_1.csv,IM,2025-04-18,6520.97,-158.17000000000007,0.024255593876371218,39,0.23265055861554337
IM2506,6254.0,6275.0,6168.0,50855,6319427.428,101268,441.0,6220.8,6220.2,6247.4,2025-03-10,202503.zip,20250310_1.csv,IM,2025-06-20,6520.97,-300.1700000000001,0.04603149531434736,102,0.1726687476044947
IM2509,6105.0,6110.6,6001.2,15267,1845909.832,46763,643.0,6055.0,6055.6,6082.6,2025-03-10,202503.zip,20250310_1.csv,IM,2025-09-19,6520.97,-465.97000000000025,0.07145716051446338,193,0.1455389927392682
IM2503,6371.0,6491.0,6365.0,170671,21971355.832,165483,2657.0,6490.0,6466.8,6429.0,2025-03-11,202503.zip,20250311_1.csv,IM,2025-03-21,6551.73,-61.72999999999956,0.00942193893826504,10,0.34717180277349813
IM2504,6300.0,6417.0,6300.0,14517,1848935.788,24016,2306.0,6415.0,6394.2,6363.4,2025-03-11,202503.zip,20250311_1.csv,IM,2025-04-18,6551.73,-136.72999999999956,0.02086929711694463,38,0.20472761209336673
IM2506,6160.0,6270.0,6156.0,59913,7457027.036,106224,4956.0,6269.4,6248.6,6220.2,2025-03-11,202503.zip,20250311_1.csv,IM,2025-06-20,6551.73,-282.3299999999999,0.04309243512782124,101,0.16274308309383942
IM2509,6001.0,6105.0,5990.0,15003,1818728.296,47729,966.0,6102.4,6085.0,6055.6,2025-03-11,202503.zip,20250311_1.csv,IM,2025-09-19,6551.73,-449.3299999999999,0.06858188600568094,192,0.13997690287154774
IM2503,6525.0,6587.0,6482.2,165499,21610119.708,161880,-3603.0,6513.8,6528.6,6466.8,2025-03-12,202503.zip,20250312_1.csv,IM,2025-03-21,6566.97,-53.17000000000007,0.008096580310249624,9,0.3310416176254863
IM2504,6434.0,6508.6,6406.2,16096,2076854.192,28303,4287.0,6433.4,6448.2,6394.2,2025-03-12,202503.zip,20250312_1.csv,IM,2025-04-18,6566.97,-133.57000000000062,0.020339669588866793,37,0.20481393975192125
IM2506,6290.2,6353.2,6257.4,58756,7401087.008,104752,-1472.0,6284.0,6297.8,6248.6,2025-03-12,202503.zip,20250312_1.csv,IM,2025-06-20,6566.97,-282.97000000000025,0.04308988772599853,100,0.16436035964353948
IM2509,6130.0,6183.8,6090.0,14942,1831393.696,47708,-21.0,6116.0,6130.2,6085.0,2025-03-12,202503.zip,20250312_1.csv,IM,2025-09-19,6566.97,-450.97000000000025,0.06867246233803415,191,0.14090930492160295
IM2503,6507.0,6520.6,6360.2,189598,24351809.352,165394,3514.0,6426.0,6404.0,6528.6,2025-03-13,202503.zip,20250313_1.csv,IM,2025-03-21,6466.85,-40.850000000000364,0.006316831223857067,8,0.29003754279490146
IM2504,6432.6,6443.2,6292.4,23622,2999597.952,33939,5636.0,6355.0,6333.4,6448.2,2025-03-13,202503.zip,20250313_1.csv,IM,2025-04-18,6466.85,-111.85000000000036,0.01729590140485715,36,0.17844763528280425
IM2506,6275.0,6287.2,6157.4,74987,9306605.22,115784,11032.0,6210.8,6193.2,6297.8,2025-03-13,202503.zip,20250313_1.csv,IM,2025-06-20,6466.85,-256.0500000000002,0.03959423830767683,99,0.1519969613049413
IM2509,6101.8,6118.8,5999.8,18162,2194159.84,50179,2471.0,6050.4,6031.6,6130.2,2025-03-13,202503.zip,20250313_1.csv,IM,2025-09-19,6466.85,-416.4500000000007,0.06439765882926007,190,0.13222635997967974
IM2503,6428.4,6568.0,6389.2,190307,24704875.94,148876,-16518.0,6562.8,6552.8,6404.0,2025-03-14,202503.zip,20250314_1.csv,IM,2025-03-21,6571.17,-8.36999999999989,0.0012737457713010158,7,0.06650144972964789
IM2504,6353.0,6501.0,6315.8,26206,3368933.828,36611,2672.0,6501.0,6485.6,6333.4,2025-03-14,202503.zip,20250314_1.csv,IM,2025-04-18,6571.17,-70.17000000000007,0.010678463652591508,35,0.11256312215703002
IM2506,6217.4,6370.0,6177.6,83604,10508733.336,112607,-3177.0,6368.2,6354.4,6193.2,2025-03-14,202503.zip,20250314_1.csv,IM,2025-06-20,6571.17,-202.97000000000025,0.030887954504296822,98,0.11870853520265534
IM2509,6050.4,6210.0,6014.8,20491,2511119.552,49955,-224.0,6210.0,6194.4,6031.6,2025-03-14,202503.zip,20250314_1.csv,IM,2025-09-19,6571.17,-361.1700000000001,0.0549628148411927,189,0.11231845717352947
IM2503,6563.0,6573.0,6523.2,117429,15381744.816,127485,-21391.0,6543.4,6553.0,6552.8,2025-03-17,202503.zip,20250317_1.csv,IM,2025-03-21,6589.57,-46.17000000000007,0.007006526981275019,4,0.6438567869914735
IM2504,6508.0,6511.4,6464.2,23134,3001189.968,42278,5667.0,6471.6,6483.6,6485.6,2025-03-17,202503.zip,20250317_1.csv,IM,2025-04-18,6589.57,-117.96999999999935,0.017902533852739877,32,0.2079231275882293
IM2506,6370.0,6382.0,6333.0,47844,6078694.42,110699,-1908.0,6337.6,6346.2,6354.4,2025-03-17,202503.zip,20250317_1.csv,IM,2025-06-20,6589.57,-251.96999999999935,0.03823769988026526,95,0.15275423869570395
IM2509,6215.0,6218.0,6165.2,13900,1719948.216,50215,260.0,6166.4,6176.8,6194.4,2025-03-17,202503.zip,20250317_1.csv,IM,2025-09-19,6589.57,-423.1700000000001,0.06421815080498428,186,0.13466759329784456
IM2503,6566.8,6634.4,6555.6,113170,14913529.724,120484,-7001.0,6577.0,6581.6,6553.0,2025-03-18,202503.zip,20250318_1.csv,IM,2025-03-21,6611.93,-34.93000000000029,0.005282875045561575,3,0.6461633976990522
IM2504,6495.0,6565.8,6487.2,28172,3673883.124,46426,4148.0,6505.2,6510.8,6483.6,2025-03-18,202503.zip,20250318_1.csv,IM,2025-04-18,6611.93,-106.73000000000047,0.016142034171565678,31,0.19317771589180402
IM2506,6360.0,6431.2,6349.2,58828,7512107.196,116894,6195.0,6369.4,6371.2,6346.2,2025-03-18,202503.zip,20250318_1.csv,IM,2025-06-20,6611.93,-242.53000000000065,0.036680666613228,94,0.1478536172617883
IM2509,6200.0,6259.8,6176.8,15775,1959162.24,51776,1561.0,6195.8,6199.2,6176.8,2025-03-18,202503.zip,20250318_1.csv,IM,2025-09-19,6611.93,-416.1300000000001,0.0629362379819508,185,0.13251125653559578
IM2503,6560.0,6584.0,6506.0,115152,15070605.436,98474,-22010.0,6550.0,6537.2,6581.6,2025-03-19,202503.zip,20250319_1.csv,IM,2025-03-21,6564.68,-14.680000000000291,0.0022362095334426124,2,0.40902290076338055
IM2504,6482.8,6508.8,6434.0,38469,4978281.196,58168,11742.0,6479.4,6464.2,6510.8,2025-03-19,202503.zip,20250319_1.csv,IM,2025-04-18,6564.68,-85.28000000000065,0.012990732221525025,30,0.16013416880163836
IM2506,6360.0,6370.8,6303.0,72416,9176565.02,122780,5886.0,6339.2,6326.0,6371.2,2025-03-19,202503.zip,20250319_1.csv,IM,2025-06-20,6564.68,-225.48000000000047,0.034347447247999985,93,0.1395993795899758
IM2509,6190.0,6193.6,6134.0,16277,2006079.404,53668,1892.0,6165.0,6150.8,6199.2,2025-03-19,202503.zip,20250319_1.csv,IM,2025-09-19,6564.68,-399.6800000000003,0.060883394163919635,184,0.12860397052082229
IM2503,6540.0,6582.8,6493.8,86603,11331314.592,64278,-34196.0,6534.2,6537.6,6537.2,2025-03-20,202503.zip,20250320_1.csv,IM,2025-03-21,6535.06,-0.8600000000005821,0.00013159787362326814,1,0.04803954577460745
IM2504,6460.2,6505.0,6421.2,56867,7350538.408,75554,17386.0,6452.4,6454.0,6464.2,2025-03-20,202503.zip,20250320_1.csv,IM,2025-04-18,6535.06,-82.66000000000076,0.012648697946155196,29,0.16123858751301529
IM2506,6326.0,6359.8,6280.0,81351,10283478.028,130145,7365.0,6307.2,6310.6,6326.0,2025-03-20,202503.zip,20250320_1.csv,IM,2025-06-20,6535.06,-227.86000000000058,0.034867315678815625,92,0.14332981078905024
IM2509,6151.8,6179.2,6109.0,16149,1984486.332,55659,1991.0,6138.0,6139.0,6150.8,2025-03-20,202503.zip,20250320_1.csv,IM,2025-09-19,6535.06,-397.0600000000004,0.06075843221026289,183,0.12902415660215782
IM2503,6522.6,6530.4,6402.2,55018,7121718.416,0,-64278.0,6414.2,6414.83,6537.6,2025-03-21,202503.zip,20250321_1.csv,IM,2025-03-21,6405.61,8.590000000000146,-0.0013410120191519326,0,
IM2504,6425.0,6448.6,6286.0,102429,13030813.12,108886,33332.0,6318.2,6313.2,6454.0,2025-03-21,202503.zip,20250321_1.csv,IM,2025-04-18,6405.61,-87.40999999999985,0.013645851058681324,28,0.18034436797098655
IM2506,6285.0,6305.4,6144.6,134047,16668339.012,155030,24885.0,6177.4,6171.8,6310.6,2025-03-21,202503.zip,20250321_1.csv,IM,2025-06-20,6405.61,-228.21000000000004,0.03562658357283699,91,0.14817687088383502
IM2509,6126.2,6138.8,5971.8,25530,3087927.58,62065,6406.0,6010.8,6001.8,6139.0,2025-03-21,202503.zip,20250321_1.csv,IM,2025-09-19,6405.61,-394.8099999999995,0.061635035539160166,182,0.13172777096464452
IM2504,6325.0,6330.2,6194.4,97377,12202625.488,106368,-2518.0,6280.0,6243.0,6313.2,2025-03-24,202503.zip,20250324_1.csv,IM,2025-04-18,6360.34,-80.34000000000015,0.012631400208165,25,0.18677770700637006
IM2505,6251.0,6270.0,6136.2,4651,577233.636,4496,4496.0,6224.2,6181.4,6313.2,2025-03-24,202503.zip,20250324_1.csv,IM,2025-05-16,6360.34,-136.14000000000033,0.021404516110773986,53,0.15063267962602506
IM2506,6186.4,6189.4,6063.0,139956,17152762.184,158394,3364.0,6142.8,6108.0,6171.8,2025-03-24,202503.zip,20250324_1.csv,IM,2025-06-20,6360.34,-217.53999999999996,0.03420257407622862,88,0.14688685793271683
IM2509,6018.0,6021.0,5903.0,22007,2625072.464,60723,-1342.0,5978.0,5945.2,6001.8,2025-03-24,202503.zip,20250324_1.csv,IM,2025-09-19,6360.34,-382.34000000000015,0.06011313860579781,179,0.13041683565998968
IM2504,6274.0,6306.6,6205.2,90952,11371423.644,108413,2045.0,6250.8,6238.6,6243.0,2025-03-25,202503.zip,20250325_1.csv,IM,2025-04-18,6310.76,-59.960000000000036,0.009501232815065097,24,0.14588399351549522
IM2505,6211.6,6244.2,6146.4,4738,587206.5,4221,-275.0,6192.6,6183.2,6181.4,2025-03-25,202503.zip,20250325_1.csv,IM,2025-05-16,6310.76,-118.15999999999985,0.01872357687505144,52,0.1339328081407343
IM2506,6132.6,6167.0,6069.2,138822,16977120.976,161637,3243.0,6115.6,6103.6,6108.0,2025-03-25,202503.zip,20250325_1.csv,IM,2025-06-20,6310.76,-195.15999999999985,0.030924959909741423,87,0.1338829734848052
IM2509,5966.0,6000.0,5910.2,18291,2176983.476,61458,735.0,5953.0,5943.2,5945.2,2025-03-25,202503.zip,20250325_1.csv,IM,2025-09-19,6310.76,-357.7600000000002,0.05669047785052839,178,0.1232334938290014
IM2504,6250.0,6322.0,6246.6,76006,9559712.76,101329,-7084.0,6261.8,6275.6,6238.6,2025-03-26,202503.zip,20250326_1.csv,IM,2025-04-18,6334.91,-73.10999999999967,0.011540811155959507,23,0.18528600610742538
IM2505,6189.2,6263.0,6189.2,4769,594212.656,5941,1720.0,6205.4,6216.6,6183.2,2025-03-26,202503.zip,20250326_1.csv,IM,2025-05-16,6334.91,-129.51000000000022,0.020443857923790554,51,0.14936753377987674
IM2506,6118.0,6185.0,6113.0,123686,15223290.736,155502,-6135.0,6129.4,6142.6,6103.6,2025-03-26,202503.zip,20250326_1.csv,IM,2025-06-20,6334.91,-205.51000000000022,0.03244087129888196,86,0.1423014772112454
IM2509,5945.2,6020.8,5945.2,16394,1964578.464,59697,-1761.0,5967.6,5980.0,5943.2,2025-03-26,202503.zip,20250326_1.csv,IM,2025-09-19,6334.91,-367.3099999999995,0.057981881352694775,177,0.12692659949414217
IM2504,6253.2,6340.0,6180.8,88580,11102394.076,113780,12451.0,6281.4,6283.8,6275.6,2025-03-27,202503.zip,20250327_1.csv,IM,2025-04-18,6328.77,-47.3700000000008,0.007484866727658135,22,0.1251172292222066
IM2505,6193.0,6282.8,6124.2,5853,726617.804,6777,836.0,6223.2,6227.0,6216.6,2025-03-27,202503.zip,20250327_1.csv,IM,2025-05-16,6328.77,-105.57000000000062,0.01668096644371664,50,0.12383677207867486
IM2506,6118.4,6202.2,6044.0,151417,18572634.32,167954,12452.0,6143.4,6148.0,6142.6,2025-03-27,202503.zip,20250327_1.csv,IM,2025-06-20,6328.77,-185.3700000000008,0.02929005162140519,85,0.12957004073237866
IM2509,5960.2,6037.6,5885.8,17847,2130703.74,62530,2833.0,5977.2,5979.2,5980.0,2025-03-27,202503.zip,20250327_1.csv,IM,2025-09-19,6328.77,-351.5700000000006,0.055551078645613705,176,0.12198156973773067
IM2504,6283.0,6311.6,6201.8,80638,10073067.24,102072,-11708.0,6212.6,6230.6,6283.8,2025-03-28,202503.zip,20250328_1.csv,IM,2025-04-18,6268.32,-55.719999999999345,0.008889144140694638,21,0.15588749745141492
IM2505,6225.0,6253.2,6146.8,5364,664163.232,8324,1547.0,6162.0,6172.0,6227.0,2025-03-28,202503.zip,20250328_1.csv,IM,2025-05-16,6268.32,-106.31999999999971,0.016961482502488634,49,0.12852572382409516
IM2506,6149.0,6180.0,6066.2,136714,16705104.964,159759,-8195.0,6078.4,6095.2,6148.0,2025-03-28,202503.zip,20250328_1.csv,IM,2025-06-20,6268.32,-189.92000000000007,0.03029838936110474,84,0.13576724451296712
IM2509,5995.0,6006.6,5902.0,16884,2006902.124,61342,-1188.0,5915.0,5929.2,5979.2,2025-03-28,202503.zip,20250328_1.csv,IM,2025-09-19,6268.32,-353.3199999999997,0.056365980039308705,175,0.12458572636155056
IM2504,6184.0,6225.6,6107.6,98572,12153330.58,114755,12683.0,6184.0,6175.0,6230.6,2025-03-31,202503.zip,20250331_1.csv,IM,2025-04-18,6226.65,-42.649999999999636,0.006849590068495837,18,0.13985239686646292
IM2505,6123.6,6168.4,6053.4,5690,695138.768,8390,66.0,6126.2,6119.2,6172.0,2025-03-31,202503.zip,20250331_1.csv,IM,2025-05-16,6226.65,-100.44999999999982,0.01613227016132268,46,0.13010494483423277
IM2506,6050.4,6092.0,5979.8,159321,19219128.904,175574,15815.0,6049.0,6040.8,6095.2,2025-03-31,202503.zip,20250331_1.csv,IM,2025-06-20,6226.65,-177.64999999999964,0.0285305902853058,81,0.13233949494763883
IM2509,5895.0,5925.0,5815.4,23481,2754019.096,66883,5541.0,5878.2,5871.6,5929.2,2025-03-31,202503.zip,20250331_1.csv,IM,2025-09-19,6226.65,-348.4499999999998,0.05596107055961064,172,0.1257941740589787
IM2504,6228.0,6260.0,6193.2,67752,8431773.372,97196,-17559.0,6204.0,6208.0,6175.0,2025-04-01,202504.zip,20250401_1.csv,IM,2025-04-18,6259.48,-55.47999999999956,0.008863356061525773,17,0.19200326165282292
IM2505,6145.4,6199.2,6136.8,4040,497953.28,8672,282.0,6143.0,6149.2,6119.2,2025-04-01,202504.zip,20250401_1.csv,IM,2025-05-16,6259.48,-116.47999999999956,0.018608574514176857,45,0.1537981804040722
IM2506,6068.8,6117.6,6059.2,117820,14335280.68,159238,-16336.0,6064.2,6070.0,6040.8,2025-04-01,202504.zip,20250401_1.csv,IM,2025-06-20,6259.48,-195.27999999999975,0.03119747966284736,80,0.1469221001945849
IM2509,5898.0,5944.0,5886.0,14822,1752407.488,63392,-3491.0,5891.0,5896.4,5871.6,2025-04-01,202504.zip,20250401_1.csv,IM,2025-09-19,6259.48,-368.47999999999956,0.05886750976119415,171,0.13351241511235776
IM2504,6198.8,6283.0,6198.8,59902,7481962.684,99001,1805.0,6239.0,6236.6,6208.0,2025-04-02,202504.zip,20250402_1.csv,IM,2025-04-18,6277.25,-38.25,0.0060934326337169775,16,0.1398586512261582
IM2505,6142.8,6219.2,6141.8,4540,561496.512,9695,1023.0,6174.6,6175.6,6149.2,2025-04-02,202504.zip,20250402_1.csv,IM,2025-05-16,6277.25,-102.64999999999964,0.016352702218328075,44,0.1379082708338846
IM2506,6072.2,6141.0,6063.0,106534,13009280.708,161702,2464.0,6100.0,6098.6,6070.0,2025-04-02,202504.zip,20250402_1.csv,IM,2025-06-20,6277.25,-177.25,0.028236887171930403,79,0.13425243826520072
IM2509,5890.0,5969.0,5888.2,12486,1481499.704,63983,591.0,5928.6,5925.6,5896.4,2025-04-02,202504.zip,20250402_1.csv,IM,2025-09-19,6277.25,-348.64999999999964,0.055541837588115706,170,0.12626455804465295
IM2504,6190.0,6274.0,6131.8,91132,11289477.844,106332,7331.0,6168.4,6171.0,6236.6,2025-04-03,202504.zip,20250403_1.csv,IM,2025-04-18,6203.26,-34.86000000000058,0.005619625809655027,15,0.13751702224240114
IM2505,6122.0,6209.0,6071.2,7817,959207.968,12529,2834.0,6106.8,6107.4,6175.6,2025-04-03,202504.zip,20250403_1.csv,IM,2025-05-16,6203.26,-96.46000000000004,0.015549888284547175,43,0.1340781378288172
IM2506,6069.8,6134.8,6000.4,170579,20669259.136,180839,19137.0,6031.8,6036.2,6098.6,2025-04-03,202504.zip,20250403_1.csv,IM,2025-06-20,6203.26,-171.46000000000004,0.027640305258847753,78,0.13301914383681018
IM2509,5888.0,5958.4,5831.8,20769,2444699.696,67796,3813.0,5862.6,5864.0,5925.6,2025-04-03,202504.zip,20250403_1.csv,IM,2025-09-19,6203.26,-340.65999999999985,0.0549162859528699,169,0.12549806748101527
IM2504,5862.0,5975.4,5554.0,110834,12620303.804,107063,731.0,5554.0,5554.0,6171.0,2025-04-07,202504.zip,20250407_1.csv,IM,2025-04-18,5496.44,57.5600000000004,-0.010472232936227899,11,-0.343886470029791
IM2505,5791.0,5911.2,5496.8,12503,1408453.936,15045,2516.0,5496.8,5496.8,6107.4,2025-04-07,202504.zip,20250407_1.csv,IM,2025-05-16,5496.44,0.3600000000005821,-6.549693983748384e-05,39,-0.0006129440345720161
IM2506,5749.0,5838.8,5432.6,194726,21684042.812,166036,-14803.0,5432.6,5432.6,6036.2,2025-04-07,202504.zip,20250407_1.csv,IM,2025-06-20,5496.44,-63.839999999999236,0.011614790664502661,74,0.05796239120982223
IM2509,5700.0,5700.0,5277.6,38142,4119154.612,70909,3113.0,5277.6,5277.6,5864.0,2025-04-07,202504.zip,20250407_1.csv,IM,2025-09-19,5496.44,-218.83999999999924,0.03981486198339279,165,0.09172741512441339
IM2504,5580.0,5624.0,5339.2,145399,15922788.96,113999,6936.0,5462.4,5414.0,5554.0,2025-04-08,202504.zip,20250408_1.csv,IM,2025-04-18,5530.02,-67.6200000000008,0.012227803877743804,10,0.45183985061512305
IM2505,5503.0,5573.4,5278.0,16170,1750207.56,17914,2869.0,5394.0,5340.2,5496.8,2025-04-08,202504.zip,20250408_1.csv,IM,2025-05-16,5530.02,-136.02000000000044,0.024596656069960088,38,0.24221503424858057
IM2506,5500.0,5500.2,5202.0,277947,29694043.732,191362,25326.0,5313.6,5270.4,5432.6,2025-04-08,202504.zip,20250408_1.csv,IM,2025-06-20,5530.02,-216.42000000000007,0.03913548233098618,73,0.20364724480578134
IM2509,5295.0,5337.0,5044.4,49628,5139454.68,77086,6177.0,5157.4,5108.6,5277.6,2025-04-08,202504.zip,20250408_1.csv,IM,2025-09-19,5530.02,-372.6200000000008,0.06738131145999482,164,0.16079937707315192
IM2504,5401.2,5643.8,5186.2,141240,15422834.016,106818,-7181.0,5594.2,5610.0,5414.0,2025-04-09,202504.zip,20250409_1.csv,IM,2025-04-18,5652.33,-58.13000000000011,0.010284254457896158,9,0.4214176190419456
IM2505,5312.2,5573.4,5128.0,18021,1944321.148,19651,1737.0,5514.0,5535.6,5340.2,2025-04-09,202504.zip,20250409_1.csv,IM,2025-05-16,5652.33,-138.32999999999993,0.024473093396882306,37,0.24748036937917273
IM2506,5202.2,5488.0,5053.2,307215,32641643.0,184548,-6814.0,5429.6,5451.0,5270.4,2025-04-09,202504.zip,20250409_1.csv,IM,2025-06-20,5652.33,-222.72999999999956,0.0394049887391571,72,0.2079559011918206
IM2509,5067.0,5328.0,4900.0,49440,5090944.844,77135,49.0,5274.4,5293.8,5108.6,2025-04-09,202504.zip,20250409_1.csv,IM,2025-09-19,5652.33,-377.9300000000003,0.06686269202258188,163,0.1604514199387902
IM2504,5750.0,5865.8,5720.0,96804,11205316.688,92361,-14457.0,5744.8,5767.0,5610.0,2025-04-10,202504.zip,20250410_1.csv,IM,2025-04-18,5784.59,-39.789999999999964,0.006878620610968111,8,0.31601078366522495
IM2505,5689.8,5791.2,5640.0,14381,1642299.912,20103,452.0,5666.2,5689.4,5535.6,2025-04-10,202504.zip,20250410_1.csv,IM,2025-05-16,5784.59,-118.39000000000033,0.020466446195841037,36,0.21184269096670738
IM2506,5550.4,5701.2,5549.0,222566,25035422.392,174420,-10128.0,5578.2,5598.0,5451.0,2025-04-10,202504.zip,20250410_1.csv,IM,2025-06-20,5784.59,-206.39000000000033,0.035679278911729284,71,0.19020813418029278
IM2509,5395.0,5542.8,5395.0,35576,3890156.372,72984,-4151.0,5419.0,5440.6,5293.8,2025-04-10,202504.zip,20250410_1.csv,IM,2025-09-19,5784.59,-365.59000000000015,0.0632006762795635,162,0.15200329658563036
IM2504,5722.0,5913.0,5713.6,81375,9473861.812,86117,-6244.0,5835.0,5851.6,5767.0,2025-04-11,202504.zip,20250411_1.csv,IM,2025-04-18,5862.19,-27.1899999999996,0.004638198352492795,7,0.24297588444117224
IM2505,5650.0,5839.0,5632.0,14348,1649388.98,22132,2029.0,5763.2,5779.0,5689.4,2025-04-11,202504.zip,20250411_1.csv,IM,2025-05-16,5862.19,-98.98999999999978,0.016886180761797154,35,0.17912345324026327
IM2506,5555.0,5746.6,5545.0,192909,21797306.96,173299,-1121.0,5672.2,5685.4,5598.0,2025-04-11,202504.zip,20250411_1.csv,IM,2025-06-20,5862.19,-189.98999999999978,0.03240938966495455,70,0.17465218836732505
IM2509,5391.0,5578.2,5389.0,29006,3182580.044,73273,289.0,5511.0,5520.4,5440.6,2025-04-11,202504.zip,20250411_1.csv,IM,2025-09-19,5862.19,-351.1899999999996,0.059907645436261814,161,0.14447034784186552
IM2504,5898.6,5951.4,5875.4,61023,7206506.52,70795,-15322.0,5879.8,5891.4,5851.6,2025-04-14,202504.zip,20250414_1.csv,IM,2025-04-18,5938.53,-58.72999999999956,0.009889652826541195,4,0.9114446919963121
IM2505,5865.8,5867.4,5790.4,15822,1841906.332,27006,4874.0,5794.0,5804.0,5779.0,2025-04-14,202504.zip,20250414_1.csv,IM,2025-05-16,5938.53,-144.52999999999975,0.024337672791077902,32,0.2845262879703139
IM2506,5733.0,5769.8,5690.0,133293,15258459.724,162218,-11081.0,5693.0,5702.0,5685.4,2025-04-14,202504.zip,20250414_1.csv,IM,2025-06-20,5938.53,-245.52999999999975,0.041345248740008,67,0.23495324187074393
IM2509,5575.0,5601.8,5522.8,23757,2640640.744,73695,422.0,5522.8,5534.2,5520.4,2025-04-14,202504.zip,20250414_1.csv,IM,2025-09-19,5938.53,-415.72999999999956,0.07000554009157145,158,0.173895292976503
IM2504,5887.8,5913.0,5842.6,55619,6531233.544,61041,-9754.0,5888.0,5879.4,5891.4,2025-04-15,202504.zip,20250415_1.csv,IM,2025-04-18,5914.03,-26.029999999999745,0.004401398031460779,3,0.5378708106883981
IM2505,5805.6,5828.2,5747.8,22011,2543551.592,33322,6316.0,5793.0,5782.8,5804.0,2025-04-15,202504.zip,20250415_1.csv,IM,2025-05-16,5914.03,-121.02999999999975,0.020464894496646013,31,0.24599182550686757
IM2506,5689.8,5722.0,5637.0,126870,14389164.732,164742,2524.0,5680.4,5673.2,5702.0,2025-04-15,202504.zip,20250415_1.csv,IM,2025-06-20,5914.03,-233.6300000000001,0.039504365043802614,66,0.22745663984397207
IM2509,5530.0,5550.2,5465.0,21222,2334237.616,73212,-483.0,5508.8,5500.4,5534.2,2025-04-15,202504.zip,20250415_1.csv,IM,2025-09-19,5914.03,-405.22999999999956,0.06852011234302158,157,0.17101641426988362
IM2504,5876.6,5879.4,5756.0,64059,7450637.108,50652,-10389.0,5819.8,5807.6,5879.4,2025-04-16,202504.zip,20250416_1.csv,IM,2025-04-18,5835.35,-15.550000000000182,0.002664793028695822,2,0.48762414515963304
IM2505,5780.0,5780.0,5653.0,36696,4189413.436,47601,14279.0,5713.8,5700.2,5782.8,2025-04-16,202504.zip,20250416_1.csv,IM,2025-05-16,5835.35,-121.55000000000018,0.0208299416487443,30,0.25882220822103214
IM2506,5660.0,5667.8,5554.6,156339,17517610.76,171071,6329.0,5603.0,5594.4,5673.2,2025-04-16,202504.zip,20250416_1.csv,IM,2025-06-20,5835.35,-232.35000000000036,0.039817663036493145,65,0.23286357583162853
IM2509,5480.8,5498.2,5388.2,28321,3076229.372,78229,5017.0,5434.4,5427.2,5500.4,2025-04-16,202504.zip,20250416_1.csv,IM,2025-09-19,5835.35,-400.9500000000007,0.0687105315019666,156,0.17262626827390204
IM2504,5798.8,5905.0,5795.8,44139,5181009.528,29741,-20911.0,5845.8,5859.2,5807.6,2025-04-17,202504.zip,20250417_1.csv,IM,2025-04-18,5839.56,6.239999999999782,-0.0010685736596591777,1,-0.38961305552702274
IM2505,5700.2,5816.6,5687.8,39973,4618661.768,55797,8196.0,5749.8,5768.2,5700.2,2025-04-17,202504.zip,20250417_1.csv,IM,2025-05-16,5839.56,-89.76000000000022,0.015371021104329863,29,0.19648299611020922
IM2506,5588.0,5715.0,5578.0,156019,17708660.504,168300,-2771.0,5653.8,5672.6,5594.4,2025-04-17,202504.zip,20250417_1.csv,IM,2025-06-20,5839.56,-185.76000000000022,0.0318106158683189,64,0.1873806112702969
IM2509,5409.2,5545.8,5409.2,26102,2873835.552,74750,-3479.0,5488.0,5505.2,5427.2,2025-04-17,202504.zip,20250417_1.csv,IM,2025-09-19,5839.56,-351.5600000000004,0.06020316599195841,155,0.15085041850841743
IM2504,5844.6,5860.0,5793.4,22683,2638464.696,0,-29741.0,5826.4,5826.48,5859.2,2025-04-18,202504.zip,20250418_1.csv,IM,2025-04-18,5831.69,-5.289999999999964,0.0009071126894605319,0,
IM2505,5737.0,5797.0,5692.2,50741,5820983.56,70923,15126.0,5738.2,5766.2,5768.2,2025-04-18,202504.zip,20250418_1.csv,IM,2025-05-16,5831.69,-93.48999999999978,0.016031373409766236,28,0.2123852303111487
IM2506,5649.0,5699.0,5593.8,150566,16984659.324,168687,387.0,5642.0,5670.4,5672.6,2025-04-18,202504.zip,20250418_1.csv,IM,2025-06-20,5831.69,-189.6899999999996,0.032527449161392274,63,0.1947886598808251
IM2509,5480.0,5533.0,5430.0,24106,2639541.264,76674,1924.0,5477.0,5503.8,5505.2,2025-04-18,202504.zip,20250418_1.csv,IM,2025-09-19,5831.69,-354.6899999999996,0.06082113418237245,154,0.15348938536358642
IM2505,5734.0,5883.6,5701.6,52420,6110095.94,68284,-2639.0,5867.4,5869.6,5766.2,2025-04-21,202504.zip,20250421_1.csv,IM,2025-05-16,5952.64,-85.24000000000069,0.014319696806795124,25,0.21210485053004802
IM2506,5627.6,5783.0,5603.6,137318,15734603.64,166314,-2373.0,5770.0,5770.0,5670.4,2025-04-21,202504.zip,20250421_1.csv,IM,2025-06-20,5952.64,-182.64000000000033,0.030682184711321447,60,0.19255805892547653
IM2509,5472.0,5612.8,5440.8,25031,2784358.656,75346,-1328.0,5601.2,5600.8,5503.8,2025-04-21,202504.zip,20250421_1.csv,IM,2025-09-19,5952.64,-351.4400000000005,0.05903935060746168,151,0.15166522973081
IM2512,5333.0,5478.0,5292.4,7400,803584.768,7159,7159.0,5470.6,5465.0,5503.8,2025-04-21,202504.zip,20250421_1.csv,IM,2025-12-19,5952.64,-482.03999999999996,0.08097919578539936,242,0.132900194065165
IM2505,5870.0,5904.8,5835.2,42827,5025662.456,67656,-628.0,5870.0,5882.6,5869.6,2025-04-22,202504.zip,20250422_1.csv,IM,2025-05-16,5949.31,-79.3100000000004,0.013330957707700652,24,0.2054809057353776
IM2506,5770.2,5802.8,5732.2,130317,15028108.584,163968,-2346.0,5769.6,5782.6,5770.0,2025-04-22,202504.zip,20250422_1.csv,IM,2025-06-20,5949.31,-179.71000000000004,0.03020686432544284,59,0.1926936450078494
IM2509,5599.0,5632.8,5565.0,22046,2467919.816,73398,-1948.0,5599.6,5613.6,5600.8,2025-04-22,202504.zip,20250422_1.csv,IM,2025-09-19,5949.31,-349.71000000000004,0.05878160660648046,150,0.15196817629830683
IM2512,5475.2,5497.0,5429.8,7388,806776.884,8711,1552.0,5465.6,5475.4,5465.0,2025-04-22,202504.zip,20250422_1.csv,IM,2025-12-19,5949.31,-483.71000000000004,0.08130522699271003,241,0.13403648895361833
IM2505,5918.8,5974.4,5890.8,48928,5802004.4,67895,239.0,5915.8,5919.4,5882.6,2025-04-23,202504.zip,20250423_1.csv,IM,2025-05-16,5984.58,-68.77999999999975,0.011492870009257028,23,0.18450736935869483
IM2506,5840.0,5873.2,5791.8,146296,17054699.116,166689,2721.0,5820.0,5821.6,5782.6,2025-04-23,202504.zip,20250423_1.csv,IM,2025-06-20,5984.58,-164.57999999999993,0.027500676739219743,58,0.17795858514042007
IM2509,5640.0,5705.0,5626.0,22679,2567855.92,72127,-1271.0,5652.2,5656.2,5613.6,2025-04-23,202504.zip,20250423_1.csv,IM,2025-09-19,5984.58,-332.3800000000001,0.0555394029322025,149,0.14405354783752344
IM2512,5511.6,5569.6,5496.0,7403,818495.14,12591,3880.0,5525.0,5529.8,5475.4,2025-04-23,202504.zip,20250423_1.csv,IM,2025-12-19,5984.58,-459.5799999999999,0.07679402731687102,240,0.12650580693815996
IM2505,5910.2,5923.2,5831.2,44305,5206753.464,66410,-1485.0,5866.0,5862.2,5919.4,2025-04-24,202504.zip,20250424_1.csv,IM,2025-05-16,5920.48,-54.47999999999956,0.009201956598113625,22,0.15408672473111384
IM2506,5805.0,5823.0,5730.8,135094,15603366.064,163863,-2826.0,5767.4,5761.6,5821.6,2025-04-24,202504.zip,20250424_1.csv,IM,2025-06-20,5920.48,-153.07999999999993,0.025856011674729062,57,0.16996378312706228
IM2509,5660.2,5660.2,5568.4,22261,2498187.444,72504,377.0,5604.0,5599.2,5656.2,2025-04-24,202504.zip,20250424_1.csv,IM,2025-09-19,5920.48,-316.47999999999956,0.05345512526011398,148,0.13927696433049752
IM2512,5527.8,5527.8,5440.8,7381,809605.432,13693,1102.0,5474.2,5471.0,5529.8,2025-04-24,202504.zip,20250424_1.csv,IM,2025-12-19,5920.48,-446.27999999999975,0.07537902332243329,239,0.1245035479477791
IM2505,5883.0,5939.8,5842.0,46320,5460761.448,67109,699.0,5885.0,5884.2,5862.2,2025-04-25,202504.zip,20250425_1.csv,IM,2025-05-16,5939.5,-54.5,0.009175856553581996,21,0.16096209086863134
IM2506,5788.0,5840.0,5744.0,147686,17115874.144,167733,3870.0,5786.6,5785.0,5761.6,2025-04-25,202504.zip,20250425_1.csv,IM,2025-06-20,5939.5,-152.89999999999964,0.025742907652159253,56,0.17222209192666743
IM2509,5615.0,5676.0,5582.6,24444,2752821.776,71809,-695.0,5624.8,5623.8,5599.2,2025-04-25,202504.zip,20250425_1.csv,IM,2025-09-19,5939.5,-314.6999999999998,0.0529842579341695,147,0.13892013212623955
IM2512,5491.4,5549.2,5454.0,7632,840345.2,16107,2414.0,5500.0,5497.4,5471.0,2025-04-25,202504.zip,20250425_1.csv,IM,2025-12-19,5939.5,-439.5,0.07399612762017005,238,0.12254965622612685
IM2505,5885.2,5893.4,5797.2,41309,4819669.38,68029,920.0,5828.2,5833.0,5884.2,2025-04-28,202504.zip,20250428_1.csv,IM,2025-05-16,5877.06,-48.86000000000058,0.008313680649848831,18,0.16999626337844317
IM2506,5780.0,5794.6,5700.0,120927,13866666.684,159258,-8475.0,5729.0,5733.2,5785.0,2025-04-28,202504.zip,20250428_1.csv,IM,2025-06-20,5877.06,-148.0600000000004,0.0251928685431152,53,0.1779819323731965
IM2509,5610.4,5630.0,5542.8,19161,2136577.68,71488,-321.0,5571.4,5574.6,5623.8,2025-04-28,202504.zip,20250428_1.csv,IM,2025-09-19,5877.06,-305.66000000000076,0.0520089976961271,144,0.13906077367348363
IM2512,5495.0,5504.0,5420.8,6463,704283.088,16736,629.0,5445.8,5447.8,5497.4,2025-04-28,202504.zip,20250428_1.csv,IM,2025-12-19,5877.06,-431.2600000000002,0.07338022752873041,235,0.1229992584564485
IM2505,5814.8,5884.4,5795.2,38130,4462991.872,63293,-4736.0,5868.0,5864.8,5833.0,2025-04-29,202504.zip,20250429_1.csv,IM,2025-05-16,5903.38,-35.38000000000011,0.00599317679024558,17,0.12945286499057782
IM2506,5719.0,5787.6,5700.0,116166,13372787.084,159461,203.0,5773.6,5769.0,5733.2,2025-04-29,202504.zip,20250429_1.csv,IM,2025-06-20,5903.38,-129.77999999999975,0.021984015936632906,52,0.1577795083190322
IM2509,5560.2,5627.8,5543.6,18463,2066493.86,69978,-1510.0,5610.0,5607.0,5574.6,2025-04-29,202504.zip,20250429_1.csv,IM,2025-09-19,5903.38,-293.3800000000001,0.04969695327083812,143,0.13348254241302346
IM2512,5440.0,5499.2,5416.8,6083,665528.288,17620,884.0,5478.2,5478.4,5447.8,2025-04-29,202504.zip,20250429_1.csv,IM,2025-12-19,5903.38,-425.1800000000003,0.07202314606208648,234,0.12106314476618603
IM2505,5875.6,5932.8,5870.2,36606,4327484.224,61187,-2106.0,5905.4,5914.8,5864.8,2025-04-30,202504.zip,20250430_1.csv,IM,2025-05-16,5950.12,-44.720000000000255,0.007515814807096399,16,0.17275290412165462
IM2506,5785.0,5833.0,5775.0,108819,12649381.336,153214,-6247.0,5801.4,5814.0,5769.0,2025-04-30,202504.zip,20250430_1.csv,IM,2025-06-20,5950.12,-148.72000000000025,0.024994453893366853,51,0.18346754704915696
IM2509,5610.6,5663.6,5610.6,20491,2312948.004,69465,-513.0,5627.6,5640.2,5607.0,2025-04-30,202504.zip,20250430_1.csv,IM,2025-09-19,5950.12,-322.5199999999995,0.05420394882792268,142,0.14731194044643148
IM2512,5490.0,5533.8,5485.0,6528,719913.544,18314,694.0,5500.6,5510.6,5478.4,2025-04-30,202504.zip,20250430_1.csv,IM,2025-12-19,5950.12,-449.5199999999995,0.0755480561736569,233,0.12801943260501117
IM2505,5955.0,6063.0,5954.0,38439,4628850.952,60416,-771.0,6059.6,6052.0,5914.8,2025-05-06,202505.zip,20250506_1.csv,IM,2025-05-16,6102.92,-43.31999999999971,0.007098241497512592,10,0.26093801571061004
IM2506,5855.0,5955.0,5852.0,107389,12712410.052,160100,6886.0,5953.2,5947.8,5814.0,2025-05-06,202505.zip,20250506_1.csv,IM,2025-06-20,6102.92,-149.72000000000025,0.024532518859824548,45,0.20399038425645943
IM2509,5678.0,5775.4,5678.0,21597,2480056.164,69401,-64.0,5774.0,5768.4,5640.2,2025-05-06,202505.zip,20250506_1.csv,IM,2025-09-19,6102.92,-328.9200000000001,0.05389551231213907,136,0.1528859084333424
IM2512,5536.0,5641.8,5536.0,7833,879164.932,20886,2572.0,5640.0,5632.6,5510.6,2025-05-06,202505.zip,20250506_1.csv,IM,2025-12-19,6102.92,-462.9200000000001,0.07585221500527617,227,0.13197566157403057
IM2505,6161.0,6190.6,6026.2,51450,6273633.516,66811,6395.0,6065.2,6052.4,6052.0,2025-05-07,202505.zip,20250507_1.csv,IM,2025-05-16,6111.49,-46.289999999999964,0.007574257668751749,9,0.30952263184506534
IM2506,6015.0,6090.0,5920.4,158085,18944629.604,174521,14421.0,5955.2,5945.0,5947.8,2025-05-07,202505.zip,20250507_1.csv,IM,2025-06-20,6111.49,-156.28999999999996,0.025573141737939564,44,0.2177083206120856
IM2509,5865.0,5911.0,5744.0,28412,3305790.888,73780,4379.0,5774.0,5766.4,5768.4,2025-05-07,202505.zip,20250507_1.csv,IM,2025-09-19,6111.49,-337.4899999999998,0.05522221258645599,135,0.15803134100501628
IM2512,5720.2,5775.0,5610.6,9616,1092048.648,23287,2401.0,5640.0,5634.6,5632.6,2025-05-07,202505.zip,20250507_1.csv,IM,2025-12-19,6111.49,-471.4899999999998,0.07714812590710285,226,0.135013690139961
IM2505,6062.6,6147.0,6055.0,39672,4851051.932,58969,-7842.0,6127.6,6123.4,6052.4,2025-05-08,202505.zip,20250508_1.csv,IM,2025-05-16,6158.08,-30.479999999999563,0.0049495946788609135,8,0.22694856061099902
IM2506,5945.0,6042.8,5945.0,125065,15028031.044,165679,-8842.0,6018.8,6015.6,5945.0,2025-05-08,202505.zip,20250508_1.csv,IM,2025-06-20,6158.08,-139.27999999999975,0.022617439201829126,43,0.1964279366512064
IM2509,5765.2,5858.0,5765.0,23819,2775643.556,71644,-2136.0,5830.0,5828.8,5766.4,2025-05-08,202505.zip,20250508_1.csv,IM,2025-09-19,6158.08,-328.0799999999999,0.05327634587403862,134,0.15328486213870612
IM2512,5634.6,5721.6,5630.0,9124,1038178.736,24515,1228.0,5692.2,5688.4,5634.6,2025-05-08,202505.zip,20250508_1.csv,IM,2025-12-19,6158.08,-465.8800000000001,0.07565345042610683,225,0.13277131669458025
IM2505,6112.0,6119.2,6022.2,39573,4797618.188,58057,-912.0,6056.2,6057.6,6123.4,2025-05-09,202505.zip,20250509_1.csv,IM,2025-05-16,6082.08,-25.88000000000011,0.004255123247310144,7,0.22282242047111758
IM2506,6012.8,6012.8,5911.6,124744,14845821.256,165673,-6.0,5945.2,5944.0,6015.6,2025-05-09,202505.zip,20250509_1.csv,IM,2025-06-20,6082.08,-136.8800000000001,0.022505458658879873,42,0.20008618397234404
IM2509,5820.0,5825.0,5729.6,23802,2745618.784,73420,1776.0,5759.6,5758.8,5828.8,2025-05-09,202505.zip,20250509_1.csv,IM,2025-09-19,6082.08,-322.47999999999956,0.0530213348065135,133,0.1536567650113546
IM2512,5684.0,5687.4,5593.4,8328,937370.16,26058,1543.0,5620.8,5620.0,5688.4,2025-05-09,202505.zip,20250509_1.csv,IM,2025-12-19,6082.08,-461.27999999999975,0.07584247494278273,224,0.133724609613273
IM2505,6119.6,6153.0,6084.4,40716,4984593.32,51530,-6527.0,6151.6,6137.2,6057.6,2025-05-12,202505.zip,20250512_1.csv,IM,2025-05-16,6167.46,-15.859999999999673,0.0025715610640359987,4,0.23525993237530213
IM2506,6002.0,6039.0,5975.2,134023,16106796.612,170704,5031.0,6037.0,6022.2,5944.0,2025-05-12,202505.zip,20250512_1.csv,IM,2025-06-20,6167.46,-130.46000000000004,0.02115295437668019,39,0.20224810251313394
IM2509,5825.0,5845.2,5789.6,29274,3407770.688,75460,2040.0,5843.4,5832.0,5758.8,2025-05-12,202505.zip,20250512_1.csv,IM,2025-09-19,6167.46,-324.0600000000004,0.05254351061863394,130,0.15570742533983115
IM2512,5665.8,5703.6,5647.6,8380,951803.492,27117,1059.0,5702.2,5690.2,5620.0,2025-05-12,202505.zip,20250512_1.csv,IM,2025-12-19,6167.46,-465.2600000000002,0.07543786258848861,221,0.13475778420680998
IM2505,6160.0,6190.0,6111.2,41265,5068274.256,46636,-4894.0,6126.8,6126.4,6137.2,2025-05-13,202505.zip,20250513_1.csv,IM,2025-05-16,6151.01,-24.210000000000036,0.003935938975875519,3,0.48076483645623114
IM2506,6075.4,6079.6,5981.0,132408,15934063.972,170058,-646.0,5996.6,5997.0,6022.2,2025-05-13,202505.zip,20250513_1.csv,IM,2025-06-20,6151.01,-154.40999999999985,0.025103194434735077,38,0.24733160194285606
IM2509,5883.0,5888.0,5790.0,28187,3283920.564,75785,325.0,5802.2,5804.0,5832.0,2025-05-13,202505.zip,20250513_1.csv,IM,2025-09-19,6151.01,-348.8100000000004,0.05670776018897716,129,0.1700980702588356
IM2512,5750.0,5750.0,5649.2,9188,1043985.364,29554,2437.0,5660.0,5660.6,5690.2,2025-05-13,202505.zip,20250513_1.csv,IM,2025-12-19,6151.01,-491.0100000000002,0.0798259147684689,220,0.14392760199164792
IM2505,6138.0,6204.4,6096.0,49231,6044768.008,39302,-7334.0,6156.6,6141.6,6126.4,2025-05-14,202505.zip,20250514_1.csv,IM,2025-05-16,6160.37,-3.769999999999527,0.0006119762287004615,2,0.11175405256144688
IM2506,6010.2,6101.8,5973.6,189515,22828820.904,196475,26417.0,6043.0,6026.0,5997.0,2025-05-14,202505.zip,20250514_1.csv,IM,2025-06-20,6160.37,-117.36999999999989,0.01905242704577803,37,0.19160006440330765
IM2509,5815.2,5905.4,5779.2,39828,4641524.284,82294,6509.0,5847.0,5828.8,5804.0,2025-05-14,202505.zip,20250514_1.csv,IM,2025-09-19,6160.37,-313.3699999999999,0.050868697821721764,128,0.15282950925688404
IM2512,5659.4,5757.4,5635.0,12916,1467466.94,32030,2476.0,5702.0,5684.0,5660.6,2025-05-14,202505.zip,20250514_1.csv,IM,2025-12-19,6160.37,-458.3699999999999,0.07440624507943516,219,0.1339793055068398
IM2505,6139.0,6143.8,6045.8,33911,4124346.892,23664,-15638.0,6058.2,6059.4,6141.6,2025-05-15,202505.zip,20250515_1.csv,IM,2025-05-16,6057.04,1.1599999999998545,-0.0001915126860645433,1,-0.06988874583209903
IM2506,6026.2,6029.8,5924.4,155023,18482466.424,187025,-9450.0,5949.0,5943.0,6026.0,2025-05-15,202505.zip,20250515_1.csv,IM,2025-06-20,6057.04,-108.03999999999996,0.017837095346902143,36,0.18413272071870096
IM2509,5833.0,5835.0,5725.0,32707,3770184.344,78852,-3442.0,5750.8,5744.0,5828.8,2025-05-15,202505.zip,20250515_1.csv,IM,2025-09-19,6057.04,-306.2399999999998,0.05055934912102278,127,0.15304628619968758
IM2512,5697.4,5697.4,5578.6,10403,1168845.948,32752,722.0,5604.6,5595.6,5684.0,2025-05-15,202505.zip,20250515_1.csv,IM,2025-12-19,6057.04,-452.4399999999996,0.07469655145087362,218,0.13516141884762412
IM2505,6054.6,6102.6,6042.0,20693,2515453.432,0,-23664.0,6081.4,6081.5,6059.4,2025-05-16,202505.zip,20250516_1.csv,IM,2025-05-16,6068.12,13.279999999999745,-0.0021884867141717113,0,
IM2506,5939.2,5992.2,5933.2,131868,15732517.684,188635,1610.0,5933.8,5948.8,5943.0,2025-05-16,202505.zip,20250516_1.csv,IM,2025-06-20,6068.12,-134.3199999999997,0.022135356584905952,35,0.23606554219651973
IM2509,5749.8,5786.0,5730.0,30839,3552943.524,81845,2993.0,5730.0,5741.8,5744.0,2025-05-16,202505.zip,20250516_1.csv,IM,2025-09-19,6068.12,-338.1199999999999,0.05572071745449991,126,0.17093797612122213
IM2512,5588.6,5640.2,5580.2,11185,1255246.62,34874,2122.0,5580.2,5590.8,5595.6,2025-05-16,202505.zip,20250516_1.csv,IM,2025-12-19,6068.12,-487.9200000000001,0.08040711126345557,217,0.14707267317937983
IM2506,5940.0,5976.8,5870.2,140984,16713535.24,192261,3626.0,5975.4,5966.6,5948.8,2025-05-19,202505.zip,20250519_1.csv,IM,2025-06-20,6095.34,-119.94000000000051,0.01967732726968474,32,0.228949630987048
IM2507,5845.8,5893.0,5787.2,4126,482109.484,4026,4026.0,5892.0,5883.2,5948.8,2025-05-19,202505.zip,20250519_1.csv,IM,2025-07-18,6095.34,-203.34000000000015,0.03335991101398772,60,0.20994314324507782
IM2509,5731.0,5754.0,5655.0,34550,3944210.788,84527,2682.0,5749.0,5741.8,5741.8,2025-05-19,202505.zip,20250519_1.csv,IM,2025-09-19,6095.34,-346.34000000000015,0.05682045628299659,123,0.17877142295514115
IM2512,5580.6,5593.2,5502.0,12298,1365296.12,36935,2061.0,5589.0,5581.0,5590.8,2025-05-19,202505.zip,20250519_1.csv,IM,2025-12-19,6095.34,-506.34000000000015,0.08307001742314624,214,0.15452089635348465
IM2506,5984.0,6028.0,5943.0,124540,14915575.332,184920,-7341.0,6019.4,6011.6,5966.6,2025-05-20,202505.zip,20250520_1.csv,IM,2025-06-20,6146.02,-126.6200000000008,0.020601950530587443,31,0.24767391884519774
IM2507,5894.0,5939.0,5853.2,4184,493278.824,4102,76.0,5926.0,5922.4,5883.2,2025-05-20,202505.zip,20250520_1.csv,IM,2025-07-18,6146.02,-220.02000000000044,0.03579877709477031,59,0.22968961828655135
IM2509,5755.0,5789.0,5708.4,31382,3607723.528,81198,-3329.0,5776.4,5768.2,5741.8,2025-05-20,202505.zip,20250520_1.csv,IM,2025-09-19,6146.02,-369.6200000000008,0.06013973270506778,122,0.19143936151735585
IM2512,5589.0,5621.0,5545.4,13244,1478820.668,38797,1862.0,5607.6,5597.8,5581.0,2025-05-20,202505.zip,20250520_1.csv,IM,2025-12-19,6146.02,-538.4200000000001,0.08760466122791666,213,0.16453466740476633
IM2506,6009.0,6018.0,5974.0,111291,13346719.268,180860,-4060.0,6000.6,5998.6,6011.6,2025-05-21,202505.zip,20250521_1.csv,IM,2025-06-20,6132.18,-131.57999999999993,0.021457295774096607,30,0.26678832116788376
IM2507,5919.0,5924.6,5883.8,3432,405386.66,5352,1250.0,5909.4,5909.0,5922.4,2025-05-21,202505.zip,20250521_1.csv,IM,2025-07-18,6132.18,-222.78000000000065,0.03632965764214369,58,0.237245335602075
IM2509,5764.8,5770.0,5733.0,25475,2931355.948,81560,362.0,5758.0,5755.0,5768.2,2025-05-21,202505.zip,20250521_1.csv,IM,2025-09-19,6132.18,-374.1800000000003,0.061019082936247804,121,0.19602723052942508
IM2512,5600.0,5603.4,5565.0,10480,1170408.564,38902,105.0,5591.0,5586.8,5597.8,2025-05-21,202505.zip,20250521_1.csv,IM,2025-12-19,6132.18,-541.1800000000003,0.08825246486567584,212,0.1666515086577821
IM2506,5986.0,6037.8,5930.0,148619,17742710.568,195203,14343.0,5950.0,5949.2,5998.6,2025-05-22,202505.zip,20250522_1.csv,IM,2025-06-20,6066.1,-116.10000000000036,0.01913915036019853,29,0.24558968414952315
IM2507,5899.6,5945.6,5840.0,4685,550782.796,6653,1301.0,5859.4,5858.8,5909.0,2025-05-22,202505.zip,20250522_1.csv,IM,2025-07-18,6066.1,-206.70000000000073,0.034074611364797947,57,0.2258943344297884
IM2509,5740.0,5786.8,5687.0,35004,4006596.36,86126,4566.0,5708.2,5706.8,5755.0,2025-05-22,202505.zip,20250522_1.csv,IM,2025-09-19,6066.1,-357.90000000000055,0.05900001648505637,120,0.19071029396307093
IM2512,5570.8,5620.4,5520.4,14611,1623044.868,42558,3656.0,5541.6,5540.2,5586.8,2025-05-22,202505.zip,20250522_1.csv,IM,2025-12-19,6066.1,-524.5,0.08646412027497075,211,0.16372715940166818
IM2506,5949.0,5998.0,5871.0,167101,19846785.764,194014,-1189.0,5872.0,5896.2,5949.2,2025-05-23,202505.zip,20250523_1.csv,IM,2025-06-20,5989.68,-117.68000000000029,0.01964712639072541,28,0.2612470805761012
IM2507,5860.0,5905.6,5780.0,7237,846057.648,9168,2515.0,5780.0,5804.0,5858.8,2025-05-23,202505.zip,20250523_1.csv,IM,2025-07-18,5989.68,-209.6800000000003,0.03500687849768269,56,0.23644710825506726
IM2509,5711.6,5751.0,5633.6,42159,4802311.104,87590,1464.0,5633.8,5657.0,5706.8,2025-05-23,202505.zip,20250523_1.csv,IM,2025-09-19,5989.68,-355.8800000000001,0.0594155280415648,119,0.19375283217053396
IM2512,5530.0,5584.0,5467.4,17278,1911835.132,45088,2530.0,5468.2,5492.4,5540.2,2025-05-23,202505.zip,20250523_1.csv,IM,2025-12-19,5989.68,-521.4800000000005,0.08706308183408806,210,0.16575507566692999
IM2506,5880.0,5941.4,5871.0,133893,15827248.004,181503,-12511.0,5925.0,5921.2,5896.2,2025-05-26,202505.zip,20250526_1.csv,IM,2025-06-20,6028.79,-103.78999999999996,0.017215726538824527,25,0.2557525738396619
IM2507,5780.0,5845.8,5779.4,6181,718824.596,9249,81.0,5833.4,5827.4,5804.0,2025-05-26,202505.zip,20250526_1.csv,IM,2025-07-18,6028.79,-195.39000000000033,0.03240948847115266,53,0.23067342842227415
IM2509,5651.8,5689.8,5620.2,32559,3686155.956,84096,-3494.0,5669.8,5667.2,5657.0,2025-05-26,202505.zip,20250526_1.csv,IM,2025-09-19,6028.79,-358.9899999999998,0.059545945372122766,116,0.1992275924103631
IM2512,5478.4,5520.2,5455.0,12771,1402488.284,43846,-1242.0,5495.0,5493.2,5492.4,2025-05-26,202505.zip,20250526_1.csv,IM,2025-12-19,6028.79,-533.79,0.08854015482377064,207,0.17128733631364476
IM2506,5918.0,5936.0,5861.2,140778,16603735.648,186517,5014.0,5915.0,5918.0,5921.2,2025-05-27,202505.zip,20250527_1.csv,IM,2025-06-20,6008.46,-93.46000000000004,0.015554734491034283,24,0.24029938010707294
IM2507,5816.2,5842.6,5769.4,6230,723242.744,10859,1610.0,5823.4,5824.2,5827.4,2025-05-27,202505.zip,20250527_1.csv,IM,2025-07-18,6008.46,-185.0600000000004,0.030799905466625477,52,0.22306193051376308
IM2509,5658.0,5685.4,5606.0,34062,3846009.748,85500,1404.0,5666.8,5668.0,5667.2,2025-05-27,202505.zip,20250527_1.csv,IM,2025-09-19,6008.46,-341.65999999999985,0.056863156282974336,115,0.19136004984025956
IM2512,5481.4,5508.0,5431.0,13993,1530331.784,46158,2312.0,5487.0,5490.0,5493.2,2025-05-27,202505.zip,20250527_1.csv,IM,2025-12-19,6008.46,-521.46,0.08678762944248608,206,0.16838821150079364
IM2506,5925.0,5944.8,5873.6,120232,14186425.448,175258,-11259.0,5899.0,5892.6,5918.0,2025-05-28,202505.zip,20250528_1.csv,IM,2025-06-20,5984.46,-85.46000000000004,0.014280319360477023,23,0.2299055845869244
IM2507,5829.8,5851.4,5783.0,5599,650340.352,11259,400.0,5809.2,5801.2,5824.2,2025-05-28,202505.zip,20250528_1.csv,IM,2025-07-18,5984.46,-175.26000000000022,0.029285850352412823,51,0.21591815821556984
IM2509,5675.0,5692.0,5628.2,27785,3140264.772,84794,-706.0,5655.0,5645.8,5668.0,2025-05-28,202505.zip,20250528_1.csv,IM,2025-09-19,5984.46,-329.46000000000004,0.055052586198253484,114,0.1865340406719717
IM2512,5493.4,5516.4,5456.4,11311,1238673.356,45731,-427.0,5481.2,5473.8,5490.0,2025-05-28,202505.zip,20250528_1.csv,IM,2025-12-19,5984.46,-503.2600000000002,0.08409447134745662,205,0.1634766643587039
IM2506,5914.8,6031.4,5906.0,166397,19922561.444,187832,12574.0,6031.0,6019.0,5892.6,2025-05-29,202505.zip,20250529_1.csv,IM,2025-06-20,6089.58,-58.57999999999993,0.009619711047395674,22,0.16114996759168473
IM2507,5815.4,5941.8,5815.4,7856,927101.912,13902,2643.0,5941.8,5928.8,5801.2,2025-05-29,202505.zip,20250529_1.csv,IM,2025-07-18,6089.58,-147.77999999999975,0.02426768348556052,50,0.18156013329294163
IM2509,5665.8,5791.0,5658.0,50589,5811622.856,93417,8623.0,5785.2,5774.2,5645.8,2025-05-29,202505.zip,20250529_1.csv,IM,2025-09-19,6089.58,-304.3800000000001,0.0499837427211729,113,0.16994647311816097
IM2512,5485.0,5638.4,5485.0,21657,2419645.972,49439,3708.0,5618.0,5607.6,5473.8,2025-05-29,202505.zip,20250529_1.csv,IM,2025-12-19,6089.58,-471.5799999999999,0.0774404802958496,204,0.15018838257980294
IM2506,6001.2,6004.2,5932.0,130165,15513936.428,168201,-19631.0,5966.0,5957.4,6019.0,2025-05-30,202505.zip,20250530_1.csv,IM,2025-06-20,6026.56,-60.5600000000004,0.010048850422131439,21,0.1764315246715523
IM2507,5930.6,5930.6,5843.0,6366,747421.472,13933,31.0,5877.2,5868.4,5928.8,2025-05-30,202505.zip,20250530_1.csv,IM,2025-07-18,6026.56,-149.36000000000058,0.024783624488929124,49,0.1893043612326849
IM2509,5750.0,5759.6,5688.4,36342,4153236.3,87400,-6017.0,5719.8,5710.4,5774.2,2025-05-30,202505.zip,20250530_1.csv,IM,2025-09-19,6026.56,-306.7600000000002,0.05090134338660868,112,0.1747803994145653
IM2512,5591.0,5593.4,5519.0,14735,1633879.336,48400,-1039.0,5551.2,5541.8,5607.6,2025-05-30,202505.zip,20250530_1.csv,IM,2025-12-19,6026.56,-475.3600000000006,0.07887750225667722,203,0.1539687509095805
IM2506,5951.0,6027.0,5940.8,112727,13524338.88,169461,1260.0,5998.0,6004.8,5957.4,2025-06-03,202506.zip,20250603_1.csv,IM,2025-06-20,6070.04,-72.03999999999996,0.01186812607495169,17,0.2578761547966955
IM2507,5860.0,5937.6,5848.8,5932,700817.872,14756,823.0,5909.8,5911.8,5868.4,2025-06-03,202506.zip,20250603_1.csv,IM,2025-07-18,6070.04,-160.23999999999978,0.026398508082319028,45,0.21992697628421243
IM2509,5708.2,5776.8,5694.0,32898,3781231.98,88249,849.0,5745.0,5751.8,5710.4,2025-06-03,202506.zip,20250603_1.csv,IM,2025-09-19,6070.04,-325.03999999999996,0.053548246799032584,108,0.19121232633852336
IM2512,5525.4,5601.0,5522.4,12930,1440541.32,48656,256.0,5569.2,5572.0,5541.8,2025-06-03,202506.zip,20250603_1.csv,IM,2025-12-19,6070.04,-500.84000000000015,0.08251016467766281,199,0.16494759223106867
IM2506,6007.6,6067.0,5992.0,100779,12176092.372,161713,-7748.0,6054.0,6051.8,6004.8,2025-06-04,202506.zip,20250604_1.csv,IM,2025-06-20,6123.17,-69.17000000000007,0.01129643632301569,16,0.2606443054179061
IM2507,5915.0,5975.2,5901.2,6346,755157.772,15374,618.0,5962.8,5959.4,5911.8,2025-06-04,202506.zip,20250604_1.csv,IM,2025-07-18,6123.17,-160.3699999999999,0.026190682277317134,44,0.22310693725339598
IM2509,5749.8,5810.8,5739.8,32368,3744270.032,89186,937.0,5796.6,5793.8,5751.8,2025-06-04,202506.zip,20250604_1.csv,IM,2025-09-19,6123.17,-326.5699999999997,0.05333348575982699,107,0.19218170432490037
IM2512,5569.0,5633.0,5560.2,12012,1346705.456,49216,560.0,5616.0,5613.4,5572.0,2025-06-04,202506.zip,20250604_1.csv,IM,2025-12-19,6123.17,-507.1700000000001,0.08282801228775294,198,0.16647695797001366
IM2506,6060.0,6119.0,6030.0,118336,14363239.532,166975,5262.0,6101.6,6100.8,6051.8,2025-06-05,202506.zip,20250605_1.csv,IM,2025-06-20,6167.01,-65.40999999999985,0.010606436506507944,15,0.26085671517853076
IM2507,5979.0,6026.0,5938.8,7976,953373.76,17522,2148.0,6008.8,6007.2,5959.4,2025-06-05,202506.zip,20250605_1.csv,IM,2025-07-18,6167.01,-158.21000000000004,0.025654247358120053,43,0.22349643004213962
IM2509,5804.8,5857.6,5771.4,39538,4593086.472,93401,4215.0,5841.0,5838.0,5793.8,2025-06-05,202506.zip,20250605_1.csv,IM,2025-09-19,6167.01,-326.0100000000002,0.05286354327299614,106,0.1921899681173746
IM2512,5626.8,5673.6,5593.2,14534,1635657.28,51594,2378.0,5657.6,5654.6,5613.4,2025-06-05,202506.zip,20250605_1.csv,IM,2025-12-19,6167.01,-509.40999999999985,0.08260242808103113,197,0.16682528115453524
IM2506,6095.0,6114.6,6077.2,88977,10840858.548,154557,-12418.0,6100.2,6094.2,6100.8,2025-06-06,202506.zip,20250606_1.csv,IM,2025-06-20,6152.84,-52.64000000000033,0.008555398807705061,14,0.22497623028753524
IM2507,6009.6,6021.0,5985.8,7173,860696.064,17977,455.0,6006.2,6000.8,6007.2,2025-06-06,202506.zip,20250606_1.csv,IM,2025-07-18,6152.84,-146.64000000000033,0.023832896678606996,42,0.21217598957268002
IM2509,5841.4,5850.8,5820.2,29244,3411606.612,91463,-1938.0,5840.8,5835.4,5838.0,2025-06-06,202506.zip,20250606_1.csv,IM,2025-09-19,6152.84,-312.03999999999996,0.0507147918684705,105,0.18571265514834878
IM2512,5651.2,5668.8,5640.0,9777,1105445.772,50606,-988.0,5661.0,5656.6,5654.6,2025-06-06,202506.zip,20250606_1.csv,IM,2025-12-19,6152.84,-491.84000000000015,0.07993706971089776,196,0.1617958895269822
IM2506,6120.0,6191.2,6108.0,105988,13058895.832,156512,1955.0,6167.8,6169.0,6094.2,2025-06-09,202506.zip,20250609_1.csv,IM,2025-06-20,6218.96,-51.159999999999854,0.008226455870434912,11,0.275232954729697
IM2507,6037.0,6099.2,6015.0,8567,1040058.748,20088,2111.0,6076.6,6077.0,6000.8,2025-06-09,202506.zip,20250609_1.csv,IM,2025-07-18,6218.96,-142.35999999999967,0.022891287289192985,39,0.2192580702602747
IM2509,5851.0,5938.6,5846.8,42021,4962826.516,95198,3735.0,5912.6,5914.8,5835.4,2025-06-09,202506.zip,20250609_1.csv,IM,2025-09-19,6218.96,-306.3599999999997,0.049262256068538735,102,0.18541559302068733
IM2512,5675.0,5763.0,5668.4,15657,1794510.408,52746,2140.0,5735.2,5739.6,5656.6,2025-06-09,202506.zip,20250609_1.csv,IM,2025-12-19,6218.96,-483.7600000000002,0.07778792595546524,193,0.15952066214855712
IM2506,6170.0,6174.0,6062.0,132573,16222380.86,158926,2414.0,6113.8,6105.6,6169.0,2025-06-10,202506.zip,20250610_1.csv,IM,2025-06-20,6161.69,-47.88999999999942,0.007772218336203118,10,0.28590810952271695
IM2507,6078.0,6082.6,5974.2,12185,1469064.836,23954,3866.0,6020.0,6015.0,6077.0,2025-06-10,202506.zip,20250610_1.csv,IM,2025-07-18,6161.69,-141.6899999999996,0.022995314597131555,38,0.22607470711662817
IM2509,5919.8,5920.0,5810.0,50857,5963425.676,100188,4990.0,5855.6,5849.6,5914.8,2025-06-10,202506.zip,20250610_1.csv,IM,2025-09-19,6161.69,-306.08999999999924,0.04967630633803377,101,0.18890751275414416
IM2512,5749.6,5749.6,5638.6,17144,1950836.036,55059,2313.0,5680.4,5674.4,5739.6,2025-06-10,202506.zip,20250610_1.csv,IM,2025-12-19,6161.69,-481.28999999999996,0.0781100639597253,192,0.1610718160252801
IM2506,6124.6,6196.6,6122.4,112327,13840698.212,144803,-14123.0,6144.0,6152.0,6105.6,2025-06-11,202506.zip,20250611_1.csv,IM,2025-06-20,6186.51,-42.51000000000022,0.006871402454695863,9,0.2806016710069459
IM2507,6029.8,6102.4,6029.8,14054,1705528.592,27098,3144.0,6051.2,6058.2,6015.0,2025-06-11,202506.zip,20250611_1.csv,IM,2025-07-18,6186.51,-135.3100000000004,0.021871782313452992,37,0.22058680342161438
IM2509,5864.6,5945.0,5864.6,43406,5127475.088,97936,-2252.0,5887.4,5896.4,5849.6,2025-06-11,202506.zip,20250611_1.csv,IM,2025-09-19,6186.51,-299.1100000000006,0.048348745900354206,100,0.1854386486394674
IM2512,5686.8,5772.0,5686.8,14896,1708251.412,54749,-310.0,5714.4,5722.6,5674.4,2025-06-11,202506.zip,20250611_1.csv,IM,2025-12-19,6186.51,-472.1100000000006,0.0763128161111839,191,0.15788179655255097
IM2506,6122.6,6174.6,6103.2,99982,12294041.36,142864,-1939.0,6156.8,6152.8,6152.0,2025-06-12,202506.zip,20250612_1.csv,IM,2025-06-20,6192.22,-35.42000000000007,0.005720081004873867,8,0.2624801033004155
IM2507,6044.6,6077.0,6008.2,10805,1307861.832,28509,1411.0,6059.8,6055.4,6058.2,2025-06-12,202506.zip,20250612_1.csv,IM,2025-07-18,6192.22,-132.42000000000007,0.02138489911534147,36,0.2215570920932481
IM2509,5871.0,5909.8,5842.0,35774,4211508.84,98695,759.0,5896.6,5890.8,5896.4,2025-06-12,202506.zip,20250612_1.csv,IM,2025-09-19,6192.22,-295.6199999999999,0.04774055185377779,99,0.1848373844608959
IM2512,5700.2,5733.2,5671.0,12429,1419596.396,56525,1776.0,5719.4,5713.2,5722.6,2025-06-12,202506.zip,20250612_1.csv,IM,2025-12-19,6192.22,-472.8200000000006,0.07635710617516833,190,0.15881248125033384
IM2506,6127.0,6149.8,6060.0,119917,14615680.832,141736,-1128.0,6084.2,6083.6,6152.8,2025-06-13,202506.zip,20250613_1.csv,IM,2025-06-20,6106.01,-21.8100000000004,0.003571890645446163,7,0.18691622798161198
IM2507,6050.0,6053.8,5964.4,15538,1863079.128,33689,5180.0,5989.0,5987.0,6055.4,2025-06-13,202506.zip,20250613_1.csv,IM,2025-07-18,6106.01,-117.01000000000022,0.019163086860322864,35,0.2037480619230503
IM2509,5870.6,5889.0,5802.8,47388,5529878.924,103234,4539.0,5826.2,5825.6,5890.8,2025-06-13,202506.zip,20250613_1.csv,IM,2025-09-19,6106.01,-279.8100000000004,0.045825342572318184,98,0.178872934296097
IM2512,5690.0,5710.0,5625.0,15181,1717476.912,58385,1860.0,5650.0,5648.2,5713.2,2025-06-13,202506.zip,20250613_1.csv,IM,2025-12-19,6106.01,-456.0100000000002,0.07468215741539896,189,0.15586800580605892
IM2506,6063.8,6142.0,6063.8,96721,11843084.876,124057,-17679.0,6127.4,6128.8,6083.6,2025-06-16,202506.zip,20250616_1.csv,IM,2025-06-20,6147.46,-20.0600000000004,0.0032631363197158647,4,0.29873600548356416
IM2507,5978.0,6047.2,5973.0,19903,2399912.612,40460,6771.0,6037.2,6035.0,5987.0,2025-06-16,202506.zip,20250616_1.csv,IM,2025-07-18,6147.46,-110.26000000000022,0.017935862941767855,32,0.20831728698734547
IM2509,5815.0,5884.0,5807.4,43340,5084333.12,102382,-852.0,5875.8,5874.0,5825.6,2025-06-16,202506.zip,20250616_1.csv,IM,2025-09-19,6147.46,-271.65999999999985,0.0441906088042866,95,0.17763475880551963
IM2512,5636.6,5703.6,5633.0,12864,1462983.664,57342,-1043.0,5697.0,5693.6,5648.2,2025-06-16,202506.zip,20250616_1.csv,IM,2025-12-19,6147.46,-450.46000000000004,0.0732757919530993,186,0.15516363073566364
IM2506,6135.0,6150.0,6100.0,97198,11902266.328,112030,-12027.0,6130.0,6118.0,6128.8,2025-06-17,202506.zip,20250617_1.csv,IM,2025-06-20,6141.47,-11.470000000000255,0.0018676310394742934,3,0.22765361609571802
IM2507,6053.8,6057.6,6010.6,23491,2832655.488,48964,8504.0,6038.6,6025.6,6035.0,2025-06-17,202506.zip,20250617_1.csv,IM,2025-07-18,6141.47,-102.86999999999989,0.01675006146736857,31,0.20057816221021202
IM2509,5884.2,5893.4,5850.0,47150,5533508.816,109766,7384.0,5877.6,5863.8,5874.0,2025-06-17,202506.zip,20250617_1.csv,IM,2025-09-19,6141.47,-263.8699999999999,0.042965283555891354,94,0.17432312436107922
IM2512,5705.0,5713.8,5669.0,12119,1378717.472,58996,1654.0,5699.6,5685.4,5693.6,2025-06-17,202506.zip,20250617_1.csv,IM,2025-12-19,6141.47,-441.8699999999999,0.0719485725730159,185,0.15295767555048898
IM2506,6125.0,6139.8,6078.8,87763,10722391.736,88005,-24025.0,6124.2,6121.2,6118.0,2025-06-18,202506.zip,20250618_1.csv,IM,2025-06-20,6135.39,-11.19000000000051,0.0018238449389526012,2,0.3334598804741834
IM2507,6035.4,6048.4,5991.4,29563,3559494.668,57912,8948.0,6035.8,6032.0,6025.6,2025-06-18,202506.zip,20250618_1.csv,IM,2025-07-18,6135.39,-99.59000000000015,0.016232056967853792,30,0.20074858897467385
IM2509,5865.4,5888.0,5831.6,57407,6725665.884,116613,6847.0,5870.0,5868.8,5863.8,2025-06-18,202506.zip,20250618_1.csv,IM,2025-09-19,6135.39,-265.3900000000003,0.043255603963236244,93,0.1774419776153579
IM2512,5692.2,5708.8,5653.0,13466,1529558.472,59458,462.0,5690.0,5689.8,5685.4,2025-06-18,202506.zip,20250618_1.csv,IM,2025-12-19,6135.39,-445.3900000000003,0.07259359225737894,184,0.1552756074730652
IM2506,6105.0,6131.8,6030.8,81581,9919940.088,56583,-31422.0,6050.4,6046.6,6121.2,2025-06-19,202506.zip,20250619_1.csv,IM,2025-06-20,6048.22,2.1799999999993815,-0.00036043662432905244,1,-0.1315119661509495
IM2507,6018.0,6044.6,5946.0,49175,5889212.344,79848,21936.0,5971.2,5962.6,6032.0,2025-06-19,202506.zip,20250619_1.csv,IM,2025-07-18,6048.22,-77.02000000000044,0.012734325140289271,29,0.16234419466312072
IM2509,5854.6,5878.2,5783.6,80368,9363547.996,136839,20226.0,5806.0,5800.4,5868.8,2025-06-19,202506.zip,20250619_1.csv,IM,2025-09-19,6048.22,-242.22000000000025,0.04004814639679122,92,0.16551524659647465
IM2512,5687.0,5696.0,5608.0,17290,1951987.156,63246,3788.0,5631.4,5623.6,5689.8,2025-06-19,202506.zip,20250619_1.csv,IM,2025-12-19,6048.22,-416.8200000000006,0.06891614392333623,183,0.14762977147458334
IM2506,6056.6,6093.0,6008.8,45294,5465558.272,0,-56583.0,6015.0,6015.31,6046.6,2025-06-20,202506.zip,20250620_1.csv,IM,2025-06-20,5999.59,15.409999999999854,-0.002568508848104667,0,
IM2507,5969.0,5988.8,5934.0,63458,7558750.48,96496,16648.0,5934.8,5941.6,5962.6,2025-06-20,202506.zip,20250620_1.csv,IM,2025-07-18,5999.59,-64.78999999999996,0.01079907126987012,28,0.14231042808037728
IM2509,5812.0,5826.0,5780.4,84705,9824760.816,146127,9288.0,5787.8,5792.8,5800.4,2025-06-20,202506.zip,20250620_1.csv,IM,2025-09-19,5999.59,-211.78999999999996,0.03530074555094598,91,0.14677206583457686
IM2512,5632.6,5649.8,5608.8,18504,2082758.504,64979,1733.0,5619.4,5626.0,5623.6,2025-06-20,202506.zip,20250620_1.csv,IM,2025-12-19,5999.59,-380.1900000000005,0.0633693302375663,182,0.13568511870376854
IM2507,5916.8,6014.6,5912.4,61615,7360884.92,98395,1899.0,6001.4,6005.2,5941.6,2025-06-23,202506.zip,20250623_1.csv,IM,2025-07-18,6078.22,-76.82000000000062,0.012638568528286376,25,0.18688506015263112
IM2508,5846.0,5941.2,5816.6,3300,389568.748,3252,3252.0,5929.6,5930.8,5941.6,2025-06-23,202506.zip,20250623_1.csv,IM,2025-08-15,6078.22,-148.6199999999999,0.02445123736883492,53,0.1726111532547938
IM2509,5770.0,5866.8,5765.0,99867,11633310.172,153037,6910.0,5851.2,5856.2,5792.8,2025-06-23,202506.zip,20250623_1.csv,IM,2025-09-19,6078.22,-227.02000000000044,0.03734975042035338,88,0.16092716800904874
IM2512,5575.0,5692.0,5575.0,18379,2077722.652,65156,177.0,5676.0,5682.4,5626.0,2025-06-23,202506.zip,20250623_1.csv,IM,2025-12-19,6078.22,-402.22000000000025,0.06617397856609342,179,0.14449775788284308
IM2507,6021.0,6142.2,6020.0,66035,8058846.196,97333,-1062.0,6134.2,6128.0,6005.2,2025-06-24,202506.zip,20250624_1.csv,IM,2025-07-18,6194.67,-60.470000000000255,0.009761617648720633,24,0.14992141056155214
IM2508,5939.8,6077.0,5939.8,3891,469966.036,4015,763.0,6065.6,6059.8,5930.8,2025-06-24,202506.zip,20250624_1.csv,IM,2025-08-15,6194.67,-129.0699999999997,0.020835653876639104,52,0.14936232448308748
IM2509,5869.0,6003.4,5866.8,120129,14314700.22,156132,3095.0,5995.0,5988.6,5856.2,2025-06-24,202506.zip,20250624_1.csv,IM,2025-09-19,6194.67,-199.67000000000007,0.03223254830362232,87,0.1397324398684725
IM2512,5689.8,5829.2,5689.8,23581,2729054.66,67440,2284.0,5819.0,5811.2,5682.4,2025-06-24,202506.zip,20250624_1.csv,IM,2025-12-19,6194.67,-375.6700000000001,0.060644069821314095,178,0.13238263456982258
IM2507,6140.0,6252.8,6135.8,74258,9191392.48,98805,1472.0,6239.0,6227.8,6128.0,2025-06-25,202506.zip,20250625_1.csv,IM,2025-07-18,6276.16,-37.159999999999854,0.00592081782491205,23,0.09452044293608951
IM2508,6068.6,6193.8,6068.2,6158,754655.744,6869,2854.0,6179.0,6170.6,6059.8,2025-06-25,202506.zip,20250625_1.csv,IM,2025-08-15,6276.16,-97.15999999999985,0.015480803548666655,51,0.1125361359951006
IM2509,5995.0,6133.0,5994.8,139775,16924899.308,170051,13919.0,6119.6,6101.4,5988.6,2025-06-25,202506.zip,20250625_1.csv,IM,2025-09-19,6276.16,-156.5599999999995,0.024945189415183755,86,0.1085805881825375
IM2512,5829.0,5962.6,5819.0,27195,3199831.82,69352,1912.0,5948.0,5930.8,5811.2,2025-06-25,202506.zip,20250625_1.csv,IM,2025-12-19,6276.16,-328.15999999999985,0.052286748585122056,177,0.11377170885907639
IM2507,6227.2,6264.8,6208.0,57286,7139308.628,93042,-5763.0,6211.8,6218.0,6227.8,2025-06-26,202506.zip,20250626_1.csv,IM,2025-07-18,6247.79,-35.98999999999978,0.005760436890484444,22,0.09612460449174524
IM2508,6165.4,6209.4,6152.8,5121,632663.48,6259,-610.0,6156.6,6163.8,6170.6,2025-06-26,202506.zip,20250626_1.csv,IM,2025-08-15,6247.79,-91.1899999999996,0.014595560990366074,50,0.10812575122632496
IM2509,6105.0,6147.8,6090.6,106191,12986604.58,161694,-8357.0,6097.8,6104.8,6101.4,2025-06-26,202506.zip,20250626_1.csv,IM,2025-09-19,6247.79,-149.98999999999978,0.024006888835892304,85,0.10562411129954279
IM2512,5948.2,5975.6,5918.8,22705,2699810.38,68044,-1308.0,5933.4,5941.6,5930.8,2025-06-26,202506.zip,20250626_1.csv,IM,2025-12-19,6247.79,-314.3900000000003,0.05032019322032277,176,0.10988674093038804
IM2507,6235.0,6287.8,6215.0,55188,6897829.276,92379,-663.0,6230.2,6234.6,6218.0,2025-06-27,202506.zip,20250627_1.csv,IM,2025-07-18,6276.94,-46.73999999999978,0.00744630345359365,21,0.13039480502804288
IM2508,6177.4,6234.0,6163.4,4157,515101.636,6821,562.0,6174.0,6178.2,6163.8,2025-06-27,202506.zip,20250627_1.csv,IM,2025-08-15,6276.94,-102.9399999999996,0.01639971068705448,49,0.12419792017876037
IM2509,6120.0,6174.4,6100.6,113010,13863709.652,167757,6063.0,6110.8,6118.8,6104.8,2025-06-27,202506.zip,20250627_1.csv,IM,2025-09-19,6276.94,-166.13999999999942,0.026468310992298738,84,0.11813802728658386
IM2512,5962.4,6007.8,5938.8,21753,2597329.58,69853,1809.0,5943.0,5952.6,5941.6,2025-06-27,202506.zip,20250627_1.csv,IM,2025-12-19,6276.94,-333.9399999999996,0.053201082055906124,175,0.11719727891156448
IM2507,6267.0,6306.6,6243.0,53137,6672718.7,82875,-9504.0,6283.0,6289.4,6234.6,2025-06-30,202506.zip,20250630_1.csv,IM,2025-07-18,6356.18,-73.18000000000029,0.011513204471868321,18,0.23618140661750647
IM2508,6185.4,6242.0,6183.0,4220,524546.448,7270,449.0,6220.6,6224.4,6178.2,2025-06-30,202506.zip,20250630_1.csv,IM,2025-08-15,6356.18,-135.57999999999993,0.021330421731291405,46,0.1729411674254829
IM2509,6140.4,6173.6,6119.0,94541,11627531.78,158728,-9029.0,6148.6,6155.6,6118.8,2025-06-30,202506.zip,20250630_1.csv,IM,2025-09-19,6356.18,-207.57999999999993,0.032657980107548834,81,0.1521307871750787
IM2512,5955.4,5998.0,5952.2,20114,2404097.888,68772,-1081.0,5973.2,5979.8,5952.6,2025-06-30,202506.zip,20250630_1.csv,IM,2025-12-19,6356.18,-382.9800000000005,0.06025317092970939,172,0.13606093652422713
IM2507,6275.0,6297.6,6229.0,52561,6590010.464,84569,1694.0,6286.8,6287.0,6289.4,2025-07-01,202507.zip,20250701_1.csv,IM,2025-07-18,6373.77,-86.97000000000025,0.013644985620755112,17,0.29701868340388204
IM2508,6220.0,6221.6,6153.6,5612,695413.56,8638,1368.0,6210.4,6211.0,6224.4,2025-07-01,202507.zip,20250701_1.csv,IM,2025-08-15,6373.77,-163.3700000000008,0.02563161206005249,45,0.21336986703307884
IM2509,6143.0,6150.0,6076.2,103226,12634345.676,164955,6227.0,6133.4,6134.0,6155.6,2025-07-01,202507.zip,20250701_1.csv,IM,2025-09-19,6373.77,-240.3700000000008,0.037712374309082475,80,0.17880590292496848
IM2512,5975.0,5975.0,5900.0,20459,2431712.52,69812,1040.0,5951.4,5953.4,5979.8,2025-07-01,202507.zip,20250701_1.csv,IM,2025-12-19,6373.77,-422.3700000000008,0.06626690326133522,171,0.15148536478811753
IM2507,6280.8,6284.2,6232.0,49400,6174972.148,81272,-3297.0,6262.2,6251.8,6287.0,2025-07-02,202507.zip,20250702_1.csv,IM,2025-07-18,6309.48,-47.279999999999745,0.007493485992506432,16,0.17223579572673814
IM2508,6200.0,6219.0,6157.0,5395,666199.152,8940,302.0,6188.8,6177.2,6211.0,2025-07-02,202507.zip,20250702_1.csv,IM,2025-08-15,6309.48,-120.67999999999938,0.019126774314206507,44,0.16175921899971676
IM2509,6130.0,6131.8,6080.0,93428,11394983.104,159237,-5718.0,6117.0,6107.4,6134.0,2025-07-02,202507.zip,20250702_1.csv,IM,2025-09-19,6309.48,-192.47999999999956,0.030506475969493407,79,0.14538275774299816
IM2512,5945.0,5949.4,5901.0,17512,2073149.572,69753,-59.0,5937.2,5929.0,5953.4,2025-07-02,202507.zip,20250702_1.csv,IM,2025-12-19,6309.48,-372.27999999999975,0.05900327760766333,170,0.13462693842611478
IM2507,6269.4,6301.0,6241.0,46275,5804362.156,80950,-322.0,6279.4,6280.2,6251.8,2025-07-03,202507.zip,20250703_1.csv,IM,2025-07-18,6342.64,-63.24000000000069,0.009970611606523572,15,0.24506163009205015
IM2508,6186.0,6231.2,6169.4,4087,506866.856,9442,502.0,6207.6,6209.0,6177.2,2025-07-03,202507.zip,20250703_1.csv,IM,2025-08-15,6342.64,-135.03999999999996,0.021290818964973535,43,0.18465586820056942
IM2509,6127.2,6161.0,6098.4,95917,11759771.796,161580,2343.0,6135.8,6138.6,6107.4,2025-07-03,202507.zip,20250703_1.csv,IM,2025-09-19,6342.64,-206.84000000000015,0.03261102632342372,78,0.1577471769296794
IM2512,5945.0,5981.8,5921.2,16681,1985985.004,69796,43.0,5955.4,5960.4,5929.0,2025-07-03,202507.zip,20250703_1.csv,IM,2025-12-19,6342.64,-387.2400000000007,0.06105344146916747,169,0.14043502460995605
IM2507,6279.6,6332.0,6229.0,67153,8421064.74,88979,8029.0,6262.0,6259.2,6280.2,2025-07-04,202507.zip,20250704_1.csv,IM,2025-07-18,6312.2,-50.19999999999982,0.007952853204904797,14,0.2090044257882028
IM2508,6205.0,6259.2,6157.8,5911,732372.688,10282,840.0,6186.4,6184.4,6209.0,2025-07-04,202507.zip,20250704_1.csv,IM,2025-08-15,6312.2,-125.80000000000018,0.01992966002344665,42,0.17672020961494764
IM2509,6130.0,6184.2,6084.2,151899,18603363.856,177599,16019.0,6112.2,6107.2,6138.6,2025-07-04,202507.zip,20250704_1.csv,IM,2025-09-19,6312.2,-200.0,0.0316846741231267,77,0.15510813586792757
IM2512,5953.8,6006.0,5906.8,25317,3010051.692,74344,4548.0,5932.2,5929.6,5960.4,2025-07-04,202507.zip,20250704_1.csv,IM,2025-12-19,6312.2,-380.0,0.060200880833940595,168,0.13917184823425352
IM2507,6264.0,6284.6,6251.0,37320,4678596.452,78067,-10912.0,6267.2,6269.2,6259.2,2025-07-07,202507.zip,20250707_1.csv,IM,2025-07-18,6327.14,-59.94000000000051,0.009473474587254338,11,0.3173535521154903
IM2508,6173.2,6207.4,6173.2,4021,497829.316,10108,-174.0,6188.0,6191.2,6184.4,2025-07-07,202507.zip,20250707_1.csv,IM,2025-08-15,6327.14,-139.14000000000033,0.021990978546389095,39,0.21044080354035158
IM2509,6100.0,6130.0,6095.2,80166,9800410.592,160866,-16733.0,6111.6,6112.8,6107.2,2025-07-07,202507.zip,20250707_1.csv,IM,2025-09-19,6327.14,-215.53999999999996,0.034065944486766475,74,0.1739538723879974
IM2512,5928.0,5949.0,5911.6,14807,1755874.288,71741,-2603.0,5926.6,5926.8,5929.6,2025-07-07,202507.zip,20250707_1.csv,IM,2025-12-19,6327.14,-400.53999999999996,0.06330506358323029,165,0.1495027554252069
IM2507,6265.0,6382.0,6258.2,55535,7039957.756,83857,5790.0,6379.8,6369.8,6269.2,2025-07-08,202507.zip,20250708_1.csv,IM,2025-07-18,6407.7,-27.899999999999636,0.004354136429608024,10,0.1596209912536416
IM2508,6190.4,6309.6,6180.8,7551,946301.98,12944,2836.0,6309.6,6297.8,6191.2,2025-07-08,202507.zip,20250708_1.csv,IM,2025-08-15,6407.7,-98.09999999999945,0.015309705510557547,38,0.14934010330123362
IM2509,6114.2,6237.0,6102.0,128815,15943766.856,176309,15443.0,6235.8,6226.2,6112.8,2025-07-08,202507.zip,20250708_1.csv,IM,2025-09-19,6407.7,-171.89999999999964,0.02682709864694033,73,0.13783315693255083
IM2512,5931.2,6050.0,5917.0,25881,3108620.052,74279,2538.0,6047.8,6040.2,5926.8,2025-07-08,202507.zip,20250708_1.csv,IM,2025-12-19,6407.7,-359.89999999999964,0.05616679931956858,164,0.13244435186671394
IM2507,6369.8,6400.0,6351.2,43717,5573768.312,74640,-9217.0,6358.8,6365.0,6369.8,2025-07-09,202507.zip,20250709_1.csv,IM,2025-07-18,6390.47,-31.670000000000073,0.004955817021283226,9,0.20198692275971275
IM2508,6308.0,6323.6,6280.6,5580,703205.804,12504,-440.0,6289.0,6292.8,6297.8,2025-07-09,202507.zip,20250709_1.csv,IM,2025-08-15,6390.47,-101.47000000000025,0.015878331327742745,37,0.15916486529461685
IM2509,6240.0,6249.8,6208.2,94223,11738086.456,161900,-14409.0,6214.0,6219.8,6226.2,2025-07-09,202507.zip,20250709_1.csv,IM,2025-09-19,6390.47,-176.47000000000025,0.027614557301732123,72,0.14396602206487125
IM2512,6050.0,6060.8,6020.6,18868,2279757.208,72700,-1579.0,6027.6,6032.2,6040.2,2025-07-09,202507.zip,20250709_1.csv,IM,2025-12-19,6390.47,-362.8699999999999,0.05678299092242045,163,0.13480683131623145
IM2507,6356.6,6409.4,6342.0,44550,5677001.156,75550,910.0,6375.2,6386.2,6365.0,2025-07-10,202507.zip,20250710_1.csv,IM,2025-07-18,6406.57,-31.36999999999989,0.004896535899865273,8,0.22450374105910054
IM2508,6289.0,6338.6,6271.6,6225,784331.02,14372,1868.0,6304.0,6316.0,6292.8,2025-07-10,202507.zip,20250710_1.csv,IM,2025-08-15,6406.57,-102.56999999999971,0.016010127103894822,36,0.1649660268612517
IM2509,6214.0,6265.0,6200.8,98260,12236345.852,169266,7366.0,6231.6,6241.8,6219.8,2025-07-10,202507.zip,20250710_1.csv,IM,2025-09-19,6406.57,-174.96999999999935,0.027311026024846252,71,0.14434393445853885
IM2512,6028.2,6078.6,6016.2,19130,2311194.82,73869,1169.0,6046.4,6057.0,6032.2,2025-07-10,202507.zip,20250710_1.csv,IM,2025-12-19,6406.57,-360.1700000000001,0.056218850336451465,162,0.13421112328037688
IM2507,6383.0,6485.0,6357.0,69324,8916437.6,73225,-2325.0,6452.8,6455.2,6386.2,2025-07-11,202507.zip,20250711_1.csv,IM,2025-07-18,6461.1,-8.300000000000182,0.001284610979554568,7,0.06706944493641398
IM2508,6310.4,6423.0,6286.0,16891,2153123.844,21806,7434.0,6388.8,6392.0,6316.0,2025-07-11,202507.zip,20250711_1.csv,IM,2025-08-15,6461.1,-72.30000000000018,0.011190045038770524,35,0.11801679725233583
IM2509,6240.2,6360.0,6211.4,147131,18514787.276,181506,12240.0,6319.8,6321.2,6241.8,2025-07-11,202507.zip,20250711_1.csv,IM,2025-09-19,6461.1,-141.30000000000018,0.02186934113386263,70,0.11658257720633147
IM2512,6059.0,6183.4,6027.6,34107,4172333.384,78384,4515.0,6136.0,6138.0,6057.0,2025-07-11,202507.zip,20250711_1.csv,IM,2025-12-19,6461.1,-325.10000000000036,0.05031650957267342,161,0.12011537651736641
IM2507,6459.0,6463.6,6427.2,37369,4818030.436,58996,-14229.0,6442.2,6450.6,6455.2,2025-07-14,202507.zip,20250714_1.csv,IM,2025-07-18,6462.31,-20.110000000000582,0.003111890330238065,4,0.28484640340257966
IM2508,6392.6,6399.8,6362.0,10738,1370154.728,24530,2724.0,6373.4,6382.0,6392.0,2025-07-14,202507.zip,20250714_1.csv,IM,2025-08-15,6462.31,-88.91000000000076,0.013758238153230185,32,0.15911910244139935
IM2509,6326.0,6329.8,6293.0,71184,8984406.02,168013,-13493.0,6302.2,6312.0,6321.2,2025-07-14,202507.zip,20250714_1.csv,IM,2025-09-19,6462.31,-160.11000000000058,0.02477597020260569,67,0.1384026284116851
IM2512,6140.6,6149.0,6115.4,13491,1654167.276,75062,-3322.0,6120.8,6130.6,6138.0,2025-07-14,202507.zip,20250714_1.csv,IM,2025-12-19,6462.31,-341.5100000000002,0.05284642798008765,158,0.12889349907102415
IM2507,6437.8,6470.8,6367.0,49078,6297574.708,54685,-4311.0,6422.0,6418.4,6450.6,2025-07-15,202507.zip,20250715_1.csv,IM,2025-07-18,6442.83,-20.829999999999927,0.003233051314406876,3,0.3946304370393365
IM2508,6375.0,6403.6,6300.2,18041,2290192.464,31298,6768.0,6352.8,6348.4,6382.0,2025-07-15,202507.zip,20250715_1.csv,IM,2025-08-15,6442.83,-90.02999999999975,0.013973673059820002,31,0.16686038363576564
IM2509,6298.0,6335.4,6229.0,120268,15100804.296,181672,13659.0,6277.4,6274.8,6312.0,2025-07-15,202507.zip,20250715_1.csv,IM,2025-09-19,6442.83,-165.4300000000003,0.0256766048460072,66,0.14574155387629173
IM2512,6119.8,6154.2,6051.0,23203,2830314.84,77129,2067.0,6099.0,6096.2,6130.6,2025-07-15,202507.zip,20250715_1.csv,IM,2025-12-19,6442.83,-343.8299999999999,0.05336630021279465,157,0.13106246925725534
IM2507,6431.6,6491.6,6414.2,41830,5398463.44,40641,-14044.0,6444.4,6446.0,6418.4,2025-07-16,202507.zip,20250716_1.csv,IM,2025-07-18,6462.06,-17.660000000000764,0.0027328746560695283,2,0.5001163801129943
IM2508,6373.8,6423.2,6345.0,21090,2692558.404,37964,6666.0,6372.8,6375.2,6348.4,2025-07-16,202507.zip,20250716_1.csv,IM,2025-08-15,6462.06,-89.26000000000022,0.01381293271804973,30,0.1704112268809114
IM2509,6288.0,6355.0,6270.2,113703,14353078.68,172288,-9384.0,6298.0,6300.8,6274.8,2025-07-16,202507.zip,20250716_1.csv,IM,2025-09-19,6462.06,-164.0600000000004,0.025388188905705045,65,0.14627818355033434
IM2512,6100.2,6174.4,6089.4,21268,2607589.068,75121,-2008.0,6114.2,6118.6,6096.2,2025-07-16,202507.zip,20250716_1.csv,IM,2025-12-19,6462.06,-347.8600000000006,0.053831131249168274,156,0.1331168763089538
IM2507,6441.0,6537.0,6433.6,35841,4655766.548,28897,-11744.0,6537.0,6525.0,6446.0,2025-07-17,202507.zip,20250717_1.csv,IM,2025-07-18,6535.67,1.3299999999999272,-0.00020349864665747397,1,-0.07426189383507809
IM2508,6375.8,6467.4,6364.0,28317,3641751.78,48682,10718.0,6466.0,6458.0,6375.2,2025-07-17,202507.zip,20250717_1.csv,IM,2025-08-15,6535.67,-69.67000000000007,0.010659962941825363,29,0.1356141408108197
IM2509,6295.0,6391.6,6288.2,109376,13892462.656,177468,5180.0,6390.4,6383.6,6300.8,2025-07-17,202507.zip,20250717_1.csv,IM,2025-09-19,6535.67,-145.27000000000044,0.02222725443604101,64,0.12964649611135529
IM2512,6114.2,6205.0,6106.8,22436,2767464.656,76318,1197.0,6203.0,6197.0,6118.6,2025-07-17,202507.zip,20250717_1.csv,IM,2025-12-19,6535.67,-332.6700000000001,0.050900672769585986,155,0.12629118064620132
IM2507,6549.6,6568.8,6523.0,21453,2806681.848,0,-28897.0,6534.6,6534.62,6525.0,2025-07-18,202507.zip,20250718_1.csv,IM,2025-07-18,6552.07,-17.469999999999345,0.002666332929898374,0,
IM2508,6473.2,6514.2,6446.4,36736,4760445.94,60327,11645.0,6490.0,6478.2,6458.0,2025-07-18,202507.zip,20250718_1.csv,IM,2025-08-15,6552.07,-62.06999999999971,0.009473342012524255,28,0.12467284833810179
IM2509,6406.0,6437.0,6372.8,104691,13412342.132,175267,-2201.0,6413.6,6403.8,6383.6,2025-07-18,202507.zip,20250718_1.csv,IM,2025-09-19,6552.07,-138.46999999999935,0.021133779095766636,63,0.1250852602901373
IM2512,6225.2,6253.0,6192.4,22446,2793554.388,76869,551.0,6227.4,6220.8,6197.0,2025-07-18,202507.zip,20250718_1.csv,IM,2025-12-19,6552.07,-324.6700000000001,0.049552278898119195,154,0.12356843384639926
IM2508,6502.0,6568.0,6500.6,38762,5071673.844,62361,2034.0,6535.6,6545.2,6478.2,2025-07-21,202507.zip,20250721_1.csv,IM,2025-08-15,6612.26,-76.65999999999985,0.011593615496063303,25,0.17125221861802914
IM2509,6440.0,6503.2,6430.2,106976,13847309.848,178934,3667.0,6463.2,6472.6,6403.8,2025-07-21,202507.zip,20250721_1.csv,IM,2025-09-19,6612.26,-149.0600000000004,0.022542973204320527,60,0.1402991810042501
IM2512,6245.0,6318.0,6242.8,29337,3690705.6,78555,1686.0,6276.8,6288.4,6220.8,2025-07-21,202507.zip,20250721_1.csv,IM,2025-12-19,6612.26,-335.46000000000004,0.0507330322764078,151,0.12918686790248696
IM2603,6121.0,6160.0,6091.6,8870,1087841.032,8464,8464.0,6118.8,6128.4,6220.8,2025-07-21,202507.zip,20250721_1.csv,IM,2026-03-20,6612.26,-493.46000000000004,0.07462803942978646,242,0.12163629826406837
IM2508,6530.0,6590.0,6527.2,39378,5166760.572,62728,367.0,6590.0,6568.0,6545.2,2025-07-22,202507.zip,20250722_1.csv,IM,2025-08-15,6637.1,-47.100000000000364,0.007096472857121339,24,0.10869688922610073
IM2509,6463.2,6518.0,6451.2,118700,15400164.3,178632,-302.0,6515.4,6495.8,6472.6,2025-07-22,202507.zip,20250722_1.csv,IM,2025-09-19,6637.1,-121.70000000000073,0.018336321586235105,59,0.11555542721989179
IM2512,6278.2,6331.0,6268.0,26255,3309601.988,77150,-1405.0,6331.0,6311.4,6288.4,2025-07-22,202507.zip,20250722_1.csv,IM,2025-12-19,6637.1,-306.10000000000036,0.04611954016061237,150,0.11765018691096732
IM2603,6119.8,6173.2,6105.2,7964,977906.852,9821,1357.0,6172.8,6150.4,6128.4,2025-07-22,202507.zip,20250722_1.csv,IM,2026-03-20,6637.1,-464.3000000000002,0.06995525154058246,241,0.11391798633652339
IM2508,6595.2,6629.0,6548.2,42382,5582775.772,64984,2256.0,6568.4,6570.8,6568.0,2025-07-23,202507.zip,20250723_1.csv,IM,2025-08-15,6607.22,-38.82000000000062,0.0058753908603014215,23,0.09379095696655808
IM2509,6521.2,6561.4,6474.2,131364,17119179.144,182055,3423.0,6500.0,6499.2,6495.8,2025-07-23,202507.zip,20250723_1.csv,IM,2025-09-19,6607.22,-107.22000000000025,0.01622770242250149,58,0.1038071618037133
IM2512,6340.0,6377.0,6292.4,29691,3759886.996,78973,1823.0,6318.8,6316.8,6311.4,2025-07-23,202507.zip,20250723_1.csv,IM,2025-12-19,6607.22,-288.4200000000001,0.04365224708727722,149,0.111814302520273
IM2603,6177.8,6218.6,6136.0,8303,1025252.336,12266,2445.0,6160.0,6158.4,6150.4,2025-07-23,202507.zip,20250723_1.csv,IM,2026-03-20,6607.22,-447.22000000000025,0.0676865610650168,240,0.11041348755411273
IM2508,6583.0,6685.6,6560.2,43342,5750824.532,64427,-557.0,6675.8,6666.2,6570.8,2025-07-24,202507.zip,20250724_1.csv,IM,2025-08-15,6701.12,-25.31999999999971,0.003778472852299264,22,0.06292606401956674
IM2509,6492.0,6626.2,6491.2,124051,16300208.528,181457,-598.0,6618.6,6603.6,6499.2,2025-07-24,202507.zip,20250724_1.csv,IM,2025-09-19,6701.12,-82.51999999999953,0.012314359390668939,57,0.07983826547300761
IM2512,6322.0,6444.8,6308.2,29081,3716198.736,79069,96.0,6435.4,6423.4,6316.8,2025-07-24,202507.zip,20250724_1.csv,IM,2025-12-19,6701.12,-265.72000000000025,0.039653072919153876,148,0.1018309620183632
IM2603,6160.0,6283.6,6151.6,8632,1075902.472,13360,1094.0,6273.2,6263.0,6158.4,2025-07-24,202507.zip,20250724_1.csv,IM,2026-03-20,6701.12,-427.9200000000001,0.06385798194928605,239,0.10417617669320281
IM2508,6677.0,6678.8,6630.8,32877,4379165.436,60791,-3636.0,6668.2,6667.2,6666.2,2025-07-25,202507.zip,20250725_1.csv,IM,2025-08-15,6706.61,-38.409999999999854,0.005727185567671267,21,0.1001173301569193
IM2509,6619.0,6619.0,6567.0,98231,12959129.884,172911,-8546.0,6605.8,6604.4,6603.6,2025-07-25,202507.zip,20250725_1.csv,IM,2025-09-19,6706.61,-100.80999999999949,0.015031439132437874,56,0.09946791888513448
IM2512,6430.4,6436.0,6387.0,21466,2754023.86,78730,-339.0,6424.2,6421.4,6423.4,2025-07-25,202507.zip,20250725_1.csv,IM,2025-12-19,6706.61,-282.40999999999985,0.04210920271195129,147,0.10915321889784547
IM2603,6289.0,6289.0,6227.4,6839,855495.584,14591,1231.0,6263.6,6259.8,6263.0,2025-07-25,202507.zip,20250725_1.csv,IM,2026-03-20,6706.61,-443.0099999999993,0.06605572711101426,238,0.1084689463626308
IM2508,6669.6,6707.8,6627.2,39355,5251749.008,63669,2878.0,6674.6,6675.2,6667.2,2025-07-28,202507.zip,20250728_1.csv,IM,2025-08-15,6729.98,-55.3799999999992,0.00822885060579659,18,0.16824728572997877
IM2509,6608.6,6645.0,6560.0,116079,15336026.6,180433,7522.0,6602.0,6605.0,6604.4,2025-07-28,202507.zip,20250728_1.csv,IM,2025-09-19,6729.98,-127.97999999999956,0.019016401237447855,53,0.13350071161969188
IM2512,6428.0,6462.0,6378.4,24230,3112849.772,79041,311.0,6419.4,6420.6,6421.4,2025-07-28,202507.zip,20250728_1.csv,IM,2025-12-19,6729.98,-310.5799999999999,0.0461487255534192,144,0.1226335837894163
IM2603,6275.0,6301.0,6215.4,6593,825386.576,15608,1017.0,6256.2,6253.8,6259.8,2025-07-28,202507.zip,20250728_1.csv,IM,2026-03-20,6729.98,-473.77999999999975,0.07039842614688296,235,0.11762268850576824
IM2508,6668.4,6735.0,6622.6,38521,5140659.484,59508,-4161.0,6731.0,6705.4,6675.2,2025-07-29,202507.zip,20250729_1.csv,IM,2025-08-15,6773.88,-42.88000000000011,0.006330197759629619,17,0.13677890707612708
IM2509,6583.0,6664.2,6546.6,116403,15365204.656,174556,-5877.0,6662.0,6633.0,6605.0,2025-07-29,202507.zip,20250729_1.csv,IM,2025-09-19,6773.88,-111.88000000000011,0.016516383520227662,52,0.11787924624160065
IM2512,6412.2,6472.0,6363.8,26296,3373144.348,78495,-546.0,6471.8,6443.2,6420.6,2025-07-29,202507.zip,20250729_1.csv,IM,2025-12-19,6773.88,-302.0799999999999,0.044594826008137134,143,0.11913893455350213
IM2603,6244.6,6306.0,6201.2,7329,915694.664,17353,1745.0,6306.0,6277.0,6253.8,2025-07-29,202507.zip,20250729_1.csv,IM,2026-03-20,6773.88,-467.8800000000001,0.06907119700969022,234,0.1157330828596289
IM2508,6707.2,6727.6,6624.0,46466,6212607.288,64269,4761.0,6675.6,6665.8,6705.4,2025-07-30,202507.zip,20250730_1.csv,IM,2025-08-15,6718.48,-42.8799999999992,0.00638239601814683,16,0.14653364491581006
IM2509,6640.0,6658.0,6556.0,144840,19160061.652,185002,10446.0,6604.2,6596.2,6633.0,2025-07-30,202507.zip,20250730_1.csv,IM,2025-09-19,6718.48,-114.27999999999975,0.017009799835677075,51,0.12384335339780714
IM2512,6453.0,6473.0,6375.0,31250,4018628.684,78570,75.0,6415.2,6412.2,6443.2,2025-07-30,202507.zip,20250730_1.csv,IM,2025-12-19,6718.48,-303.27999999999975,0.04514116288208048,142,0.12151729431332946
IM2603,6289.0,6304.2,6208.2,8723,1092494.568,18656,1303.0,6249.8,6243.6,6277.0,2025-07-30,202507.zip,20250730_1.csv,IM,2026-03-20,6718.48,-468.6799999999994,0.0697598266274514,233,0.11747548453739357
IM2508,6669.8,6706.2,6574.4,52087,6923943.0,61927,-2342.0,6612.2,6602.8,6665.8,2025-07-31,202507.zip,20250731_1.csv,IM,2025-08-15,6661.19,-48.98999999999978,0.007354541756052546,15,0.1802864402165678
IM2509,6589.0,6634.0,6497.2,167548,22020034.208,183162,-1840.0,6538.0,6526.6,6596.2,2025-07-31,202507.zip,20250731_1.csv,IM,2025-09-19,6661.19,-123.1899999999996,0.01849369256844491,50,0.13754772101560003
IM2512,6381.0,6444.4,6312.6,35653,4550879.7,81718,3148.0,6351.8,6340.0,6412.2,2025-07-31,202507.zip,20250731_1.csv,IM,2025-12-19,6661.19,-309.3899999999994,0.04644665592784469,141,0.12609074459040878
IM2603,6225.6,6273.6,6146.8,12486,1551297.728,21457,2801.0,6183.4,6173.0,6243.6,2025-07-31,202507.zip,20250731_1.csv,IM,2026-03-20,6661.19,-477.78999999999996,0.07172742407888077,232,0.12156669051620979
IM2508,6625.0,6666.6,6584.2,42039,5573458.36,59949,-1978.0,6616.8,6625.2,6602.8,2025-08-01,202508.zip,20250801_1.csv,IM,2025-08-15,6670.47,-53.67000000000007,0.008045909808454321,14,0.21146983004301045
IM2509,6554.6,6594.6,6507.0,133160,17453009.008,176823,-6339.0,6542.8,6549.8,6526.6,2025-08-01,202508.zip,20250801_1.csv,IM,2025-09-19,6670.47,-127.67000000000007,0.01913958086911416,49,0.1453523299642046
IM2512,6350.0,6406.8,6323.2,28809,3668634.5,80699,-1019.0,6359.0,6364.8,6340.0,2025-08-01,202508.zip,20250801_1.csv,IM,2025-12-19,6670.47,-311.47000000000025,0.046693861152212746,140,0.12770039089704138
IM2603,6188.0,6238.0,6154.2,8974,1112013.136,20749,-708.0,6186.2,6194.6,6173.0,2025-08-01,202508.zip,20250801_1.csv,IM,2026-03-20,6670.47,-484.27000000000044,0.07259908222359146,231,0.12369282081706534
IM2508,6606.0,6715.0,6587.2,36378,4839353.216,57024,-2925.0,6711.8,6694.4,6625.2,2025-08-04,202508.zip,20250804_1.csv,IM,2025-08-15,6739.69,-27.889999999999418,0.0041381725272229275,11,0.13788267068311155
IM2509,6528.0,6644.0,6512.2,119420,15710938.516,177500,677.0,6642.6,6622.6,6549.8,2025-08-04,202508.zip,20250804_1.csv,IM,2025-09-19,6739.69,-97.08999999999924,0.01440570708741784,46,0.11597688306962034
IM2512,6336.4,6454.0,6328.8,25747,3292828.172,81212,513.0,6454.0,6433.0,6364.8,2025-08-04,202508.zip,20250804_1.csv,IM,2025-12-19,6739.69,-285.6899999999996,0.042389190007255495,137,0.11793382251486666
IM2603,6165.0,6280.0,6156.2,7694,957049.648,21312,563.0,6279.8,6262.0,6194.6,2025-08-04,202508.zip,20250804_1.csv,IM,2026-03-20,6739.69,-459.8899999999994,0.06823607614000038,228,0.11723739805100476
IM2508,6729.8,6754.6,6703.8,30211,4064643.0,54368,-2656.0,6754.4,6744.6,6694.4,2025-08-05,202508.zip,20250805_1.csv,IM,2025-08-15,6787.48,-33.07999999999993,0.004873679185795066,10,0.17876051166647
IM2509,6658.0,6685.0,6631.0,95602,12725469.068,172540,-4960.0,6682.0,6673.2,6622.6,2025-08-05,202508.zip,20250805_1.csv,IM,2025-09-19,6787.48,-105.47999999999956,0.015540377282879603,45,0.12803950912900247
IM2512,6468.0,6493.8,6440.4,21668,2802323.04,80633,-579.0,6490.8,6482.2,6433.0,2025-08-05,202508.zip,20250805_1.csv,IM,2025-12-19,6787.48,-296.6799999999994,0.04370988938457265,136,0.12267159128395255
IM2603,6294.0,6314.0,6264.8,7824,984248.608,22397,1085.0,6311.0,6304.8,6262.0,2025-08-05,202508.zip,20250805_1.csv,IM,2026-03-20,6787.48,-476.47999999999956,0.07019983852622769,227,0.12139855102307194
IM2508,6745.0,6852.4,6738.6,34598,4708839.244,55417,1049.0,6834.4,6840.2,6744.6,2025-08-06,202508.zip,20250806_1.csv,IM,2025-08-15,6861.31,-26.910000000000764,0.003921991573037964,9,0.15968482968512918
IM2509,6674.0,6785.0,6668.0,106338,14315734.336,178409,5869.0,6762.6,6770.4,6673.2,2025-08-06,202508.zip,20250806_1.csv,IM,2025-09-19,6861.31,-98.71000000000004,0.014386465558326345,44,0.12108424543545661
IM2512,6490.0,6596.2,6481.2,26924,3522254.756,83450,2817.0,6574.8,6581.2,6482.2,2025-08-06,202508.zip,20250806_1.csv,IM,2025-12-19,6861.31,-286.5100000000002,0.04175733205466603,135,0.11781927178745366
IM2603,6312.0,6414.8,6304.0,8522,1084185.46,24034,1637.0,6398.0,6402.6,6304.8,2025-08-06,202508.zip,20250806_1.csv,IM,2026-03-20,6861.31,-463.3100000000004,0.06752500615771628,226,0.11695313386096892
IM2508,6840.0,6865.8,6786.0,37349,5097105.232,55712,295.0,6828.0,6825.6,6840.2,2025-08-07,202508.zip,20250807_1.csv,IM,2025-08-15,6862.15,-34.149999999999636,0.004976574397236977,8,0.2281918204452199
IM2509,6768.8,6794.6,6711.0,119420,16121790.532,179795,1386.0,6750.0,6748.8,6770.4,2025-08-07,202508.zip,20250807_1.csv,IM,2025-09-19,6862.15,-112.14999999999964,0.016343274338217584,43,0.1410327304048238
IM2512,6581.0,6606.0,6529.2,29041,3811714.608,84189,739.0,6558.2,6560.0,6581.2,2025-08-07,202508.zip,20250807_1.csv,IM,2025-12-19,6862.15,-303.9499999999998,0.04429369803924421,134,0.12624249145538208
IM2603,6398.2,6429.4,6352.0,9685,1236450.076,25728,1694.0,6376.2,6378.0,6402.6,2025-08-07,202508.zip,20250807_1.csv,IM,2026-03-20,6862.15,-485.9499999999998,0.07081599790153226,225,0.12363459252985938
IM2508,6818.2,6836.6,6783.4,29800,4059686.196,51697,-4015.0,6810.2,6819.4,6825.6,2025-08-08,202508.zip,20250808_1.csv,IM,2025-08-15,6838.13,-27.93000000000029,0.004084449988520311,7,0.21384834512936188
IM2509,6740.0,6760.8,6705.4,98835,13314312.584,173187,-6608.0,6735.0,6742.8,6748.8,2025-08-08,202508.zip,20250808_1.csv,IM,2025-09-19,6838.13,-103.13000000000011,0.015081608568424443,42,0.13307331989960114
IM2512,6551.0,6570.2,6518.8,22769,2980673.188,83475,-714.0,6542.0,6550.8,6560.0,2025-08-08,202508.zip,20250808_1.csv,IM,2025-12-19,6838.13,-296.1300000000001,0.043305699072699766,133,0.12422616844771663
IM2603,6368.8,6388.6,6338.8,6188,787714.772,25836,108.0,6361.4,6369.8,6378.0,2025-08-08,202508.zip,20250808_1.csv,IM,2026-03-20,6838.13,-476.7300000000005,0.06971642832177805,224,0.12211376566928238
IM2508,6828.4,6958.8,6828.4,43016,5946586.984,51569,-128.0,6925.6,6933.0,6819.4,2025-08-11,202508.zip,20250811_1.csv,IM,2025-08-15,6943.94,-18.339999999999236,0.002641151853270518,4,0.24164332332216043
IM2509,6759.8,6888.0,6756.2,124872,17081122.404,189312,16125.0,6851.2,6862.4,6742.8,2025-08-11,202508.zip,20250811_1.csv,IM,2025-09-19,6943.94,-92.73999999999978,0.013355530145709782,39,0.1266860231859065
IM2512,6569.0,6699.0,6565.2,34372,4571964.996,89935,6460.0,6663.8,6674.4,6550.8,2025-08-11,202508.zip,20250811_1.csv,IM,2025-12-19,6943.94,-280.1399999999994,0.04034309052209539,130,0.11803279256234002
IM2603,6370.4,6518.0,6370.4,11089,1434882.36,28923,3087.0,6478.8,6492.8,6369.8,2025-08-11,202508.zip,20250811_1.csv,IM,2026-03-20,6943.94,-465.1399999999994,0.0669850257922735,221,0.11857406418763068
IM2508,6926.0,6961.8,6892.8,33955,4706292.512,39694,-11875.0,6954.2,6950.8,6933.0,2025-08-12,202508.zip,20250812_1.csv,IM,2025-08-15,6963.61,-9.409999999999854,0.0013513105989565455,3,0.16463192507165436
IM2509,6852.2,6891.8,6824.2,104433,14326162.992,182508,-6804.0,6883.6,6879.8,6862.4,2025-08-12,202508.zip,20250812_1.csv,IM,2025-09-19,6963.61,-80.00999999999931,0.01148973018305155,38,0.11164464891381694
IM2512,6661.2,6700.0,6637.0,26677,3559624.728,88175,-1760.0,6694.2,6689.8,6674.4,2025-08-12,202508.zip,20250812_1.csv,IM,2025-12-19,6963.61,-269.40999999999985,0.038688266574377406,129,0.11387232358267356
IM2603,6484.8,6519.0,6456.2,9345,1212804.184,28872,-51.0,6512.0,6507.4,6492.8,2025-08-12,202508.zip,20250812_1.csv,IM,2026-03-20,6963.61,-451.6099999999997,0.06485285649253758,220,0.11505866791378151
IM2508,6962.2,7081.0,6962.2,37678,5295653.54,38206,-1488.0,7064.2,7060.8,6950.8,2025-08-13,202508.zip,20250813_1.csv,IM,2025-08-15,7064.33,-0.13000000000010914,1.840231133032333e-05,2,0.0033584836216515868
IM2509,6900.8,7016.0,6898.2,138415,19275579.48,204738,22230.0,7001.8,6995.4,6879.8,2025-08-13,202508.zip,20250813_1.csv,IM,2025-09-19,7064.33,-62.529999999999745,0.008851511749875751,37,0.08809877460081669
IM2512,6710.0,6832.4,6710.0,39622,5372055.7,95761,7586.0,6822.0,6812.8,6689.8,2025-08-13,202508.zip,20250813_1.csv,IM,2025-12-19,7064.33,-242.32999999999993,0.034303323882095005,128,0.10129275001832277
IM2603,6528.0,6656.4,6528.0,13952,1842347.996,32817,3945.0,6646.0,6637.6,6507.4,2025-08-13,202508.zip,20250813_1.csv,IM,2026-03-20,7064.33,-418.3299999999999,0.059217222298505345,219,0.10490771391313085
IM2508,7072.0,7084.8,6962.8,36237,5095849.788,25264,-12942.0,6989.0,7004.0,7060.8,2025-08-14,202508.zip,20250814_1.csv,IM,2025-08-15,6976.49,12.510000000000218,-0.0017931653309901652,1,-0.6533338102733044
IM2509,7015.0,7027.8,6893.0,159795,22245593.416,203734,-1004.0,6929.2,6936.2,6995.4,2025-08-14,202508.zip,20250814_1.csv,IM,2025-09-19,6976.49,-47.289999999999964,0.0067784802959653945,36,0.06919529751710914
IM2512,6826.2,6847.0,6717.6,50855,6903077.376,100676,4915.0,6755.0,6762.2,6812.8,2025-08-14,202508.zip,20250814_1.csv,IM,2025-12-19,6976.49,-221.48999999999978,0.031748056687532,127,0.09423623212901486
IM2603,6672.0,6672.0,6547.0,18844,2492901.728,35619,2802.0,6581.8,6591.0,6637.6,2025-08-14,202508.zip,20250814_1.csv,IM,2026-03-20,6976.49,-394.6899999999996,0.05657429452346374,218,0.10040325964203191
IM2508,6978.0,7113.4,6977.8,21170,2986841.608,0,-25264.0,7104.4,7104.66,7004.0,2025-08-15,202508.zip,20250815_1.csv,IM,2025-08-15,7117.5,-13.100000000000364,0.0018405338953284556,0,
IM2509,6929.0,7086.8,6918.0,163237,22928265.056,218372,14638.0,7086.2,7072.6,6936.2,2025-08-15,202508.zip,20250815_1.csv,IM,2025-09-19,7117.5,-31.300000000000182,0.004397611520899236,35,0.04606337468802594
IM2512,6745.0,6922.6,6745.0,53477,7327500.5,107686,7010.0,6922.6,6906.8,6762.2,2025-08-15,202508.zip,20250815_1.csv,IM,2025-12-19,7117.5,-194.89999999999964,0.02738321039690894,126,0.08155769072910003
IM2603,6573.4,6756.8,6573.4,19693,2632464.58,39984,4365.0,6754.0,6738.0,6591.0,2025-08-15,202508.zip,20250815_1.csv,IM,2026-03-20,7117.5,-363.5,0.051071303126097645,217,0.09052665837892285
IM2509,7124.0,7259.8,7093.4,187694,26958422.608,220587,2215.0,7184.4,7179.8,7072.6,2025-08-18,202508.zip,20250818_1.csv,IM,2025-09-19,7237.6,-53.20000000000073,0.007350502929147851,32,0.08446251600690483
IM2510,7078.4,7214.2,7048.4,5661,807737.848,5054,5054.0,7138.0,7138.2,7072.6,2025-08-18,202508.zip,20250818_1.csv,IM,2025-10-17,7237.6,-99.60000000000036,0.013761467889908285,60,0.08488372093023297
IM2512,6950.0,7107.8,6933.8,68223,9590333.82,115629,7943.0,7028.0,7025.8,6906.8,2025-08-18,202508.zip,20250818_1.csv,IM,2025-12-19,7237.6,-209.60000000000036,0.02895987620205598,123,0.08850081670993142
IM2603,6805.0,6955.4,6773.2,31551,4339077.484,51254,11270.0,6873.8,6874.4,6738.0,2025-08-18,202508.zip,20250818_1.csv,IM,2026-03-20,7237.6,-363.8000000000002,0.0502652813087211,214,0.09027030172539209
IM2509,7184.4,7235.0,7155.6,152295,21913086.908,209342,-11245.0,7177.4,7187.4,7179.8,2025-08-19,202508.zip,20250819_1.csv,IM,2025-09-19,7242.85,-65.45000000000073,0.009036498063607623,31,0.10736770526123006
IM2510,7144.4,7185.2,7114.8,7421,1060914.156,6963,1909.0,7126.6,7134.6,7138.2,2025-08-19,202508.zip,20250819_1.csv,IM,2025-10-17,7242.85,-116.25,0.016050311686697905,59,0.10091400230314042
IM2512,7022.2,7071.6,7001.2,50814,7150333.108,110577,-5052.0,7015.6,7021.2,7025.8,2025-08-19,202508.zip,20250819_1.csv,IM,2025-12-19,7242.85,-227.25,0.03137577058754493,122,0.09691078383630322
IM2603,6880.0,6919.8,6841.0,25658,3531434.1,50068,-1186.0,6851.6,6859.0,6874.4,2025-08-19,202508.zip,20250819_1.csv,IM,2026-03-20,7242.85,-391.25,0.054018790945553175,213,0.09785333030741314
IM2509,7147.4,7283.0,7087.4,196109,28121311.1,217300,7958.0,7276.0,7233.6,7187.4,2025-08-20,202508.zip,20250820_1.csv,IM,2025-09-19,7305.46,-29.460000000000036,0.004032600274315401,30,0.049261957119295596
IM2510,7100.0,7235.6,7043.0,8730,1242454.46,9456,2493.0,7228.2,7187.0,7134.6,2025-08-20,202508.zip,20250820_1.csv,IM,2025-10-17,7305.46,-77.26000000000022,0.010575651635899797,58,0.0672650414230086
IM2512,6986.0,7125.0,6923.6,66838,9360339.632,119943,9366.0,7119.6,7074.4,7021.2,2025-08-20,202508.zip,20250820_1.csv,IM,2025-12-19,7305.46,-185.85999999999967,0.025441245315147798,121,0.07874769174050511
IM2603,6830.8,6967.0,6763.0,27045,3702400.436,53926,3858.0,6965.6,6919.0,6859.0,2025-08-20,202508.zip,20250820_1.csv,IM,2026-03-20,7305.46,-339.8599999999997,0.04652136894870407,212,0.08400372125225641
IM2509,7295.0,7312.0,7156.2,190536,27522789.388,206583,-10717.0,7202.2,7187.2,7233.6,2025-08-21,202508.zip,20250821_1.csv,IM,2025-09-19,7253.34,-51.14000000000033,0.007050544990307994,29,0.08936972323590747
IM2510,7257.0,7266.0,7111.0,7783,1117756.088,10651,1195.0,7153.4,7140.0,7187.0,2025-08-21,202508.zip,20250821_1.csv,IM,2025-10-17,7253.34,-99.94000000000051,0.013778479983014846,57,0.08946328552390106
IM2512,7150.0,7161.6,7004.8,65497,9263262.508,117811,-2132.0,7046.4,7034.8,7074.4,2025-08-21,202508.zip,20250821_1.csv,IM,2025-12-19,7253.34,-206.9400000000005,0.028530304659646566,120,0.08932823853315221
IM2603,6981.0,7005.6,6851.0,27275,3773833.06,55303,1377.0,6893.0,6881.8,6919.0,2025-08-21,202508.zip,20250821_1.csv,IM,2026-03-20,7253.34,-360.34000000000015,0.049679182280163325,211,0.0904304318619824
IM2509,7210.0,7349.8,7210.0,186931,27198353.5,207428,845.0,7348.6,7319.6,7187.2,2025-08-22,202508.zip,20250822_1.csv,IM,2025-09-19,7362.94,-14.339999999999236,0.0019475915870561522,28,0.02543778989972569
IM2510,7144.2,7304.4,7144.2,6538,945672.888,10563,-88.0,7301.8,7272.6,7140.0,2025-08-22,202508.zip,20250822_1.csv,IM,2025-10-17,7362.94,-61.13999999999942,0.008303748231005437,56,0.05457582866064238
IM2512,7060.8,7195.0,7054.4,59918,8529622.612,117793,-18.0,7192.6,7159.2,7034.8,2025-08-22,202508.zip,20250822_1.csv,IM,2025-12-19,7362.94,-170.33999999999924,0.023134780400220434,119,0.07264013410608504
IM2603,6881.8,7042.0,6881.8,24330,3390377.172,55258,-45.0,7036.0,7009.8,6881.8,2025-08-22,202508.zip,20250822_1.csv,IM,2026-03-20,7362.94,-326.9399999999996,0.044403458401127804,210,0.08076362381223079
IM2509,7400.0,7495.4,7362.0,202867,30115660.568,207228,-200.0,7412.2,7423.0,7319.6,2025-08-25,202508.zip,20250825_1.csv,IM,2025-09-19,7477.73,-65.52999999999975,0.008763354654420463,25,0.1290761177518139
IM2510,7361.2,7448.4,7317.4,9039,1332505.604,13904,3341.0,7365.0,7374.0,7272.6,2025-08-25,202508.zip,20250825_1.csv,IM,2025-10-17,7477.73,-112.72999999999956,0.015075430645396293,53,0.10541047022505674
IM2512,7242.0,7343.6,7213.0,69077,10042588.416,121766,3973.0,7262.0,7273.6,7159.2,2025-08-25,202508.zip,20250825_1.csv,IM,2025-12-19,7477.73,-215.72999999999956,0.028849664269771647,116,0.09347364409918381
IM2603,7081.2,7189.0,7062.0,28379,4039223.428,56871,1613.0,7108.0,7121.8,7009.8,2025-08-25,202508.zip,20250825_1.csv,IM,2026-03-20,7477.73,-369.72999999999956,0.04944414949456577,207,0.09171910129159754
IM2509,7391.4,7486.8,7381.4,160158,23824655.956,195804,-11424.0,7415.4,7442.0,7423.0,2025-08-26,202508.zip,20250826_1.csv,IM,2025-09-19,7476.47,-61.07000000000062,0.008168293325593545,24,0.1252491998633488
IM2510,7349.8,7432.8,7331.2,6696,989404.76,12810,-1094.0,7362.6,7388.2,7374.0,2025-08-26,202508.zip,20250826_1.csv,IM,2025-10-17,7476.47,-113.86999999999989,0.015230449664079382,52,0.10855945015243426
IM2512,7244.2,7323.8,7228.2,53457,7783011.812,117119,-4647.0,7255.0,7282.2,7273.6,2025-08-26,202508.zip,20250826_1.csv,IM,2025-12-19,7476.47,-221.47000000000025,0.029622268262963658,115,0.09688856261049371
IM2603,7100.0,7163.0,7075.0,20856,2971419.476,54783,-2088.0,7096.6,7124.0,7121.8,2025-08-26,202508.zip,20250826_1.csv,IM,2026-03-20,7476.47,-379.8699999999999,0.0508087372784215,206,0.09484409873290892
IM2509,7440.0,7511.6,7275.8,213890,31773278.376,202540,6736.0,7287.2,7356.2,7442.0,2025-08-27,202508.zip,20250827_1.csv,IM,2025-09-19,7336.5,-49.30000000000018,0.006719825529884815,23,0.10736216451001665
IM2510,7367.0,7456.6,7218.4,10142,1493643.16,14941,2131.0,7235.0,7296.4,7388.2,2025-08-27,202508.zip,20250827_1.csv,IM,2025-10-17,7336.5,-101.5,0.013834934914468744,51,0.10040381045299983
IM2512,7278.0,7343.0,7105.0,79514,11544422.876,121790,4671.0,7120.6,7192.0,7282.2,2025-08-27,202508.zip,20250827_1.csv,IM,2025-12-19,7336.5,-215.89999999999964,0.029428201458461034,114,0.09707872537845445
IM2603,7120.0,7180.0,6945.8,29998,4258942.168,58700,3917.0,6962.6,7030.0,7124.0,2025-08-27,202508.zip,20250827_1.csv,IM,2026-03-20,7336.5,-373.89999999999964,0.050964356300688296,205,0.09561433806967251
IM2509,7310.0,7385.0,7160.2,244649,35699966.772,206940,4400.0,7363.2,7322.4,7356.2,2025-08-28,202508.zip,20250828_1.csv,IM,2025-09-19,7447.11,-83.90999999999985,0.011267458114624262,22,0.189067685492473
IM2510,7235.0,7330.0,7109.0,13827,2002735.828,16946,2005.0,7305.8,7268.8,7296.4,2025-08-28,202508.zip,20250828_1.csv,IM,2025-10-17,7447.11,-141.3099999999995,0.01897514606337214,50,0.14119781543431253
IM2512,7119.6,7209.0,6985.0,94127,13406350.824,124586,2796.0,7183.0,7149.4,7192.0,2025-08-28,202508.zip,20250828_1.csv,IM,2025-12-19,7447.11,-264.1099999999997,0.035464764183690045,113,0.11876634728753621
IM2603,6962.0,7044.4,6823.0,33044,4596060.224,60188,1488.0,7017.0,6982.0,7030.0,2025-08-28,202508.zip,20250828_1.csv,IM,2026-03-20,7447.11,-430.1099999999997,0.05775529030724669,204,0.1096707366144404
IM2509,7357.8,7419.8,7280.0,214055,31442137.88,189297,-17643.0,7366.6,7353.8,7322.4,2025-08-29,202508.zip,20250829_1.csv,IM,2025-09-19,7438.68,-72.07999999999993,0.009689891217258939,21,0.1700674731380889
IM2510,7314.8,7362.2,7230.0,12332,1796854.092,18323,1377.0,7305.0,7294.8,7268.8,2025-08-29,202508.zip,20250829_1.csv,IM,2025-10-17,7438.68,-133.6800000000003,0.017970930326348222,49,0.13631479696601395
IM2512,7179.0,7231.0,7103.0,79099,11328079.04,120057,-4529.0,7177.0,7165.6,7149.4,2025-08-29,202508.zip,20250829_1.csv,IM,2025-12-19,7438.68,-261.6800000000003,0.035178284319260955,112,0.11882352355739548
IM2603,7017.0,7058.2,6937.2,25697,3590835.168,60337,149.0,7000.6,6986.4,6982.0,2025-08-29,202508.zip,20250829_1.csv,IM,2026-03-20,7438.68,-438.0799999999999,0.05889216904074379,203,0.11251618263825086
IM2509,7400.0,7445.8,7329.4,163079,24086572.052,180779,-8518.0,7380.6,7387.8,7353.8,2025-09-01,202509.zip,20250901_1.csv,IM,2025-09-19,7501.15,-120.54999999999927,0.0160708691333995,18,0.3312042531923001
IM2510,7322.6,7387.2,7270.8,8755,1282372.404,17882,-441.0,7314.2,7321.0,7294.8,2025-09-01,202509.zip,20250901_1.csv,IM,2025-10-17,7501.15,-186.94999999999982,0.024922845163741547,46,0.2028120107046081
IM2512,7220.0,7254.4,7140.6,59390,8542464.256,115967,-4090.0,7180.0,7187.2,7165.6,2025-09-01,202509.zip,20250901_1.csv,IM,2025-12-19,7501.15,-321.14999999999964,0.042813435273258094,109,0.14977862819759286
IM2603,7030.0,7075.0,6961.4,20581,2886345.384,60600,263.0,6995.2,7003.8,6986.4,2025-09-01,202509.zip,20250901_1.csv,IM,2026-03-20,7501.15,-505.9499999999998,0.06744965771914968,200,0.13199890639295528
IM2509,7383.2,7393.8,7182.4,218061,31678132.176,193312,12533.0,7251.4,7230.8,7387.8,2025-09-02,202509.zip,20250902_1.csv,IM,2025-09-19,7313.88,-62.48000000000047,0.008542661350746883,17,0.18499632525321844
IM2510,7319.0,7328.0,7125.4,13101,1887981.4,20698,2816.0,7202.2,7174.6,7321.0,2025-09-02,202509.zip,20250902_1.csv,IM,2025-10-17,7313.88,-111.68000000000029,0.015269596985457823,45,0.1257739147606131
IM2512,7187.0,7194.0,6991.0,79904,11296716.24,124061,8094.0,7057.0,7037.0,7187.2,2025-09-02,202509.zip,20250902_1.csv,IM,2025-12-19,7313.88,-256.8800000000001,0.03512226068789759,108,0.1230210088223408
IM2603,6995.2,7008.2,6818.0,26680,3680732.652,63200,2600.0,6881.0,6860.6,7003.8,2025-09-02,202509.zip,20250902_1.csv,IM,2026-03-20,7313.88,-432.8800000000001,0.05918609547873355,199,0.11538669951998048
IM2509,7283.2,7295.6,7110.4,213250,30726878.536,190793,-2519.0,7142.6,7161.4,7230.8,2025-09-03,202509.zip,20250903_1.csv,IM,2025-09-19,7206.88,-64.27999999999975,0.008919254934174004,16,0.20530164085906905
IM2510,7241.0,7241.0,7048.2,12867,1836359.18,20662,-36.0,7075.4,7095.6,7174.6,2025-09-03,202509.zip,20250903_1.csv,IM,2025-10-17,7206.88,-131.48000000000047,0.018243678262993224,44,0.15415190146654092
IM2512,7089.4,7101.8,6909.0,85486,11974219.768,124943,882.0,6938.2,6960.8,7037.0,2025-09-03,202509.zip,20250903_1.csv,IM,2025-12-19,7206.88,-268.6800000000003,0.03728104255933218,107,0.1320984165410138
IM2603,6925.0,6932.0,6727.4,26694,3644581.26,62852,-348.0,6760.8,6778.6,6860.6,2025-09-03,202509.zip,20250903_1.csv,IM,2026-03-20,7206.88,-446.0799999999999,0.061896410097018406,198,0.12163045673872801
IM2509,7168.0,7205.0,6910.0,239398,33875619.956,189144,-1649.0,7003.0,6974.2,7161.4,2025-09-04,202509.zip,20250904_1.csv,IM,2025-09-19,7041.15,-38.149999999999636,0.00541814902395199,15,0.13255985530010786
IM2510,7095.2,7141.8,6851.2,15491,2173108.136,22486,1824.0,6944.0,6913.8,7095.6,2025-09-04,202509.zip,20250904_1.csv,IM,2025-10-17,7041.15,-97.14999999999964,0.013797462062305144,43,0.11875653065051867
IM2512,6956.2,6999.0,6713.2,98940,13606112.22,128804,3861.0,6806.6,6778.8,6960.8,2025-09-04,202509.zip,20250904_1.csv,IM,2025-12-19,7041.15,-234.54999999999927,0.03331131988382574,106,0.11865668393994894
IM2603,6775.0,6815.0,6540.0,29410,3939097.18,64312,1460.0,6631.2,6604.4,6778.6,2025-09-04,202509.zip,20250904_1.csv,IM,2026-03-20,7041.15,-409.9499999999998,0.0582220233910653,197,0.11454216890711387
IM2509,7021.4,7234.8,6997.6,183966,26191084.74,171258,-17886.0,7226.0,7206.2,6974.2,2025-09-05,202509.zip,20250905_1.csv,IM,2025-09-19,7245.67,-19.670000000000073,0.0027147247942564956,14,0.07096941599778488
IM2510,6969.0,7179.0,6936.2,16200,2289985.84,24545,2059.0,7174.8,7151.6,6913.8,2025-09-05,202509.zip,20250905_1.csv,IM,2025-10-17,7245.67,-70.86999999999989,0.009781014040109448,42,0.08584128444263875
IM2512,6828.2,7046.6,6800.8,78231,10831791.34,126733,-2071.0,7040.0,7015.4,6778.8,2025-09-05,202509.zip,20250905_1.csv,IM,2025-12-19,7245.67,-205.67000000000007,0.028385228695206988,105,0.10155512716450227
IM2603,6636.0,6874.4,6627.6,25389,3428747.472,64262,-50.0,6862.2,6843.0,6604.4,2025-09-05,202509.zip,20250905_1.csv,IM,2026-03-20,7245.67,-383.47000000000025,0.05292402220912629,196,0.10406503031395295
IM2509,7221.0,7278.6,7163.4,153548,22166165.404,159428,-11830.0,7236.0,7248.0,7206.2,2025-09-08,202509.zip,20250908_1.csv,IM,2025-09-19,7311.03,-75.02999999999975,0.010262575861403889,11,0.3440618875320369
IM2510,7171.2,7220.4,7105.8,12587,1802494.96,25168,623.0,7178.8,7189.2,7151.6,2025-09-08,202509.zip,20250908_1.csv,IM,2025-10-17,7311.03,-132.22999999999956,0.018086370867032353,39,0.17238774997035336
IM2512,7049.0,7083.4,6966.6,64157,9013782.652,125535,-1198.0,7042.4,7053.2,7015.4,2025-09-08,202509.zip,20250908_1.csv,IM,2025-12-19,7311.03,-268.6300000000001,0.03674311280353115,102,0.13649807162442373
IM2603,6865.0,6905.0,6795.0,21421,2935873.448,63612,-650.0,6864.4,6873.2,6843.0,2025-09-08,202509.zip,20250908_1.csv,IM,2026-03-20,7311.03,-446.6300000000001,0.06108988747139599,193,0.12304978634226985
IM2509,7215.0,7263.0,7117.2,150382,21624381.476,155328,-4100.0,7165.8,7153.4,7248.0,2025-09-09,202509.zip,20250909_1.csv,IM,2025-09-19,7226.03,-60.22999999999956,0.00833514391719925,10,0.30678989087052055
IM2510,7135.6,7203.4,7058.0,12978,1851148.312,28208,3040.0,7100.6,7092.4,7189.2,2025-09-09,202509.zip,20250909_1.csv,IM,2025-10-17,7226.03,-125.42999999999938,0.017358079055857734,38,0.1696741342836851
IM2512,7020.0,7061.6,6915.0,69661,9734636.944,131106,5571.0,6956.4,6948.8,7053.2,2025-09-09,202509.zip,20250909_1.csv,IM,2025-12-19,7226.03,-269.6300000000001,0.03731371167847353,101,0.14007323407862626
IM2603,6850.0,6881.6,6736.8,20710,2819381.388,66018,2406.0,6776.8,6769.8,6873.2,2025-09-09,202509.zip,20250909_1.csv,IM,2026-03-20,7226.03,-449.22999999999956,0.06216829988250805,192,0.1260189097976428
IM2509,7176.8,7268.8,7138.0,161976,23298140.18,154502,-826.0,7151.0,7176.6,7153.4,2025-09-10,202509.zip,20250910_1.csv,IM,2025-09-19,7230.17,-79.17000000000007,0.010949950001175601,9,0.44899780916421705
IM2510,7100.8,7205.0,7080.0,14887,2122455.008,30109,1901.0,7088.6,7112.4,7092.4,2025-09-10,202509.zip,20250910_1.csv,IM,2025-10-17,7230.17,-141.5699999999997,0.019580452465156384,37,0.19701618357911627
IM2512,6956.6,7059.8,6935.0,74810,10450484.26,132535,1429.0,6938.2,6965.0,6948.8,2025-09-10,202509.zip,20250910_1.csv,IM,2025-12-19,7230.17,-291.97000000000025,0.04038217635269992,100,0.15359754691418565
IM2603,6778.2,6877.6,6750.0,23421,3185270.136,66557,539.0,6750.0,6777.4,6769.8,2025-09-10,202509.zip,20250910_1.csv,IM,2026-03-20,7230.17,-480.1700000000001,0.06641199307900092,191,0.13594108978088026
IM2509,7144.0,7391.8,7090.0,181199,26308155.004,147845,-6657.0,7387.8,7365.6,7176.6,2025-09-11,202509.zip,20250911_1.csv,IM,2025-09-19,7399.89,-12.090000000000146,0.0016338080701200353,8,0.07466448063022699
IM2510,7086.4,7329.0,7028.8,20631,2970327.596,34852,4743.0,7326.0,7297.8,7112.4,2025-09-11,202509.zip,20250911_1.csv,IM,2025-10-17,7399.89,-73.89000000000033,0.009985283565026037,36,0.10226078351078323
IM2512,6940.0,7183.8,6880.0,87901,12383577.484,136366,3831.0,7183.6,7153.6,6965.0,2025-09-11,202509.zip,20250911_1.csv,IM,2025-12-19,7399.89,-216.28999999999996,0.029228812860731757,99,0.11100740969469751
IM2603,6740.0,6994.6,6690.8,28376,3890148.692,69269,2712.0,6994.0,6965.6,6777.4,2025-09-11,202509.zip,20250911_1.csv,IM,2026-03-20,7399.89,-405.8900000000003,0.05485081534995795,190,0.11148642445404353
IM2509,7387.0,7448.0,7366.0,134399,19901749.256,135337,-12508.0,7392.8,7400.8,7365.6,2025-09-12,202509.zip,20250912_1.csv,IM,2025-09-19,7422.88,-30.079999999999927,0.004052335481645963,7,0.2121600939910622
IM2510,7336.0,7382.8,7300.2,16556,2430931.04,36015,1163.0,7326.0,7333.6,7297.8,2025-09-12,202509.zip,20250912_1.csv,IM,2025-10-17,7422.88,-96.88000000000011,0.013051537947535219,35,0.13790881790881748
IM2512,7180.2,7240.0,7158.0,68551,9865613.176,133517,-2849.0,7173.6,7186.4,7153.6,2025-09-12,202509.zip,20250912_1.csv,IM,2025-12-19,7422.88,-249.27999999999975,0.03358265255534232,98,0.12942467050386514
IM2603,7000.0,7045.0,6965.0,21330,2987050.54,67296,-1973.0,6973.2,6985.2,6965.6,2025-09-12,202509.zip,20250912_1.csv,IM,2026-03-20,7422.88,-449.6800000000003,0.060580259953010196,189,0.12453817897516625
IM2509,7420.0,7429.8,7365.0,107983,15969952.388,116294,-19043.0,7368.6,7386.4,7400.8,2025-09-15,202509.zip,20250915_1.csv,IM,2025-09-19,7415.57,-46.969999999999345,0.00633397028144822,4,0.5816589989957319
IM2510,7366.6,7366.6,7297.6,14772,2164331.54,38394,2379.0,7301.0,7317.0,7333.6,2025-09-15,202509.zip,20250915_1.csv,IM,2025-10-17,7415.57,-114.56999999999971,0.015449924955195593,32,0.17899110567045542
IM2512,7184.6,7206.8,7141.4,54784,7859837.424,133533,16.0,7143.2,7161.4,7186.4,2025-09-15,202509.zip,20250915_1.csv,IM,2025-12-19,7415.57,-272.3699999999999,0.03672947595397247,95,0.14649935750452397
IM2603,6995.0,6997.8,6934.8,16850,2347769.368,68482,1186.0,6934.8,6951.2,6985.2,2025-09-15,202509.zip,20250915_1.csv,IM,2026-03-20,7415.57,-480.7699999999995,0.06483250781800987,186,0.1360452363985038
IM2509,7391.0,7474.2,7329.2,130773,19376560.904,112626,-3668.0,7462.0,7454.0,7386.4,2025-09-16,202509.zip,20250916_1.csv,IM,2025-09-19,7483.63,-21.63000000000011,0.002890308580194345,3,0.3526735459662282
IM2510,7311.4,7404.2,7261.0,23211,3406658.528,46752,8358.0,7392.0,7384.2,7317.0,2025-09-16,202509.zip,20250916_1.csv,IM,2025-10-17,7483.63,-91.63000000000011,0.012244058030661642,31,0.14595094086021565
IM2512,7172.2,7256.2,7103.0,85404,12276320.416,149063,15530.0,7242.4,7232.2,7161.4,2025-09-16,202509.zip,20250916_1.csv,IM,2025-12-19,7483.63,-241.23000000000047,0.03223435685623155,94,0.12933433080840745
IM2603,6960.0,7050.0,6893.8,22584,3152465.84,71486,3004.0,7034.0,7026.8,6951.2,2025-09-16,202509.zip,20250916_1.csv,IM,2026-03-20,7483.63,-449.6300000000001,0.06008180522019391,185,0.12611712224023855
IM2509,7453.0,7565.0,7431.0,122397,18385070.64,89169,-23457.0,7547.0,7544.2,7454.0,2025-09-17,202509.zip,20250917_1.csv,IM,2025-09-19,7554.81,-7.8100000000004,0.0010337784802000316,2,0.18885981184578793
IM2510,7395.0,7495.6,7365.0,36291,5407252.004,57923,11171.0,7480.2,7477.8,7384.2,2025-09-17,202509.zip,20250917_1.csv,IM,2025-10-17,7554.81,-74.61000000000058,0.009875827452973773,30,0.12135437555145605
IM2512,7248.0,7346.0,7212.2,101376,14783349.34,158963,9900.0,7331.6,7324.0,7232.2,2025-09-17,202509.zip,20250917_1.csv,IM,2025-12-19,7554.81,-223.21000000000004,0.02954541543731737,93,0.11948814001197909
IM2603,7039.0,7140.4,7007.0,25839,3660935.096,73293,1807.0,7126.2,7119.6,7026.8,2025-09-17,202509.zip,20250917_1.csv,IM,2026-03-20,7554.81,-428.6100000000006,0.05673339236857056,184,0.11931068360111449
IM2509,7520.0,7660.0,7371.0,118769,17940473.7,55453,-33716.0,7454.8,7449.2,7544.2,2025-09-18,202509.zip,20250918_1.csv,IM,2025-09-19,7476.4,-21.599999999999454,0.0028890910063665842,1,1.0575736438268057
IM2510,7470.6,7602.0,7291.0,72033,10766132.784,80608,22685.0,7370.2,7366.8,7477.8,2025-09-18,202509.zip,20250918_1.csv,IM,2025-10-17,7476.4,-106.19999999999982,0.014204697447969594,29,0.18135941662557176
IM2512,7313.8,7458.8,7131.6,197746,28933017.484,190972,32009.0,7213.4,7206.2,7324.0,2025-09-18,202509.zip,20250918_1.csv,IM,2025-12-19,7476.4,-263.0,0.035177358086779686,92,0.14465077675485577
IM2603,7133.6,7255.8,6922.2,40425,5757577.732,78121,4828.0,7000.0,7001.8,7119.6,2025-09-18,202509.zip,20250918_1.csv,IM,2026-03-20,7476.4,-476.39999999999964,0.06372050719597666,183,0.1357423887587821
IM2509,7461.4,7513.8,7425.0,43869,6551651.784,0,-55453.0,7448.0,7448.68,7449.2,2025-09-19,202509.zip,20250919_1.csv,IM,2025-09-19,7438.19,9.8100000000004,-0.0013188692410386338,0,
IM2510,7380.0,7433.8,7301.0,70407,10377515.172,90460,9852.0,7343.8,7361.0,7366.8,2025-09-19,202509.zip,20250919_1.csv,IM,2025-10-17,7438.19,-94.38999999999942,0.012689915154089793,28,0.1675482817381413
IM2512,7224.0,7275.0,7135.0,172454,24862284.868,193659,2687.0,7190.8,7202.2,7206.2,2025-09-19,202509.zip,20250919_1.csv,IM,2025-12-19,7438.19,-247.38999999999942,0.03325943542716703,91,0.13799279237756135
IM2603,7003.4,7065.0,6924.4,32015,4480662.564,80290,2169.0,6979.4,6994.0,7001.8,2025-09-19,202509.zip,20250919_1.csv,IM,2026-03-20,7438.19,-458.78999999999996,0.061680328144346985,182,0.13183093448947242
IM2510,7382.0,7399.8,7315.0,53016,7805960.636,85942,-4518.0,7395.6,7373.8,7361.0,2025-09-22,202509.zip,20250922_1.csv,IM,2025-10-17,7489.48,-93.8799999999992,0.012534915641673305,25,0.18533290064362407
IM2511,7311.8,7319.0,7231.2,4738,689632.644,4498,4498.0,7312.4,7290.8,7361.0,2025-09-22,202509.zip,20250922_1.csv,IM,2025-11-21,7489.48,-177.07999999999993,0.023643831080395472,60,0.14731643053808105
IM2512,7209.0,7238.0,7144.0,134489,19358630.84,186980,-6679.0,7230.2,7211.0,7202.2,2025-09-22,202509.zip,20250922_1.csv,IM,2025-12-19,7489.48,-259.27999999999975,0.034619225900863526,88,0.14874038439776538
IM2603,7000.0,7026.0,6934.4,21052,2941565.236,76792,-3498.0,7019.0,7002.6,6994.0,2025-09-22,202509.zip,20250922_1.csv,IM,2026-03-20,7489.48,-470.47999999999956,0.06281878047608103,179,0.13668024778713153
IM2510,7402.2,7408.6,7166.4,83232,12075541.052,96646,10704.0,7305.6,7250.4,7373.8,2025-09-23,202509.zip,20250923_1.csv,IM,2025-10-17,7408.07,-102.46999999999935,0.013832212708573155,24,0.21331552735800585
IM2511,7319.8,7324.0,7078.2,7932,1136277.788,6233,1735.0,7208.6,7160.4,7290.8,2025-09-23,202509.zip,20250923_1.csv,IM,2025-11-21,7408.07,-199.46999999999935,0.026926041465590855,59,0.17118571179339942
IM2512,7236.8,7244.8,6995.6,203839,28860068.612,206634,19654.0,7127.0,7075.8,7211.0,2025-09-23,202509.zip,20250923_1.csv,IM,2025-12-19,7408.07,-281.0699999999997,0.0379410561725253,87,0.16545555270631815
IM2603,7029.0,7029.0,6792.0,34021,4677276.936,83927,7135.0,6911.8,6870.2,7002.6,2025-09-23,202509.zip,20250923_1.csv,IM,2026-03-20,7408.07,-496.2699999999995,0.06699045770355838,178,0.14723115590306246
IM2510,7285.6,7475.4,7264.6,68987,10183960.78,84906,-11740.0,7472.0,7454.8,7250.4,2025-09-24,202509.zip,20250924_1.csv,IM,2025-10-17,7534.22,-62.220000000000255,0.00825832003843796,23,0.13214726282469105
IM2511,7185.0,7390.8,7170.0,8349,1219342.904,8831,2598.0,7384.4,7370.8,7160.4,2025-09-24,202509.zip,20250924_1.csv,IM,2025-11-21,7534.22,-149.82000000000062,0.019885270140771127,58,0.1276789933671919
IM2512,7100.0,7313.8,7087.0,185454,26752026.812,192420,-14214.0,7303.2,7288.4,7075.8,2025-09-24,202509.zip,20250924_1.csv,IM,2025-12-19,7534.22,-231.02000000000044,0.03066276270138124,86,0.1342551019368384
IM2603,6885.0,7099.6,6874.0,30830,4317543.576,79334,-4593.0,7088.2,7074.0,6870.2,2025-09-24,202509.zip,20250924_1.csv,IM,2026-03-20,7534.22,-446.02000000000044,0.05919922699363711,177,0.12975914295055843
IM2510,7460.6,7507.0,7419.0,50828,7582406.816,82886,-2020.0,7444.6,7456.4,7454.8,2025-09-25,202509.zip,20250925_1.csv,IM,2025-10-17,7506.51,-61.909999999999854,0.008247507829870271,22,0.1379715742710406
IM2511,7383.6,7424.8,7332.6,5534,815992.444,7829,-1002.0,7360.0,7369.2,7370.8,2025-09-25,202509.zip,20250925_1.csv,IM,2025-11-21,7506.51,-146.51000000000022,0.019517725281122722,57,0.12746984649122817
IM2512,7290.0,7342.0,7251.8,135475,19759633.848,183767,-8653.0,7281.8,7290.8,7288.4,2025-09-25,202509.zip,20250925_1.csv,IM,2025-12-19,7506.51,-224.71000000000004,0.02993534945001075,85,0.13251272713760168
IM2603,7080.0,7128.8,7038.0,20999,2973634.004,78845,-489.0,7066.2,7076.4,7074.0,2025-09-25,202509.zip,20250925_1.csv,IM,2026-03-20,7506.51,-440.3100000000004,0.058657085649656104,176,0.12922686843385037
IM2510,7419.6,7470.0,7342.0,56703,8387096.072,83509,623.0,7357.0,7360.8,7456.4,2025-09-26,202509.zip,20250926_1.csv,IM,2025-10-17,7397.59,-40.590000000000146,0.0054869220921949236,21,0.09589409503097078
IM2511,7335.4,7384.0,7254.2,5684,830812.08,8850,1021.0,7271.2,7272.8,7369.2,2025-09-26,202509.zip,20250926_1.csv,IM,2025-11-21,7397.59,-126.39000000000033,0.017085293994395512,56,0.11329518707857218
IM2512,7260.0,7306.0,7173.0,155277,22450182.788,192544,8777.0,7189.2,7193.4,7290.8,2025-09-26,202509.zip,20250926_1.csv,IM,2025-12-19,7397.59,-208.39000000000033,0.02816998508973878,84,0.12595339768912614
IM2603,7040.0,7093.6,6958.0,25326,3550242.228,79961,1116.0,6972.2,6974.4,7076.4,2025-09-26,202509.zip,20250926_1.csv,IM,2026-03-20,7397.59,-425.3900000000003,0.05750386274448849,175,0.12725423826052049
IM2510,7372.0,7516.4,7327.2,66610,9897041.208,84039,530.0,7484.2,7469.6,7360.8,2025-09-29,202509.zip,20250929_1.csv,IM,2025-10-17,7497.83,-13.63000000000011,0.0018178593006242805,18,0.036929279162917834
IM2511,7284.0,7445.6,7241.0,8544,1255022.6,10741,1891.0,7403.8,7387.8,7272.8,2025-09-29,202509.zip,20250929_1.csv,IM,2025-11-21,7497.83,-94.02999999999975,0.012540961851629007,53,0.08746388264669812
IM2512,7205.0,7374.4,7158.8,178532,25946497.248,191754,-790.0,7337.4,7316.8,7193.4,2025-09-29,202509.zip,20250929_1.csv,IM,2025-12-19,7497.83,-160.4300000000003,0.021396857490767363,81,0.09852608671218419
IM2603,6988.0,7150.0,6941.6,30933,4362698.76,80722,761.0,7114.4,7096.6,6974.4,2025-09-29,202509.zip,20250929_1.csv,IM,2026-03-20,7497.83,-383.4300000000003,0.05113879615835515,172,0.11437002809892281
IM2510,7494.0,7580.2,7494.0,50247,7583527.904,75675,-8364.0,7556.6,7556.4,7469.6,2025-09-30,202509.zip,20250930_1.csv,IM,2025-10-17,7574.96,-18.359999999999673,0.0024237751750504355,17,0.05216631818542699
IM2511,7434.8,7505.2,7415.2,7902,1180481.0,13101,2360.0,7479.2,7484.2,7387.8,2025-09-30,202509.zip,20250930_1.csv,IM,2025-11-21,7574.96,-95.76000000000022,0.012641650913008173,52,0.08987078009165984
IM2512,7360.0,7434.4,7347.4,135231,20012753.176,183522,-8232.0,7406.2,7408.4,7316.8,2025-09-30,202509.zip,20250930_1.csv,IM,2025-12-19,7574.96,-168.76000000000022,0.022278665497903694,80,0.10396255839701837
IM2603,7142.2,7213.6,7127.6,23490,3372543.02,79341,-1381.0,7187.0,7184.2,7096.6,2025-09-30,202509.zip,20250930_1.csv,IM,2026-03-20,7574.96,-387.96000000000004,0.05121611203227472,171,0.1152221725874446
IM2510,7599.6,7659.8,7563.2,48343,7367337.812,73893,-1782.0,7607.4,7618.8,7556.4,2025-10-09,202510.zip,20251009_1.csv,IM,2025-10-17,7648.05,-40.650000000000546,0.005315080314590048,8,0.24379633646186546
IM2511,7521.8,7582.8,7488.0,9432,1423357.168,16019,2918.0,7526.8,7539.4,7484.2,2025-10-09,202510.zip,20251009_1.csv,IM,2025-11-21,7648.05,-121.25,0.01585371434548677,43,0.1367400643406324
IM2512,7444.0,7519.0,7413.0,131436,19645459.372,182161,-1361.0,7449.6,7467.8,7408.4,2025-10-09,202510.zip,20251009_1.csv,IM,2025-12-19,7648.05,-198.44999999999982,0.025947790613293553,71,0.13694704470378966
IM2603,7220.0,7302.0,7195.8,24518,3557034.324,81003,1662.0,7229.0,7248.8,7184.2,2025-10-09,202510.zip,20251009_1.csv,IM,2026-03-20,7648.05,-419.0500000000002,0.05479174430083489,162,0.13060670413577696
IM2510,7579.6,7598.6,7498.2,53416,8052461.932,70956,-2937.0,7514.2,7519.6,7618.8,2025-10-10,202510.zip,20251010_1.csv,IM,2025-10-17,7533.82,-19.61999999999989,0.002604256539179284,7,0.13614794085103718
IM2511,7508.0,7512.6,7409.0,15411,2295962.436,22199,6180.0,7421.8,7427.4,7539.4,2025-10-10,202510.zip,20251010_1.csv,IM,2025-11-21,7533.82,-112.01999999999953,0.014868950943876968,42,0.13116860368874717
IM2512,7415.0,7434.0,7327.0,140881,20752691.344,183267,1106.0,7340.4,7346.4,7467.8,2025-10-10,202510.zip,20251010_1.csv,IM,2025-12-19,7533.82,-193.42000000000007,0.025673562681348905,70,0.13739675533447004
IM2603,7207.4,7216.8,7110.0,23742,3394236.568,80505,-498.0,7120.0,7127.4,7248.8,2025-10-10,202510.zip,20251010_1.csv,IM,2026-03-20,7533.82,-413.8199999999997,0.054928309941039144,161,0.13176451601646985
IM2510,7377.4,7503.6,7302.2,65213,9675729.556,68201,-2755.0,7476.8,7473.0,7519.6,2025-10-13,202510.zip,20251013_1.csv,IM,2025-10-17,7519.76,-42.960000000000036,0.005712948285583552,4,0.5243018403595068
IM2511,7198.0,7412.2,7198.0,20080,2945790.208,28943,6744.0,7395.0,7381.4,7427.4,2025-10-13,202510.zip,20251013_1.csv,IM,2025-11-21,7519.76,-124.76000000000022,0.016590955030479693,39,0.15789393387770614
IM2512,7156.0,7333.0,7141.2,169889,24631029.168,190790,7523.0,7305.8,7303.8,7346.4,2025-10-13,202510.zip,20251013_1.csv,IM,2025-12-19,7519.76,-213.96000000000004,0.028453035735183096,67,0.1595448801054814
IM2603,6950.0,7104.0,6923.6,31368,4408759.644,83351,2846.0,7077.6,7076.6,7127.4,2025-10-13,202510.zip,20251013_1.csv,IM,2026-03-20,7519.76,-442.15999999999985,0.058799748928157314,158,0.14432089544764506
IM2510,7506.0,7571.6,7295.2,68904,10254556.784,59100,-9101.0,7340.0,7338.2,7473.0,2025-10-14,202510.zip,20251014_1.csv,IM,2025-10-17,7373.15,-33.149999999999636,0.004496043075212008,3,0.5494891008174426
IM2511,7436.6,7483.6,7185.4,26362,3865119.3,38279,9336.0,7230.0,7234.4,7381.4,2025-10-14,202510.zip,20251014_1.csv,IM,2025-11-21,7373.15,-143.14999999999964,0.019415039704875126,38,0.19017889641115082
IM2512,7360.0,7404.0,7100.0,200096,29009194.996,194043,3253.0,7145.8,7148.6,7303.8,2025-10-14,202510.zip,20251014_1.csv,IM,2025-12-19,7373.15,-227.34999999999945,0.030834853488671654,66,0.17595152312398737
IM2603,7120.0,7174.6,6882.8,36759,5163301.576,84787,1436.0,6922.0,6926.0,7076.6,2025-10-14,202510.zip,20251014_1.csv,IM,2026-03-20,7373.15,-451.14999999999964,0.06118823026793152,157,0.15152440202658538
IM2510,7377.8,7477.8,7310.0,55423,8204728.184,47911,-11189.0,7455.8,7451.6,7338.2,2025-10-15,202510.zip,20251015_1.csv,IM,2025-10-17,7483.45,-27.649999999999636,0.0036948199025850226,2,0.6768053059363027
IM2511,7260.0,7386.0,7211.6,28745,4203858.096,46218,7939.0,7362.6,7357.6,7234.4,2025-10-15,202510.zip,20251015_1.csv,IM,2025-11-21,7483.45,-120.84999999999945,0.016148968724318258,37,0.16192227187663616
IM2512,7194.8,7305.0,7128.0,178569,25797849.904,191595,-2448.0,7275.2,7273.8,7148.6,2025-10-15,202510.zip,20251015_1.csv,IM,2025-12-19,7483.45,-208.25,0.02782807394984932,65,0.16073837779770245
IM2603,6949.0,7081.8,6912.2,30417,4259115.316,84507,-280.0,7060.2,7054.2,6926.0,2025-10-15,202510.zip,20251015_1.csv,IM,2026-03-20,7483.45,-423.25,0.05655813829183065,156,0.1402646489276471
IM2510,7440.4,7455.0,7368.0,39286,5823239.608,33142,-14769.0,7403.4,7394.0,7451.6,2025-10-16,202510.zip,20251016_1.csv,IM,2025-10-17,7401.84,1.5599999999994907,-0.00021075840601780804,1,-0.07691060863925347
IM2511,7334.0,7352.6,7250.0,30514,4453570.604,54135,7917.0,7293.2,7276.8,7357.6,2025-10-16,202510.zip,20251016_1.csv,IM,2025-11-21,7401.84,-108.64000000000033,0.01467743155755874,36,0.15102957397149325
IM2512,7255.0,7269.8,7161.2,153865,22204903.204,185185,-6410.0,7205.0,7190.6,7273.8,2025-10-16,202510.zip,20251016_1.csv,IM,2025-12-19,7401.84,-196.84000000000015,0.02659338759011276,64,0.1558089000693961
IM2603,7040.0,7050.0,6944.0,26088,3650749.528,83019,-1488.0,6981.4,6971.4,7054.2,2025-10-16,202510.zip,20251016_1.csv,IM,2026-03-20,7401.84,-420.4400000000005,0.056802092452687525,155,0.14181516416431877
IM2510,7402.8,7430.0,7212.8,29136,4262772.92,0,-33142.0,7230.2,7230.33,7394.0,2025-10-17,202510.zip,20251017_1.csv,IM,2025-10-17,7185.48,44.720000000000255,-0.006223662163140187,0,
IM2511,7300.2,7326.6,7081.0,55221,7914271.084,77603,23468.0,7100.0,7104.0,7276.8,2025-10-17,202510.zip,20251017_1.csv,IM,2025-11-21,7185.48,-85.47999999999956,0.01189621291827403,35,0.12555412474849073
IM2512,7204.8,7238.0,7002.2,173725,24614585.844,199348,14163.0,7020.8,7024.2,7190.6,2025-10-17,202510.zip,20251017_1.csv,IM,2025-12-19,7185.48,-164.67999999999938,0.02291844107839691,63,0.1358959680803336
IM2603,6975.0,7017.2,6789.2,32831,4508564.876,87271,4252.0,6805.0,6808.0,6971.4,2025-10-17,202510.zip,20251017_1.csv,IM,2026-03-20,7185.48,-380.47999999999956,0.05295122942378239,154,0.13251829727950223
IM2511,7189.0,7231.0,7109.0,44989,6452423.536,71066,-6537.0,7137.6,7134.6,7104.0,2025-10-20,202510.zip,20251020_1.csv,IM,2025-11-21,7239.18,-101.57999999999993,0.014031975997281454,32,0.1623300374075315
IM2512,7100.0,7150.8,7028.4,143577,20358626.416,189654,-9694.0,7059.2,7053.4,7024.2,2025-10-20,202510.zip,20251020_1.csv,IM,2025-12-19,7239.18,-179.98000000000047,0.02486193187626229,60,0.15509949191598735
IM2603,6870.4,6926.8,6813.0,28288,3888585.236,82550,-4721.0,6841.6,6836.6,6808.0,2025-10-20,202510.zip,20251020_1.csv,IM,2026-03-20,7239.18,-397.5799999999999,0.054920584928127236,151,0.14046973636932433
IM2606,6744.6,6749.4,6604.6,11429,1524130.34,11067,11067.0,6637.4,6627.2,6808.0,2025-10-20,202510.zip,20251020_1.csv,IM,2026-06-22,7239.18,-601.7800000000007,0.08312819960271756,245,0.1350723758934376
IM2511,7152.0,7301.8,7152.0,44744,6485912.2,72051,985.0,7261.0,7273.0,7134.6,2025-10-21,202510.zip,20251021_1.csv,IM,2025-11-21,7344.05,-83.05000000000018,0.011308474207011088,31,0.13467108858195165
IM2512,7099.0,7228.6,7083.0,151318,21705796.396,190486,832.0,7182.8,7199.4,7053.4,2025-10-21,202510.zip,20251021_1.csv,IM,2025-12-19,7344.05,-161.25,0.021956549860090768,59,0.1388822686587447
IM2603,6861.0,7008.0,6861.0,26613,3700378.088,80131,-2419.0,6966.8,6982.6,6836.6,2025-10-21,202510.zip,20251021_1.csv,IM,2026-03-20,7344.05,-377.25,0.051368114323840364,150,0.13176422460814144
IM2606,6662.0,6801.2,6658.8,10398,1403141.976,12634,1567.0,6753.6,6770.6,6627.2,2025-10-21,202510.zip,20251021_1.csv,IM,2026-06-22,7344.05,-590.4499999999998,0.0803984177667636,244,0.13078285994888947
IM2511,7232.6,7278.0,7196.0,35068,5076673.172,68005,-4046.0,7237.2,7239.0,7273.0,2025-10-22,202510.zip,20251022_1.csv,IM,2025-11-21,7312.21,-75.01000000000022,0.010258184598090025,30,0.12610148492050388
IM2512,7165.2,7201.2,7117.2,120919,17322157.048,180451,-10035.0,7163.2,7165.2,7199.4,2025-10-22,202510.zip,20251022_1.csv,IM,2025-12-19,7312.21,-149.01000000000022,0.02037824406027733,58,0.1309101162647397
IM2603,6938.6,6983.0,6905.0,18115,2516313.148,78082,-2049.0,6947.2,6948.8,6982.6,2025-10-22,202510.zip,20251022_1.csv,IM,2026-03-20,7312.21,-365.0100000000002,0.04991787708504003,149,0.12870681906707998
IM2606,6738.6,6771.0,6701.0,8259,1112524.624,15098,2464.0,6736.0,6735.6,6770.6,2025-10-22,202510.zip,20251022_1.csv,IM,2026-06-22,7312.21,-576.21,0.0788010738203635,243,0.12848880897920897
IM2511,7210.0,7257.0,7092.8,48889,6999094.576,74544,6539.0,7248.8,7206.2,7239.0,2025-10-23,202510.zip,20251023_1.csv,IM,2025-11-21,7308.1,-59.30000000000018,0.008114284150463225,29,0.10296353451130003
IM2512,7149.0,7186.4,7014.4,172781,24465642.172,201566,21115.0,7179.0,7125.6,7165.2,2025-10-23,202510.zip,20251023_1.csv,IM,2025-12-19,7308.1,-129.10000000000036,0.017665330249996614,57,0.11515433660066031
IM2603,6923.6,6972.6,6805.2,28130,3864268.276,81651,3569.0,6967.0,6914.8,6948.8,2025-10-23,202510.zip,20251023_1.csv,IM,2026-03-20,7308.1,-341.10000000000036,0.046674238174080895,148,0.12074441672905868
IM2606,6726.6,6756.8,6596.4,10647,1415878.512,17720,2622.0,6748.4,6695.8,6735.6,2025-10-23,202510.zip,20251023_1.csv,IM,2026-06-22,7308.1,-559.7000000000007,0.07658625360900928,242,0.12509270639480635
IM2511,7285.0,7369.4,7270.4,43112,6309486.532,70082,-4462.0,7369.2,7343.6,7206.2,2025-10-24,202510.zip,20251024_1.csv,IM,2025-11-21,7419.24,-50.039999999999964,0.006744626134213227,28,0.0885180403377773
IM2512,7210.0,7298.0,7194.4,147894,21425511.252,183485,-18081.0,7298.0,7267.8,7125.6,2025-10-24,202510.zip,20251024_1.csv,IM,2025-12-19,7419.24,-121.23999999999978,0.016341296413109663,56,0.10827966566182497
IM2603,6996.8,7077.8,6980.0,24111,3387873.2,76592,-5059.0,7077.8,7050.4,6914.8,2025-10-24,202510.zip,20251024_1.csv,IM,2026-03-20,7419.24,-341.4399999999996,0.04602088623632605,147,0.1197820222779549
IM2606,6771.2,6859.8,6764.6,9336,1271301.988,18930,1210.0,6859.8,6833.0,6695.8,2025-10-24,202510.zip,20251024_1.csv,IM,2026-06-22,7419.24,-559.4399999999996,0.07540394973070008,241,0.12351448253635729
IM2511,7449.2,7465.2,7370.0,45173,6700895.308,72266,2184.0,7399.4,7407.4,7343.6,2025-10-27,202510.zip,20251027_1.csv,IM,2025-11-21,7495.38,-95.98000000000047,0.012805221349684759,25,0.1893813011865829
IM2512,7378.0,7395.6,7300.2,137585,20208958.552,187588,4103.0,7322.6,7332.6,7267.8,2025-10-27,202510.zip,20251027_1.csv,IM,2025-12-19,7495.38,-172.77999999999975,0.02305153307770913,53,0.1624969273208973
IM2603,7122.2,7180.0,7090.0,23471,3348161.012,78846,2254.0,7105.2,7118.4,7050.4,2025-10-27,202510.zip,20251027_1.csv,IM,2026-03-20,7495.38,-390.1800000000003,0.0520560665369868,144,0.1391935366585977
IM2606,6925.0,6965.0,6875.2,8513,1177722.732,20144,1214.0,6891.6,6904.2,6833.0,2025-10-27,202510.zip,20251027_1.csv,IM,2026-06-22,7495.38,-603.7799999999997,0.08055362103055475,238,0.13436141477311805
IM2511,7385.0,7487.0,7378.0,38819,5768313.708,68765,-3501.0,7410.0,7416.0,7407.4,2025-10-28,202510.zip,20251028_1.csv,IM,2025-11-21,7479.22,-69.22000000000025,0.009254975786245123,24,0.14206758884390625
IM2512,7315.0,7416.8,7301.2,141946,20887340.364,186154,-1434.0,7335.6,7342.2,7332.6,2025-10-28,202510.zip,20251028_1.csv,IM,2025-12-19,7479.22,-143.6199999999999,0.01920253716296616,52,0.13742596693888934
IM2603,7099.4,7203.4,7090.0,22315,3188151.732,77590,-1256.0,7122.6,7128.8,7118.4,2025-10-28,202510.zip,20251028_1.csv,IM,2026-03-20,7479.22,-356.6199999999999,0.04768144271728869,143,0.12779797351442507
IM2606,6880.0,6989.6,6878.2,8213,1138328.384,21509,1365.0,6907.2,6916.0,6904.2,2025-10-28,202510.zip,20251028_1.csv,IM,2026-06-22,7479.22,-572.0200000000004,0.07648123734827972,237,0.12754214033616484
IM2511,7429.8,7520.8,7401.6,34309,5120866.768,67592,-1173.0,7519.6,7504.8,7416.0,2025-10-29,202510.zip,20251029_1.csv,IM,2025-11-21,7569.12,-49.51999999999953,0.006542372164795807,23,0.10450833416208537
IM2512,7356.0,7450.0,7330.8,124145,18346657.12,180653,-5501.0,7446.4,7432.2,7342.2,2025-10-29,202510.zip,20251029_1.csv,IM,2025-12-19,7569.12,-122.72000000000025,0.016213245397087128,51,0.11794829663709037
IM2603,7135.0,7238.0,7119.8,20243,2906054.512,77793,203.0,7237.0,7220.4,7128.8,2025-10-29,202510.zip,20251029_1.csv,IM,2026-03-20,7569.12,-332.1199999999999,0.04387828439765784,142,0.11796168749403993
IM2606,6921.2,7025.0,6906.4,8939,1245019.74,22730,1221.0,7023.0,7005.2,6916.0,2025-10-29,202510.zip,20251029_1.csv,IM,2026-06-22,7569.12,-546.1199999999999,0.0721510558691103,236,0.1202669437224421
IM2511,7500.6,7514.4,7402.2,47601,7102438.928,71105,3513.0,7438.4,7439.6,7504.8,2025-10-30,202510.zip,20251030_1.csv,IM,2025-11-21,7485.08,-46.68000000000029,0.00623640629091482,22,0.10411696552533262
IM2512,7429.8,7444.0,7328.0,162104,23950012.052,190757,10104.0,7364.4,7366.6,7432.2,2025-10-30,202510.zip,20251030_1.csv,IM,2025-12-19,7485.08,-120.68000000000029,0.016122740171113814,50,0.1196246808972895
IM2603,7217.0,7234.8,7123.4,27002,3877467.076,80338,2545.0,7157.0,7158.6,7220.4,2025-10-30,202510.zip,20251030_1.csv,IM,2026-03-20,7485.08,-328.0799999999999,0.043831194856968736,141,0.11866495827622983
IM2606,7022.8,7024.0,6913.8,11946,1665978.384,26879,4149.0,6950.0,6952.4,7005.2,2025-10-30,202510.zip,20251030_1.csv,IM,2026-06-22,7485.08,-535.0799999999999,0.07148620990022814,235,0.11958010102556244
IM2511,7441.2,7548.0,7437.4,49482,7401726.588,69370,-1735.0,7439.6,7466.0,7439.6,2025-10-31,202510.zip,20251031_1.csv,IM,2025-11-21,7506.67,-67.06999999999971,0.008934720721704759,21,0.15669397228217385
IM2512,7380.0,7479.0,7363.0,164443,24363860.276,186908,-3849.0,7368.2,7397.2,7366.6,2025-10-31,202510.zip,20251031_1.csv,IM,2025-12-19,7506.67,-138.47000000000025,0.018446261791180363,49,0.1399880844821851
IM2603,7157.0,7266.6,7157.0,27165,3912174.064,78264,-2074.0,7165.0,7192.2,7158.6,2025-10-31,202510.zip,20251031_1.csv,IM,2026-03-20,7506.67,-341.6700000000001,0.045515521529519765,140,0.12432414515003516
IM2606,6952.8,7057.8,6950.0,12192,1705197.036,27841,962.0,6960.0,6988.4,6952.4,2025-10-31,202510.zip,20251031_1.csv,IM,2026-06-22,7506.67,-546.6700000000001,0.0728245680175098,234,0.12251605634148728
IM2511,7451.8,7484.4,7346.2,45578,6760175.924,70152,782.0,7471.4,7473.4,7466.0,2025-11-03,202511.zip,20251103_1.csv,IM,2025-11-21,7538.12,-66.72000000000025,0.008851013249988049,18,0.18108163574876743
IM2512,7384.8,7411.0,7275.0,149911,22016673.764,185243,-1665.0,7398.0,7399.4,7397.2,2025-11-03,202511.zip,20251103_1.csv,IM,2025-12-19,7538.12,-140.1199999999999,0.018588189097546892,46,0.1502867990173611
IM2603,7165.0,7204.0,7071.8,22188,3167562.732,78030,-234.0,7193.0,7192.0,7192.2,2025-11-03,202511.zip,20251103_1.csv,IM,2026-03-20,7538.12,-345.1199999999999,0.04578329875353537,137,0.1278298751523428
IM2606,6970.0,7000.0,6870.2,11456,1588114.968,29514,1673.0,6988.6,6987.6,6988.4,2025-11-03,202511.zip,20251103_1.csv,IM,2026-06-22,7538.12,-549.5199999999995,0.07289881296662826,231,0.12424365072964208
IM2511,7460.0,7460.8,7298.4,43770,6455203.82,67792,-2360.0,7365.2,7339.0,7473.4,2025-11-04,202511.zip,20251104_1.csv,IM,2025-11-21,7435.73,-70.52999999999975,0.00948528254791392,17,0.2056048156513474
IM2512,7384.8,7389.0,7215.4,150525,21953739.152,184001,-1242.0,7284.4,7254.8,7399.4,2025-11-04,202511.zip,20251104_1.csv,IM,2025-12-19,7435.73,-151.32999999999993,0.02035173412697877,45,0.16850453633030016
IM2603,7180.0,7180.4,7008.6,27109,3841197.644,79766,1736.0,7074.8,7049.4,7192.0,2025-11-04,202511.zip,20251104_1.csv,IM,2026-03-20,7435.73,-360.9299999999994,0.04853995505484998,136,0.13691870108986628
IM2606,6978.0,6978.0,6804.2,12174,1675070.44,31914,2400.0,6866.0,6844.4,6987.6,2025-11-04,202511.zip,20251104_1.csv,IM,2026-06-22,7435.73,-569.7299999999996,0.07662058735322552,230,0.1316831836776049
IM2511,7291.0,7431.2,7284.4,41750,6146760.872,67086,-706.0,7391.8,7408.2,7339.0,2025-11-05,202511.zip,20251105_1.csv,IM,2025-11-21,7464.86,-73.05999999999949,0.009787189578907007,16,0.22547704889201617
IM2512,7204.4,7355.0,7200.4,159917,23291340.324,189571,5570.0,7310.8,7329.8,7254.8,2025-11-05,202511.zip,20251105_1.csv,IM,2025-12-19,7464.86,-154.0599999999995,0.02063802938032322,44,0.1748095594562454
IM2603,7008.4,7138.0,6992.8,26218,3706995.944,78552,-1214.0,7093.8,7115.2,7049.4,2025-11-05,202511.zip,20251105_1.csv,IM,2026-03-20,7464.86,-371.0599999999995,0.04970756316930247,135,0.14142438415183609
IM2606,6806.8,6924.2,6787.0,10799,1481529.444,31574,-340.0,6886.4,6901.8,6844.4,2025-11-05,202511.zip,20251105_1.csv,IM,2026-06-22,7464.86,-578.46,0.0774910715003363,229,0.13388701837226674
IM2511,7410.2,7498.0,7383.0,34963,5209222.032,63769,-3317.0,7487.8,7481.8,7408.2,2025-11-06,202511.zip,20251106_1.csv,IM,2025-11-21,7551.83,-64.02999999999975,0.008478739590271456,15,0.20808025499256347
IM2512,7321.6,7418.0,7300.0,138409,20397798.896,176903,-12668.0,7405.0,7401.8,7329.8,2025-11-06,202511.zip,20251106_1.csv,IM,2025-12-19,7551.83,-146.82999999999993,0.019442969452437397,43,0.16831163732864252
IM2603,7110.8,7200.8,7087.2,21128,3022681.016,77197,-1355.0,7186.8,7187.2,7115.2,2025-11-06,202511.zip,20251106_1.csv,IM,2026-03-20,7551.83,-365.02999999999975,0.04833662834041552,134,0.13835060587860473
IM2606,6905.0,6985.0,6877.0,8930,1239654.452,31987,413.0,6974.6,6973.2,6901.8,2025-11-06,202511.zip,20251106_1.csv,IM,2026-06-22,7551.83,-577.2299999999996,0.07643577781809174,228,0.13249137471758418
IM2511,7461.0,7523.0,7424.4,31406,4697691.984,64163,394.0,7493.4,7492.6,7481.8,2025-11-07,202511.zip,20251107_1.csv,IM,2025-11-21,7541.88,-48.48000000000047,0.006428105459116318,14,0.16867414753554458
IM2512,7380.2,7443.8,7340.0,127587,18880453.876,180439,3536.0,7412.0,7411.6,7401.8,2025-11-07,202511.zip,20251107_1.csv,IM,2025-12-19,7541.88,-129.8800000000001,0.01722117031827608,42,0.15228265618173917
IM2603,7158.0,7228.0,7128.0,20569,2955276.596,78643,1446.0,7191.0,7193.8,7187.2,2025-11-07,202511.zip,20251107_1.csv,IM,2026-03-20,7541.88,-350.8800000000001,0.04652420881796049,133,0.13390924118807665
IM2606,6960.0,7013.8,6916.0,8055,1122418.068,33179,1192.0,6975.0,6974.4,6973.2,2025-11-07,202511.zip,20251107_1.csv,IM,2026-06-22,7541.88,-566.8800000000001,0.0751642826457064,227,0.13068144569181936
IM2511,7533.6,7555.4,7453.4,33873,5075875.604,61772,-2391.0,7508.8,7499.2,7492.6,2025-11-10,202511.zip,20251110_1.csv,IM,2025-11-21,7563.25,-54.44999999999982,0.007199286021220996,11,0.2406176752610234
IM2512,7459.0,7477.4,7368.2,128195,18990625.556,179090,-1349.0,7421.0,7412.4,7411.6,2025-11-10,202511.zip,20251110_1.csv,IM,2025-12-19,7563.25,-142.25,0.018808052094007155,39,0.17939820813422822
IM2603,7230.0,7257.8,7150.2,22461,3229532.676,79103,460.0,7199.2,7191.6,7193.8,2025-11-10,202511.zip,20251110_1.csv,IM,2026-03-20,7563.25,-364.0500000000002,0.0481340693484944,130,0.14197971783189622
IM2606,7005.0,7039.0,6928.2,9944,1386119.42,34712,1533.0,6984.2,6971.0,6974.4,2025-11-10,202511.zip,20251110_1.csv,IM,2026-06-22,7563.25,-579.0500000000002,0.07656100221465645,224,0.1350965457236129
IM2511,7528.2,7563.8,7462.4,32931,4947384.412,60308,-1464.0,7476.6,7486.8,7499.2,2025-11-11,202511.zip,20251111_1.csv,IM,2025-11-21,7540.79,-64.1899999999996,0.008512370719778617,10,0.3133690447529631
IM2512,7442.8,7484.0,7375.0,122556,18200975.104,179084,-6.0,7390.4,7401.6,7412.4,2025-11-11,202511.zip,20251111_1.csv,IM,2025-12-19,7540.79,-150.39000000000033,0.01994353376768221,38,0.1954610746800983
IM2603,7215.2,7258.0,7155.8,21766,3136234.796,79515,412.0,7167.0,7178.8,7191.6,2025-11-11,202511.zip,20251111_1.csv,IM,2026-03-20,7540.79,-373.78999999999996,0.04956907697999813,129,0.14756842028980796
IM2606,7005.0,7036.6,6935.4,8829,1232816.8,35188,476.0,6949.8,6957.6,6971.0,2025-11-11,202511.zip,20251111_1.csv,IM,2026-06-22,7540.79,-590.9899999999998,0.07837242517030707,223,0.13918608749201664
IM2511,7466.8,7501.6,7385.0,44117,6563068.996,63123,2815.0,7458.2,7447.2,7486.8,2025-11-12,202511.zip,20251112_1.csv,IM,2025-11-21,7486.38,-28.18000000000029,0.0037641690643542836,9,0.15323476918767948
IM2512,7387.8,7417.0,7293.0,159312,23416380.524,193160,14076.0,7369.8,7355.6,7401.6,2025-11-12,202511.zip,20251112_1.csv,IM,2025-12-19,7486.38,-116.57999999999993,0.015572279259134625,37,0.1560484607378695
IM2603,7160.0,7192.0,7075.2,27626,3937967.024,83249,3734.0,7148.6,7132.0,7178.8,2025-11-12,202511.zip,20251112_1.csv,IM,2026-03-20,7486.38,-337.77999999999975,0.04511926992752169,128,0.13473977859301087
IM2606,6941.0,6971.0,6857.0,12840,1773314.88,37310,2122.0,6919.8,6903.8,6957.6,2025-11-12,202511.zip,20251112_1.csv,IM,2026-06-22,7486.38,-566.5799999999999,0.07568143749048273,222,0.13461938050076427
IM2511,7462.2,7575.0,7428.2,39070,5880637.076,55637,-7486.0,7566.0,7550.2,7447.2,2025-11-13,202511.zip,20251113_1.csv,IM,2025-11-21,7590.58,-24.579999999999927,0.0032382242200200695,8,0.1482239624636486
IM2512,7357.0,7487.8,7337.6,140471,20901119.24,183744,-9416.0,7478.4,7462.8,7355.6,2025-11-13,202511.zip,20251113_1.csv,IM,2025-12-19,7590.58,-112.18000000000029,0.014778844304387806,36,0.15208875635905536
IM2603,7148.6,7256.6,7115.2,24319,3507537.744,80533,-2716.0,7246.0,7231.8,7132.0,2025-11-13,202511.zip,20251113_1.csv,IM,2026-03-20,7590.58,-344.5799999999999,0.04539574050994788,127,0.13667241877680028
IM2606,6915.0,7027.0,6891.0,10943,1528598.784,36251,-1059.0,7012.0,7002.2,6903.8,2025-11-13,202511.zip,20251113_1.csv,IM,2026-06-22,7590.58,-578.5799999999999,0.0762234242969575,221,0.13627685441634632
IM2511,7515.0,7559.8,7459.4,34335,5165141.876,53957,-1680.0,7468.4,7507.0,7550.2,2025-11-14,202511.zip,20251114_1.csv,IM,2025-11-21,7502.76,-34.36000000000058,0.004579648022861038,7,0.23989456529224842
IM2512,7439.0,7469.0,7372.0,125074,18585913.452,182376,-1368.0,7372.0,7413.8,7462.8,2025-11-14,202511.zip,20251114_1.csv,IM,2025-12-19,7502.76,-130.76000000000022,0.017428253069537103,35,0.1849755832881183
IM2603,7201.0,7236.6,7138.0,23113,3326767.324,82892,2359.0,7140.0,7180.8,7231.8,2025-11-14,202511.zip,20251114_1.csv,IM,2026-03-20,7502.76,-362.7600000000002,0.048350207123778466,126,0.14717820461517933
IM2606,6974.0,7007.2,6912.0,10057,1401800.644,37997,1746.0,6913.4,6954.8,7002.2,2025-11-14,202511.zip,20251114_1.csv,IM,2026-06-22,7502.76,-589.3600000000006,0.07855242604055046,220,0.1414357361329909
IM2511,7488.0,7526.8,7453.0,34485,5167619.904,48139,-5818.0,7495.4,7499.8,7507.0,2025-11-17,202511.zip,20251117_1.csv,IM,2025-11-21,7523.08,-27.68000000000029,0.0036793440984278503,4,0.3369800144088467
IM2512,7398.0,7429.8,7351.2,130158,19251784.304,185984,3608.0,7394.4,7402.8,7413.8,2025-11-17,202511.zip,20251117_1.csv,IM,2025-12-19,7523.08,-128.6800000000003,0.01710469648069679,32,0.19849565211511352
IM2603,7155.2,7194.8,7120.6,23077,3305460.204,83203,311.0,7162.0,7168.6,7180.8,2025-11-17,202511.zip,20251117_1.csv,IM,2026-03-20,7523.08,-361.0799999999999,0.04799629938801664,123,0.14960870720128602
IM2606,6923.0,6966.8,6893.2,9607,1332155.336,37827,-170.0,6927.8,6938.6,6954.8,2025-11-17,202511.zip,20251117_1.csv,IM,2026-06-22,7523.08,-595.2799999999997,0.0791271660011591,217,0.1445303587509509
IM2511,7477.8,7498.4,7400.8,36730,5467869.02,44807,-3332.0,7445.6,7429.0,7499.8,2025-11-18,202511.zip,20251118_1.csv,IM,2025-11-21,7448.1,-2.5,0.00033565607336094594,3,0.04085186776978519
IM2512,7375.4,7399.6,7303.0,142162,20877311.536,189585,3601.0,7351.8,7329.2,7402.8,2025-11-18,202511.zip,20251118_1.csv,IM,2025-12-19,7448.1,-96.30000000000018,0.012929471945865467,31,0.15422819428026888
IM2603,7149.6,7164.4,7071.8,26645,3788426.0,86555,3352.0,7116.8,7095.4,7168.6,2025-11-18,202511.zip,20251118_1.csv,IM,2026-03-20,7448.1,-331.3000000000002,0.044481142841798604,122,0.1392738908258639
IM2606,6920.0,6931.0,6845.4,12230,1682503.756,41073,3246.0,6887.8,6866.8,6938.6,2025-11-18,202511.zip,20251118_1.csv,IM,2026-06-22,7448.1,-560.3000000000002,0.0752272391616654,216,0.13746090779940492
IM2511,7443.0,7478.8,7344.0,37059,5487073.992,34672,-10135.0,7390.4,7389.2,7429.0,2025-11-19,202511.zip,20251119_1.csv,IM,2025-11-21,7387.21,3.1899999999996,-0.00043182744229541825,2,-0.0787744912318522
IM2512,7365.0,7388.4,7252.2,149890,21908725.596,201080,11495.0,7298.2,7298.8,7329.2,2025-11-19,202511.zip,20251119_1.csv,IM,2025-12-19,7387.21,-89.01000000000022,0.012049203961982946,30,0.14838658847386998
IM2603,7120.0,7153.4,7021.2,27892,3946936.364,85839,-716.0,7068.8,7068.2,7095.4,2025-11-19,202511.zip,20251119_1.csv,IM,2026-03-20,7387.21,-318.40999999999985,0.04310287645809441,121,0.13587779753375587
IM2606,6884.0,6923.8,6793.6,12626,1728408.916,42548,1475.0,6838.6,6837.6,6866.8,2025-11-19,202511.zip,20251119_1.csv,IM,2026-06-22,7387.21,-548.6099999999997,0.0742648442375402,215,0.13619178820090325
IM2511,7436.0,7449.2,7338.4,31494,4648140.104,23903,-10769.0,7347.6,7355.8,7389.2,2025-11-20,202511.zip,20251120_1.csv,IM,2025-11-21,7340.41,7.190000000000509,-0.0009795093189617354,1,-0.3571710490500457
IM2512,7348.0,7358.4,7246.8,140822,20536700.104,205865,4785.0,7263.6,7268.4,7298.8,2025-11-20,202511.zip,20251120_1.csv,IM,2025-12-19,7340.41,-76.80999999999949,0.010463993155695572,29,0.13309468469135594
IM2603,7111.4,7125.6,7018.2,27245,3848896.976,88372,2533.0,7035.2,7039.8,7068.2,2025-11-20,202511.zip,20251120_1.csv,IM,2026-03-20,7340.41,-305.21000000000004,0.041579421312978426,120,0.13195745441968013
IM2606,6878.8,6895.0,6791.0,11972,1636077.024,43805,1257.0,6807.0,6810.8,6837.6,2025-11-20,202511.zip,20251120_1.csv,IM,2026-06-22,7340.41,-533.4099999999999,0.07266760303579767,214,0.1336547795081753
IM2511,7259.0,7315.0,7086.8,25191,3623012.288,0,-23903.0,7130.2,7130.59,7355.8,2025-11-21,202511.zip,20251121_1.csv,IM,2025-11-21,7067.7,62.5,-0.008843046535648158,0,
IM2512,7213.8,7234.0,7012.0,215750,30621626.54,244705,38840.0,7018.2,7036.2,7268.4,2025-11-21,202511.zip,20251121_1.csv,IM,2025-12-19,7067.7,-49.5,0.007003692856233257,28,0.09194207305902594
IM2603,6992.0,7007.0,6798.4,56479,7767350.628,102260,13888.0,6802.8,6819.0,7039.8,2025-11-21,202511.zip,20251121_1.csv,IM,2026-03-20,7067.7,-264.89999999999964,0.03748036843669078,119,0.11943734982085943
IM2606,6750.0,6783.0,6571.0,25249,3357784.896,51820,8015.0,6574.4,6593.4,6810.8,2025-11-21,202511.zip,20251121_1.csv,IM,2026-06-22,7067.7,-493.3000000000002,0.06979639769656332,213,0.1285784696823761
IM2512,7056.2,7132.4,7008.8,160312,22666212.168,220648,-24057.0,7095.2,7111.6,7036.2,2025-11-24,202511.zip,20251124_1.csv,IM,2025-12-19,7156.41,-61.210000000000036,0.008553171212940525,25,0.12595360243544873
IM2601,7005.4,7065.0,6938.8,7924,1109181.372,7774,7774.0,7029.8,7047.6,7036.2,2025-11-24,202511.zip,20251124_1.csv,IM,2026-01-16,7156.41,-126.60999999999967,0.01769183151887599,53,0.12403436690273191
IM2603,6855.0,6920.4,6797.4,38787,5318764.472,98083,-4177.0,6886.0,6899.4,6819.0,2025-11-24,202511.zip,20251124_1.csv,IM,2026-03-20,7156.41,-270.40999999999985,0.03778570540256909,116,0.12356361483069123
IM2606,6620.0,6696.0,6575.0,16812,2228046.784,50687,-1133.0,6662.0,6674.4,6593.4,2025-11-24,202511.zip,20251124_1.csv,IM,2026-06-22,7156.41,-494.40999999999985,0.06908631562473366,210,0.1289900430301212
IM2512,7136.2,7250.0,7136.2,152757,21998363.036,211318,-9330.0,7172.0,7182.8,7111.6,2025-11-25,202511.zip,20251125_1.csv,IM,2025-12-19,7249.95,-77.94999999999982,0.010751798288264003,24,0.1652941415690635
IM2601,7068.0,7182.6,7068.0,6715,957412.38,8020,246.0,7103.4,7111.4,7047.6,2025-11-25,202511.zip,20251125_1.csv,IM,2026-01-16,7249.95,-146.55000000000018,0.02021393250987935,52,0.14481350750778116
IM2603,6936.0,7040.0,6928.2,38225,5342617.44,97216,-867.0,6954.0,6967.0,6899.4,2025-11-25,202511.zip,20251125_1.csv,IM,2026-03-20,7249.95,-295.9499999999998,0.04082097117911154,115,0.1350761526053194
IM2606,6695.4,6816.0,6695.4,15495,2095413.92,51382,695.0,6725.6,6739.4,6674.4,2025-11-25,202511.zip,20251125_1.csv,IM,2026-06-22,7249.95,-524.3499999999995,0.07232463672163247,209,0.13615601005769273
IM2512,7172.0,7245.0,7152.0,125795,18123173.356,202891,-8427.0,7176.2,7184.6,7182.8,2025-11-26,202511.zip,20251126_1.csv,IM,2025-12-19,7248.45,-72.25,0.00996764825583396,23,0.1597748232987556
IM2601,7100.0,7170.0,7081.2,6676,952372.032,9599,1579.0,7107.6,7112.6,7111.4,2025-11-26,202511.zip,20251126_1.csv,IM,2026-01-16,7248.45,-140.84999999999945,0.019431740579020307,51,0.14182623074554715
IM2603,6965.0,7023.2,6936.6,30910,4317477.4,96173,-1043.0,6959.0,6966.0,6967.0,2025-11-26,202511.zip,20251126_1.csv,IM,2026-03-20,7248.45,-289.4499999999998,0.0399326752616076,114,0.13317255453621824
IM2606,6727.2,6788.0,6709.0,14169,1913438.84,52564,1182.0,6725.8,6732.8,6739.4,2025-11-26,202511.zip,20251126_1.csv,IM,2026-06-22,7248.45,-522.6499999999996,0.07210507073926142,208,0.13636299628068244
IM2512,7182.4,7264.0,7167.6,130117,18794254.288,203626,735.0,7179.0,7192.4,7184.6,2025-11-27,202511.zip,20251127_1.csv,IM,2025-12-19,7257.45,-78.44999999999982,0.01080958187793235,22,0.18130057364282048
IM2601,7119.8,7194.2,7095.0,6249,893705.144,10513,914.0,7103.6,7122.0,7112.6,2025-11-27,202511.zip,20251127_1.csv,IM,2026-01-16,7257.45,-153.84999999999945,0.02119890595181495,50,0.15810363759220641
IM2603,6971.0,7040.0,6943.2,33067,4628828.916,96829,656.0,6954.8,6969.6,6966.0,2025-11-27,202511.zip,20251127_1.csv,IM,2026-03-20,7257.45,-302.64999999999964,0.041701975211678954,113,0.14056281750529673
IM2606,6737.8,6804.0,6708.4,14010,1894771.844,53075,511.0,6720.0,6733.2,6732.8,2025-11-27,202511.zip,20251127_1.csv,IM,2026-06-22,7257.45,-537.4499999999998,0.07405493665130314,207,0.1410234428916494
IM2512,7190.0,7261.6,7161.2,125415,18117627.388,199411,-4215.0,7260.8,7249.8,7192.4,2025-11-28,202511.zip,20251128_1.csv,IM,2025-12-19,7334.21,-73.40999999999985,0.010009257984159192,21,0.17572935685953656
IM2601,7111.0,7186.0,7094.0,6068,866903.832,11432,919.0,7185.6,7174.6,7122.0,2025-11-28,202511.zip,20251128_1.csv,IM,2026-01-16,7334.21,-148.60999999999967,0.020262577700938422,49,0.15405712218086956
IM2603,6955.0,7028.0,6941.2,30930,4327093.804,95881,-948.0,7026.0,7017.2,6969.6,2025-11-28,202511.zip,20251128_1.csv,IM,2026-03-20,7334.21,-308.21000000000004,0.042023612631762686,112,0.1429596320808426
IM2606,6730.0,6788.6,6708.2,12409,1677386.748,53255,180.0,6787.2,6778.0,6733.2,2025-11-28,202511.zip,20251128_1.csv,IM,2026-06-22,7334.21,-547.0100000000002,0.07458335662600335,206,0.14280067591537243
IM2512,7278.6,7328.4,7256.4,107661,15695907.24,189019,-10392.0,7290.0,7286.0,7249.8,2025-12-01,202512.zip,20251201_1.csv,IM,2025-12-19,7386.68,-96.68000000000029,0.013088424028115497,18,0.26892394452065216
IM2601,7202.2,7252.8,7183.8,5545,799972.772,13163,1731.0,7215.4,7211.4,7174.6,2025-12-01,202512.zip,20251201_1.csv,IM,2026-01-16,7386.68,-171.28000000000065,0.023187683776744183,46,0.18835678759561478
IM2603,7042.6,7094.2,7024.4,28275,3990918.156,96908,1027.0,7057.6,7051.6,7017.2,2025-12-01,202512.zip,20251201_1.csv,IM,2026-03-20,7386.68,-329.0799999999999,0.04455046110025074,109,0.15613879188600643
IM2606,6810.0,6854.4,6786.2,11041,1505215.472,54075,820.0,6813.2,6810.0,6778.0,2025-12-01,202512.zip,20251201_1.csv,IM,2026-06-22,7386.68,-573.4800000000005,0.07763704397645499,203,0.15134356692123868
IM2512,7286.0,7286.0,7220.0,96449,13963107.832,181453,-7566.0,7239.6,7237.2,7286.0,2025-12-02,202512.zip,20251202_1.csv,IM,2025-12-19,7313.18,-73.57999999999993,0.010061286608561537,17,0.218217288572978
IM2601,7213.0,7213.0,7150.0,5948,852410.428,14342,1179.0,7165.4,7162.6,7211.4,2025-12-02,202512.zip,20251202_1.csv,IM,2026-01-16,7313.18,-147.78000000000065,0.02020735165823906,45,0.16728445027493233
IM2603,7050.0,7053.6,6991.0,26897,3769749.7,96203,-705.0,7008.0,7005.4,7051.6,2025-12-02,202512.zip,20251202_1.csv,IM,2026-03-20,7313.18,-305.1800000000003,0.04173013654798596,108,0.1471739969135806
IM2606,6809.6,6809.6,6752.0,10822,1464821.368,55881,1806.0,6768.8,6767.2,6810.0,2025-12-02,202512.zip,20251202_1.csv,IM,2026-06-22,7313.18,-544.3800000000001,0.07443820608818597,202,0.14532220344715027
IM2512,7247.2,7265.0,7170.6,118632,17089419.632,193074,11621.0,7195.4,7185.4,7237.2,2025-12-03,202512.zip,20251203_1.csv,IM,2025-12-19,7248.27,-52.8700000000008,0.007294154329240077,16,0.167620545765352
IM2601,7173.8,7192.0,7098.4,7256,1034381.724,16092,1750.0,7121.2,7114.0,7162.6,2025-12-03,202512.zip,20251203_1.csv,IM,2026-01-16,7248.27,-127.07000000000062,0.01753107983008373,44,0.14802328386941974
IM2603,7020.0,7037.4,6947.0,37185,5189011.096,104040,7837.0,6968.2,6961.2,7005.4,2025-12-03,202512.zip,20251203_1.csv,IM,2026-03-20,7248.27,-280.0700000000006,0.038639565027241085,107,0.13710556125866344
IM2606,6776.0,6796.8,6709.2,14413,1941879.832,57778,1897.0,6731.0,6720.8,6767.2,2025-12-03,202512.zip,20251203_1.csv,IM,2026-06-22,7248.27,-517.2700000000004,0.07136461528061189,201,0.139551499669976
IM2512,7203.0,7224.0,7137.2,116454,16742797.544,181088,-11986.0,7213.4,7204.0,7185.4,2025-12-04,202512.zip,20251204_1.csv,IM,2025-12-19,7248.66,-35.26000000000022,0.004864347341439701,15,0.11894437204831927
IM2601,7128.0,7149.8,7065.6,7618,1083852.916,17229,1137.0,7137.2,7129.8,7114.0,2025-12-04,202512.zip,20251204_1.csv,IM,2026-01-16,7248.66,-111.46000000000004,0.015376635129803362,43,0.13256094175424224
IM2603,6980.0,6998.8,6913.2,35706,4972398.248,102333,-1707.0,6987.8,6977.0,6961.2,2025-12-04,202512.zip,20251204_1.csv,IM,2026-03-20,7248.66,-260.8599999999997,0.0359873411085635,106,0.12854465491608805
IM2606,6739.0,6759.4,6678.0,12279,1651619.088,56566,-1212.0,6748.2,6739.0,6720.8,2025-12-04,202512.zip,20251204_1.csv,IM,2026-06-22,7248.66,-500.46000000000004,0.06904172633286709,200,0.13534564772828298
IM2512,7210.0,7323.8,7145.6,146937,21291104.388,189203,8115.0,7319.8,7311.4,7204.0,2025-12-05,202512.zip,20251205_1.csv,IM,2025-12-19,7342.49,-22.6899999999996,0.0030902323326282843,14,0.08081651333174543
IM2601,7144.8,7246.8,7075.0,10614,1521903.22,20509,3280.0,7242.6,7233.4,7129.8,2025-12-05,202512.zip,20251205_1.csv,IM,2026-01-16,7342.49,-99.88999999999942,0.013604376716890187,42,0.11985912057364288
IM2603,6987.0,7092.0,6923.2,47651,6687236.56,109308,6975.0,7086.6,7077.2,6977.0,2025-12-05,202512.zip,20251205_1.csv,IM,2026-03-20,7342.49,-255.88999999999942,0.03485057521358548,105,0.12552174257787665
IM2606,6749.8,6849.0,6688.4,15250,2067884.76,57953,1387.0,6846.0,6837.0,6739.0,2025-12-05,202512.zip,20251205_1.csv,IM,2026-06-22,7342.49,-496.4899999999998,0.0676187505873348,199,0.13301891432036025
IM2512,7332.0,7409.6,7332.0,104973,15492126.888,168647,-20556.0,7380.4,7387.0,7311.4,2025-12-08,202512.zip,20251208_1.csv,IM,2025-12-19,7423.05,-42.650000000000546,0.005745616693946687,11,0.19175174048216267
IM2601,7278.8,7333.4,7260.0,11152,1629381.096,22307,1798.0,7303.6,7308.6,7233.4,2025-12-08,202512.zip,20251208_1.csv,IM,2026-01-16,7423.05,-119.44999999999982,0.01609176820848568,39,0.15306554126451108
IM2603,7115.2,7173.0,7103.6,39784,5686579.312,106788,-2520.0,7145.8,7150.2,7077.2,2025-12-08,202512.zip,20251208_1.csv,IM,2026-03-20,7423.05,-277.25,0.03734987639851539,102,0.138839611805426
IM2606,6865.0,6933.6,6865.0,14519,2005542.108,58906,953.0,6900.2,6904.6,6837.0,2025-12-08,202512.zip,20251208_1.csv,IM,2026-06-22,7423.05,-522.8500000000004,0.07043600676271888,196,0.14110819177675424
IM2512,7368.0,7406.0,7343.0,86997,12826407.312,164945,-3702.0,7347.8,7352.0,7387.0,2025-12-09,202512.zip,20251209_1.csv,IM,2025-12-19,7380.58,-32.779999999999745,0.004441385365377748,10,0.16283377337434146
IM2601,7292.4,7326.8,7266.2,8527,1243594.652,23409,1102.0,7270.6,7274.2,7308.6,2025-12-09,202512.zip,20251209_1.csv,IM,2026-01-16,7380.58,-109.97999999999956,0.014901267922033168,38,0.1452956897787328
IM2603,7126.0,7167.4,7106.2,33990,4850275.132,111766,4978.0,7111.6,7114.8,7150.2,2025-12-09,202512.zip,20251209_1.csv,IM,2026-03-20,7380.58,-268.97999999999956,0.036444290286129166,101,0.13668603909718838
IM2606,6890.0,6921.4,6861.4,11357,1564639.96,59887,981.0,6869.4,6870.6,6904.6,2025-12-09,202512.zip,20251209_1.csv,IM,2026-06-22,7380.58,-511.1800000000003,0.06926013944703535,195,0.13928787122079106
IM2512,7340.8,7390.2,7295.0,108100,15862529.536,163906,-1039.0,7371.4,7374.6,7352.0,2025-12-10,202512.zip,20251210_1.csv,IM,2025-12-19,7408.24,-36.840000000000146,0.004972841052665711,9,0.20268424813016309
IM2601,7255.0,7308.8,7220.6,10859,1576590.664,27271,3862.0,7290.0,7293.8,7274.2,2025-12-10,202512.zip,20251210_1.csv,IM,2026-01-16,7408.24,-118.23999999999978,0.015960606027882407,37,0.16000296592889157
IM2603,7102.2,7145.0,7060.8,44671,6340253.404,115959,4193.0,7123.0,7130.0,7114.8,2025-12-10,202512.zip,20251210_1.csv,IM,2026-03-20,7408.24,-285.2399999999998,0.03850307225467853,100,0.14616397585287122
IM2606,6860.4,6900.0,6817.0,13817,1893392.792,62097,2210.0,6878.0,6885.0,6870.6,2025-12-10,202512.zip,20251210_1.csv,IM,2026-06-22,7408.24,-530.2399999999998,0.07157435504249321,194,0.14504456162334392
IM2512,7390.2,7399.8,7298.2,114206,16759339.136,152560,-11346.0,7304.6,7312.4,7374.6,2025-12-11,202512.zip,20251211_1.csv,IM,2025-12-19,7312.0,-7.399999999999636,0.001012035010940826,8,0.046220874517421406
IM2601,7305.8,7319.0,7216.0,13373,1940473.564,29304,2033.0,7222.8,7231.2,7293.8,2025-12-11,202512.zip,20251211_1.csv,IM,2026-01-16,7312.0,-89.19999999999982,0.012199124726476995,36,0.1252130598782865
IM2603,7145.0,7155.8,7052.8,48158,6830652.544,121558,5599.0,7063.0,7067.0,7130.0,2025-12-11,202512.zip,20251211_1.csv,IM,2026-03-20,7312.0,-249.0,0.03405361050328226,99,0.12997738964042208
IM2606,6900.0,6908.4,6808.0,15306,2096284.552,64935,2838.0,6820.6,6823.2,6885.0,2025-12-11,202512.zip,20251211_1.csv,IM,2026-06-22,7312.0,-491.39999999999964,0.06720459518599553,193,0.13625364428607684
IM2512,7327.0,7385.0,7279.0,126483,18545365.976,149811,-2749.0,7361.8,7368.2,7312.4,2025-12-12,202512.zip,20251212_1.csv,IM,2025-12-19,7370.94,-9.139999999999418,0.0012400046669759357,7,0.06473766120863367
IM2601,7240.8,7305.6,7203.0,16755,2430612.692,35293,5989.0,7286.2,7289.6,7231.2,2025-12-12,202512.zip,20251212_1.csv,IM,2026-01-16,7370.94,-84.73999999999978,0.011496498411328826,35,0.12128642404231793
IM2603,7083.8,7144.4,7043.6,56716,8046708.384,127987,6429.0,7119.8,7128.0,7067.0,2025-12-12,202512.zip,20251212_1.csv,IM,2026-03-20,7370.94,-251.13999999999942,0.03407163808143865,98,0.1313756520333351
IM2606,6836.0,6899.0,6804.0,17722,2428781.788,65089,154.0,6880.0,6883.6,6823.2,2025-12-12,202512.zip,20251212_1.csv,IM,2026-06-22,7370.94,-490.9399999999996,0.06660480210122444,192,0.13565369125484503
IM2512,7320.0,7369.8,7296.0,104015,15241663.572,126463,-23348.0,7308.0,7316.0,7368.2,2025-12-15,202512.zip,20251215_1.csv,IM,2025-12-19,7309.08,-1.0799999999999272,0.00014776141456929182,4,0.013485221674878756
IM2601,7250.0,7291.0,7219.4,20593,2986261.512,42784,7491.0,7235.2,7240.0,7289.6,2025-12-15,202512.zip,20251215_1.csv,IM,2026-01-16,7309.08,-73.88000000000011,0.010107975285535309,32,0.11647138296107956
IM2603,7090.0,7129.4,7061.4,51448,7295002.092,130155,2168.0,7073.0,7078.2,7128.0,2025-12-15,202512.zip,20251215_1.csv,IM,2026-03-20,7309.08,-236.07999999999993,0.03229955069584678,95,0.12824038039393715
IM2606,6840.0,6883.2,6816.0,16389,2243837.624,66800,1711.0,6828.2,6832.6,6883.6,2025-12-15,202512.zip,20251215_1.csv,IM,2026-06-22,7309.08,-480.8800000000001,0.06579213799821593,189,0.136007087941712
IM2512,7299.2,7299.2,7143.2,125471,18047530.288,123921,-2542.0,7189.0,7184.2,7316.0,2025-12-16,202512.zip,20251216_1.csv,IM,2025-12-19,7181.62,7.380000000000109,-0.0010276232939085972,3,-0.12489915148143793
IM2601,7216.2,7223.6,7073.2,33659,4789710.172,60194,17410.0,7117.4,7111.0,7240.0,2025-12-16,202512.zip,20251216_1.csv,IM,2026-01-16,7181.62,-64.22000000000025,0.00894227207788778,31,0.10623805177135237
IM2603,7060.2,7061.6,6915.0,73872,10286110.892,147063,16908.0,6960.2,6953.6,7078.2,2025-12-16,202512.zip,20251216_1.csv,IM,2026-03-20,7181.62,-221.42000000000007,0.03083148370423383,94,0.12352650052242338
IM2606,6820.0,6821.8,6673.4,21223,2851408.636,71404,4604.0,6716.6,6708.8,6832.6,2025-12-16,202512.zip,20251216_1.csv,IM,2026-06-22,7181.62,-465.0199999999995,0.06475140706414428,188,0.134417917246631
IM2512,7191.2,7320.0,7153.0,123802,17881728.596,85747,-38174.0,7295.0,7294.4,7184.2,2025-12-17,202512.zip,20251217_1.csv,IM,2025-12-19,7288.74,6.260000000000218,-0.0008588590071809676,2,-0.15660726525017266
IM2601,7117.0,7250.0,7082.2,43562,6228652.208,72515,12321.0,7228.0,7224.4,7111.0,2025-12-17,202512.zip,20251217_1.csv,IM,2026-01-16,7288.74,-60.73999999999978,0.008333401932295592,30,0.10224174506548622
IM2603,6963.4,7098.0,6926.6,97791,13686629.852,159672,12609.0,7074.0,7068.4,6953.6,2025-12-17,202512.zip,20251217_1.csv,IM,2026-03-20,7288.74,-214.73999999999978,0.029461882300644504,93,0.11914005855153344
IM2606,6720.4,6856.0,6682.6,24965,3372693.344,74944,3540.0,6830.2,6825.8,6708.8,2025-12-17,202512.zip,20251217_1.csv,IM,2026-06-22,7288.74,-458.53999999999996,0.06291073628638144,187,0.13103733857669247
IM2512,7260.0,7348.0,7252.0,78623,11484603.136,50338,-35409.0,7275.4,7287.4,7294.4,2025-12-18,202512.zip,20251218_1.csv,IM,2025-12-19,7272.4,3.0,-0.0004125185633352402,1,-0.15050718860819878
IM2601,7180.0,7282.8,7180.0,39669,5740542.216,84085,11570.0,7213.0,7222.6,7224.4,2025-12-18,202512.zip,20251218_1.csv,IM,2026-01-16,7272.4,-59.399999999999636,0.008167867554039865,29,0.10364906275546446
IM2603,7041.0,7130.0,7032.6,87621,12410078.624,166683,7011.0,7066.0,7071.2,7068.4,2025-12-18,202512.zip,20251218_1.csv,IM,2026-03-20,7272.4,-206.39999999999964,0.028381277157472073,92,0.11588870155921187
IM2606,6800.0,6885.0,6791.2,18703,2558470.912,73498,-1446.0,6822.2,6829.2,6825.8,2025-12-18,202512.zip,20251218_1.csv,IM,2026-06-22,7272.4,-450.1999999999998,0.06190528573785814,186,0.1294973746368196
IM2512,7299.0,7363.4,7281.6,38530,5642535.504,0,-50338.0,7335.2,7335.62,7287.4,2025-12-19,202512.zip,20251219_1.csv,IM,2025-12-19,7329.81,5.389999999999418,-0.0007353533038372273,0,
IM2601,7243.0,7318.0,7222.0,56064,8158279.628,98234,14149.0,7285.6,7284.4,7222.6,2025-12-19,202512.zip,20251219_1.csv,IM,2026-01-16,7329.81,-44.210000000000036,0.006031534241678793,28,0.0791024663131974
IM2603,7100.0,7177.0,7075.0,103313,14739696.328,179118,12435.0,7141.8,7142.0,7071.2,2025-12-19,202512.zip,20251219_1.csv,IM,2026-03-20,7329.81,-188.01000000000022,0.025650050956300352,91,0.10559047354393107
IM2606,6846.0,6933.0,6831.0,21482,2961809.196,77606,4108.0,6902.0,6903.4,6829.2,2025-12-19,202512.zip,20251219_1.csv,IM,2026-06-22,7329.81,-427.8100000000004,0.05836576937192106,185,0.12229173682520555
IM2601,7318.6,7393.0,7310.8,40165,5912150.156,95027,-3207.0,7350.0,7354.6,7284.4,2025-12-22,202512.zip,20251222_1.csv,IM,2026-01-16,7408.35,-58.350000000000364,0.007876247747474197,25,0.11590612244897919
IM2602,7265.8,7318.0,7244.2,4799,699403.876,4728,4728.0,7273.2,7277.2,7284.4,2025-12-22,202512.zip,20251222_1.csv,IM,2026-02-24,7408.35,-135.15000000000055,0.018242928587337337,64,0.1059749963908596
IM2603,7180.0,7253.8,7169.8,86037,12421866.28,175023,-4095.0,7203.6,7208.4,7142.0,2025-12-22,202512.zip,20251222_1.csv,IM,2026-03-20,7408.35,-204.75,0.02763773309846318,88,0.11789204829403524
IM2606,6935.4,7013.2,6930.0,15624,2180636.168,75148,-2458.0,6964.0,6968.8,6903.4,2025-12-22,202512.zip,20251222_1.csv,IM,2026-06-22,7408.35,-444.35000000000036,0.059979617593661216,182,0.1279640269265488
IM2601,7352.0,7395.2,7325.2,36927,5429808.444,93993,-1034.0,7343.0,7339.8,7354.6,2025-12-23,202512.zip,20251223_1.csv,IM,2026-01-16,7392.42,-49.42000000000007,0.00668522621820733,24,0.10235541785827755
IM2602,7287.8,7315.6,7246.4,4741,689595.564,5137,409.0,7264.8,7261.6,7277.2,2025-12-23,202512.zip,20251223_1.csv,IM,2026-02-24,7392.42,-127.61999999999989,0.017263629501570565,63,0.1017764720688403
IM2603,7221.0,7247.8,7177.6,87825,12653794.708,176419,1396.0,7197.4,7192.8,7208.4,2025-12-23,202512.zip,20251223_1.csv,IM,2026-03-20,7392.42,-195.02000000000044,0.026381076832755812,87,0.11367818327755011
IM2606,6975.2,7005.0,6939.4,15500,2158966.848,76379,1231.0,6959.2,6955.6,6968.8,2025-12-23,202512.zip,20251223_1.csv,IM,2026-06-22,7392.42,-433.22000000000025,0.05860327200023807,181,0.1255346077119426
IM2601,7346.2,7490.8,7341.0,46616,6926858.508,93256,-737.0,7464.2,7475.2,7339.8,2025-12-24,202512.zip,20251224_1.csv,IM,2026-01-16,7506.38,-42.18000000000029,0.005619219916924045,23,0.08967850015669039
IM2602,7255.2,7413.6,7255.2,6329,930464.944,8025,2888.0,7390.6,7398.4,7261.6,2025-12-24,202512.zip,20251224_1.csv,IM,2026-02-24,7506.38,-115.77999999999975,0.015424212469925536,62,0.09222635029850397
IM2603,7200.0,7351.6,7193.0,113077,16467667.08,185869,9450.0,7327.6,7333.6,7192.8,2025-12-24,202512.zip,20251224_1.csv,IM,2026-03-20,7506.38,-178.77999999999975,0.023817072943282835,86,0.10355035501328522
IM2606,6960.6,7113.8,6955.8,19750,2784130.632,76752,373.0,7088.6,7096.2,6955.6,2025-12-24,202512.zip,20251224_1.csv,IM,2026-06-22,7506.38,-417.77999999999975,0.05565665473903525,180,0.11951090483311215
IM2601,7466.6,7574.6,7450.4,43686,6572106.156,91152,-2104.0,7547.0,7559.8,7475.2,2025-12-25,202512.zip,20251225_1.csv,IM,2026-01-16,7579.38,-32.38000000000011,0.00427211724441845,22,0.07118240842237177
IM2602,7392.6,7500.6,7373.4,6353,946557.98,8731,706.0,7473.6,7487.6,7398.4,2025-12-25,202512.zip,20251225_1.csv,IM,2026-02-24,7579.38,-105.77999999999975,0.013956286661969686,61,0.08469089884919524
IM2603,7323.2,7443.8,7305.2,101700,15020366.856,183127,-2742.0,7419.0,7429.8,7333.6,2025-12-25,202512.zip,20251225_1.csv,IM,2026-03-20,7579.38,-160.3800000000001,0.0211600421142627,85,0.0928279536642801
IM2606,7095.0,7207.6,7069.0,19437,2780867.484,76915,163.0,7183.0,7195.0,7096.2,2025-12-25,202512.zip,20251225_1.csv,IM,2026-06-22,7579.38,-396.3800000000001,0.05229715359303799,179,0.11252413947581084
IM2601,7547.0,7644.8,7546.2,52688,8005561.852,92540,1388.0,7595.0,7596.6,7559.8,2025-12-26,202512.zip,20251226_1.csv,IM,2026-01-16,7605.53,-10.529999999999745,0.0013845188961190136,21,0.024097620615065384
IM2602,7473.6,7580.0,7473.4,8047,1212490.968,12848,4117.0,7530.0,7536.2,7487.6,2025-12-26,202512.zip,20251226_1.csv,IM,2026-02-24,7605.53,-75.52999999999975,0.009930931835125167,60,0.06101914563966393
IM2603,7420.4,7526.0,7420.4,125247,18726275.12,194890,11763.0,7472.4,7477.4,7429.8,2025-12-26,202512.zip,20251226_1.csv,IM,2026-03-20,7605.53,-133.1300000000001,0.01750436853184456,84,0.07741576302380022
IM2606,7201.4,7292.8,7186.2,26977,3910355.232,81327,4412.0,7234.0,7248.6,7195.0,2025-12-26,202512.zip,20251226_1.csv,IM,2026-06-22,7605.53,-371.52999999999975,0.048849981526599695,178,0.10531451820833551
IM2601,7601.2,7623.0,7553.8,36968,5612528.548,85383,-7157.0,7572.2,7578.0,7596.6,2025-12-29,202512.zip,20251229_1.csv,IM,2026-01-16,7594.16,-21.960000000000036,0.0028916957240827657,18,0.05880721586857238
IM2602,7534.0,7558.4,7478.0,8686,1306423.932,13302,454.0,7500.2,7503.6,7536.2,2025-12-29,202512.zip,20251229_1.csv,IM,2026-02-24,7594.16,-93.96000000000004,0.01237266531123915,57,0.08022101866757286
IM2603,7474.2,7499.0,7413.8,95430,14241486.416,182605,-12285.0,7439.0,7441.2,7477.4,2025-12-29,202512.zip,20251229_1.csv,IM,2026-03-20,7594.16,-155.15999999999985,0.02043148946032214,81,0.09398814058042394
IM2606,7247.0,7269.6,7183.8,18633,2694812.58,80352,-975.0,7206.0,7209.2,7248.6,2025-12-29,202512.zip,20251229_1.csv,IM,2026-06-22,7594.16,-388.15999999999985,0.051112960485425574,175,0.1123495499781926
IM2601,7556.0,7635.0,7542.6,36884,5603742.888,86310,927.0,7593.8,7599.4,7578.0,2025-12-30,202512.zip,20251230_1.csv,IM,2026-01-16,7597.3,-3.5,0.00046068998196724387,17,0.009895843823059036
IM2602,7488.2,7562.0,7477.6,7517,1131245.14,15702,2400.0,7520.0,7527.4,7503.6,2025-12-30,202512.zip,20251230_1.csv,IM,2026-02-24,7597.3,-77.30000000000018,0.010174667316020236,56,0.06699871770516667
IM2603,7422.4,7502.0,7410.2,100572,15014355.572,189970,7365.0,7459.2,7467.8,7441.2,2025-12-30,202512.zip,20251230_1.csv,IM,2026-03-20,7597.3,-138.10000000000036,0.01817751043133753,80,0.08447035204847772
IM2606,7187.8,7268.6,7184.2,18354,2655432.48,80679,327.0,7228.0,7237.6,7209.2,2025-12-30,202512.zip,20251230_1.csv,IM,2026-06-22,7597.3,-369.3000000000002,0.0486093743830045,174,0.10717778562296054
IM2601,7600.4,7604.8,7543.0,39459,5980835.224,80925,-5385.0,7581.4,7579.6,7599.4,2025-12-31,202512.zip,20251231_1.csv,IM,2026-01-16,7595.28,-13.88000000000011,0.0018274507325601874,16,0.04176504339568059
IM2602,7538.2,7538.2,7466.4,8416,1262994.612,17176,1474.0,7504.4,7505.8,7527.4,2025-12-31,202512.zip,20251231_1.csv,IM,2026-02-24,7595.28,-90.88000000000011,0.011965325833938945,55,0.08036788114609168
IM2603,7469.8,7475.8,7406.0,93696,13942449.524,181081,-8889.0,7436.2,7439.0,7467.8,2025-12-31,202512.zip,20251231_1.csv,IM,2026-03-20,7595.28,-159.07999999999993,0.020944586638017237,79,0.09883944399259313
IM2606,7245.0,7245.0,7179.0,15854,2285558.768,80955,276.0,7198.0,7204.6,7237.6,2025-12-31,202512.zip,20251231_1.csv,IM,2026-06-22,7595.28,-397.27999999999975,0.05230616909449026,173,0.11644788934626966
IM2601,7622.2,7764.8,7604.8,45173,6951781.512,79432,-1493.0,7759.2,7747.4,7579.6,2026-01-05,202601.zip,20260105_1.csv,IM,2026-01-16,7753.88,5.319999999999709,-0.0006861081161946281,11,-0.022750705321070708
IM2602,7549.6,7698.2,7531.0,8782,1340086.708,20240,3064.0,7697.8,7680.8,7505.8,2026-01-05,202601.zip,20260105_1.csv,IM,2026-02-24,7753.88,-56.07999999999993,0.00723250811206777,50,0.05318194808906489
IM2603,7491.6,7641.0,7462.2,103703,15683206.024,189842,8761.0,7639.0,7625.4,7439.0,2026-01-05,202601.zip,20260105_1.csv,IM,2026-03-20,7753.88,-114.88000000000011,0.014815808343693782,74,0.07417696528836752
IM2606,7244.0,7405.8,7228.0,24252,3554772.004,83969,3014.0,7403.4,7392.2,7204.6,2026-01-05,202601.zip,20260105_1.csv,IM,2026-06-22,7753.88,-350.4800000000005,0.04520059634660334,168,0.10285267901363218
IM2601,7769.0,7875.6,7760.8,49911,7803282.372,74538,-4894.0,7875.0,7848.2,7747.4,2026-01-06,202601.zip,20260106_1.csv,IM,2026-01-16,7864.9,10.100000000000364,-0.0012841867029460552,10,-0.04681269841270175
IM2602,7712.0,7813.6,7698.2,9007,1398010.508,21759,1519.0,7813.6,7791.0,7680.8,2026-01-06,202601.zip,20260106_1.csv,IM,2026-02-24,7864.9,-51.29999999999927,0.006522651273379143,49,0.04890609361385477
IM2603,7650.0,7763.8,7644.6,114127,17594516.948,192848,3006.0,7762.4,7738.2,7625.4,2026-01-06,202601.zip,20260106_1.csv,IM,2026-03-20,7864.9,-102.5,0.013032587826927289,73,0.06602339482634223
IM2606,7413.4,7539.0,7413.0,27069,4052314.456,84162,193.0,7536.2,7516.2,7392.2,2026-01-06,202601.zip,20260106_1.csv,IM,2026-06-22,7864.9,-328.6999999999998,0.04179328408498517,167,0.0953287024846301
IM2601,7890.0,7921.6,7854.4,41530,6552183.732,71131,-3407.0,7882.0,7889.4,7848.2,2026-01-07,202601.zip,20260107_1.csv,IM,2026-01-16,7906.42,-24.420000000000073,0.0030886292405412075,9,0.12564915842003008
IM2602,7822.4,7854.6,7791.0,9335,1460719.0,24979,3220.0,7815.2,7825.0,7791.0,2026-01-07,202601.zip,20260107_1.csv,IM,2026-02-24,7906.42,-91.22000000000025,0.011537459431702368,48,0.08875679231924156
IM2603,7778.2,7795.8,7730.0,104271,16192301.576,189188,-3660.0,7760.2,7768.6,7738.2,2026-01-07,202601.zip,20260107_1.csv,IM,2026-03-20,7906.42,-146.22000000000025,0.018493831595083554,72,0.09551998230286171
IM2606,7538.4,7569.8,7508.0,22386,3375713.012,85983,1821.0,7535.8,7543.6,7516.2,2026-01-07,202601.zip,20260107_1.csv,IM,2026-06-22,7906.42,-370.6199999999999,0.04687583002167861,166,0.10813947688095714
IM2601,7867.0,7986.8,7861.8,43134,6850655.476,69844,-1287.0,7954.0,7941.0,7889.4,2026-01-08,202601.zip,20260108_1.csv,IM,2026-01-16,7971.59,-17.590000000000146,0.0022065861390262453,8,0.10089813301483994
IM2602,7795.8,7920.8,7795.4,9199,1448807.412,25944,965.0,7880.4,7871.2,7825.0,2026-01-08,202601.zip,20260108_1.csv,IM,2026-02-24,7971.59,-91.19000000000051,0.011439374077191644,47,0.08986569965667625
IM2603,7740.8,7863.8,7739.0,118672,18548202.856,193230,4042.0,7820.6,7808.8,7768.6,2026-01-08,202601.zip,20260108_1.csv,IM,2026-03-20,7971.59,-150.98999999999978,0.01894101427695094,71,0.09925276796960572
IM2606,7515.4,7634.4,7515.0,25009,3795496.688,85159,-824.0,7597.2,7583.0,7543.6,2026-01-08,202601.zip,20260108_1.csv,IM,2026-06-22,7971.59,-374.3900000000003,0.04696553636100209,165,0.1090133286745195
IM2601,7958.4,8161.0,7951.2,54173,8751226.652,70169,325.0,8160.2,8132.2,7941.0,2026-01-09,202601.zip,20260109_1.csv,IM,2026-01-16,8129.18,31.019999999999527,-0.003815883028792433,7,-0.19821467961219022
IM2602,7890.6,8100.0,7875.8,12796,2051403.408,29499,3555.0,8098.8,8069.2,7871.2,2026-01-09,202601.zip,20260109_1.csv,IM,2026-02-24,8129.18,-30.38000000000011,0.0037371543009258046,46,0.02976474238803006
IM2603,7815.0,8049.4,7815.0,149124,23719072.068,203815,10585.0,8048.4,8011.0,7808.8,2026-01-09,202601.zip,20260109_1.csv,IM,2026-03-20,8129.18,-80.78000000000065,0.009937041620434073,70,0.05233462551563035
IM2606,7605.0,7825.0,7588.6,31696,4899762.728,89915,4756.0,7824.2,7787.6,7583.0,2026-01-09,202601.zip,20260109_1.csv,IM,2026-06-22,8129.18,-304.9800000000005,0.03751669910126243,164,0.08675218724146035
IM2601,8229.2,8430.0,8167.4,63127,10469965.06,65856,-4313.0,8395.2,8394.8,8132.2,2026-01-12,202601.zip,20260112_1.csv,IM,2026-01-16,8357.01,38.19000000000051,-0.004569816238104263,4,-0.4150988064608399
IM2602,8181.8,8386.8,8108.6,19752,3257353.68,34818,5319.0,8354.4,8350.0,8069.2,2026-01-12,202601.zip,20260112_1.csv,IM,2026-02-24,8357.01,-2.610000000000582,0.0003123126572781576,43,0.0026518542519858674
IM2603,8131.0,8346.0,8056.2,172951,28325902.528,208444,4629.0,8311.4,8306.2,8011.0,2026-01-12,202601.zip,20260112_1.csv,IM,2026-03-20,8357.01,-45.61000000000058,0.00545769360094106,67,0.029895371184121153
IM2606,7880.0,8135.8,7847.0,42733,6817248.344,93919,4004.0,8104.8,8095.4,7787.6,2026-01-12,202601.zip,20260112_1.csv,IM,2026-06-22,8357.01,-252.21000000000004,0.030179454134911854,161,0.0705483706917638
IM2601,8415.0,8419.4,8198.0,60818,10071949.652,54431,-11425.0,8233.8,8235.8,8394.8,2026-01-13,202601.zip,20260113_1.csv,IM,2026-01-16,8203.13,30.670000000000073,-0.0037388167687211205,3,-0.45319496060952313
IM2602,8398.0,8399.4,8161.0,21828,3598056.652,39945,5127.0,8200.4,8195.8,8350.0,2026-01-13,202601.zip,20260113_1.csv,IM,2026-02-24,8203.13,-2.7299999999995634,0.000332799797150507,42,0.002893151553581407
IM2603,8324.8,8335.0,8115.0,178731,29298080.944,207812,-632.0,8160.4,8150.8,8306.2,2026-01-13,202601.zip,20260113_1.csv,IM,2026-03-20,8203.13,-42.72999999999956,0.005208987301188683,66,0.02895812073977359
IM2606,8130.0,8130.0,7912.2,43725,6996990.116,99430,5511.0,7960.4,7945.8,8095.4,2026-01-13,202601.zip,20260113_1.csv,IM,2026-06-22,8203.13,-242.72999999999956,0.02958992482137912,160,0.06956030004773624
IM2601,8236.8,8453.6,8137.2,65555,10897973.864,47766,-6665.0,8242.0,8230.0,8235.8,2026-01-14,202601.zip,20260114_1.csv,IM,2026-01-16,8257.17,-15.170000000000073,0.0018371911926241546,2,0.3359045134676236
IM2602,8221.4,8444.6,8111.0,35068,5819639.956,52411,12466.0,8215.0,8206.2,8195.8,2026-01-14,202601.zip,20260114_1.csv,IM,2026-02-24,8257.17,-42.17000000000007,0.00510707663763732,41,0.04569882576488499
IM2603,8200.0,8419.0,8060.0,225371,37166187.6,212359,4547.0,8156.0,8158.2,8150.8,2026-01-14,202601.zip,20260114_1.csv,IM,2026-03-20,8257.17,-101.17000000000007,0.012252381869332973,65,0.06965527973742763
IM2606,7980.2,8226.0,7871.0,52601,8466175.888,102468,3038.0,7965.0,7962.4,7945.8,2026-01-14,202601.zip,20260114_1.csv,IM,2026-06-22,8257.17,-292.1700000000001,0.03538379372109335,159,0.0842064930296463
IM2601,8200.2,8272.2,8153.8,38012,6246409.796,30484,-17282.0,8254.8,8215.8,8230.0,2026-01-15,202601.zip,20260115_1.csv,IM,2026-01-16,8240.78,14.019999999998618,-0.0017012952657391445,1,-0.6199181082521166
IM2602,8170.0,8254.8,8127.2,29827,4887427.868,57708,5297.0,8240.8,8197.2,8206.2,2026-01-15,202601.zip,20260115_1.csv,IM,2026-02-24,8240.78,0.019999999998617568,-2.42695472985055e-06,40,-2.214590816303208e-05
IM2603,8105.6,8207.4,8082.0,148081,24129690.18,203295,-9064.0,8195.4,8158.4,8158.2,2026-01-15,202601.zip,20260115_1.csv,IM,2026-03-20,8240.78,-45.38000000000102,0.005506760282400602,64,0.03157964376357533
IM2606,7915.4,8010.0,7896.8,31844,5066607.348,103724,1256.0,8007.2,7965.8,7962.4,2026-01-15,202601.zip,20260115_1.csv,IM,2026-06-22,8240.78,-233.58000000000084,0.02834440429182683,158,0.06738927054258778
IM2601,8300.0,8315.2,8167.6,24005,3956107.16,0,-30484.0,8241.6,8242.02,8215.8,2026-01-16,202601.zip,20260116_1.csv,IM,2026-01-16,8232.73,8.8700000000008,-0.0010774068869014997,0,
IM2602,8285.6,8315.0,8150.2,41674,6850320.256,71312,13604.0,8225.0,8209.2,8197.2,2026-01-16,202601.zip,20260116_1.csv,IM,2026-02-24,8232.73,-7.729999999999563,0.0009389352013243757,39,0.008795729093600895
IM2603,8250.0,8283.8,8115.0,141207,23099082.94,201001,-2294.0,8179.2,8165.0,8158.4,2026-01-16,202601.zip,20260116_1.csv,IM,2026-03-20,8232.73,-53.529999999999745,0.006502095902574223,63,0.03791741575999251
IM2606,8046.0,8098.8,7931.0,35452,5665849.0,106709,2985.0,7979.0,7966.6,7965.8,2026-01-16,202601.zip,20260116_1.csv,IM,2026-06-22,8232.73,-253.72999999999956,0.030819667352141922,157,0.07392929529186097
IM2602,8199.8,8306.8,8161.2,37562,6198804.356,67508,-3804.0,8230.0,8242.8,8209.2,2026-01-19,202601.zip,20260119_1.csv,IM,2026-02-24,8265.65,-35.649999999999636,0.004313030433178211,36,0.04391875928176047
IM2603,8158.0,8275.0,8121.6,123630,20313200.512,195201,-5800.0,8186.6,8205.4,8165.0,2026-01-19,202601.zip,20260119_1.csv,IM,2026-03-20,8265.65,-79.04999999999927,0.00956367617791698,60,0.058740808149902644
IM2606,7959.8,8074.8,7925.4,33362,5350228.784,106171,-538.0,8003.0,8018.6,7966.6,2026-01-19,202601.zip,20260119_1.csv,IM,2026-06-22,8265.65,-262.64999999999964,0.03177608536533727,154,0.07778515686487698
IM2609,7783.0,7890.8,7750.0,11813,1854243.372,11376,11376.0,7843.0,7857.4,7966.6,2026-01-19,202601.zip,20260119_1.csv,IM,2026-09-18,8265.65,-422.64999999999964,0.0511333047007797,242,0.0812785892141543
IM2602,8250.0,8287.8,8066.4,41590,6777918.86,68354,846.0,8162.2,8134.2,8242.8,2026-01-20,202601.zip,20260120_1.csv,IM,2026-02-24,8182.75,-20.550000000000182,0.0025113806483150203,35,0.02625605141470893
IM2603,8207.0,8247.4,8016.8,150527,24394615.704,198773,3572.0,8120.8,8091.0,8205.4,2026-01-20,202601.zip,20260120_1.csv,IM,2026-03-20,8182.75,-61.94999999999982,0.007570804436161427,59,0.04719362624371949
IM2606,8010.6,8060.0,7849.0,38608,6121549.744,105636,-535.0,7946.0,7916.6,8018.6,2026-01-20,202601.zip,20260120_1.csv,IM,2026-06-22,8182.75,-236.75,0.028932815984846205,153,0.07107925391819601
IM2609,7864.8,7904.6,7701.0,15115,2347835.012,15696,4320.0,7778.0,7749.8,7857.4,2026-01-20,202601.zip,20260120_1.csv,IM,2026-09-18,8182.75,-404.75,0.04946381106596198,241,0.07881243404900948
IM2602,8138.8,8287.2,8113.2,37231,6129725.932,65179,-3175.0,8260.0,8246.0,8134.2,2026-01-21,202601.zip,20260121_1.csv,IM,2026-02-24,8247.68,12.319999999999709,-0.001493753394893993,34,-0.01601196410767648
IM2603,8100.0,8252.8,8071.0,133027,21812081.076,192142,-6631.0,8231.0,8217.8,8091.0,2026-01-21,202601.zip,20260121_1.csv,IM,2026-03-20,8247.68,-16.68000000000029,0.002022386901528672,58,0.012752881243742742
IM2606,7932.6,8068.0,7900.2,34728,5569631.348,105709,73.0,8051.6,8039.6,7916.6,2026-01-21,202601.zip,20260121_1.csv,IM,2026-06-22,8247.68,-196.07999999999993,0.023773958252502503,152,0.058479060062596025
IM2609,7758.4,7900.0,7734.6,9540,1498812.38,18658,2962.0,7890.0,7871.6,7749.8,2026-01-21,202601.zip,20260121_1.csv,IM,2026-09-18,8247.68,-357.6800000000003,0.04336734693877553,240,0.06894444444444463
IM2602,8284.2,8318.8,8241.0,29789,4933999.016,62682,-2497.0,8318.0,8292.0,8246.0,2026-01-22,202601.zip,20260122_1.csv,IM,2026-02-24,8309.35,8.649999999999636,-0.0010409959864490226,33,-0.011502072905054504
IM2603,8260.0,8302.6,8218.0,104669,17279168.412,186587,-5555.0,8292.6,8263.8,8217.8,2026-01-22,202601.zip,20260122_1.csv,IM,2026-03-20,8309.35,-16.75,0.0020158014766498145,57,0.01293427536958583
IM2606,8065.0,8124.0,8045.0,28536,4611254.508,102926,-2783.0,8119.2,8090.6,8039.6,2026-01-22,202601.zip,20260122_1.csv,IM,2026-06-22,8309.35,-190.15000000000055,0.022883859748355828,151,0.056610762878148625
IM2609,7920.0,7963.8,7879.2,9605,1520489.252,20082,1424.0,7952.0,7924.0,7871.6,2026-01-22,202601.zip,20260122_1.csv,IM,2026-09-18,8309.35,-357.35000000000036,0.0430057706078093,239,0.06862974394484081
IM2602,8337.0,8531.8,8322.0,39087,6591184.964,66131,3449.0,8531.8,8489.2,8292.0,2026-01-23,202601.zip,20260123_1.csv,IM,2026-02-24,8470.74,61.05999999999949,-0.007208343072742096,32,-0.08163173363182397
IM2603,8336.6,8518.2,8301.4,128628,21651446.636,195577,8990.0,8516.6,8479.4,8263.8,2026-01-23,202601.zip,20260123_1.csv,IM,2026-03-20,8470.74,45.86000000000058,-0.005413930778184639,56,-0.03509721350908002
IM2606,8140.0,8368.0,8134.2,39676,6553580.348,107740,4814.0,8366.2,8327.6,8090.6,2026-01-23,202601.zip,20260123_1.csv,IM,2026-06-22,8470.74,-104.53999999999905,0.012341306662699947,150,0.030405759683806963
IM2609,7998.0,8220.0,7970.6,15595,2530723.136,26555,6473.0,8219.0,8170.6,7924.0,2026-01-23,202601.zip,20260123_1.csv,IM,2026-09-18,8470.74,-251.73999999999978,0.02971877309420423,238,0.04697309268031346
IM2602,8564.0,8573.8,8273.4,48374,8111677.668,63879,-2252.0,8327.2,8348.2,8489.2,2026-01-26,202601.zip,20260126_1.csv,IM,2026-02-24,8365.43,-38.22999999999956,0.004569998194952296,29,0.05778301105475737
IM2603,8541.8,8568.0,8238.0,160156,26757829.596,191679,-3898.0,8289.2,8311.6,8479.4,2026-01-26,202601.zip,20260126_1.csv,IM,2026-03-20,8365.43,-76.22999999999956,0.009112502286194424,53,0.06333303439164713
IM2606,8388.0,8434.4,8102.2,46441,7632002.956,106252,-1488.0,8141.6,8162.2,8327.6,2026-01-26,202601.zip,20260126_1.csv,IM,2026-06-22,8365.43,-223.82999999999993,0.02675654449322984,147,0.06826279445648728
IM2609,8265.0,8283.6,7953.0,22189,3582187.048,32692,6137.0,7980.2,7998.0,8170.6,2026-01-26,202601.zip,20260126_1.csv,IM,2026-09-18,8365.43,-385.2300000000005,0.04605023292287436,235,0.07497756415212758
IM2602,8326.0,8415.6,8163.2,43943,7292221.936,61133,-2746.0,8385.6,8389.0,8348.2,2026-01-27,202601.zip,20260127_1.csv,IM,2026-02-24,8382.15,3.4500000000007276,-0.0004115889121527605,28,-0.00536314804971863
IM2603,8269.0,8393.8,8122.0,158438,26165352.124,191923,244.0,8357.2,8364.8,8311.6,2026-01-27,202601.zip,20260127_1.csv,IM,2026-03-20,8382.15,-24.94999999999891,0.002976563292233947,52,0.02095556019866709
IM2606,8121.8,8243.0,7975.2,42749,6934652.872,109362,3110.0,8220.2,8216.8,8162.2,2026-01-27,202601.zip,20260127_1.csv,IM,2026-06-22,8382.15,-161.9499999999989,0.019320818644381066,146,0.04925366779397089
IM2609,7970.8,8077.4,7822.0,17270,2745259.444,35985,3293.0,8058.8,8050.8,7998.0,2026-01-27,202601.zip,20260127_1.csv,IM,2026-09-18,8382.15,-323.34999999999945,0.03857602166508589,234,0.06258633127707904
IM2602,8407.2,8432.4,8302.0,33363,5589394.12,56743,-4390.0,8407.4,8400.8,8389.0,2026-01-28,202601.zip,20260128_1.csv,IM,2026-02-24,8399.79,7.609999999998763,-0.0009059750303279657,27,-0.01223635439326253
IM2603,8380.0,8412.0,8284.0,114744,19160277.248,180338,-11585.0,8377.8,8373.0,8364.8,2026-01-28,202601.zip,20260128_1.csv,IM,2026-03-20,8399.79,-21.9900000000016,0.002617922590922084,51,0.018785291098465166
IM2606,8238.0,8272.8,8147.0,31617,5193250.752,107190,-2172.0,8242.6,8237.2,8216.8,2026-01-28,202601.zip,20260128_1.csv,IM,2026-06-22,8399.79,-157.1900000000005,0.0187135630771722,145,0.048004898019289546
IM2609,8080.0,8098.4,7986.0,14356,2309943.236,38495,2510.0,8075.0,8064.8,8050.8,2026-01-28,202601.zip,20260128_1.csv,IM,2026-09-18,8399.79,-324.7900000000009,0.03866644285154763,233,0.0630081983550142
IM2602,8383.0,8490.0,8311.4,40923,6879572.424,58886,2143.0,8351.4,8353.2,8400.8,2026-01-29,202601.zip,20260129_1.csv,IM,2026-02-24,8332.21,19.19000000000051,-0.002303110459289881,26,-0.032257834246123725
IM2603,8357.6,8479.8,8280.0,147818,24785269.816,196369,16031.0,8329.0,8330.2,8373.0,2026-01-29,202601.zip,20260129_1.csv,IM,2026-03-20,8332.21,-3.209999999999127,0.0003852519319603731,50,0.0028134229799492206
IM2606,8230.0,8348.0,8150.0,39840,6574733.088,111756,4566.0,8199.6,8204.2,8237.2,2026-01-29,202601.zip,20260129_1.csv,IM,2026-06-22,8332.21,-132.60999999999876,0.01591534538855821,144,0.04099340381102555
IM2609,8070.0,8186.6,7998.8,19400,3140706.488,44584,6089.0,8048.0,8052.4,8064.8,2026-01-29,202601.zip,20260129_1.csv,IM,2026-09-18,8332.21,-284.2099999999991,0.03410979800077041,232,0.055559236177761
IM2602,8300.2,8361.8,8075.8,41174,6784935.588,58272,-614.0,8282.4,8277.8,8353.2,2026-01-30,202601.zip,20260130_1.csv,IM,2026-02-24,8254.86,27.539999999999054,-0.0033362164833805608,25,-0.04854679802955541
IM2603,8302.0,8344.8,8050.0,167342,27492423.08,191798,-4571.0,8260.6,8259.4,8330.2,2026-01-30,202601.zip,20260130_1.csv,IM,2026-03-20,8254.86,5.739999999999782,-0.0006953479525999562,49,-0.005176033563802
IM2606,8176.6,8221.4,7909.4,47656,7705551.676,111274,-482.0,8143.8,8136.4,8204.2,2026-01-30,202601.zip,20260130_1.csv,IM,2026-06-22,8254.86,-111.0600000000004,0.013453892615986285,143,0.03480866735121508
IM2609,8023.6,8070.0,7764.0,19670,3124886.792,47496,2912.0,7996.6,7993.0,8052.4,2026-01-30,202601.zip,20260130_1.csv,IM,2026-09-18,8254.86,-258.2600000000002,0.03128581223667026,231,0.05103083312572342
IM2602,8210.0,8252.6,7904.0,46878,7584341.884,61033,2761.0,7910.0,7990.0,8277.8,2026-02-02,202602.zip,20260202_1.csv,IM,2026-02-24,7975.43,-65.43000000000029,0.00820394637028976,22,0.13723681186070702
IM2603,8180.2,8240.0,7840.0,173821,28031201.488,194848,3050.0,7871.8,7954.8,8259.4,2026-02-02,202602.zip,20260202_1.csv,IM,2026-03-20,7975.43,-103.63000000000011,0.012993656768349848,46,0.10445914806513527
IM2606,8089.4,8120.0,7659.2,60249,9529806.692,107833,-3441.0,7701.6,7779.6,8136.4,2026-02-02,202602.zip,20260202_1.csv,IM,2026-06-22,7975.43,-273.8299999999999,0.034334198908397395,140,0.09269683294009416
IM2609,7920.2,7978.6,7510.0,26152,4063050.504,50536,3040.0,7548.6,7634.0,7993.0,2026-02-02,202602.zip,20260202_1.csv,IM,2026-09-18,7975.43,-426.8299999999999,0.0535181175184285,228,0.09052041600835924
IM2602,8030.0,8233.2,8011.0,44819,7290767.328,58651,-2382.0,8213.0,8210.8,7990.0,2026-02-03,202602.zip,20260203_1.csv,IM,2026-02-24,8209.1,3.899999999999636,-0.0004750825303625472,21,-0.008253465759856712
IM2603,8019.0,8215.2,7975.2,150161,24337820.12,189544,-5304.0,8183.0,8190.8,7954.8,2026-02-03,202602.zip,20260203_1.csv,IM,2026-03-20,8209.1,-26.100000000000364,0.0031793984724269864,45,0.025870707564463944
IM2606,7844.2,8057.0,7810.0,42375,6737982.684,105961,-1872.0,8031.0,8034.6,7779.6,2026-02-03,202602.zip,20260203_1.csv,IM,2026-06-22,8209.1,-178.10000000000036,0.021695435553227504,139,0.058233428199539694
IM2609,7690.0,7906.8,7655.6,20281,3164726.792,51362,826.0,7885.8,7880.4,7634.0,2026-02-03,202602.zip,20260203_1.csv,IM,2026-09-18,8209.1,-323.3000000000002,0.03938312360672913,227,0.06592148067853641
IM2602,8192.4,8234.2,8090.4,38126,6215960.072,54982,-3669.0,8230.0,8191.2,8210.8,2026-02-04,202602.zip,20260204_1.csv,IM,2026-02-24,8207.12,22.8799999999992,-0.0027878232559044314,20,-0.05073633049817541
IM2603,8159.4,8213.0,8050.2,136596,22177684.14,186743,-2801.0,8203.4,8163.6,8190.8,2026-02-04,202602.zip,20260204_1.csv,IM,2026-03-20,8207.12,-3.720000000001164,0.0004532649699287017,44,0.00376174402188118
IM2606,8010.0,8058.0,7895.8,37630,5992151.108,108653,2692.0,8045.2,8005.4,8034.6,2026-02-04,202602.zip,20260204_1.csv,IM,2026-06-22,8207.12,-161.92000000000098,0.019729210734094393,138,0.05323256931669417
IM2609,7866.0,7899.0,7744.0,16012,2501921.692,53144,1782.0,7888.6,7851.2,7880.4,2026-02-04,202602.zip,20260204_1.csv,IM,2026-09-18,8207.12,-318.52000000000044,0.03881020382302203,226,0.0652110506053433
IM2602,8168.6,8168.6,8007.2,34660,5599579.088,51147,-3835.0,8077.8,8085.0,8191.2,2026-02-05,202602.zip,20260205_1.csv,IM,2026-02-24,8068.08,9.720000000000255,-0.0012047475979415356,19,-0.023115986504924663
IM2603,8140.8,8144.0,7969.4,142554,22941493.448,186934,191.0,8039.8,8056.6,8163.6,2026-02-05,202602.zip,20260205_1.csv,IM,2026-03-20,8068.08,-28.279999999999745,0.0035051709948339393,43,0.029857852532488616
IM2606,8000.0,8005.0,7815.0,39134,6173675.584,108025,-628.0,7880.2,7897.0,8005.4,2026-02-05,202602.zip,20260205_1.csv,IM,2026-06-22,8068.08,-187.8800000000001,0.02328682908449098,137,0.06352074876012821
IM2609,7840.0,7840.0,7657.8,16324,2524429.876,54442,1298.0,7720.0,7742.4,7851.2,2026-02-05,202602.zip,20260205_1.csv,IM,2026-09-18,8068.08,-348.0799999999999,0.04314285430982334,225,0.07314289004029921
IM2602,7983.8,8174.4,7923.2,38635,6238524.508,52205,1058.0,8026.8,8082.4,8085.0,2026-02-06,202602.zip,20260206_1.csv,IM,2026-02-24,8051.57,-24.769999999999527,0.003076418636365319,18,0.06257544171469928
IM2603,7900.2,8154.4,7880.8,147053,23662631.224,187915,981.0,7990.8,8057.4,8056.6,2026-02-06,202602.zip,20260206_1.csv,IM,2026-03-20,8051.57,-60.76999999999953,0.00754759630730395,42,0.066091034451523
IM2606,7800.0,7992.2,7707.0,39470,6213891.412,109419,1394.0,7830.8,7889.8,7897.0,2026-02-06,202602.zip,20260206_1.csv,IM,2026-06-22,8051.57,-220.76999999999953,0.027419497067031617,136,0.07566375345919109
IM2609,7650.0,7827.6,7540.2,17497,2697388.828,56496,2054.0,7655.6,7721.0,7742.4,2026-02-06,202602.zip,20260206_1.csv,IM,2026-09-18,8051.57,-395.96999999999935,0.049179228398933295,224,0.08428065379778017
IM2602,8180.0,8260.6,8151.0,28961,4759855.592,45633,-6572.0,8256.0,8243.0,8082.4,2026-02-09,202602.zip,20260209_1.csv,IM,2026-02-24,8233.78,22.219999999999345,-0.002698639021202709,15,-0.06549014857880923
IM2603,8155.0,8237.6,8120.4,112370,18409662.952,179169,-8746.0,8232.6,8216.6,8057.4,2026-02-09,202602.zip,20260209_1.csv,IM,2026-03-20,8233.78,-1.180000000000291,0.0001433120632322593,39,0.001341446170540288
IM2606,7944.0,8069.6,7944.0,31900,5119282.736,107292,-2127.0,8063.2,8048.4,7889.8,2026-02-09,202602.zip,20260209_1.csv,IM,2026-06-22,8233.78,-170.58000000000084,0.020717094700125727,133,0.0580579773175378
IM2609,7785.0,7895.2,7785.0,13607,2137042.14,57020,524.0,7890.2,7868.4,7721.0,2026-02-09,202602.zip,20260209_1.csv,IM,2026-09-18,8233.78,-343.58000000000084,0.04172810058077836,221,0.07191847243691164
IM2602,8261.0,8278.8,8201.0,21127,3488565.012,39017,-6616.0,8254.6,8261.6,8243.0,2026-02-10,202602.zip,20260210_1.csv,IM,2026-02-24,8250.3,4.300000000001091,-0.000521193168733447,14,-0.013581172056449653
IM2603,8235.0,8258.4,8182.0,82316,13550745.872,175231,-3938.0,8229.0,8239.8,8216.6,2026-02-10,202602.zip,20260210_1.csv,IM,2026-03-20,8250.3,-21.299999999999272,0.002581724300934396,38,0.024862328990539254
IM2606,8082.0,8092.0,8018.0,21631,3489600.936,106809,-483.0,8063.0,8073.4,8048.4,2026-02-10,202602.zip,20260210_1.csv,IM,2026-06-22,8250.3,-187.29999999999927,0.022702204768311418,132,0.06423327282498796
IM2609,7902.2,7911.0,7840.4,8096,1277282.224,57576,556.0,7886.0,7894.8,7868.4,2026-02-10,202602.zip,20260210_1.csv,IM,2026-09-18,8250.3,-364.2999999999993,0.04415597008593619,220,0.07664301523989579
IM2602,8242.0,8323.8,8242.0,22401,3710173.644,34228,-4789.0,8260.2,8262.4,8261.6,2026-02-11,202602.zip,20260211_1.csv,IM,2026-02-24,8239.51,20.69000000000051,-0.002511071653532815,13,-0.07032657059896166
IM2603,8229.0,8307.6,8227.4,81851,13527168.576,180217,4986.0,8241.0,8244.4,8239.8,2026-02-11,202602.zip,20260211_1.csv,IM,2026-03-20,8239.51,1.4899999999997817,-0.00018083599631535385,37,-0.001783600127246987
IM2606,8063.0,8139.8,8062.0,19572,3171075.88,106695,-114.0,8086.6,8086.6,8073.4,2026-02-11,202602.zip,20260211_1.csv,IM,2026-06-22,8239.51,-152.90999999999985,0.018558142413808598,131,0.052685547271397716
IM2609,7890.0,7959.6,7881.8,9747,1544606.892,58865,1289.0,7919.0,7915.6,7894.8,2026-02-11,202602.zip,20260211_1.csv,IM,2026-09-18,8239.51,-320.5100000000002,0.03889915783826958,219,0.06745590773245769
IM2602,8262.0,8359.0,8224.8,22849,3797528.056,27402,-6826.0,8345.4,8342.0,8262.4,2026-02-12,202602.zip,20260212_1.csv,IM,2026-02-24,8314.83,30.56999999999971,-0.003676563441465497,12,-0.11141916504900863
IM2603,8250.4,8351.8,8205.0,96452,16010881.98,187061,6844.0,8338.0,8334.6,8244.4,2026-02-12,202602.zip,20260212_1.csv,IM,2026-03-20,8314.83,23.170000000000073,-0.002786587338526436,36,-0.028174389008821646
IM2606,8106.0,8193.8,8053.0,24870,4048906.236,108907,2212.0,8182.0,8177.8,8086.6,2026-02-12,202602.zip,20260212_1.csv,IM,2026-06-22,8314.83,-132.82999999999993,0.01597507104775442,130,0.045581247767143895
IM2609,7933.2,8020.0,7888.0,11333,1806796.908,60851,1986.0,8004.2,8002.4,7915.6,2026-02-12,202602.zip,20260212_1.csv,IM,2026-09-18,8314.83,-310.6300000000001,0.03735855092647722,218,0.0649773261239685
IM2602,8293.0,8332.8,8178.4,23295,3854183.228,20759,-6643.0,8200.0,8225.4,8342.0,2026-02-13,202602.zip,20260213_1.csv,IM,2026-02-24,8204.83,-4.829999999999927,0.0005886776447531217,11,0.01954490022173264
IM2603,8288.0,8316.8,8161.0,114424,18895980.492,185460,-1601.0,8189.0,8213.4,8334.6,2026-02-13,202602.zip,20260213_1.csv,IM,2026-03-20,8204.83,-15.829999999999927,0.0019293513698638298,35,0.02015927289220684
IM2606,8138.0,8157.2,8003.0,33376,5405466.708,110563,1656.0,8021.6,8053.0,8177.8,2026-02-13,202602.zip,20260213_1.csv,IM,2026-06-22,8204.83,-183.22999999999956,0.022331967877457504,129,0.06463068126910058
IM2609,7961.0,7976.4,7831.0,15133,2397042.76,63084,2233.0,7852.0,7879.6,8002.4,2026-02-13,202602.zip,20260213_1.csv,IM,2026-09-18,8204.83,-352.8299999999999,0.043002719130073364,217,0.07558199384465134
IM2602,8304.0,8360.0,8238.0,17173,2851488.076,0,-20759.0,8310.6,8310.75,8225.4,2026-02-24,202602.zip,20260224_1.csv,IM,2026-02-24,8299.77,10.829999999999927,-0.001304855435753094,0,
IM2603,8307.8,8365.0,8227.2,105984,17584717.044,188594,3134.0,8271.0,8285.4,8213.4,2026-02-24,202602.zip,20260224_1.csv,IM,2026-03-20,8299.77,-28.770000000000437,0.003466361116030936,24,0.05290094909926338
IM2606,8120.0,8205.0,8070.0,34165,5560169.924,113415,2852.0,8110.6,8126.6,8053.0,2026-02-24,202602.zip,20260224_1.csv,IM,2026-06-22,8299.77,-189.17000000000007,0.022792197856085217,118,0.07214564785902702
IM2609,7920.0,8025.0,7897.6,14139,2250693.832,63573,489.0,7930.4,7946.4,7879.6,2026-02-24,202602.zip,20260224_1.csv,IM,2026-09-18,8299.77,-369.3700000000008,0.04450364287203146,206,0.0825262612397767
IM2603,8300.0,8441.0,8300.0,111192,18670576.112,188683,89.0,8405.6,8401.8,8285.4,2026-02-25,202602.zip,20260225_1.csv,IM,2026-03-20,8426.33,-20.729999999999563,0.0024601457574056074,23,0.039137728057071934
IM2604,8274.6,8412.2,8262.6,5301,887643.416,5179,5179.0,8374.2,8371.8,8285.4,2026-02-25,202602.zip,20260225_1.csv,IM,2026-04-17,8426.33,-52.1299999999992,0.006186560459891743,51,0.044551987640843484
IM2606,8150.0,8280.0,8135.0,35224,5802102.752,113611,196.0,8247.4,8241.8,8126.6,2026-02-25,202602.zip,20260225_1.csv,IM,2026-06-22,8426.33,-178.9300000000003,0.021234630022797574,117,0.06768198794170595
IM2609,7957.0,8099.0,7957.0,14825,2388009.008,64957,1384.0,8068.4,8061.8,7946.4,2026-02-25,202602.zip,20260225_1.csv,IM,2026-09-18,8426.33,-357.9300000000003,0.04247756733951791,205,0.07898592038074458
IM2603,8425.0,8458.6,8365.6,97454,16412412.808,176096,-12587.0,8443.4,8442.0,8401.8,2026-02-26,202602.zip,20260226_1.csv,IM,2026-03-20,8490.62,-47.220000000001164,0.005561431320681098,22,0.09278522008583613
IM2604,8405.0,8420.0,8336.4,5078,851774.672,5683,504.0,8398.2,8400.2,8371.8,2026-02-26,202602.zip,20260226_1.csv,IM,2026-04-17,8490.62,-92.42000000000007,0.010884953042298418,50,0.08033459550856216
IM2606,8266.2,8284.6,8206.6,29516,4871688.956,111036,-2575.0,8260.4,8262.2,8241.8,2026-02-26,202602.zip,20260226_1.csv,IM,2026-06-22,8490.62,-230.22000000000116,0.027114627671477654,116,0.08769540675161502
IM2609,8090.0,8100.0,8028.6,13532,2183860.316,64725,-232.0,8073.8,8075.0,8061.8,2026-02-26,202602.zip,20260226_1.csv,IM,2026-09-18,8490.62,-416.8200000000006,0.049091821327535645,204,0.092370492500798
IM2603,8400.2,8538.8,8391.0,100970,17130424.012,177180,1084.0,8531.4,8521.6,8442.0,2026-02-27,202602.zip,20260227_1.csv,IM,2026-03-20,8560.84,-29.44000000000051,0.003438914872839649,21,0.05997787445146637
IM2604,8351.0,8493.4,8342.2,5141,867639.908,7186,1503.0,8486.2,8475.4,8400.2,2026-02-27,202602.zip,20260227_1.csv,IM,2026-04-17,8560.84,-74.63999999999942,0.008718770587932911,49,0.0655171733796855
IM2606,8230.0,8339.2,8213.6,35557,5895271.86,114120,3084.0,8330.6,8324.6,8262.2,2026-02-27,202602.zip,20260227_1.csv,IM,2026-06-22,8560.84,-230.23999999999978,0.02689455707617472,115,0.08772018091499252
IM2609,8039.0,8137.0,8028.0,14155,2292241.676,66848,2123.0,8129.4,8123.2,8075.0,2026-02-27,202602.zip,20260227_1.csv,IM,2026-09-18,8560.84,-431.4400000000005,0.050396923666369275,203,0.09542424679818703
IM2603,8480.0,8514.6,8338.0,142245,23970904.78,181019,3839.0,8423.8,8430.0,8521.6,2026-03-02,202603.zip,20260302_1.csv,IM,2026-03-20,8476.97,-53.17000000000007,0.006272288329438491,18,0.12799086450823394
IM2604,8431.0,8467.2,8297.8,8915,1493929.652,10635,3449.0,8380.2,8386.2,8475.4,2026-03-02,202603.zip,20260302_1.csv,IM,2026-04-17,8476.97,-96.76999999999862,0.011415635539585356,46,0.09162656178175575
IM2606,8260.0,8323.0,8146.4,52969,8721160.412,120642,6522.0,8230.6,8236.2,8324.6,2026-03-02,202603.zip,20260302_1.csv,IM,2026-06-22,8476.97,-246.36999999999898,0.029063450737704555,112,0.09755087504469354
IM2609,8045.0,8120.0,7957.0,21847,3510173.048,70699,3851.0,8029.0,8038.2,8123.2,2026-03-02,202603.zip,20260302_1.csv,IM,2026-09-18,8476.97,-447.96999999999935,0.05284553325067798,200,0.10182404409017311
IM2603,8445.0,8479.4,8105.6,179978,29703099.184,185852,4833.0,8129.4,8137.8,8430.0,2026-03-03,202603.zip,20260303_1.csv,IM,2026-03-20,8142.45,-13.050000000000182,0.0016027117145330783,17,0.034466402990455704
IM2604,8440.0,8440.0,8067.0,15339,2514393.9,16170,5535.0,8089.0,8094.6,8386.2,2026-03-03,202603.zip,20260303_1.csv,IM,2026-04-17,8142.45,-53.44999999999982,0.006564363305884613,45,0.053596104449113655
IM2606,8255.2,8277.0,7924.6,68726,11078208.164,125408,4766.0,7949.4,7954.6,8236.2,2026-03-03,202603.zip,20260303_1.csv,IM,2026-06-22,8142.45,-193.05000000000018,0.023709080190851717,111,0.07985559338491663
IM2609,8055.0,8075.0,7736.8,29646,4660107.296,74477,3778.0,7766.8,7767.2,8038.2,2026-03-03,202603.zip,20260303_1.csv,IM,2026-09-18,8142.45,-375.64999999999964,0.04613476287849472,199,0.08871173216859388
IM2603,8076.2,8225.2,8037.2,155033,25171483.704,179738,-6114.0,8064.2,8062.6,8137.8,2026-03-04,202603.zip,20260304_1.csv,IM,2026-03-20,8094.52,-30.32000000000062,0.003745744034235554,16,0.08577106222563934
IM2604,8056.0,8183.8,7994.8,10557,1704174.332,16399,229.0,8018.4,8018.4,8094.6,2026-03-04,202603.zip,20260304_1.csv,IM,2026-04-17,8094.52,-76.1200000000008,0.009403893004156005,44,0.07875012471316128
IM2606,7909.0,8041.4,7853.0,57253,9082923.016,124141,-1267.0,7875.0,7876.0,7954.6,2026-03-04,202603.zip,20260304_1.csv,IM,2026-06-22,8094.52,-219.52000000000044,0.02711958213705079,110,0.09249616161616193
IM2609,7690.2,7847.4,7665.2,22630,3504023.264,74389,-88.0,7685.6,7687.2,7767.2,2026-03-04,202603.zip,20260304_1.csv,IM,2026-09-18,8094.52,-408.9200000000001,0.0505181283139704,198,0.098081759617619
IM2603,8190.0,8214.0,8060.6,136165,22192573.032,166348,-13390.0,8130.0,8098.4,8062.6,2026-03-05,202603.zip,20260305_1.csv,IM,2026-03-20,8171.12,-41.11999999999989,0.005032357865262016,15,0.1230733907339087
IM2604,8165.0,8166.0,8015.6,9628,1559376.076,18547,2148.0,8075.4,8050.2,8018.4,2026-03-05,202603.zip,20260305_1.csv,IM,2026-04-17,8171.12,-95.72000000000025,0.01171442837701564,43,0.10061507501104491
IM2606,8010.0,8023.8,7864.0,52712,8384988.36,123832,-309.0,7928.0,7898.4,7876.0,2026-03-05,202603.zip,20260305_1.csv,IM,2026-06-22,8171.12,-243.1199999999999,0.029753571113874222,109,0.10268887880835789
IM2609,7752.0,7825.0,7666.8,20576,3191937.676,74304,-85.0,7733.2,7702.6,7687.2,2026-03-05,202603.zip,20260305_1.csv,IM,2026-09-18,8171.12,-437.9200000000001,0.05359363220709035,197,0.10492094078639391
IM2603,8101.0,8249.4,8082.2,109207,17891752.728,153991,-12357.0,8211.8,8214.2,8098.4,2026-03-06,202603.zip,20260306_1.csv,IM,2026-03-20,8248.86,-37.06000000000131,0.004492742027383367,14,0.1176608225793574
IM2604,8038.0,8192.2,8037.8,8223,1338627.04,19004,457.0,8160.6,8160.6,8050.2,2026-03-06,202603.zip,20260306_1.csv,IM,2026-04-17,8248.86,-88.26000000000022,0.010699660316698334,42,0.09399081300044401
IM2606,7907.6,8035.0,7885.0,42061,6717145.62,121308,-2524.0,8002.0,8002.8,7898.4,2026-03-06,202603.zip,20260306_1.csv,IM,2026-06-22,8248.86,-246.86000000000058,0.02992655954883472,108,0.10426085608227578
IM2609,7700.0,7830.0,7690.0,16168,2517776.464,73810,-494.0,7802.0,7802.4,7702.6,2026-03-06,202603.zip,20260306_1.csv,IM,2026-09-18,8248.86,-446.8600000000006,0.05417233411647193,196,0.10666018394027722
IM2603,8064.0,8214.0,7850.0,168105,26978164.392,168610,14619.0,8191.0,8183.6,8214.2,2026-03-09,202603.zip,20260309_1.csv,IM,2026-03-20,8203.87,-12.8700000000008,0.0015687718113525095,11,0.05213649127091335
IM2604,8054.6,8150.8,7800.0,12516,1995197.868,21584,2580.0,8130.2,8123.2,8160.6,2026-03-09,202603.zip,20260309_1.csv,IM,2026-04-17,8203.87,-73.67000000000098,0.008979908262807812,39,0.08480426570387543
IM2606,7850.0,7988.0,7640.0,69412,10828406.876,132366,11058.0,7970.8,7961.6,8002.8,2026-03-09,202603.zip,20260309_1.csv,IM,2026-06-22,8203.87,-233.07000000000062,0.028409762709550535,105,0.10164547025213522
IM2609,7693.6,7787.8,7440.0,24377,3701279.912,76825,3015.0,7765.0,7757.8,7802.4,2026-03-09,202603.zip,20260309_1.csv,IM,2026-09-18,8203.87,-438.8700000000008,0.05349548444819341,193,0.10688825572433786
IM2603,8274.0,8326.2,8225.0,108844,18043376.596,140221,-28389.0,8313.6,8308.4,8183.6,2026-03-10,202603.zip,20260310_1.csv,IM,2026-03-20,8350.09,-36.48999999999978,0.004370012778305399,10,0.1602055667821416
IM2604,8230.0,8268.0,8170.0,10221,1682970.504,22645,1061.0,8259.6,8253.2,8123.2,2026-03-10,202603.zip,20260310_1.csv,IM,2026-04-17,8350.09,-90.48999999999978,0.010837008942418569,38,0.10523273078089704
IM2606,8050.0,8115.2,8015.0,51791,8369890.428,128950,-3416.0,8102.6,8100.2,7961.6,2026-03-10,202603.zip,20260310_1.csv,IM,2026-06-22,8350.09,-247.48999999999978,0.029639201493636524,104,0.10719950528700171
IM2609,7820.0,7911.6,7815.4,19827,3123676.672,76564,-261.0,7905.6,7899.2,7757.8,2026-03-10,202603.zip,20260310_1.csv,IM,2026-09-18,8350.09,-444.4899999999998,0.05323176157382736,192,0.10688550020449644
IM2603,8308.2,8368.0,8290.0,89616,14922680.752,133840,-6381.0,8313.0,8317.2,8308.4,2026-03-11,202603.zip,20260311_1.csv,IM,2026-03-20,8363.53,-50.530000000000655,0.006041707269538232,9,0.24651416122004446
IM2604,8259.8,8311.8,8226.6,12166,2009890.16,27430,4785.0,8245.0,8251.4,8253.2,2026-03-11,202603.zip,20260311_1.csv,IM,2026-04-17,8363.53,-118.53000000000065,0.014172245451382404,37,0.1418171537213395
IM2606,8130.0,8159.0,8077.6,38657,6275135.544,129804,854.0,8089.2,8098.2,8100.2,2026-03-11,202603.zip,20260311_1.csv,IM,2026-06-22,8363.53,-274.33000000000084,0.03280074322684334,103,0.12017755665110755
IM2609,7915.0,7957.8,7878.8,15285,2420663.764,76690,126.0,7886.2,7896.6,7899.2,2026-03-11,202603.zip,20260311_1.csv,IM,2026-09-18,8363.53,-477.33000000000084,0.057072791034407766,191,0.11566725810784058
IM2603,8297.0,8344.2,8211.0,105033,17385587.496,131145,-2695.0,8277.2,8279.0,8317.2,2026-03-12,202603.zip,20260312_1.csv,IM,2026-03-20,8335.91,-58.70999999999913,0.00704302229750553,8,0.32361713502150435
IM2604,8246.6,8274.6,8144.4,14197,2329432.604,30803,3373.0,8211.4,8206.8,8251.4,2026-03-12,202603.zip,20260312_1.csv,IM,2026-04-17,8335.91,-124.51000000000022,0.014936581608966493,36,0.1537366412007169
IM2606,8075.0,8113.6,7980.8,50139,8067022.904,133208,3404.0,8043.0,8042.6,8098.2,2026-03-12,202603.zip,20260312_1.csv,IM,2026-06-22,8335.91,-292.90999999999985,0.03513833522674792,102,0.13031932529321574
IM2609,7877.0,7905.8,7774.6,18452,2892378.632,80185,3495.0,7839.2,7835.8,7896.6,2026-03-12,202603.zip,20260312_1.csv,IM,2026-09-18,8335.91,-496.71000000000004,0.05958677576893223,190,0.12172237634345058
IM2603,8265.2,8332.0,8172.0,112502,18565090.728,126038,-5107.0,8187.0,8204.0,8279.0,2026-03-13,202603.zip,20260313_1.csv,IM,2026-03-20,8214.29,-27.290000000000873,0.0033222591362127574,7,0.17380952380952783
IM2604,8188.8,8263.2,8105.8,14697,2404663.52,34068,3265.0,8117.6,8137.2,8206.8,2026-03-13,202603.zip,20260313_1.csv,IM,2026-04-17,8214.29,-96.69000000000051,0.01177095038037379,35,0.12421634121274486
IM2606,8024.0,8097.0,7938.0,55967,8970362.388,135250,2042.0,7951.2,7966.8,8042.6,2026-03-13,202603.zip,20260313_1.csv,IM,2026-06-22,8214.29,-263.09000000000106,0.03202833111565351,101,0.11957576115293413
IM2609,7819.8,7889.0,7732.8,18864,2944756.892,80754,569.0,7746.0,7761.0,7835.8,2026-03-13,202603.zip,20260313_1.csv,IM,2026-09-18,8214.29,-468.2900000000009,0.0570091876473805,189,0.11675310827776621
IM2603,8202.4,8212.6,8054.0,112837,18373011.504,114967,-11071.0,8187.0,8179.2,8204.0,2026-03-16,202603.zip,20260316_1.csv,IM,2026-03-20,8211.35,-24.350000000000364,0.0029654076369902693,4,0.2713982533284595
IM2604,8129.0,8139.4,7984.2,17143,2767116.46,37939,3871.0,8121.0,8109.6,8137.2,2026-03-16,202603.zip,20260316_1.csv,IM,2026-04-17,8211.35,-90.35000000000036,0.011003062833760624,32,0.12689997383327348
IM2606,7963.8,7974.4,7814.0,66103,10446835.6,144888,9638.0,7952.8,7939.0,7966.8,2026-03-16,202603.zip,20260316_1.csv,IM,2026-06-22,8211.35,-258.5500000000002,0.031486905320075254,98,0.1210852576117459
IM2609,7750.0,7764.8,7608.8,22696,3491867.188,83770,3016.0,7742.8,7725.8,7761.0,2026-03-16,202603.zip,20260316_1.csv,IM,2026-09-18,8211.35,-468.5500000000002,0.057061262764344534,186,0.11875114917723063
IM2603,8203.8,8220.0,8002.0,109515,17754431.592,100638,-14329.0,8014.0,8025.8,8179.2,2026-03-17,202603.zip,20260317_1.csv,IM,2026-03-20,8019.86,-5.859999999999673,0.0007306860718266917,3,0.08896514433075264
IM2604,8132.2,8156.4,7931.0,22457,3607849.388,43382,5443.0,7951.0,7957.2,8109.6,2026-03-17,202603.zip,20260317_1.csv,IM,2026-04-17,8019.86,-68.85999999999967,0.00858618479624329,31,0.10197094299357595
IM2606,7970.0,7988.8,7760.8,78237,12305637.544,151508,6620.0,7770.8,7787.8,7939.0,2026-03-17,202603.zip,20260317_1.csv,IM,2026-06-22,8019.86,-249.0599999999995,0.031055404957193722,97,0.12060335307593457
IM2609,7763.0,7780.0,7547.8,25331,3873964.828,86544,2774.0,7564.2,7572.4,7725.8,2026-03-17,202603.zip,20260317_1.csv,IM,2026-09-18,8019.86,-455.65999999999985,0.05681645315504258,185,0.11884995966062041
IM2603,8067.0,8098.4,7971.2,103417,16626686.912,76840,-23798.0,8080.4,8077.6,8025.8,2026-03-18,202603.zip,20260318_1.csv,IM,2026-03-20,8096.59,-16.19000000000051,0.0019996072420612743,2,0.36565949705461176
IM2604,7990.0,8040.0,7910.0,33232,5303696.66,55576,12194.0,8021.2,8019.8,7957.2,2026-03-18,202603.zip,20260318_1.csv,IM,2026-04-17,8096.59,-75.39000000000033,0.009311327361271937,30,0.11435259063481948
IM2606,7815.0,7874.0,7740.2,92768,14488373.784,168828,17320.0,7844.6,7848.8,7787.8,2026-03-18,202603.zip,20260318_1.csv,IM,2026-06-22,8096.59,-251.98999999999978,0.031122978933106338,96,0.12213331198106558
IM2609,7595.0,7653.6,7527.2,24556,3729103.484,88568,2024.0,7622.6,7628.4,7572.4,2026-03-18,202603.zip,20260318_1.csv,IM,2026-09-18,8096.59,-473.9899999999998,0.05854192938014646,184,0.123350549966404
IM2603,7991.4,8013.6,7873.4,78254,12443625.192,47611,-29229.0,7923.8,7907.2,8077.6,2026-03-19,202603.zip,20260319_1.csv,IM,2026-03-20,7909.23,14.570000000000618,-0.0018421515115885079,1,-0.6711489436886503
IM2604,7930.0,7957.8,7800.2,46645,7347099.492,69500,13924.0,7863.4,7833.4,8019.8,2026-03-19,202603.zip,20260319_1.csv,IM,2026-04-17,7909.23,-45.82999999999993,0.005794495797947441,29,0.07335578274906034
IM2606,7760.0,7786.6,7617.4,126183,19441787.484,185709,16881.0,7681.0,7656.6,7848.8,2026-03-19,202603.zip,20260319_1.csv,IM,2026-06-22,7909.23,-228.22999999999956,0.028856159196280706,95,0.11416269811359527
IM2609,7550.0,7567.8,7388.6,31114,4652576.948,92017,3449.0,7449.0,7424.4,7628.4,2026-03-19,202603.zip,20260319_1.csv,IM,2026-09-18,7909.23,-460.22999999999956,0.058188976676617044,183,0.12323064598834907
IM2603,7958.2,8004.8,7866.0,39279,6236134.208,0,-47611.0,7876.2,7877.11,7907.2,2026-03-20,202603.zip,20260320_1.csv,IM,2026-03-20,7783.43,92.76999999999953,-0.011918909786559295,0,
IM2604,7905.0,7951.4,7723.0,69129,10856653.64,91976,22476.0,7727.8,7774.8,7833.4,2026-03-20,202603.zip,20260320_1.csv,IM,2026-04-17,7783.43,-55.63000000000011,0.0071472345739603815,28,0.09384000436272752
IM2606,7750.0,7782.0,7557.0,152013,23380883.684,199728,14019.0,7560.0,7612.6,7656.6,2026-03-20,202603.zip,20260320_1.csv,IM,2026-06-22,7783.43,-223.4300000000003,0.028705853332014364,94,0.1147584571653723
IM2609,7479.0,7550.0,7343.6,30166,4501642.48,94812,2795.0,7344.0,7396.0,7424.4,2026-03-20,202603.zip,20260320_1.csv,IM,2026-09-18,7783.43,-439.4300000000003,0.05645711466538539,182,0.11999924435586201
IM2604,7599.8,7684.8,7300.6,79788,11968278.284,91166,-810.0,7364.0,7343.4,7774.8,2026-03-23,202603.zip,20260323_1.csv,IM,2026-04-17,7409.11,-45.10999999999967,0.006088450569636472,25,0.08943590439978077
IM2605,7638.0,7638.0,7229.4,6017,894486.836,5446,5446.0,7298.0,7270.4,7774.8,2026-03-23,202603.zip,20260323_1.csv,IM,2026-05-15,7409.11,-111.10999999999967,0.014996403076752762,53,0.10484948060207652
IM2606,7459.8,7518.6,7120.2,197317,28922502.504,213893,14165.0,7190.0,7166.0,7612.6,2026-03-23,202603.zip,20260323_1.csv,IM,2026-06-22,7409.11,-219.10999999999967,0.029573052633852015,91,0.1222319613626985
IM2609,7253.8,7305.0,6910.0,42044,5985113.68,98423,3611.0,6970.0,6950.0,7396.0,2026-03-23,202603.zip,20260323_1.csv,IM,2026-09-18,7409.11,-439.1099999999997,0.059266227657572834,179,0.12846368715083786
IM2604,7466.8,7564.2,7324.0,69285,10304272.856,92698,1532.0,7552.6,7518.6,7343.4,2026-03-24,202603.zip,20260324_1.csv,IM,2026-04-17,7600.86,-48.25999999999931,0.006349281528668982,24,0.09717900678794951
IM2605,7413.0,7496.8,7258.0,6217,915891.828,5389,-57.0,7472.6,7452.8,7270.4,2026-03-24,202603.zip,20260324_1.csv,IM,2026-05-15,7600.86,-128.2599999999993,0.016874406317179846,52,0.12047835271010558
IM2606,7286.0,7402.0,7153.8,182407,26494449.136,208156,-5737.0,7387.2,7350.2,7166.0,2026-03-24,202603.zip,20260324_1.csv,IM,2026-06-22,7600.86,-213.65999999999985,0.028109977028915156,90,0.11729884123889926
IM2609,7065.0,7185.0,6945.4,34578,4876617.492,96781,-1642.0,7173.6,7135.8,6950.0,2026-03-24,202603.zip,20260324_1.csv,IM,2026-09-18,7600.86,-427.2599999999993,0.05621206021423886,178,0.12213157043992724
IM2604,7618.6,7750.0,7610.0,53772,8265594.68,80570,-12128.0,7650.0,7666.0,7518.6,2026-03-25,202603.zip,20260325_1.csv,IM,2026-04-17,7751.18,-101.18000000000029,0.013053496370875162,23,0.20989315146348328
IM2605,7541.6,7685.0,7541.6,3825,582669.352,5567,178.0,7586.2,7599.8,7452.8,2026-03-25,202603.zip,20260325_1.csv,IM,2026-05-15,7751.18,-164.98000000000047,0.021284501198527206,51,0.1556430381068628
IM2606,7454.8,7589.0,7446.6,139630,20994199.792,194128,-14028.0,7477.4,7490.0,7350.2,2026-03-25,202603.zip,20260325_1.csv,IM,2026-06-22,7751.18,-273.78000000000065,0.035321073694585925,89,0.15015989755497003
IM2609,7250.0,7371.0,7235.0,26625,3888003.244,95343,-1438.0,7253.0,7270.4,7135.8,2026-03-25,202603.zip,20260325_1.csv,IM,2026-09-18,7751.18,-498.1800000000003,0.06427150446770691,177,0.1416407471367781
IM2604,7653.2,7709.0,7544.0,46642,7107895.104,81044,474.0,7558.2,7562.6,7666.0,2026-03-26,202603.zip,20260326_1.csv,IM,2026-04-17,7639.38,-81.18000000000029,0.010626516811573783,22,0.17819718980709884
IM2605,7581.8,7643.4,7474.4,4754,717072.572,7110,1543.0,7482.8,7494.4,7599.8,2026-03-26,202603.zip,20260326_1.csv,IM,2026-05-15,7639.38,-156.57999999999993,0.02049642772057414,50,0.15275485112524692
IM2606,7463.8,7534.0,7363.6,121731,18117272.664,197017,2889.0,7375.6,7385.4,7490.0,2026-03-26,202603.zip,20260326_1.csv,IM,2026-06-22,7639.38,-263.77999999999975,0.034528980100479334,88,0.1483387792179619
IM2609,7250.0,7313.0,7142.2,23920,3453083.776,96361,1018.0,7152.6,7161.2,7270.4,2026-03-26,202603.zip,20260326_1.csv,IM,2026-09-18,7639.38,-486.77999999999975,0.06371983066688658,176,0.14113963326749565
IM2604,7485.4,7738.4,7473.0,52846,8065908.18,80197,-847.0,7698.2,7678.8,7562.6,2026-03-27,202603.zip,20260327_1.csv,IM,2026-04-17,7746.31,-48.11000000000058,0.006210699029602584,21,0.10862248565218202
IM2605,7396.6,7672.6,7396.6,4998,757341.156,7118,8.0,7632.8,7609.8,7494.4,2026-03-27,202603.zip,20260327_1.csv,IM,2026-05-15,7746.31,-113.51000000000022,0.014653428535651214,49,0.11077634334312374
IM2606,7301.0,7562.4,7301.0,142109,21193172.632,198341,1324.0,7523.8,7502.0,7385.4,2026-03-27,202603.zip,20260327_1.csv,IM,2026-06-22,7746.31,-222.51000000000022,0.028724644379065634,87,0.12407546260097821
IM2609,7090.0,7340.0,7080.0,26042,3769467.704,97433,1072.0,7301.2,7279.8,7161.2,2026-03-27,202603.zip,20260327_1.csv,IM,2026-09-18,7746.31,-445.1100000000006,0.05746090719323138,175,0.12715338378818364
IM2604,7601.2,7713.6,7513.6,55003,8386565.624,80186,-11.0,7695.8,7692.0,7678.8,2026-03-30,202603.zip,20260330_1.csv,IM,2026-04-17,7767.93,-72.13000000000011,0.009285614056769309,18,0.1900564088348353
IM2605,7491.8,7638.4,7440.0,5963,901547.576,8654,1536.0,7623.8,7621.0,7609.8,2026-03-30,202603.zip,20260330_1.csv,IM,2026-05-15,7767.93,-144.1300000000001,0.018554492638321984,46,0.1500092102876917
IM2606,7445.0,7528.0,7323.0,146546,21807001.76,199034,693.0,7509.4,7506.0,7502.0,2026-03-30,202603.zip,20260330_1.csv,IM,2026-06-22,7767.93,-258.53000000000065,0.03328171082901121,84,0.1495957606149499
IM2609,7217.8,7306.0,7109.0,29413,4246560.608,98948,1515.0,7282.6,7284.0,7279.8,2026-03-30,202603.zip,20260330_1.csv,IM,2026-09-18,7767.93,-485.3299999999999,0.06247867836090182,172,0.14142138892383815
IM2604,7689.6,7732.4,7559.0,51526,7866804.86,81628,1442.0,7573.6,7573.8,7692.0,2026-03-31,202603.zip,20260331_1.csv,IM,2026-04-17,7619.85,-46.25,0.00606967328753194,17,0.13111528280901355
IM2605,7621.0,7665.0,7486.2,6378,964984.932,9994,1340.0,7498.0,7504.2,7621.0,2026-03-31,202603.zip,20260331_1.csv,IM,2026-05-15,7619.85,-121.85000000000036,0.01599112843428685,45,0.13181366883020626
IM2606,7509.0,7550.0,7364.0,146234,21779761.86,201094,2060.0,7379.4,7381.6,7506.0,2026-03-31,202603.zip,20260331_1.csv,IM,2026-06-22,7619.85,-240.45000000000073,0.031555739286206475,83,0.14329086408239677
IM2609,7288.8,7337.0,7145.6,29335,4239804.92,100778,1830.0,7160.0,7163.8,7284.0,2026-03-31,202603.zip,20260331_1.csv,IM,2026-09-18,7619.85,-459.85000000000036,0.06034895700046594,171,0.13708815217746426
IM2604,7693.0,7750.0,7642.2,46970,7226143.284,79070,-2558.0,7706.8,7700.2,7573.8,2026-04-01,202604.zip,20260401_1.csv,IM,2026-04-17,7764.15,-57.349999999999454,0.007386513655712412,16,0.16975876823065084
IM2605,7645.0,7685.0,7575.0,6156,938754.012,10915,921.0,7642.0,7628.8,7504.2,2026-04-01,202604.zip,20260401_1.csv,IM,2026-05-15,7764.15,-122.14999999999964,0.015732565702620382,44,0.13259484071280692
IM2606,7530.0,7567.6,7456.6,133854,20095200.384,196543,-4551.0,7518.6,7514.4,7381.6,2026-04-01,202604.zip,20260401_1.csv,IM,2026-06-22,7764.15,-245.54999999999927,0.031626127779602276,82,0.14537240326916043
IM2609,7280.0,7343.8,7237.4,27891,4065056.06,100272,-506.0,7302.0,7296.8,7163.8,2026-04-01,202604.zip,20260401_1.csv,IM,2026-09-18,7764.15,-462.14999999999964,0.05952357952898901,170,0.1358892406592876
IM2604,7660.0,7706.0,7514.8,48948,7443558.736,79163,93.0,7574.6,7550.2,7700.2,2026-04-02,202604.zip,20260402_1.csv,IM,2026-04-17,7623.42,-48.81999999999971,0.0064039499332320116,15,0.15683380420528423
IM2605,7589.0,7630.0,7438.0,7160,1077782.46,12602,1687.0,7496.6,7471.6,7628.8,2026-04-02,202604.zip,20260402_1.csv,IM,2026-05-15,7623.42,-126.81999999999971,0.016635578257527373,43,0.14359781085254683
IM2606,7460.0,7510.0,7311.2,133318,19738831.12,204065,7522.0,7371.6,7345.6,7514.4,2026-04-02,202604.zip,20260402_1.csv,IM,2026-06-22,7623.42,-251.8199999999997,0.03303241852082128,81,0.15393461995285224
IM2609,7277.0,7289.0,7095.6,26693,3834623.004,101892,1620.0,7154.4,7127.2,7296.8,2026-04-02,202604.zip,20260402_1.csv,IM,2026-09-18,7623.42,-469.02000000000044,0.06152356816232085,169,0.14158730142976528
IM2604,7602.0,7618.0,7479.0,43068,6491392.408,79295,132.0,7507.6,7515.2,7550.2,2026-04-03,202604.zip,20260403_1.csv,IM,2026-04-17,7536.6,-29.0,0.0038478889685004125,14,0.10070747356963973
IM2605,7559.0,7559.0,7406.4,5925,884018.66,13496,894.0,7432.0,7444.6,7471.6,2026-04-03,202604.zip,20260403_1.csv,IM,2026-05-15,7536.6,-104.60000000000036,0.013878937451901385,42,0.12231213798759677
IM2606,7411.2,7418.0,7280.2,131935,19365537.312,200101,-3964.0,7309.4,7324.2,7345.6,2026-04-03,202604.zip,20260403_1.csv,IM,2026-06-22,7536.6,-227.20000000000073,0.03014621978080312,80,0.14181738583194264
IM2609,7178.2,7195.0,7065.6,23076,3285983.416,102550,658.0,7091.2,7107.4,7127.2,2026-04-03,202604.zip,20260403_1.csv,IM,2026-09-18,7536.6,-445.40000000000055,0.05909826712310595,168,0.1364627318097819
IM2604,7530.0,7620.0,7523.0,44751,6777631.304,77414,-1881.0,7566.4,7564.8,7515.2,2026-04-07,202604.zip,20260407_1.csv,IM,2026-04-17,7606.02,-39.6200000000008,0.005209031793237617,10,0.19112523789385383
IM2605,7472.0,7557.4,7450.0,6142,921222.416,14361,865.0,7493.0,7494.8,7444.6,2026-04-07,202604.zip,20260407_1.csv,IM,2026-05-15,7606.02,-113.02000000000044,0.014859282515691574,38,0.14488013373885933
IM2606,7344.2,7437.8,7332.8,113811,16808297.188,193891,-6210.0,7376.6,7379.2,7324.2,2026-04-07,202604.zip,20260407_1.csv,IM,2026-06-22,7606.02,-229.42000000000007,0.030162949873915657,76,0.14936688133314904
IM2609,7130.0,7216.0,7113.0,20031,2869758.18,100685,-1865.0,7156.0,7158.4,7107.4,2026-04-07,202604.zip,20260407_1.csv,IM,2026-09-18,7606.02,-450.02000000000044,0.05916629196347112,164,0.13996211604793532
IM2604,7709.6,7950.2,7709.6,61799,9701680.56,75412,-2002.0,7947.4,7932.8,7564.8,2026-04-08,202604.zip,20260408_1.csv,IM,2026-04-17,7955.77,-8.3700000000008,0.0010520666132882717,9,0.042712081938749424
IM2605,7720.0,7888.6,7673.4,10659,1660154.652,16854,2493.0,7884.6,7867.0,7494.8,2026-04-08,202604.zip,20260408_1.csv,IM,2026-05-15,7955.77,-71.17000000000007,0.008945708586346801,37,0.08904477493245555
IM2606,7560.0,7782.0,7560.0,142337,21861594.876,202176,8285.0,7778.0,7762.6,7379.2,2026-04-08,202604.zip,20260408_1.csv,IM,2026-06-22,7955.77,-177.77000000000044,0.022344788750806033,75,0.11123005056998425
IM2609,7320.0,7565.0,7320.0,30668,4574350.704,102811,2126.0,7565.0,7545.2,7158.4,2026-04-08,202604.zip,20260408_1.csv,IM,2026-09-18,7955.77,-390.77000000000044,0.04911781009254923,163,0.1156691495789051
IM2604,7875.0,7937.8,7857.0,41299,6524335.472,65468,-9944.0,7901.0,7896.4,7932.8,2026-04-09,202604.zip,20260409_1.csv,IM,2026-04-17,7921.45,-20.449999999999818,0.0025815980660106597,8,0.11809027338311143
IM2605,7848.2,7872.0,7795.8,8130,1272652.788,18139,1285.0,7826.6,7822.8,7867.0,2026-04-09,202604.zip,20260409_1.csv,IM,2026-05-15,7921.45,-94.84999999999945,0.011973817924748609,36,0.12287246200279947
IM2606,7710.0,7757.6,7680.2,102250,15781325.772,191098,-11078.0,7709.4,7711.4,7762.6,2026-04-09,202604.zip,20260409_1.csv,IM,2026-06-22,7921.45,-212.05000000000018,0.026769088992545598,74,0.13566844336748618
IM2609,7491.0,7534.6,7456.8,22442,3364577.028,100965,-1846.0,7491.0,7491.8,7545.2,2026-04-09,202604.zip,20260409_1.csv,IM,2026-09-18,7921.45,-430.4499999999998,0.05433979890045382,162,0.12946750091879786
IM2604,7970.0,8051.8,7950.0,37485,5998962.716,64011,-1457.0,7975.0,7990.8,7896.4,2026-04-10,202604.zip,20260410_1.csv,IM,2026-04-17,7998.23,-23.229999999999563,0.0029043925968620377,7,0.15188446036721617
IM2605,7910.6,7984.4,7877.2,10693,1696952.448,21172,3033.0,7904.2,7919.4,7822.8,2026-04-10,202604.zip,20260410_1.csv,IM,2026-05-15,7998.23,-94.02999999999975,0.011756351092679251,35,0.12406044526056641
IM2606,7775.0,7869.6,7761.0,116023,18138163.796,197340,6242.0,7785.8,7803.0,7711.4,2026-04-10,202604.zip,20260410_1.csv,IM,2026-06-22,7998.23,-212.42999999999938,0.02655962631732267,73,0.13642143389247074
IM2609,7550.0,7647.6,7544.8,24566,3732567.412,103640,2675.0,7566.2,7583.0,7491.8,2026-04-10,202604.zip,20260410_1.csv,IM,2026-09-18,7998.23,-432.02999999999975,0.05401570097384045,161,0.12945030456635243
IM2604,7923.0,8015.8,7923.0,37517,5992685.028,57504,-6507.0,7992.2,7994.2,7990.8,2026-04-13,202604.zip,20260413_1.csv,IM,2026-04-17,8025.57,-33.36999999999989,0.004157960119966497,4,0.3809980355846987
IM2605,7867.8,7942.4,7867.8,11525,1824507.436,24957,3785.0,7916.0,7920.2,7919.4,2026-04-13,202604.zip,20260413_1.csv,IM,2026-05-15,8025.57,-109.56999999999971,0.013652612836222211,32,0.1578805978398185
IM2606,7758.0,7829.8,7751.0,96412,15035308.732,188693,-8647.0,7795.6,7800.8,7803.0,2026-04-13,202604.zip,20260413_1.csv,IM,2026-06-22,8025.57,-229.96999999999935,0.02865466253487281,70,0.1538212947963314
IM2609,7545.0,7606.0,7530.4,17593,2665546.468,102006,-1634.0,7572.6,7577.6,7583.0,2026-04-13,202604.zip,20260413_1.csv,IM,2026-09-18,8025.57,-452.96999999999935,0.056440850930214226,158,0.13818477642747287
IM2604,8064.0,8120.2,8032.0,40361,6516260.728,53684,-3820.0,8113.2,8093.2,7994.2,2026-04-14,202604.zip,20260414_1.csv,IM,2026-04-17,8144.76,-31.5600000000004,0.0038748839744817687,3,0.47327811467731645
IM2605,8016.2,8041.4,7948.4,15646,2501389.944,31019,6062.0,8037.0,8007.4,7920.2,2026-04-14,202604.zip,20260414_1.csv,IM,2026-05-15,8144.76,-107.76000000000022,0.013230592429979593,31,0.15786824645691055
IM2606,7872.0,7918.0,7821.8,119386,18791135.588,198017,9324.0,7913.0,7883.2,7800.8,2026-04-14,202604.zip,20260414_1.csv,IM,2026-06-22,8144.76,-231.76000000000022,0.02845510487724623,69,0.15493198680578893
IM2609,7650.0,7692.0,7600.0,22570,3452329.576,104787,2781.0,7688.6,7659.4,7577.6,2026-04-14,202604.zip,20260414_1.csv,IM,2026-09-18,8144.76,-456.15999999999985,0.056006561273751476,157,0.13793140013231597
IM2604,8184.8,8184.8,8086.6,42273,6879549.74,40671,-13013.0,8097.0,8102.0,8093.2,2026-04-15,202604.zip,20260415_1.csv,IM,2026-04-17,8106.16,-9.159999999999854,0.0011300048358285908,2,0.20645918241325556
IM2605,8080.0,8107.4,8016.2,23732,3825453.304,41143,10124.0,8019.2,8028.0,8007.4,2026-04-15,202604.zip,20260415_1.csv,IM,2026-05-15,8106.16,-86.96000000000004,0.010727644161970695,30,0.13193502261239728
IM2606,7960.0,7982.0,7895.2,106521,16912331.464,190136,-7881.0,7904.6,7908.4,7883.2,2026-04-15,202604.zip,20260415_1.csv,IM,2026-06-22,8106.16,-201.5599999999995,0.024865040907161906,68,0.1368700429087458
IM2609,7729.6,7756.2,7676.4,23653,3649743.892,103205,-1582.0,7687.0,7687.8,7659.4,2026-04-15,202604.zip,20260415_1.csv,IM,2026-09-18,8106.16,-419.15999999999985,0.05170882390675735,156,0.12758253194704336
IM2604,8121.4,8243.4,8105.0,34839,5702878.804,25372,-15299.0,8228.0,8228.0,8102.0,2026-04-16,202604.zip,20260416_1.csv,IM,2026-04-17,8232.98,-4.979999999999563,0.0006048842581908298,1,0.22091638308212702
IM2605,8045.2,8179.8,8036.6,31300,5084221.272,52041,10898.0,8172.6,8164.4,8028.0,2026-04-16,202604.zip,20260416_1.csv,IM,2026-05-15,8232.98,-60.3799999999992,0.007333917973807669,29,0.09298817664069894
IM2606,7941.6,8072.2,7923.6,114952,18412078.248,201376,11240.0,8052.2,8053.8,7908.4,2026-04-16,202604.zip,20260416_1.csv,IM,2026-06-22,8232.98,-180.77999999999975,0.02195802734854202,67,0.12230772567207934
IM2609,7710.0,7848.0,7706.6,27443,4274275.068,106588,3383.0,7828.4,7830.6,7687.8,2026-04-16,202604.zip,20260416_1.csv,IM,2026-09-18,8232.98,-404.5799999999999,0.04914138015639535,155,0.1217005576058059
IM2604,8215.8,8315.0,8198.2,19119,3159696.644,0,-25372.0,8299.8,8300.22,8228.0,2026-04-17,202604.zip,20260417_1.csv,IM,2026-04-17,8307.44,-7.640000000001237,0.000919657559970477,0,
IM2605,8160.0,8278.8,8134.8,39242,6443112.088,64226,12185.0,8251.0,8244.0,8164.4,2026-04-17,202604.zip,20260417_1.csv,IM,2026-05-15,8307.44,-56.44000000000051,0.006793910037267814,28,0.0891692781827317
IM2606,8030.2,8165.8,8020.0,116651,18880383.504,199118,-2258.0,8132.0,8130.6,8053.8,2026-04-17,202604.zip,20260417_1.csv,IM,2026-06-22,8307.44,-175.4400000000005,0.021118419151989087,66,0.11931091535125016
IM2609,7817.2,7941.0,7796.0,28076,4418024.164,107689,1101.0,7907.0,7907.6,7830.6,2026-04-17,202604.zip,20260417_1.csv,IM,2026-09-18,8307.44,-400.4400000000005,0.04820257504116798,154,0.12003222526809218
IM2605,8251.0,8329.0,8221.0,35325,5853690.972,60986,-3240.0,8277.0,8283.4,8244.0,2026-04-20,202604.zip,20260420_1.csv,IM,2026-05-15,8357.81,-80.80999999999949,0.00966880079829524,25,0.1425427087108832
IM2606,8130.0,8223.8,8102.6,101568,16610298.252,197522,-1596.0,8159.2,8171.2,8130.6,2026-04-20,202604.zip,20260420_1.csv,IM,2026-06-22,8357.81,-198.60999999999967,0.0237634021352483,63,0.14102816258052073
IM2609,7924.0,8007.0,7881.0,29621,4715065.588,108816,1127.0,7941.4,7954.2,7907.6,2026-04-20,202604.zip,20260420_1.csv,IM,2026-09-18,8357.81,-416.40999999999985,0.049822860294742255,151,0.1267476733963699
IM2612,7774.8,7821.0,7710.6,8683,1349075.072,8333,8333.0,7746.2,7754.8,7907.6,2026-04-20,202604.zip,20260420_1.csv,IM,2026-12-18,8357.81,-611.6099999999997,0.07317826081234191,242,0.11908673002235583
IM2605,8260.0,8297.6,8205.0,30651,5060174.268,62691,1705.0,8280.2,8277.8,8283.4,2026-04-21,202604.zip,20260421_1.csv,IM,2026-05-15,8351.16,-70.95999999999913,0.008497023168038798,24,0.13033300322858524
IM2606,8140.0,8185.8,8092.0,98498,16037470.964,193709,-3813.0,8170.0,8164.0,8171.2,2026-04-21,202604.zip,20260421_1.csv,IM,2026-06-22,8351.16,-181.15999999999985,0.021692794773420676,62,0.13053934536265663
IM2609,7933.2,7967.6,7883.2,23994,3803470.236,106406,-2410.0,7950.0,7948.6,7954.2,2026-04-21,202604.zip,20260421_1.csv,IM,2026-09-18,8351.16,-401.15999999999985,0.04803644044659661,150,0.12278691823899386
IM2612,7740.0,7775.0,7708.0,12308,1904523.696,13134,4801.0,7756.0,7751.6,7754.8,2026-04-21,202604.zip,20260421_1.csv,IM,2026-12-18,8351.16,-595.1599999999999,0.07126674617657902,241,0.11621756091924001
IM2605,8260.0,8438.8,8252.0,34283,5734208.016,63242,551.0,8438.8,8414.8,8277.8,2026-04-22,202604.zip,20260422_1.csv,IM,2026-05-15,8481.24,-42.44000000000051,0.005003985266305411,23,0.07981044080036337
IM2606,8141.0,8326.4,8141.0,115334,19024982.052,202394,8685.0,8322.8,8301.6,8164.0,2026-04-22,202604.zip,20260422_1.csv,IM,2026-06-22,8481.24,-158.4400000000005,0.018681230574774554,61,0.11390909585125518
IM2609,7925.6,8104.4,7924.4,27275,4381523.796,106860,454.0,8099.0,8082.2,7948.6,2026-04-22,202604.zip,20260422_1.csv,IM,2026-09-18,8481.24,-382.2399999999998,0.04506888143714827,149,0.11561424022022784
IM2612,7754.0,7904.8,7740.0,10921,1712761.276,16849,3715.0,7900.0,7881.6,7751.6,2026-04-22,202604.zip,20260422_1.csv,IM,2026-12-18,8481.24,-581.2399999999998,0.06853243157840128,240,0.11189483122362878
IM2605,8445.4,8449.6,8261.0,46344,7722671.824,67998,4756.0,8331.8,8321.0,8414.8,2026-04-23,202604.zip,20260423_1.csv,IM,2026-05-15,8362.74,-30.94000000000051,0.0036997443421654674,22,0.06161006352441762
IM2606,8330.0,8337.0,8144.8,150090,24671504.392,209404,7010.0,8219.2,8206.0,8301.6,2026-04-23,202604.zip,20260423_1.csv,IM,2026-06-22,8362.74,-143.53999999999905,0.01716423086213359,60,0.10623925280643581
IM2609,8112.0,8117.0,7932.0,36155,5786304.728,108505,1645.0,8001.2,7990.2,8082.2,2026-04-23,202604.zip,20260423_1.csv,IM,2026-09-18,8362.74,-361.53999999999996,0.04323224206420384,148,0.11143776068724816
IM2612,7915.8,7920.0,7740.2,13290,2074357.004,19145,2296.0,7809.0,7797.6,7881.6,2026-04-23,202604.zip,20260423_1.csv,IM,2026-12-18,8362.74,-553.7399999999998,0.06621514001391882,239,0.10829425976142734
IM2605,8303.0,8335.0,8225.0,45578,7540608.368,67180,-818.0,8268.0,8297.8,8321.0,2026-04-24,202604.zip,20260424_1.csv,IM,2026-05-15,8304.14,-36.13999999999942,0.004352046087854888,21,0.07597334531296804
IM2606,8208.0,8232.0,8115.6,143941,23506000.788,209086,-318.0,8163.0,8194.8,8206.0,2026-04-24,202604.zip,20260424_1.csv,IM,2026-06-22,8304.14,-141.13999999999942,0.01699634158383645,59,0.10696487042608445
IM2609,7980.2,8019.0,7904.2,31375,4991407.928,106287,-2218.0,7957.8,7984.8,7990.2,2026-04-24,202604.zip,20260424_1.csv,IM,2026-09-18,8304.14,-346.33999999999924,0.04170690763884033,147,0.10806502600537546
IM2612,7784.8,7828.0,7717.0,14302,2221270.648,23016,3871.0,7761.6,7792.0,7797.6,2026-04-24,202604.zip,20260424_1.csv,IM,2026-12-18,8304.14,-542.539999999999,0.06533367693704573,238,0.10720040180574379
IM2605,8280.0,8339.6,8229.0,32186,5339778.648,62676,-4504.0,8301.8,8304.6,8297.8,2026-04-27,202604.zip,20260427_1.csv,IM,2026-05-15,8338.73,-36.93000000000029,0.004428731953187159,18,0.09020433319681849
IM2606,8181.4,8239.0,8126.8,104876,17189462.936,201381,-7705.0,8199.2,8201.6,8194.8,2026-04-27,202604.zip,20260427_1.csv,IM,2026-06-22,8338.73,-139.52999999999884,0.016732763862122746,56,0.1109177245515233
IM2609,7965.6,8028.0,7925.2,24531,3918698.072,105369,-918.0,7988.0,7994.0,7984.8,2026-04-27,202604.zip,20260427_1.csv,IM,2026-09-18,8338.73,-350.72999999999956,0.04206036170975669,144,0.11129232911867788
IM2612,7765.2,7834.8,7743.2,9750,1519152.12,23802,786.0,7792.0,7799.6,7792.0,2026-04-27,202604.zip,20260427_1.csv,IM,2026-12-18,8338.73,-546.7299999999996,0.06556514001532598,235,0.10898054196338844
IM2605,8278.8,8297.2,8161.2,35145,5780433.512,64632,1956.0,8203.0,8194.4,8304.6,2026-04-28,202604.zip,20260428_1.csv,IM,2026-05-15,8226.69,-23.69000000000051,0.0028796514758669955,17,0.06200636782812633
IM2606,8170.0,8195.0,8056.0,125973,20459202.16,208766,7385.0,8103.6,8090.0,8201.6,2026-04-28,202604.zip,20260428_1.csv,IM,2026-06-22,8226.69,-123.09000000000015,0.014962275228554867,55,0.10080334666074316
IM2609,7977.2,7989.8,7856.0,28722,4547679.616,106317,948.0,7902.6,7887.0,7994.0,2026-04-28,202604.zip,20260428_1.csv,IM,2026-09-18,8226.69,-324.09000000000015,0.03939494499002638,143,0.1046772868768163
IM2612,7780.0,7797.2,7669.2,12939,2000529.944,27950,4148.0,7714.6,7699.4,7799.6,2026-04-28,202604.zip,20260428_1.csv,IM,2026-12-18,8226.69,-512.0900000000001,0.06224739232911414,234,0.10354041210793359
IM2605,8160.4,8356.2,8160.4,44140,7311854.244,66060,1428.0,8332.4,8340.0,8194.4,2026-04-29,202604.zip,20260429_1.csv,IM,2026-05-15,8343.07,-10.670000000000073,0.0012789057265490955,16,0.029212396788440495
IM2606,8085.2,8271.0,8070.0,122459,20073024.672,205283,-3483.0,8246.0,8254.8,8090.0,2026-04-29,202604.zip,20260429_1.csv,IM,2026-06-22,8343.07,-97.06999999999971,0.011634805892794864,54,0.07956843273057225
IM2609,7894.0,8072.0,7872.0,30977,4956513.804,106456,139.0,8048.6,8057.8,7887.0,2026-04-29,202604.zip,20260429_1.csv,IM,2026-09-18,8343.07,-294.46999999999935,0.03529516113373132,142,0.0940427309027233
IM2612,7679.8,7880.0,7679.8,13296,2077637.772,28124,174.0,7855.4,7867.2,7699.4,2026-04-29,202604.zip,20260429_1.csv,IM,2026-12-18,8343.07,-487.6700000000001,0.05845210456103089,233,0.0972511350820588
IM2605,8346.0,8380.2,8304.2,32860,5481190.764,61331,-4729.0,8369.4,8362.0,8340.0,2026-04-30,202604.zip,20260430_1.csv,IM,2026-05-15,8381.95,-12.550000000001091,0.0014972649562453588,15,0.036488079591533294
IM2606,8255.4,8292.0,8211.8,100591,16597978.456,201984,-3299.0,8279.2,8273.8,8254.8,2026-04-30,202604.zip,20260430_1.csv,IM,2026-06-22,8381.95,-102.75,0.012258484004318837,53,0.08546935990534188
IM2609,8060.0,8097.0,8018.0,25189,4058032.944,105777,-679.0,8078.6,8078.2,8057.8,2026-04-30,202604.zip,20260430_1.csv,IM,2026-09-18,8381.95,-303.35000000000036,0.03619086250812764,141,0.09720344248959646
IM2612,7864.2,7912.4,7832.2,10095,1588548.504,30755,2631.0,7896.0,7893.0,7867.2,2026-04-30,202604.zip,20260430_1.csv,IM,2026-12-18,8381.95,-485.9500000000007,0.057975769361544804,232,0.09682540592355801
IM2605,8472.0,8616.8,8472.0,48185,8246300.116,67902,6571.0,8543.6,8555.4,8362.0,2026-05-06,202605.zip,20260506_1.csv,IM,2026-05-15,8574.56,-30.959999999999127,0.0036106808979118332,9,0.14696380916709514
IM2606,8398.0,8553.0,8381.0,125707,21345232.316,209410,7426.0,8461.6,8480.4,8273.8,2026-05-06,202605.zip,20260506_1.csv,IM,2026-06-22,8574.56,-112.95999999999913,0.013173853818738146,47,0.10367336593451397
IM2609,8171.8,8358.8,8171.8,34083,5659773.244,109249,3472.0,8268.2,8287.6,8078.2,2026-05-06,202605.zip,20260506_1.csv,IM,2026-09-18,8574.56,-306.35999999999876,0.035728947024686875,135,0.10017980535868305
IM2612,7975.0,8175.0,7975.0,11931,1938950.344,33689,2934.0,8082.2,8104.8,7893.0,2026-05-06,202605.zip,20260506_1.csv,IM,2026-12-18,8574.56,-492.3599999999997,0.05742102218656109,226,0.09838697209184467
IM2605,8583.4,8716.0,8568.4,32246,5574973.54,58874,-9028.0,8706.0,8702.4,8555.4,2026-05-07,202605.zip,20260507_1.csv,IM,2026-05-15,8714.51,-8.510000000000218,0.0009765322433504808,8,0.044597834826557714
IM2606,8499.8,8639.6,8491.0,105701,18107247.668,203897,-5513.0,8627.6,8624.6,8480.4,2026-05-07,202605.zip,20260507_1.csv,IM,2026-06-22,8714.51,-86.90999999999985,0.009973022005827059,46,0.07993091433558933
IM2609,8310.0,8443.0,8300.0,27524,4608369.208,107954,-1295.0,8429.0,8429.2,8287.6,2026-05-07,202605.zip,20260507_1.csv,IM,2026-09-18,8714.51,-285.5100000000002,0.03276259938883541,134,0.09226422461190298
IM2612,8124.0,8259.8,8118.2,9666,1583013.516,35375,1686.0,8249.6,8246.8,8104.8,2026-05-07,202605.zip,20260507_1.csv,IM,2026-12-18,8714.51,-464.90999999999985,0.053348954789196434,225,0.09142107900181029
IM2605,8665.0,8749.2,8648.2,33166,5774178.732,58159,-715.0,8721.4,8723.8,8702.4,2026-05-08,202605.zip,20260508_1.csv,IM,2026-05-15,8741.15,-19.75,0.0022594281072856326,7,0.11807982990935122
IM2606,8590.0,8670.0,8568.2,104560,18035134.328,202338,-1559.0,8642.2,8645.4,8624.6,2026-05-08,202605.zip,20260508_1.csv,IM,2026-06-22,8741.15,-98.94999999999891,0.011320020821058874,45,0.09286922825720653
IM2609,8391.6,8465.6,8373.0,25877,4360949.436,109185,1231.0,8440.2,8444.4,8429.2,2026-05-08,202605.zip,20260508_1.csv,IM,2026-09-18,8741.15,-300.9499999999989,0.03442910829810708,133,0.09785495764719208
IM2612,8213.0,8282.8,8192.8,9839,1622946.264,36395,1020.0,8260.0,8261.4,8246.8,2026-05-08,202605.zip,20260508_1.csv,IM,2026-12-18,8741.15,-481.14999999999964,0.0550442447504047,224,0.09491728100138364
IM2605,8807.4,8888.0,8740.8,42422,7478428.908,52779,-5380.0,8820.2,8837.8,8723.8,2026-05-11,202605.zip,20260511_1.csv,IM,2026-05-15,8866.78,-46.57999999999993,0.00525331631099446,4,0.48189666900978007
IM2606,8720.0,8794.8,8655.8,132269,23086675.188,213675,11337.0,8723.0,8745.6,8645.4,2026-05-11,202605.zip,20260511_1.csv,IM,2026-06-22,8866.78,-143.78000000000065,0.016215582206844048,42,0.14324391455539076
IM2609,8505.0,8583.0,8457.0,37289,6353778.816,114718,5533.0,8514.6,8533.0,8444.4,2026-05-11,202605.zip,20260511_1.csv,IM,2026-09-18,8866.78,-352.1800000000003,0.039719041185187876,130,0.11613147733576205
IM2612,8322.0,8395.0,8273.0,14935,2489441.836,37786,1391.0,8324.4,8345.6,8261.4,2026-05-11,202605.zip,20260511_1.csv,IM,2026-12-18,8866.78,-542.380000000001,0.06116989482089341,221,0.10760967431294513
IM2605,8839.0,8839.0,8740.0,34602,6083353.568,45964,-6815.0,8798.2,8797.2,8837.8,2026-05-12,202605.zip,20260512_1.csv,IM,2026-05-15,8821.89,-23.68999999999869,0.0026853656075963572,3,0.32759920589816915
IM2606,8730.0,8739.2,8644.2,118147,20540525.908,202384,-11291.0,8701.8,8700.8,8745.6,2026-05-12,202605.zip,20260512_1.csv,IM,2026-06-22,8821.89,-120.09000000000015,0.013612729245093713,41,0.1228589375116664
IM2609,8540.0,8540.0,8436.2,29017,4923215.324,111744,-2974.0,8492.0,8489.4,8533.0,2026-05-12,202605.zip,20260512_1.csv,IM,2026-09-18,8821.89,-329.8899999999994,0.03739448122794542,129,0.10991635538418257
IM2612,8346.8,8346.8,8252.0,13082,2170050.572,38952,1166.0,8298.2,8299.4,8345.6,2026-05-12,202605.zip,20260512_1.csv,IM,2026-12-18,8821.89,-523.6899999999987,0.05936256289751951,220,0.10470334749485613
IM2605,8770.0,8967.8,8755.2,36691,6508792.132,39533,-6431.0,8961.0,8949.6,8797.2,2026-05-13,202605.zip,20260513_1.csv,IM,2026-05-15,8955.45,5.549999999999272,-0.0006197343517075904,2,-0.11303146970203543
IM2606,8673.6,8877.4,8666.0,140651,24696619.036,222170,19786.0,8870.6,8856.8,8700.8,2026-05-13,202605.zip,20260513_1.csv,IM,2026-06-22,8955.45,-84.85000000000036,0.009474677431061562,40,0.08728341374878898
IM2609,8460.4,8670.8,8458.6,36128,6192854.428,117252,5508.0,8664.6,8649.4,8489.4,2026-05-13,202605.zip,20260513_1.csv,IM,2026-09-18,8955.45,-290.85000000000036,0.03247742994489389,128,0.09572016632331597
IM2612,8289.6,8482.4,8275.4,13964,2341707.264,40928,1976.0,8473.2,8463.4,8299.4,2026-05-13,202605.zip,20260513_1.csv,IM,2026-12-18,8955.45,-482.25,0.05384989029027021,219,0.09485790492375967
IM2605,8999.6,8999.6,8783.4,42004,7450900.556,31055,-8478.0,8786.0,8844.4,8949.6,2026-05-14,202605.zip,20260514_1.csv,IM,2026-05-15,8778.71,7.290000000000873,-0.0008304181366056707,1,-0.3028511267926498
IM2606,8891.4,8908.8,8685.2,183972,32253668.78,227104,4934.0,8689.8,8743.8,8856.8,2026-05-14,202605.zip,20260514_1.csv,IM,2026-06-22,8778.71,-88.90999999999985,0.01012791173190597,39,0.09575668142608762
IM2609,8701.2,8703.6,8480.4,49587,8489546.424,121613,4361.0,8485.2,8533.6,8649.4,2026-05-14,202605.zip,20260514_1.csv,IM,2026-09-18,8778.71,-293.5099999999984,0.03343429729424918,127,0.09941455265694617
IM2612,8506.0,8513.8,8299.4,20262,3392123.676,45866,4938.0,8301.0,8348.2,8463.4,2026-05-14,202605.zip,20260514_1.csv,IM,2026-12-18,8778.71,-477.7099999999991,0.054416879017532116,218,0.09635412004080397
IM2605,8817.8,8845.4,8660.0,25696,4497160.284,0,-31055.0,8698.4,8698.85,8844.4,2026-05-15,202605.zip,20260515_1.csv,IM,2026-05-15,8682.65,15.75,-0.0018139623271697936,0,
IM2606,8710.0,8758.2,8505.6,225763,38998104.276,244556,17452.0,8582.6,8563.2,8743.8,2026-05-15,202605.zip,20260515_1.csv,IM,2026-06-22,8682.65,-100.04999999999927,0.011522979735449357,38,0.11197149802476591
IM2609,8516.8,8559.0,8303.8,68146,11498997.224,131015,9402.0,8379.8,8361.6,8533.6,2026-05-15,202605.zip,20260515_1.csv,IM,2026-09-18,8682.65,-302.85000000000036,0.03487990417672027,126,0.10469266228651904
IM2612,8320.2,8377.2,8121.2,25911,4279113.672,51574,5708.0,8194.4,8180.2,8348.2,2026-05-15,202605.zip,20260515_1.csv,IM,2026-12-18,8682.65,-488.25,0.056232832142260714,217,0.1002208825539394
IM2606,8563.0,8697.8,8532.2,163728,28247730.424,232393,-12163.0,8632.6,8594.2,8563.2,2026-05-18,202605.zip,20260518_1.csv,IM,2026-06-22,8720.21,-87.60999999999876,0.010046776396439805,35,0.1058368443872212
IM2607,8532.6,8624.6,8466.0,5107,873832.94,4864,4864.0,8567.8,8521.8,8563.2,2026-05-18,202605.zip,20260518_1.csv,IM,2026-07-17,8720.21,-152.40999999999985,0.017477790099091672,60,0.10821457472552269
IM2609,8359.2,8488.8,8329.0,46047,7753290.656,125055,-5960.0,8420.2,8383.6,8361.6,2026-05-18,202605.zip,20260518_1.csv,IM,2026-09-18,8720.21,-300.0099999999984,0.034403987977353556,123,0.10573069252936594
IM2612,8160.0,8298.8,8149.6,16651,2739708.036,49203,-2371.0,8230.6,8194.8,8180.2,2026-05-18,202605.zip,20260518_1.csv,IM,2026-12-18,8720.21,-489.60999999999876,0.0561465836258529,214,0.10146070476459923
IM2606,8610.0,8721.6,8511.0,178213,30699847.048,239001,6608.0,8718.6,8692.4,8594.2,2026-05-19,202605.zip,20260519_1.csv,IM,2026-06-22,8808.64,-90.03999999999905,0.010221782250154243,34,0.11086709819844037
IM2607,8533.0,8650.4,8443.0,6866,1172924.312,5947,1083.0,8641.2,8628.8,8521.8,2026-05-19,202605.zip,20260519_1.csv,IM,2026-07-17,8808.64,-167.4399999999987,0.019008609728629944,59,0.11987427985912155
IM2609,8392.4,8503.0,8301.2,50811,8534140.72,129968,4913.0,8499.6,8477.2,8383.6,2026-05-19,202605.zip,20260519_1.csv,IM,2026-09-18,8808.64,-309.03999999999905,0.03508373596832193,122,0.10878004673701099
IM2612,8195.0,8302.4,8115.8,18222,2992208.568,50748,1545.0,8300.6,8282.4,8194.8,2026-05-19,202605.zip,20260519_1.csv,IM,2026-12-18,8808.64,-508.03999999999905,0.05767519163003587,213,0.10488217436400006
IM2606,8692.2,8717.2,8581.0,170932,29550713.388,222868,-16133.0,8705.0,8682.4,8692.4,2026-05-20,202605.zip,20260520_1.csv,IM,2026-06-22,8808.91,-103.90999999999985,0.011796011084231783,33,0.13202844063843355
IM2607,8613.0,8639.8,8510.8,5304,909212.516,6729,782.0,8626.6,8609.0,8628.8,2026-05-20,202605.zip,20260520_1.csv,IM,2026-07-17,8808.91,-182.3099999999995,0.020696090662749356,58,0.13299511854672352
IM2609,8471.8,8489.4,8366.0,45145,7608346.888,125437,-4531.0,8484.0,8461.0,8477.2,2026-05-20,202605.zip,20260520_1.csv,IM,2026-09-18,8808.91,-324.90999999999985,0.03688424561041037,121,0.11552338675426008
IM2612,8275.4,8281.8,8165.2,17580,2891475.036,52710,1962.0,8273.4,8251.4,8282.4,2026-05-20,202605.zip,20260520_1.csv,IM,2026-12-18,8808.91,-535.5100000000002,0.06079185733535708,212,0.11143986228198488
IM2606,8765.0,8814.2,8426.2,217179,37581650.8,233286,10418.0,8438.2,8507.2,8682.4,2026-05-21,202605.zip,20260521_1.csv,IM,2026-06-22,8510.5,-72.29999999999927,0.008495388050055674,32,0.09773078085373446
IM2607,8679.2,8738.6,8361.6,8529,1462650.476,9314,2585.0,8369.8,8434.8,8609.0,2026-05-21,202605.zip,20260521_1.csv,IM,2026-07-17,8510.5,-140.70000000000073,0.016532518653428196,57,0.10764578415380689
IM2609,8524.2,8580.4,8220.0,72512,12229807.432,138043,12606.0,8233.0,8294.4,8461.0,2026-05-21,202605.zip,20260521_1.csv,IM,2026-09-18,8510.5,-277.5,0.032606779860172685,120,0.10252186323332922
IM2612,8310.8,8364.6,8020.2,28557,4697981.604,59018,6308.0,8033.0,8095.8,8251.4,2026-05-21,202605.zip,20260521_1.csv,IM,2026-12-18,8510.5,-477.5,0.05610716174137831,211,0.10282672837106169
IM2606,8509.8,8651.2,8459.0,189189,32366684.972,229122,-4164.0,8589.8,8609.0,8507.2,2026-05-22,202605.zip,20260522_1.csv,IM,2026-06-22,8692.67,-102.8700000000008,0.011834108507512764,31,0.14100576152210623
IM2607,8468.0,8577.0,8392.0,6998,1187278.816,9281,-33.0,8518.8,8534.4,8434.8,2026-05-22,202605.zip,20260522_1.csv,IM,2026-07-17,8692.67,-173.8700000000008,0.020001909654916217,56,0.13303045281360987
IM2609,8295.0,8428.8,8247.4,53728,8959417.72,129833,-8210.0,8370.4,8388.8,8294.4,2026-05-22,202605.zip,20260522_1.csv,IM,2026-09-18,8692.67,-322.27000000000044,0.03707376444751731,119,0.11809175309232976
IM2612,8098.0,8225.4,8050.6,19841,3229086.6,57650,-1368.0,8160.0,8184.0,8095.8,2026-05-22,202605.zip,20260522_1.csv,IM,2026-12-18,8692.67,-532.6700000000001,0.06127806531249891,210,0.11345970471521936
IM2606,8670.0,8691.4,8570.4,158385,27387076.504,214502,-14620.0,8661.4,8672.8,8609.0,2026-05-25,202605.zip,20260525_1.csv,IM,2026-06-22,8799.31,-137.90999999999985,0.01567281980064339,28,0.20755944271628662
IM2607,8576.6,8615.0,8500.6,7064,1211023.62,10621,1340.0,8588.0,8599.4,8534.4,2026-05-25,202605.zip,20260525_1.csv,IM,2026-07-17,8799.31,-211.3099999999995,0.024014382945935497,53,0.16945134061568903
IM2609,8418.2,8459.4,8354.6,48454,8159468.232,131803,1970.0,8434.6,8443.6,8388.8,2026-05-25,202605.zip,20260525_1.csv,IM,2026-09-18,8799.31,-364.7099999999991,0.041447568047949135,116,0.13605611164848855
IM2612,8219.8,8248.6,8152.0,17584,2887659.752,58331,681.0,8223.0,8232.8,8184.0,2026-05-25,202605.zip,20260525_1.csv,IM,2026-12-18,8799.31,-576.3099999999995,0.0654949081234778,207,0.12358005500067273
IM2606,8645.0,8645.0,8462.6,181186,30991319.5,220892,6390.0,8596.0,8547.0,8672.8,2026-05-26,202605.zip,20260526_1.csv,IM,2026-06-22,8687.25,-91.25,0.010503899392788285,27,0.1435045154507701
IM2607,8556.4,8572.6,8388.0,8506,1443222.044,12166,1545.0,8522.8,8474.2,8599.4,2026-05-26,202605.zip,20260526_1.csv,IM,2026-07-17,8687.25,-164.45000000000073,0.018930041152263488,52,0.1354381775942191
IM2609,8409.4,8417.6,8236.2,58145,9682699.196,134192,2389.0,8363.8,8315.6,8443.6,2026-05-26,202605.zip,20260526_1.csv,IM,2026-09-18,8687.25,-323.4500000000007,0.0372327261216151,115,0.12274351059483063
IM2612,8203.8,8216.0,8035.0,20513,3332354.028,59554,1223.0,8158.8,8114.8,8232.8,2026-05-26,202605.zip,20260526_1.csv,IM,2026-12-18,8687.25,-528.4499999999998,0.0608305274971942,206,0.11476336111678308
IM2606,8613.0,8664.8,8388.0,189151,32213535.288,212514,-8378.0,8441.2,8430.4,8547.0,2026-05-27,202605.zip,20260527_1.csv,IM,2026-06-22,8546.51,-105.30999999999949,0.012321988741603285,26,0.17513983611516942
IM2607,8522.0,8590.8,8314.6,9140,1542263.428,13296,1130.0,8369.4,8357.4,8474.2,2026-05-27,202605.zip,20260527_1.csv,IM,2026-07-17,8546.51,-177.11000000000058,0.020723078777185155,51,0.15145075642033026
IM2609,8360.0,8433.6,8152.2,58246,9647626.3,137167,2975.0,8209.4,8192.6,8315.6,2026-05-27,202605.zip,20260527_1.csv,IM,2026-09-18,8546.51,-337.1100000000006,0.03944417077848161,114,0.1314765294726332
IM2612,8150.0,8225.0,7950.0,21464,3464973.324,62217,2663.0,8000.6,7986.0,8114.8,2026-05-27,202605.zip,20260527_1.csv,IM,2026-12-18,8546.51,-545.9099999999999,0.06387519584017332,205,0.12148915050883363
IM2606,8448.0,8571.6,8367.0,189036,32011389.712,215868,3354.0,8524.4,8540.8,8430.4,2026-05-28,202605.zip,20260528_1.csv,IM,2026-06-22,8637.74,-113.34000000000015,0.013121487796576403,25,0.1941208765426304
IM2607,8352.0,8491.8,8291.0,7954,1335288.092,13809,513.0,8451.4,8466.0,8357.4,2026-05-28,202605.zip,20260528_1.csv,IM,2026-07-17,8637.74,-186.34000000000015,0.021572772507623572,50,0.1609534514991602
IM2609,8205.0,8328.8,8131.6,54627,8990978.74,135095,-2072.0,8287.4,8301.2,8192.6,2026-05-28,202605.zip,20260528_1.csv,IM,2026-09-18,8637.74,-350.34000000000015,0.04055922035161974,113,0.13654815787096383
IM2612,7983.6,8115.0,7925.0,20225,3244076.444,62204,-13.0,8076.4,8088.8,7986.0,2026-05-28,202605.zip,20260528_1.csv,IM,2026-12-18,8637.74,-561.3400000000001,0.06498690629724901,204,0.12435718059201298
IM2606,8574.0,8589.8,8291.6,207672,34905417.384,215444,-424.0,8344.8,8317.2,8540.8,2026-05-29,202605.zip,20260529_1.csv,IM,2026-06-22,8408.74,-63.94000000000051,0.007603992988247987,24,0.11653015450739901
IM2607,8523.0,8523.0,8217.6,9392,1564000.816,14985,1176.0,8270.0,8242.8,8466.0,2026-05-29,202605.zip,20260529_1.csv,IM,2026-07-17,8408.74,-138.73999999999978,0.016499499330458467,49,0.12496631542580763
IM2609,8330.0,8349.0,8059.6,63764,10417726.528,139641,4546.0,8113.0,8083.8,8301.2,2026-05-29,202605.zip,20260529_1.csv,IM,2026-09-18,8408.74,-295.7399999999998,0.03517054873857439,112,0.1187964422179573
IM2612,8110.0,8137.8,7850.0,23396,3723059.928,65726,3522.0,7904.8,7874.6,8088.8,2026-05-29,202605.zip,20260529_1.csv,IM,2026-12-18,8408.74,-503.9399999999996,0.05993050088360441,203,0.1146264313807213
IM2606,8355.0,8450.0,8294.2,185978,31109043.292,219745,4301.0,8305.8,8316.0,8317.2,2026-06-01,202606.zip,20260601_1.csv,IM,2026-06-22,8345.13,-39.32999999999993,0.004712928378587278,21,0.08230307220771878
IM2607,8270.0,8375.6,8222.8,10555,1749736.772,16869,1884.0,8235.2,8244.4,8242.8,2026-06-01,202606.zip,20260601_1.csv,IM,2026-07-17,8345.13,-109.92999999999847,0.013172952368626811,46,0.10591978970442784
IM2609,8134.6,8215.0,8070.0,58978,9595309.296,141306,1665.0,8081.8,8092.8,8083.8,2026-06-01,202606.zip,20260601_1.csv,IM,2026-09-18,8345.13,-263.329999999999,0.031554930839902906,109,0.1091085054401312
IM2612,7905.0,8000.0,7860.2,22039,3491733.144,66830,1104.0,7880.4,7887.0,7874.6,2026-06-01,202606.zip,20260601_1.csv,IM,2026-12-18,8345.13,-464.72999999999956,0.05568876698146097,200,0.10762553296786953
IM2606,8343.8,8395.0,8190.0,175916,29215504.848,210218,-9527.0,8324.6,8337.0,8316.0,2026-06-02,202606.zip,20260602_1.csv,IM,2026-06-22,8384.78,-60.18000000000029,0.007177290280723003,20,0.13193246522355612
IM2607,8260.0,8324.0,8124.2,10282,1692566.036,18175,1306.0,8256.0,8268.2,8244.4,2026-06-02,202606.zip,20260602_1.csv,IM,2026-07-17,8384.78,-128.78000000000065,0.015358781029436774,45,0.1265199720068918
IM2609,8101.0,8176.0,7979.8,62980,10183508.78,144585,3279.0,8106.4,8118.2,8092.8,2026-06-02,202606.zip,20260602_1.csv,IM,2026-09-18,8384.78,-278.380000000001,0.03320063257473671,108,0.11605907632195545
IM2612,7905.0,7968.0,7780.2,22022,3471200.208,69187,2357.0,7900.0,7910.0,7887.0,2026-06-02,202606.zip,20260602_1.csv,IM,2026-12-18,8384.78,-484.78000000000065,0.057816663049000794,199,0.1125530818650214
IM2606,8330.2,8493.4,8300.4,172909,29086869.416,201325,-8893.0,8368.4,8359.4,8337.0,2026-06-03,202606.zip,20260603_1.csv,IM,2026-06-22,8432.68,-64.28000000000065,0.007622724922563218,19,0.14756137751289905
IM2607,8272.0,8420.0,8229.8,9928,1656028.228,19319,1144.0,8295.8,8290.0,8268.2,2026-06-03,202606.zip,20260603_1.csv,IM,2026-07-17,8432.68,-136.88000000000102,0.016232087545122176,44,0.13687430002915013
IM2609,8126.0,8263.6,8075.0,61731,10104499.7,141961,-2624.0,8139.4,8130.8,8118.2,2026-06-03,202606.zip,20260603_1.csv,IM,2026-09-18,8432.68,-293.28000000000065,0.0347789789248496,107,0.1229133746339198
IM2612,7918.0,8049.8,7862.2,23285,3712257.876,70421,1234.0,7919.6,7916.6,7910.0,2026-06-03,202606.zip,20260603_1.csv,IM,2026-12-18,8432.68,-513.0799999999999,0.060844239316563686,198,0.11942892228512698
IM2606,8320.0,8400.0,8306.4,131965,22063901.76,191874,-9451.0,8354.8,8350.6,8359.4,2026-06-04,202606.zip,20260604_1.csv,IM,2026-06-22,8420.09,-65.29000000000087,0.007754073887571322,18,0.15846412973513951
IM2607,8222.0,8327.0,8222.0,7967,1320661.792,19932,613.0,8284.0,8279.2,8290.0,2026-06-04,202606.zip,20260604_1.csv,IM,2026-07-17,8420.09,-136.09000000000015,0.016162535079791374,43,0.13944743579666
IM2609,8090.0,8169.0,8080.4,47359,7702888.56,141194,-767.0,8124.8,8121.6,8130.8,2026-06-04,202606.zip,20260604_1.csv,IM,2026-09-18,8420.09,-295.28999999999996,0.03506969640467028,106,0.12514775399986594
IM2612,7870.0,7950.8,7867.0,17503,2771631.74,68690,-1731.0,7908.0,7911.4,7916.6,2026-06-04,202606.zip,20260604_1.csv,IM,2026-12-18,8420.09,-512.0900000000001,0.06081763971644005,197,0.11997928589951967
IM2606,8305.0,8444.6,8240.0,181451,30252532.944,200773,8899.0,8291.8,8298.6,8350.6,2026-06-05,202606.zip,20260605_1.csv,IM,2026-06-22,8340.96,-49.159999999999854,0.005893805988759104,17,0.1272937260482695
IM2607,8245.8,8372.0,8169.4,10182,1680802.652,21017,1085.0,8214.0,8219.2,8279.2,2026-06-05,202606.zip,20260605_1.csv,IM,2026-07-17,8340.96,-126.95999999999913,0.015221269494158807,42,0.13432467216250926
IM2609,8090.0,8207.8,8012.4,69348,11242494.12,149159,7965.0,8055.6,8063.4,8121.6,2026-06-05,202606.zip,20260605_1.csv,IM,2026-09-18,8340.96,-285.35999999999876,0.03421188927893182,105,0.12313989203606304
IM2612,7888.8,7987.6,7794.0,22736,3583439.168,72076,3386.0,7831.0,7841.0,7911.4,2026-06-05,202606.zip,20260605_1.csv,IM,2026-12-18,8340.96,-509.9599999999991,0.061139245362644035,196,0.12127064336141807
IM2606,8117.8,8222.0,7962.0,200287,32494258.34,201883,1110.0,8072.8,8046.4,8298.6,2026-06-08,202606.zip,20260608_1.csv,IM,2026-06-22,8081.26,-8.460000000000036,0.0010468664539935446,14,0.027321906366352518
IM2607,8000.0,8149.0,7889.6,15010,2414527.644,25314,4297.0,8000.6,7976.6,8219.2,2026-06-08,202606.zip,20260608_1.csv,IM,2026-07-17,8081.26,-80.65999999999985,0.009981116806042634,39,0.09435478236568139
IM2609,7891.8,7995.0,7740.0,82795,13053569.632,154115,4956.0,7843.2,7819.0,8063.4,2026-06-08,202606.zip,20260608_1.csv,IM,2026-09-18,8081.26,-238.0600000000004,0.029458277545828304,102,0.1086140060879515
IM2612,7730.0,7771.4,7521.0,28169,4319712.272,75443,3367.0,7630.0,7601.2,7841.0,2026-06-08,202606.zip,20260608_1.csv,IM,2026-12-18,8081.26,-451.2600000000002,0.05584030213110336,193,0.11185048112509256
IM2606,8120.0,8261.6,8065.0,160340,26153309.232,177843,-24040.0,8233.4,8237.2,8046.4,2026-06-09,202606.zip,20260609_1.csv,IM,2026-06-22,8318.7,-85.30000000000109,0.010254006034596919,13,0.2908836614839055
IM2607,8100.2,8173.2,7992.0,16083,2599335.784,28211,2897.0,8153.8,8152.6,7976.6,2026-06-09,202606.zip,20260609_1.csv,IM,2026-07-17,8318.7,-164.90000000000055,0.019822808852344775,38,0.19425395456558214
IM2609,7900.0,8010.8,7836.4,66881,10590467.196,150868,-3247.0,7993.0,7988.8,7819.0,2026-06-09,202606.zip,20260609_1.csv,IM,2026-09-18,8318.7,-325.7000000000007,0.03915275223292114,101,0.14725818259293716
IM2612,7695.0,7782.8,7618.0,22953,3533231.6,74973,-470.0,7764.4,7761.0,7601.2,2026-06-09,202606.zip,20260609_1.csv,IM,2026-12-18,8318.7,-554.3000000000011,0.06663300756127777,192,0.13571523824549692
IM2606,8190.0,8214.8,8053.0,154308,25101086.816,177936,93.0,8162.2,8147.0,8237.2,2026-06-10,202606.zip,20260610_1.csv,IM,2026-06-22,8198.72,-36.51999999999953,0.0044543538503570845,12,0.1360928017772975
IM2607,8102.8,8134.0,7970.8,13513,2175079.588,29492,1281.0,8080.2,8062.4,8152.6,2026-06-10,202606.zip,20260610_1.csv,IM,2026-07-17,8198.72,-118.51999999999953,0.014455915069669367,37,0.14469738172121666
IM2609,7951.8,7967.0,7811.4,67079,10585226.932,156017,5149.0,7917.0,7900.2,7988.8,2026-06-10,202606.zip,20260610_1.csv,IM,2026-09-18,8198.72,-281.71999999999935,0.034361461301276264,100,0.12988227864089874
IM2612,7720.0,7740.0,7585.0,20396,3124291.12,76574,1601.0,7689.2,7672.6,7761.0,2026-06-10,202606.zip,20260610_1.csv,IM,2026-12-18,8198.72,-509.5199999999995,0.06214628624956087,191,0.12663086567601572
IM2606,8145.0,8194.4,8048.0,149516,24243900.404,171821,-6115.0,8126.4,8094.8,8147.0,2026-06-11,202606.zip,20260611_1.csv,IM,2026-06-22,8159.45,-33.05000000000018,0.004050518110902068,11,0.13495017362043554
IM2607,8055.0,8114.6,7975.0,12505,2008279.008,30546,1054.0,8049.0,8019.4,8062.4,2026-06-11,202606.zip,20260611_1.csv,IM,2026-07-17,8159.45,-110.44999999999982,0.013536451599066135,36,0.1391278764787885
IM2609,7908.8,7948.8,7813.0,66805,10512390.724,157295,1278.0,7886.6,7856.4,7900.2,2026-06-11,202606.zip,20260611_1.csv,IM,2026-09-18,8159.45,-272.84999999999945,0.03343975390498133,99,0.12755333365609028
IM2612,7673.0,7721.6,7590.0,19867,3036015.596,77727,1153.0,7660.6,7631.0,7672.6,2026-06-11,202606.zip,20260611_1.csv,IM,2026-12-18,8159.45,-498.84999999999945,0.0611376992321786,190,0.12509687299469438
IM2606,8250.0,8323.8,8165.2,146950,24220362.196,158171,-13650.0,8196.8,8191.8,8094.8,2026-06-12,202606.zip,20260612_1.csv,IM,2026-06-22,8202.8,-6.0,0.0007314575510801724,10,0.026717743509664604
IM2607,8178.0,8243.4,8093.0,15891,2595420.22,33949,3403.0,8122.8,8118.8,8019.4,2026-06-12,202606.zip,20260612_1.csv,IM,2026-07-17,8202.8,-79.99999999999909,0.009752767347734781,35,0.1027091291532114
IM2609,8000.0,8077.0,7932.0,80183,12832228.46,163108,5813.0,7958.6,7957.2,7856.4,2026-06-12,202606.zip,20260612_1.csv,IM,2026-09-18,8202.8,-244.1999999999989,0.029770322328960708,98,0.11428145756329751
IM2612,7755.0,7847.4,7711.0,24082,3744274.644,78857,1130.0,7735.0,7735.8,7631.0,2026-06-12,202606.zip,20260612_1.csv,IM,2026-12-18,8202.8,-467.7999999999993,0.05702930706587983,189,0.11679680419176203
IM2606,8292.0,8480.6,8285.0,134896,22677054.752,137607,-20564.0,8475.2,8453.4,8191.8,2026-06-15,202606.zip,20260615_1.csv,IM,2026-06-22,8521.23,-46.029999999998836,0.005401802321965077,7,0.28319517112111764
IM2607,8178.0,8407.4,8178.0,23151,3859561.616,40710,6761.0,8403.4,8376.0,8118.8,2026-06-15,202606.zip,20260615_1.csv,IM,2026-07-17,8521.23,-117.82999999999993,0.013827815937370591,32,0.1599350783611407
IM2609,8050.0,8245.6,8049.6,85423,13962773.86,167732,4624.0,8244.6,8217.2,7957.2,2026-06-15,202606.zip,20260615_1.csv,IM,2026-09-18,8521.23,-276.6299999999992,0.032463623209325276,95,0.12891366214823827
IM2612,7815.0,8014.2,7815.0,28590,4545946.596,82837,3980.0,8012.6,7983.0,7735.8,2026-06-15,202606.zip,20260615_1.csv,IM,2026-12-18,8521.23,-508.6299999999992,0.059689739626790916,186,0.12456855586859275
IM2606,8471.8,8645.0,8447.0,124372,21306409.004,116720,-20887.0,8602.4,8609.6,8453.4,2026-06-16,202606.zip,20260616_1.csv,IM,2026-06-22,8646.4,-44.0,0.005088823094004491,6,0.3111534765491801
IM2607,8393.0,8557.0,8372.8,25572,4343224.616,46919,6209.0,8523.8,8525.2,8376.0,2026-06-16,202606.zip,20260616_1.csv,IM,2026-07-17,8646.4,-122.60000000000036,0.014179311621021484,31,0.1693512434632737
IM2609,8234.4,8390.4,8215.0,89065,14824198.64,177643,9911.0,8349.0,8358.8,8217.2,2026-06-16,202606.zip,20260616_1.csv,IM,2026-09-18,8646.4,-297.39999999999964,0.03439581791265722,94,0.13831571114390076
IM2612,8012.0,8153.0,7983.0,28593,4625338.016,86394,3557.0,8109.8,8118.2,7983.0,2026-06-16,202606.zip,20260616_1.csv,IM,2026-12-18,8646.4,-536.5999999999995,0.06206051073279051,185,0.13054542618773554
IM2606,8570.0,8696.0,8570.0,98806,17063379.844,86061,-30659.0,8695.0,8660.8,8609.6,2026-06-17,202606.zip,20260617_1.csv,IM,2026-06-22,8704.47,-9.469999999999345,0.0010879467675802834,5,0.07950661299596495
IM2607,8490.0,8613.0,8490.0,29920,5120798.656,56723,9804.0,8612.0,8580.0,8525.2,2026-06-17,202606.zip,20260617_1.csv,IM,2026-07-17,8704.47,-92.46999999999935,0.01062327746548608,30,0.13063767611085328
IM2609,8330.0,8446.8,8320.0,91903,15417863.356,188057,10414.0,8445.0,8414.0,8358.8,2026-06-17,202606.zip,20260617_1.csv,IM,2026-09-18,8704.47,-259.46999999999935,0.029808822363681986,93,0.1205861456483124
IM2612,8089.0,8204.0,8080.0,22735,3704975.356,88619,2225.0,8201.0,8171.4,8118.2,2026-06-17,202606.zip,20260617_1.csv,IM,2026-12-18,8704.47,-503.46999999999935,0.05784039694547738,184,0.12178164248262396
IM2606,8666.8,8788.0,8646.6,78697,13737427.1,57977,-28084.0,8766.0,8759.8,8660.8,2026-06-18,202606.zip,20260618_1.csv,IM,2026-06-22,8771.02,-5.020000000000437,0.0005723393630387985,4,0.05225587497147799
IM2607,8592.0,8694.8,8576.8,40021,6921867.38,69030,12307.0,8679.0,8667.6,8580.0,2026-06-18,202606.zip,20260618_1.csv,IM,2026-07-17,8771.02,-92.02000000000044,0.010491368164706083,29,0.13344656741798575
IM2609,8430.0,8533.2,8416.0,114746,19473590.94,204527,16470.0,8510.0,8505.6,8414.0,2026-06-18,202606.zip,20260618_1.csv,IM,2026-09-18,8771.02,-261.02000000000044,0.029759366641508134,92,0.12168842282736403
IM2612,8183.2,8288.8,8172.0,26046,4293504.348,92936,4317.0,8270.0,8262.8,8171.4,2026-06-18,202606.zip,20260618_1.csv,IM,2026-12-18,8771.02,-501.02000000000044,0.05712220471507312,183,0.12083460529532677
IM2606,8790.0,8802.4,8620.4,44990,7842914.288,0,-57977.0,8774.2,8774.84,8759.8,2026-06-22,202606.zip,20260622_1.csv,IM,2026-06-22,8865.68,-91.47999999999956,0.010318441450627547,0,
IM2607,8720.0,8739.8,8533.4,64293,11097862.612,88681,19651.0,8706.2,8700.0,8667.6,2026-06-22,202606.zip,20260622_1.csv,IM,2026-07-17,8865.68,-159.47999999999956,0.017988467889659798,25,0.26744251223266086
IM2609,8546.0,8558.0,8367.0,158991,26912673.04,221871,17344.0,8524.2,8521.6,8505.6,2026-06-22,202606.zip,20260622_1.csv,IM,2026-09-18,8865.68,-341.47999999999956,0.038517068064716886,88,0.16615822119271095
IM2612,8301.0,8310.0,8126.4,31029,5101936.32,94592,1656.0,8281.0,8279.0,8262.8,2026-06-22,202606.zip,20260622_1.csv,IM,2026-12-18,8865.68,-584.6800000000003,0.06594869203490317,179,0.14397108815427914
IM2607,8699.0,8733.0,8532.6,65773,11370750.708,87883,-798.0,8598.8,8571.2,8700.0,2026-06-23,202606.zip,20260623_1.csv,IM,2026-07-17,8680.04,-81.2400000000016,0.009359403873715033,24,0.14368574684839971
IM2608,8590.8,8638.0,8436.8,8726,1492282.372,8503,8503.0,8515.0,8490.4,8700.0,2026-06-23,202606.zip,20260623_1.csv,IM,2026-08-21,8680.04,-165.04000000000087,0.019013737263883668,59,0.11990724245349775
IM2609,8501.8,8535.0,8339.2,169243,28604728.248,221704,-167.0,8403.0,8381.2,8521.6,2026-06-23,202606.zip,20260623_1.csv,IM,2026-09-18,8680.04,-277.0400000000009,0.03191690360873922,87,0.13831896380739828
IM2612,8271.4,8285.0,8099.0,26961,4423448.432,95006,414.0,8156.0,8135.0,8279.0,2026-06-23,202606.zip,20260623_1.csv,IM,2026-12-18,8680.04,-524.0400000000009,0.060372993672840325,178,0.13175286960451024
IM2607,8575.0,8703.8,8522.0,59625,10277979.544,89622,1739.0,8667.6,8676.4,8571.2,2026-06-24,202606.zip,20260624_1.csv,IM,2026-07-17,8793.49,-125.88999999999942,0.014316272606212044,23,0.23049281983679143
IM2608,8504.4,8611.2,8441.0,8861,1510405.516,9852,1349.0,8568.0,8577.0,8490.4,2026-06-24,202606.zip,20260624_1.csv,IM,2026-08-21,8793.49,-225.48999999999978,0.02564283350524077,58,0.16561996925206818
IM2609,8413.2,8520.0,8344.6,144567,24386752.34,214962,-6742.0,8472.4,8486.8,8381.2,2026-06-24,202606.zip,20260624_1.csv,IM,2026-09-18,8793.49,-321.09000000000015,0.03651451244045312,86,0.16084765800415707
IM2612,8156.0,8265.2,8100.0,22110,3619911.62,94495,-511.0,8221.2,8234.2,8135.0,2026-06-24,202606.zip,20260624_1.csv,IM,2026-12-18,8793.49,-572.289999999999,0.06508109976812382,177,0.1435491224149441
IM2607,8700.0,8763.0,8630.2,51012,8873004.82,84690,-4932.0,8725.8,8716.0,8676.4,2026-06-25,202606.zip,20260625_1.csv,IM,2026-07-17,8825.92,-100.1200000000008,0.011343859903556908,22,0.19036441566181042
IM2608,8577.2,8661.2,8526.4,8079,1388900.064,12624,2772.0,8622.6,8616.8,8577.0,2026-06-25,202606.zip,20260625_1.csv,IM,2026-08-21,8825.92,-203.3199999999997,0.023036691925600872,57,0.1509940625227617
IM2609,8498.0,8562.0,8430.0,144932,24638644.276,216470,1508.0,8523.8,8517.8,8486.8,2026-06-25,202606.zip,20260625_1.csv,IM,2026-09-18,8825.92,-302.1200000000008,0.03423099234980609,85,0.1522019314776764
IM2612,8240.0,8303.2,8176.0,23977,3955664.156,94628,133.0,8271.2,8266.2,8234.2,2026-06-25,202606.zip,20260625_1.csv,IM,2026-12-18,8825.92,-554.7199999999993,0.06285123817120475,176,0.1390866665494286
IM2607,8678.0,8694.2,8468.8,63441,10874745.492,90290,5600.0,8532.6,8539.8,8716.0,2026-06-26,202606.zip,20260626_1.csv,IM,2026-07-17,8601.41,-68.80999999999949,0.007999851187189044,21,0.1401663424200489
IM2608,8582.8,8591.2,8362.0,9481,1604592.14,13004,380.0,8424.6,8427.4,8616.8,2026-06-26,202606.zip,20260626_1.csv,IM,2026-08-21,8601.41,-176.8099999999995,0.020555932108805353,56,0.13679252681772064
IM2609,8480.0,8490.2,8260.2,174428,29174675.272,220480,4010.0,8319.2,8324.0,8517.8,2026-06-26,202606.zip,20260626_1.csv,IM,2026-09-18,8601.41,-282.2099999999991,0.03280973700823464,84,0.14740235153105338
IM2612,8243.4,8243.4,8008.8,28278,4587830.576,97251,2623.0,8066.0,8067.8,8266.2,2026-06-26,202606.zip,20260626_1.csv,IM,2026-12-18,8601.41,-535.4099999999999,0.06224677116891297,175,0.1384468492083172
IM2607,8549.8,8602.0,8346.2,69358,11740385.092,92014,1724.0,8514.2,8489.0,8539.8,2026-06-29,202606.zip,20260629_1.csv,IM,2026-07-17,8597.89,-83.68999999999869,0.009733783521305606,18,0.19931963334455485
IM2608,8447.8,8494.2,8246.0,7738,1295282.752,13904,900.0,8405.6,8385.6,8427.4,2026-06-29,202606.zip,20260629_1.csv,IM,2026-08-21,8597.89,-192.28999999999905,0.02236478950067966,53,0.15754512714793872
IM2609,8335.0,8393.0,8145.2,171721,28382017.12,220381,-99.0,8308.6,8286.8,8324.0,2026-06-29,202606.zip,20260629_1.csv,IM,2026-09-18,8597.89,-289.28999999999905,0.03364662725389589,81,0.15689655787265486
IM2612,8066.0,8132.0,7897.0,28693,4597455.612,98075,824.0,8051.0,8029.8,8067.8,2026-06-29,202606.zip,20260629_1.csv,IM,2026-12-18,8597.89,-546.8899999999994,0.06360746648305571,172,0.14414997559164958
IM2607,8500.8,8726.8,8474.0,55195,9511071.048,84586,-7428.0,8705.2,8689.6,8489.0,2026-06-30,202606.zip,20260630_1.csv,IM,2026-07-17,8809.79,-104.59000000000015,0.011872019650865706,17,0.25796177267948245
IM2608,8381.0,8619.8,8372.6,6575,1118973.372,13883,-21.0,8606.2,8585.4,8385.6,2026-06-30,202606.zip,20260630_1.csv,IM,2026-08-21,8809.79,-203.59000000000015,0.023109517934025714,52,0.16604833635143246
IM2609,8300.0,8518.8,8270.0,146627,24659779.004,210892,-9489.0,8504.2,8485.0,8286.8,2026-06-30,202606.zip,20260630_1.csv,IM,2026-09-18,8809.79,-305.59000000000015,0.0346875464681905,80,0.16394891641777037
IM2612,8051.0,8254.0,8014.4,24463,3988895.32,96669,-1406.0,8240.0,8219.6,8029.8,2026-06-30,202606.zip,20260630_1.csv,IM,2026-12-18,8809.79,-569.7900000000009,0.0646769105733509,171,0.14759932294328063
IM2607,8711.6,8837.0,8688.2,58982,10348116.86,83049,-1537.0,8727.6,8734.2,8689.6,2026-07-01,202607.zip,20260701_1.csv,IM,2026-07-17,8876.63,-149.02999999999884,0.016789029169853698,16,0.3895397216875176
IM2608,8606.2,8729.6,8582.0,9191,1594047.28,16610,2727.0,8620.6,8628.0,8585.4,2026-07-01,202607.zip,20260701_1.csv,IM,2026-08-21,8876.63,-256.02999999999884,0.02884315331381382,51,0.21255731255683336
IM2609,8500.0,8629.0,8480.0,168136,28792754.34,219809,8917.0,8517.6,8525.6,8485.0,2026-07-01,202607.zip,20260701_1.csv,IM,2026-09-18,8876.63,-359.02999999999884,0.04044665599444819,79,0.19475080934428474
IM2612,8245.8,8350.0,8208.0,30604,5074187.144,99206,2537.0,8248.0,8253.2,8219.6,2026-07-01,202607.zip,20260701_1.csv,IM,2026-12-18,8876.63,-628.6299999999992,0.07081854262259435,170,0.16364034774918673
IM2607,8640.0,8766.6,8545.2,63818,11048508.816,85425,2376.0,8570.0,8593.0,8734.2,2026-07-02,202607.zip,20260702_1.csv,IM,2026-07-17,8625.33,-55.32999999999993,0.006414827026907988,15,0.15710190587319867
IM2608,8502.0,8654.6,8441.4,13183,2253219.268,18259,1649.0,8473.0,8494.0,8628.0,2026-07-02,202607.zip,20260702_1.csv,IM,2026-08-21,8625.33,-152.32999999999993,0.017660773558808796,50,0.13124147291396182
IM2609,8475.4,8556.0,8344.0,178178,30127371.264,215598,-4211.0,8370.2,8392.4,8525.6,2026-07-02,202607.zip,20260702_1.csv,IM,2026-09-18,8625.33,-255.1299999999992,0.029579158130761285,78,0.14263429357752044
IM2612,8185.0,8285.2,8085.0,32353,5297076.852,98861,-345.0,8109.6,8131.0,8253.2,2026-07-02,202607.zip,20260702_1.csv,IM,2026-12-18,8625.33,-515.7299999999996,0.05979249489584737,169,0.13735014473313223
IM2607,8599.0,8671.6,8525.0,55429,9529337.0,81093,-4332.0,8567.2,8595.2,8593.0,2026-07-03,202607.zip,20260703_1.csv,IM,2026-07-17,8620.79,-53.590000000000146,0.006216367641480702,14,0.16308337112975985
IM2608,8480.2,8568.0,8428.6,11993,2037447.524,19588,1329.0,8468.4,8493.0,8494.0,2026-07-03,202607.zip,20260703_1.csv,IM,2026-08-21,8620.79,-152.39000000000124,0.017677034239321543,49,0.13404539228189613
IM2609,8401.0,8475.0,8337.8,152704,25666012.076,212690,-2908.0,8373.0,8403.0,8392.4,2026-07-03,202607.zip,20260703_1.csv,IM,2026-09-18,8620.79,-247.79000000000087,0.028743305427924914,77,0.1402829285846127
IM2612,8130.2,8208.0,8080.8,24371,3967963.656,98496,-365.0,8113.4,8138.6,8131.0,2026-07-03,202607.zip,20260703_1.csv,IM,2026-12-18,8620.79,-507.39000000000124,0.05885655490970099,168,0.1358696944032626
IM2607,8610.4,8617.6,8406.0,61221,10401100.284,84489,3396.0,8458.0,8448.2,8595.2,2026-07-06,202607.zip,20260706_1.csv,IM,2026-07-17,8472.6,-14.600000000000364,0.0017232018506716518,11,0.057277671489073055
IM2608,8528.8,8528.8,8304.4,13051,2189149.488,23481,3893.0,8362.0,8348.2,8493.0,2026-07-06,202607.zip,20260706_1.csv,IM,2026-08-21,8472.6,-110.60000000000036,0.013053844156457384,46,0.10494940881628147
IM2609,8403.0,8419.8,8213.0,151626,25161264.676,215188,2498.0,8265.0,8255.2,8403.0,2026-07-06,202607.zip,20260706_1.csv,IM,2026-09-18,8472.6,-207.60000000000036,0.024502513986261687,74,0.12389267670574353
IM2612,8154.8,8156.4,7960.0,26467,4254970.792,101841,3345.0,8013.8,7998.2,8138.6,2026-07-06,202607.zip,20260706_1.csv,IM,2026-12-18,8472.6,-458.8000000000002,0.05415102801973426,165,0.12664668598183287
IM2607,8425.0,8464.8,8248.6,61212,10201367.288,83883,-606.0,8296.6,8281.6,8448.2,2026-07-07,202607.zip,20260707_1.csv,IM,2026-07-17,8301.8,-5.199999999998909,0.0006263701847790681,10,0.022876841115635704
IM2608,8343.8,8364.4,8153.8,13689,2255420.62,26210,2729.0,8200.0,8186.0,8348.2,2026-07-07,202607.zip,20260707_1.csv,IM,2026-08-21,8301.8,-101.79999999999927,0.012262400925100447,45,0.10069647696476884
IM2609,8235.0,8274.2,8068.8,150751,24580097.428,220115,4927.0,8115.2,8103.0,8255.2,2026-07-07,202607.zip,20260707_1.csv,IM,2026-09-18,8301.8,-186.59999999999945,0.02247705316919213,73,0.11496944006309073
IM2612,7984.8,8021.4,7825.2,30018,4744303.532,103243,1402.0,7870.6,7857.2,7998.2,2026-07-07,202607.zip,20260707_1.csv,IM,2026-12-18,8301.8,-431.1999999999989,0.051940543014767804,164,0.12193262608051023
IM2607,8316.8,8328.2,8125.0,68781,11267297.964,91392,7509.0,8131.2,8151.8,8281.6,2026-07-08,202607.zip,20260708_1.csv,IM,2026-07-17,8117.86,13.340000000000146,-0.001643290226734706,9,-0.06653521142157787
IM2608,8224.2,8230.2,8039.6,17666,2862242.7,32832,6622.0,8046.0,8067.0,8186.0,2026-07-08,202607.zip,20260708_1.csv,IM,2026-08-21,8117.86,-71.85999999999967,0.008852086633669431,44,0.07408791494362012
IM2609,8140.2,8149.8,7965.0,167678,26927106.068,232092,11977.0,7974.0,7995.8,8103.0,2026-07-08,202607.zip,20260708_1.csv,IM,2026-09-18,8117.86,-143.85999999999967,0.017721419191757404,72,0.09145852492823917
IM2612,7900.0,7905.0,7731.2,30533,4757057.144,104939,1696.0,7740.2,7762.6,7857.2,2026-07-08,202607.zip,20260708_1.csv,IM,2026-12-18,8117.86,-377.65999999999985,0.04652211297065978,163,0.10925820626058234
IM2607,8191.0,8297.8,7994.4,73965,12046134.688,85247,-6145.0,8282.6,8243.2,8151.8,2026-07-09,202607.zip,20260709_1.csv,IM,2026-07-17,8300.08,-17.479999999999563,0.002106003797553657,8,0.09628920870257601
IM2608,8088.0,8218.0,7928.4,18830,3037252.532,36783,3951.0,8207.0,8167.2,8067.0,2026-07-09,202607.zip,20260709_1.csv,IM,2026-08-21,8300.08,-93.07999999999993,0.011214349741207275,43,0.09627119220404513
IM2609,8034.8,8140.2,7868.2,195417,31274145.632,239360,7268.0,8127.4,8092.6,7995.8,2026-07-09,202607.zip,20260709_1.csv,IM,2026-09-18,8300.08,-172.6800000000003,0.02080461875066264,71,0.10922572123441311
IM2612,7792.0,7910.4,7650.0,35604,5533668.364,109178,4239.0,7896.0,7865.2,7762.6,2026-07-09,202607.zip,20260709_1.csv,IM,2026-12-18,8300.08,-404.0799999999999,0.0486838681072953,162,0.11530232529050499
IM2607,8297.0,8417.0,8182.0,60933,10161882.684,78685,-6562.0,8186.2,8254.2,8243.2,2026-07-10,202607.zip,20260710_1.csv,IM,2026-07-17,8198.31,-12.109999999999673,0.0014771337019457986,7,0.07713591165620157
IM2608,8257.2,8326.4,8097.0,16770,2765401.96,39413,2630.0,8099.2,8168.0,8167.2,2026-07-10,202607.zip,20260710_1.csv,IM,2026-08-21,8198.31,-99.10999999999967,0.01208907689511618,42,0.10634545328403908
IM2609,8140.2,8244.8,8016.0,171301,27987657.224,231960,-7400.0,8019.4,8096.0,8092.6,2026-07-10,202607.zip,20260710_1.csv,IM,2026-09-18,8198.31,-178.90999999999985,0.02182279030678269,70,0.11632888459770772
IM2612,7913.0,7998.0,7780.0,30232,4793225.944,107556,-1622.0,7780.0,7856.2,7865.2,2026-07-10,202607.zip,20260710_1.csv,IM,2026-12-18,8198.31,-418.3099999999995,0.051023930541782336,161,0.12189492886681867
IM2607,8137.0,8183.8,7788.4,76815,12231859.408,81930,3245.0,7819.0,7819.4,8254.2,2026-07-13,202607.zip,20260713_1.csv,IM,2026-07-17,7787.85,31.149999999999636,-0.0039998202327984345,4,-0.36352954341987265
IM2608,8030.2,8105.2,7723.0,29877,4705567.352,52270,12857.0,7750.0,7755.6,8168.0,2026-07-13,202607.zip,20260713_1.csv,IM,2026-08-21,7787.85,-37.850000000000364,0.004860134696995977,39,0.04570802315963572
IM2609,7995.0,8029.8,7651.0,200999,31400502.16,247724,15764.0,7684.4,7688.2,8096.0,2026-07-13,202607.zip,20260713_1.csv,IM,2026-09-18,7787.85,-103.45000000000073,0.013283512137496345,67,0.0733396095365142
IM2612,7760.0,7794.0,7428.4,38854,5893370.588,114602,7046.0,7459.6,7466.2,7856.2,2026-07-13,202607.zip,20260713_1.csv,IM,2026-12-18,7787.85,-328.25,0.04214898848847881,158,0.10165411692757115
IM2607,7835.0,7934.0,7684.0,75103,11747983.592,75403,-6527.0,7914.8,7893.4,7819.4,2026-07-14,202607.zip,20260714_1.csv,IM,2026-07-17,7925.12,-10.319999999999709,0.0013021884842121523,3,0.15863951078991265
IM2608,7768.0,7872.0,7631.6,32294,5009861.956,58492,6222.0,7854.4,7830.4,7755.6,2026-07-14,202607.zip,20260714_1.csv,IM,2026-08-21,7925.12,-70.72000000000025,0.008923524186384646,38,0.0864845450354342
IM2609,7720.0,7810.6,7580.0,217776,33560348.724,250166,2442.0,7788.0,7766.8,7688.2,2026-07-14,202607.zip,20260714_1.csv,IM,2026-09-18,7925.12,-137.1199999999999,0.017301946216587205,66,0.097369690744113
IM2612,7480.0,7589.0,7364.6,38509,5763863.724,116484,1882.0,7563.4,7545.4,7466.2,2026-07-14,202607.zip,20260714_1.csv,IM,2026-12-18,7925.12,-361.72000000000025,0.04564221109585731,157,0.11118563096939013
IM2607,7958.2,7978.0,7793.6,57559,9076454.076,58810,-16593.0,7835.0,7825.0,7893.4,2026-07-15,202607.zip,20260715_1.csv,IM,2026-07-17,7817.83,17.170000000000073,-0.0021962616224706633,2,-0.39993937460115037
IM2608,7880.0,7918.6,7730.0,32113,5019187.08,66494,8002.0,7780.4,7762.8,7830.4,2026-07-15,202607.zip,20260715_1.csv,IM,2026-08-21,7817.83,-37.43000000000029,0.004787773589346456,37,0.04745795741759967
IM2609,7838.0,7846.0,7661.4,174869,27107070.416,243227,-6939.0,7723.2,7699.0,7766.8,2026-07-15,202607.zip,20260715_1.csv,IM,2026-09-18,7817.83,-94.63000000000011,0.012104381906488104,65,0.06880358480342984
IM2612,7605.0,7620.0,7442.8,29866,4494081.492,118371,1887.0,7499.2,7476.2,7545.4,2026-07-15,202607.zip,20260715_1.csv,IM,2026-12-18,7817.83,-318.6300000000001,0.04075683405753261,156,0.09941227064220208
IM2607,7734.0,7861.6,7610.6,54531,8442758.184,43395,-15415.0,7655.0,7658.2,7825.0,2026-07-16,202607.zip,20260716_1.csv,IM,2026-07-17,7631.76,23.23999999999978,-0.0030451691352977317,1,-1.108112344872626
IM2608,7708.0,7807.4,7563.6,46976,7217105.712,85900,19406.0,7599.6,7608.8,7762.8,2026-07-16,202607.zip,20260716_1.csv,IM,2026-08-21,7631.76,-32.159999999999854,0.004213968992735628,36,0.04290576697019189
IM2609,7648.6,7750.2,7511.0,192392,29379649.932,256306,13079.0,7552.6,7555.0,7699.0,2026-07-16,202607.zip,20260716_1.csv,IM,2026-09-18,7631.76,-79.15999999999985,0.010372443577890245,64,0.05977535881683059
IM2612,7467.8,7528.8,7305.0,34682,5144214.156,121285,2914.0,7347.0,7346.4,7476.2,2026-07-16,202607.zip,20260716_1.csv,IM,2026-12-18,7631.76,-284.7600000000002,0.03731249410358817,155,0.09127043296144566
IM2607,7620.0,7637.8,7203.8,39448,5876477.636,0,-43395.0,7265.4,7265.9,7658.2,2026-07-17,202607.zip,20260717_1.csv,IM,2026-07-17,7168.0,97.39999999999964,-0.013588169642857029,0,
IM2608,7588.0,7588.0,7088.0,90297,13248671.96,118008,32108.0,7118.8,7197.4,7608.8,2026-07-17,202607.zip,20260717_1.csv,IM,2026-08-21,7168.0,-49.19999999999982,0.006863839285714213,35,0.0720747477504227
IM2609,7520.0,7534.6,7018.8,282694,41193460.32,273252,16946.0,7065.2,7143.6,7555.0,2026-07-17,202607.zip,20260717_1.csv,IM,2026-09-18,7168.0,-102.80000000000018,0.014341517857142883,63,0.08429871788304644
IM2612,7325.0,7330.0,6816.6,55793,7905513.084,127296,6011.0,6866.0,6930.4,7346.4,2026-07-17,202607.zip,20260717_1.csv,IM,2026-12-18,7168.0,-302.0,0.0421316964285714,154,0.10424981368762345
IM2608,7205.0,7282.8,6713.6,97418,13671305.244,116948,-1060.0,6910.0,6836.8,7197.4,2026-07-20,202607.zip,20260720_1.csv,IM,2026-08-21,6965.38,-55.38000000000011,0.007950750712811039,32,0.09141506874095588
IM2609,7165.2,7237.0,6652.2,313762,43714475.492,274654,1402.0,6849.8,6779.6,7143.6,2026-07-20,202607.zip,20260720_1.csv,IM,2026-09-18,6965.38,-115.57999999999993,0.01659349525797582,60,0.1026470359231903
IM2612,7020.0,7037.8,6456.6,67178,9090224.916,127385,89.0,6650.6,6582.0,6930.4,2026-07-20,202607.zip,20260720_1.csv,IM,2026-12-18,6965.38,-314.77999999999975,0.04519207853699292,151,0.11440953492619176
IM2703,6800.0,6857.8,6300.0,12521,1651853.904,11330,11330.0,6489.8,6433.2,6930.4,2026-07-20,202607.zip,20260720_1.csv,IM,2027-03-19,6965.38,-475.5799999999999,0.06827768190680195,242,0.11052735264925595
IM2608,6956.0,7234.0,6694.4,83442,11698374.38,118438,1490.0,7220.0,7195.8,6836.8,2026-07-21,202607.zip,20260721_1.csv,IM,2026-08-21,7259.86,-39.85999999999967,0.005490464003438,31,0.06500268072558298
IM2609,6920.0,7175.8,6641.8,294238,40948986.136,269678,-4976.0,7164.4,7141.6,6779.6,2026-07-21,202607.zip,20260721_1.csv,IM,2026-09-18,7259.86,-95.46000000000004,0.013149013892829853,59,0.08242946054361089
IM2612,6680.0,6978.8,6460.0,58797,7958272.376,126493,-892.0,6971.4,6945.8,6582.0,2026-07-21,202607.zip,20260721_1.csv,IM,2026-12-18,7259.86,-288.46000000000004,0.03973354858082667,150,0.10068556291897388
IM2703,6540.0,6814.6,6308.8,14747,1949661.792,14479,3149.0,6800.4,6772.8,6433.2,2026-07-21,202607.zip,20260721_1.csv,IM,2027-03-19,7259.86,-459.46000000000004,0.06328772180179787,241,0.10232672425175876
IM2608,7167.0,7252.6,7055.4,71597,10261574.276,104185,-14253.0,7091.2,7096.4,7195.8,2026-07-22,202607.zip,20260722_1.csv,IM,2026-08-21,7158.76,-67.5600000000004,0.009437388598025453,30,0.11591550090252738
IM2609,7148.0,7194.6,6985.8,231584,32852105.1,255044,-14634.0,7028.8,7027.0,7141.6,2026-07-22,202607.zip,20260722_1.csv,IM,2026-09-18,7158.76,-129.96000000000004,0.018153981974531885,58,0.11635723368682163
IM2612,6950.0,7003.4,6792.8,46329,6389834.932,123558,-2935.0,6828.0,6829.2,6945.8,2026-07-22,202607.zip,20260722_1.csv,IM,2026-12-18,7158.76,-330.7600000000002,0.04620353245534148,149,0.11866593537073973
IM2703,6784.6,6838.0,6623.0,13317,1790804.328,17861,3382.0,6662.2,6660.2,6772.8,2026-07-22,202607.zip,20260722_1.csv,IM,2027-03-19,7158.76,-496.5600000000004,0.06936396806150791,240,0.11335369697697474
IM2608,7145.2,7220.2,7063.0,54505,7786567.4,105492,1307.0,7136.4,7131.0,7096.4,2026-07-23,202607.zip,20260723_1.csv,IM,2026-08-21,7195.5,-59.100000000000364,0.00821346675005219,29,0.10423250204391682
IM2609,7061.0,7159.6,7000.6,186983,26473428.792,250139,-4905.0,7071.6,7068.8,7027.0,2026-07-23,202607.zip,20260723_1.csv,IM,2026-09-18,7195.5,-123.89999999999964,0.017219095267875684,57,0.11219451564597904
IM2612,6857.2,6957.0,6805.6,35825,4929533.148,119793,-3765.0,6876.4,6871.4,6829.2,2026-07-23,202607.zip,20260723_1.csv,IM,2026-12-18,7195.5,-319.10000000000036,0.04434716142033224,148,0.11444499950476948
IM2703,6675.0,6785.6,6632.2,11041,1480532.88,19433,1572.0,6699.0,6693.6,6660.2,2026-07-23,202607.zip,20260723_1.csv,IM,2027-03-19,7195.5,-496.5,0.06900145924536172,239,0.11318900404169492
IM2608,7080.0,7125.0,6932.4,57569,8079702.732,102157,-3335.0,6944.4,6969.0,7131.0,2026-07-24,202607.zip,20260724_1.csv,IM,2026-08-21,6995.69,-51.289999999999964,0.007331657063134545,28,0.09627927333020746
IM2609,7000.0,7054.8,6866.0,207512,28837893.268,253150,3011.0,6880.2,6902.4,7068.8,2026-07-24,202607.zip,20260724_1.csv,IM,2026-09-18,6995.69,-115.48999999999978,0.01650873609322312,56,0.10940776742370481
IM2612,6795.0,6856.8,6669.2,37899,5115681.624,122161,2368.0,6685.0,6703.8,6871.4,2026-07-24,202607.zip,20260724_1.csv,IM,2026-12-18,6995.69,-310.6899999999996,0.04441163058969155,147,0.11539882669597389
IM2703,6650.0,6682.6,6494.4,13185,1731920.808,22597,3164.0,6512.6,6526.0,6693.6,2026-07-24,202607.zip,20260724_1.csv,IM,2027-03-19,6995.69,-483.08999999999924,0.06905537552407259,238,0.1137599912980577
IM2608,6930.2,7208.8,6930.2,64404,9139955.424,107804,5647.0,7207.8,7166.4,6969.0,2026-07-27,202607.zip,20260727_1.csv,IM,2026-08-21,7228.78,-20.979999999999563,0.002902287799601,25,0.04249673964316356
IM2609,6880.4,7155.0,6880.4,218451,30763305.252,256192,3042.0,7148.8,7106.6,6902.4,2026-07-27,202607.zip,20260727_1.csv,IM,2026-09-18,7228.78,-79.97999999999956,0.011064107636419962,53,0.07704868794445978
IM2612,6685.0,6956.2,6685.0,40430,5532992.672,120629,-1532.0,6951.0,6907.6,6703.8,2026-07-27,202607.zip,20260727_1.csv,IM,2026-12-18,7228.78,-277.77999999999975,0.03842695447917899,144,0.10129407838999982
IM2703,6511.0,6775.0,6510.0,11242,1498383.452,23770,1173.0,6771.8,6727.8,6526.0,2026-07-27,202607.zip,20260727_1.csv,IM,2027-03-19,7228.78,-456.97999999999956,0.06321675303439855,235,0.10481370489508124
IM2608,7080.0,7137.6,6949.2,62996,8874400.648,100000,-7804.0,7001.4,6979.6,7166.4,2026-07-28,202607.zip,20260728_1.csv,IM,2026-08-21,7026.28,-24.88000000000011,0.003540991819284134,24,0.054043953114139426
IM2609,7020.0,7075.6,6888.8,201223,28074817.36,245782,-10410.0,6943.2,6920.4,7106.6,2026-07-28,202607.zip,20260728_1.csv,IM,2026-09-18,7026.28,-83.07999999999993,0.011824180078220614,52,0.08398975865705968
IM2612,6852.2,6877.0,6698.0,37929,5142758.688,118939,-1690.0,6754.6,6727.6,6907.6,2026-07-28,202607.zip,20260728_1.csv,IM,2026-12-18,7026.28,-271.6799999999994,0.03866626436748888,143,0.10266321485342547
IM2703,6694.0,6699.8,6525.0,12222,1613778.476,26213,2443.0,6586.0,6558.0,6727.8,2026-07-28,202607.zip,20260728_1.csv,IM,2027-03-19,7026.28,-440.27999999999975,0.0626618922103872,234,0.10427597000630706
IM2608,7006.2,7128.0,6877.2,77435,10842507.756,112058,12058.0,7090.2,7071.0,6979.6,2026-07-29,202607.zip,20260729_1.csv,IM,2026-08-21,7095.19,-4.989999999999782,0.0007032933578945411,23,0.011168814763304457
IM2609,6966.0,7081.0,6825.0,264111,36689338.6,270906,25124.0,7047.2,7024.2,6920.4,2026-07-29,202607.zip,20260729_1.csv,IM,2026-09-18,7095.19,-47.98999999999978,0.0067637371233186805,51,0.04873678101050874
IM2612,6770.0,6904.6,6642.8,55092,7466690.148,125388,6449.0,6883.0,6856.6,6727.6,2026-07-29,202607.zip,20260729_1.csv,IM,2026-12-18,7095.19,-212.1899999999996,0.029906175874078067,142,0.07924131305338919
IM2703,6600.2,6734.2,6473.8,14832,1959289.76,29541,3328.0,6715.6,6687.0,6558.0,2026-07-29,202607.zip,20260729_1.csv,IM,2027-03-19,7095.19,-379.58999999999924,0.05349962439342704,233,0.08854557973657881
IM2608,7063.2,7125.6,6810.0,69243,9631387.544,106556,-5502.0,6885.2,6921.4,7071.0,2026-07-30,202607.zip,20260730_1.csv,IM,2026-08-21,6900.66,-15.460000000000036,0.002240365414322709,22,0.03725315960980777
IM2609,7033.4,7088.0,6757.6,260301,35941829.624,262964,-7942.0,6845.2,6876.8,7024.2,2026-07-30,202607.zip,20260730_1.csv,IM,2026-09-18,6900.66,-55.460000000000036,0.008036912411276576,50,0.05914480219715994
IM2612,6856.6,6925.0,6600.0,52693,7109621.024,121861,-3527.0,6690.0,6715.4,6856.6,2026-07-30,202607.zip,20260730_1.csv,IM,2026-12-18,6900.66,-210.65999999999985,0.030527514759457808,141,0.08151353242375067
IM2703,6697.0,6762.0,6439.4,15753,2071416.372,31669,2128.0,6527.8,6548.0,6687.0,2026-07-30,202607.zip,20260730_1.csv,IM,2027-03-19,6900.66,-372.8599999999997,0.05403251283210586,232,0.08986360457290891
IM2608,7130.2,7242.8,7041.0,75253,10760167.824,112159,5603.0,7043.4,7082.2,6921.4,2026-07-31,202607.zip,20260731_1.csv,IM,2026-08-21,7075.51,-32.11000000000058,0.004538188766604945,21,0.07923763820773992
IM2609,7110.0,7205.0,6986.0,234697,33346014.528,260164,-2800.0,6987.8,7035.6,6876.8,2026-07-31,202607.zip,20260731_1.csv,IM,2026-09-18,7075.51,-87.71000000000004,0.012396279561473267,49,0.09349866910901805
IM2612,7000.0,7045.0,6830.0,50176,6972388.76,125627,3766.0,6830.6,6878.6,6715.4,2026-07-31,202607.zip,20260731_1.csv,IM,2026-12-18,7075.51,-244.90999999999985,0.034613759290849644,140,0.09347866324230018
IM2703,6700.0,6876.8,6666.0,15163,2054650.292,32686,1017.0,6666.0,6711.2,6548.0,2026-07-31,202607.zip,20260731_1.csv,IM,2027-03-19,7075.51,-409.5100000000002,0.057877100025298556,231,0.09706889520120839
IM2608,7036.0,7116.6,7031.2,42051,5950975.984,100320,-11839.0,7067.8,7071.0,7082.2,2026-08-03,202608.zip,20260803_1.csv,IM,2026-08-21,7079.78,-11.979999999999563,0.0016921429761941331,18,0.03437105998723168
IM2609,7000.0,7064.2,6976.0,144370,20291591.792,248782,-11382.0,7023.4,7025.2,7035.6,2026-08-03,202608.zip,20260803_1.csv,IM,2026-09-18,7079.78,-56.38000000000011,0.007963524290302781,46,0.06369607931746203
IM2612,6835.0,6903.0,6824.4,31141,4277626.884,119634,-5993.0,6866.2,6867.6,6878.6,2026-08-03,202608.zip,20260803_1.csv,IM,2026-12-18,7079.78,-213.57999999999993,0.030167604078092825,137,0.08287364296106596
IM2703,6663.6,6735.0,6660.8,9678,1296854.52,32772,86.0,6701.0,6698.6,6711.2,2026-08-03,202608.zip,20260803_1.csv,IM,2027-03-19,7079.78,-378.77999999999975,0.05350166248103749,228,0.09049101076822769
IM2608,7126.8,7314.8,7100.0,49236,7115491.724,97684,-2636.0,7256.0,7269.6,7071.0,2026-08-04,202608.zip,20260804_1.csv,IM,2026-08-21,7279.19,-23.1899999999996,0.003185794023785604,17,0.0686194792139573
IM2609,7073.2,7269.8,7057.8,174207,25031336.332,255909,7127.0,7211.4,7229.8,7025.2,2026-08-04,202608.zip,20260804_1.csv,IM,2026-09-18,7279.19,-67.78999999999996,0.00931284936922927,45,0.07624763876947872
IM2612,6916.6,7107.0,6897.6,36861,5177803.62,121553,1919.0,7048.8,7067.6,6867.6,2026-08-04,202608.zip,20260804_1.csv,IM,2026-12-18,7279.19,-230.38999999999942,0.03165049957481525,136,0.08772076139785114
IM2703,6740.6,6937.2,6728.8,12687,1739086.584,35703,2931.0,6884.4,6897.2,6698.6,2026-08-04,202608.zip,20260804_1.csv,IM,2027-03-19,7279.19,-394.78999999999996,0.05423543004097986,227,0.09220767145896096
IM2608,7253.0,7510.8,7250.0,50025,7431902.752,90775,-6909.0,7479.2,7466.0,7269.6,2026-08-05,202608.zip,20260805_1.csv,IM,2026-08-21,7493.05,-13.850000000000364,0.001848379498335162,16,0.04224424069419107
IM2609,7206.4,7466.0,7201.6,182820,26979282.676,252228,-3681.0,7433.8,7416.2,7229.8,2026-08-05,202608.zip,20260805_1.csv,IM,2026-09-18,7493.05,-59.25,0.00790732745677658,44,0.0661176897169934
IM2612,7045.2,7299.8,7043.2,42790,6177397.548,122162,609.0,7269.0,7252.8,7067.6,2026-08-05,202608.zip,20260805_1.csv,IM,2026-12-18,7493.05,-224.05000000000018,0.029901041631912317,135,0.08333537141488712
IM2703,6850.0,7135.0,6850.0,15397,2172777.696,38013,2310.0,7100.0,7084.0,6897.2,2026-08-05,202608.zip,20260805_1.csv,IM,2027-03-19,7493.05,-393.0500000000002,0.052455275221705455,226,0.08940748473139737
IM2608,7442.0,7537.8,7408.0,53523,8009376.168,85989,-4786.0,7508.6,7492.2,7466.0,2026-08-06,202608.zip,20260806_1.csv,IM,2026-08-21,7530.43,-21.829999999999927,0.002898904843415262,15,0.07074510117287673
IM2609,7377.0,7477.0,7352.0,171996,25539630.416,246184,-6044.0,7451.8,7432.6,7416.2,2026-08-06,202608.zip,20260806_1.csv,IM,2026-09-18,7530.43,-78.63000000000011,0.010441634807042854,43,0.08956771487082513
IM2612,7220.0,7294.4,7190.0,37406,5422881.568,120054,-2108.0,7269.0,7251.4,7252.8,2026-08-06,202608.zip,20260806_1.csv,IM,2026-12-18,7530.43,-261.4300000000003,0.03471647701392888,134,0.09796452118277792
IM2703,7060.0,7114.8,7025.0,14348,2030518.02,38355,342.0,7087.8,7074.0,7084.0,2026-08-06,202608.zip,20260806_1.csv,IM,2027-03-19,7530.43,-442.6300000000001,0.058778847954233715,225,0.10130706597565134
IM2608,7523.0,7659.6,7427.4,49898,7550082.284,78709,-7280.0,7655.6,7629.8,7492.2,2026-08-07,202608.zip,20260807_1.csv,IM,2026-08-21,7679.53,-23.92999999999938,0.003116076114032973,14,0.08149449889156826
IM2609,7450.0,7594.2,7369.0,177728,26662927.832,241397,-4787.0,7590.6,7564.6,7432.6,2026-08-07,202608.zip,20260807_1.csv,IM,2026-09-18,7679.53,-88.92999999999938,0.011580135763516686,42,0.10181593650291769
IM2612,7269.0,7404.0,7186.0,40350,5903750.884,120365,311.0,7400.0,7375.2,7251.4,2026-08-07,202608.zip,20260807_1.csv,IM,2026-12-18,7679.53,-279.52999999999975,0.03639936298184909,133,0.10366637878479966
IM2703,7090.0,7218.8,7003.6,13099,1868410.176,39451,1096.0,7217.0,7194.0,7074.0,2026-08-07,202608.zip,20260807_1.csv,IM,2027-03-19,7679.53,-462.52999999999975,0.06022894630270337,224,0.1044306659375681
IM2608,7687.8,7696.0,7601.6,47167,7213696.88,73842,-4867.0,7682.8,7681.2,7629.8,2026-08-10,202608.zip,20260810_1.csv,IM,2026-08-21,7733.9,-51.099999999999454,0.00660727446695708,11,0.22069960289098772
IM2609,7628.8,7631.2,7525.0,142720,21614861.78,236892,-4505.0,7607.2,7604.6,7564.6,2026-08-10,202608.zip,20260810_1.csv,IM,2026-09-18,7733.9,-126.69999999999982,0.0163824202536883,39,0.1558762818490441
IM2612,7439.0,7439.0,7332.0,32646,4818112.768,117067,-3298.0,7413.2,7406.2,7375.2,2026-08-10,202608.zip,20260810_1.csv,IM,2026-12-18,7733.9,-320.6999999999998,0.041466789071490484,130,0.1214626508224411
IM2703,7255.0,7255.0,7145.0,11170,1605819.54,40143,692.0,7220.0,7211.0,7194.0,2026-08-10,202608.zip,20260810_1.csv,IM,2027-03-19,7733.9,-513.8999999999996,0.06644771719313669,221,0.11755524498314124
IM2608,7663.0,7766.4,7623.2,41217,6348369.692,67959,-5883.0,7684.4,7691.0,7681.2,2026-08-11,202608.zip,20260811_1.csv,IM,2026-08-21,7698.05,-13.650000000000546,0.0017731763238743037,10,0.0648359013065486
IM2609,7588.0,7692.0,7547.2,154999,23642053.224,241465,4573.0,7613.2,7617.4,7604.6,2026-08-11,202608.zip,20260811_1.csv,IM,2026-09-18,7698.05,-84.85000000000036,0.01102227187404603,38,0.10705177572471125
IM2612,7384.8,7490.0,7353.0,39092,5804839.588,120531,3464.0,7412.2,7411.6,7406.2,2026-08-11,202608.zip,20260811_1.csv,IM,2026-12-18,7698.05,-285.85000000000036,0.037132780379446784,129,0.10911745333327519
IM2703,7199.8,7298.6,7162.4,12232,1769929.924,42488,2345.0,7219.6,7218.6,7211.0,2026-08-11,202608.zip,20260811_1.csv,IM,2027-03-19,7698.05,-478.4499999999998,0.06215210345477096,220,0.10994958799026894
IM2608,7696.6,7785.0,7671.0,36255,5616805.032,63896,-4063.0,7754.4,7755.8,7691.0,2026-08-12,202608.zip,20260812_1.csv,IM,2026-08-21,7793.72,-39.32000000000062,0.005045087583336438,9,0.2056438208558325
IM2609,7633.2,7712.8,7600.0,129080,19802376.004,231319,-10146.0,7677.4,7681.2,7617.4,2026-08-12,202608.zip,20260812_1.csv,IM,2026-09-18,7793.72,-116.32000000000062,0.01492483691998181,37,0.14946219828081034
IM2612,7412.0,7504.4,7396.2,30282,4520764.52,116315,-4216.0,7473.6,7475.8,7411.6,2026-08-12,202608.zip,20260812_1.csv,IM,2026-12-18,7793.72,-320.1199999999999,0.041074095553856216,128,0.1221422323244486
IM2703,7230.0,7313.0,7201.4,11346,1650157.736,43012,524.0,7281.2,7281.6,7218.6,2026-08-12,202608.zip,20260812_1.csv,IM,2027-03-19,7793.72,-512.5200000000004,0.06576063805217536,219,0.11731582706147345
IM2608,7809.6,7849.8,7700.6,42568,6633613.048,63274,-622.0,7709.4,7737.2,7755.8,2026-08-13,202608.zip,20260813_1.csv,IM,2026-08-21,7715.89,-6.490000000000691,0.0008411213742032242,8,0.038408468882151214
IM2609,7723.0,7776.0,7627.0,151812,23425098.716,238326,7007.0,7634.2,7662.8,7681.2,2026-08-13,202608.zip,20260813_1.csv,IM,2026-09-18,7715.89,-81.69000000000051,0.010587242690085041,36,0.10849150314811484
IM2612,7510.0,7561.8,7421.8,36357,5458538.348,121400,5085.0,7433.6,7459.0,7475.8,2026-08-13,202608.zip,20260813_1.csv,IM,2026-12-18,7715.89,-282.28999999999996,0.03658553971090828,127,0.1091403768714772
IM2703,7328.0,7364.4,7226.8,11952,1747446.032,45160,2148.0,7238.2,7260.6,7281.6,2026-08-13,202608.zip,20260813_1.csv,IM,2027-03-19,7715.89,-477.6900000000005,0.061909902810952544,218,0.11049737009480026
IM2608,7745.6,7765.0,7665.0,39939,6170343.32,61795,-1479.0,7730.8,7740.6,7737.2,2026-08-14,202608.zip,20260814_1.csv,IM,2026-08-21,7769.82,-39.01999999999953,0.005021995361539799,7,0.26318288996149025
IM2609,7670.0,7695.0,7597.6,146100,22358378.712,231307,-7019.0,7650.2,7665.0,7662.8,2026-08-14,202608.zip,20260814_1.csv,IM,2026-09-18,7769.82,-119.61999999999989,0.015395466046832507,35,0.16306315054321735
IM2612,7459.0,7492.4,7397.4,34645,5160918.212,118508,-2892.0,7442.4,7458.6,7459.0,2026-08-14,202608.zip,20260814_1.csv,IM,2026-12-18,7769.82,-327.4200000000001,0.0421399723545719,126,0.12744256844950166
IM2703,7270.0,7297.4,7205.0,10667,1547613.552,45138,-22.0,7245.6,7259.8,7260.6,2026-08-14,202608.zip,20260814_1.csv,IM,2027-03-19,7769.82,-524.2199999999993,0.06746874444967832,217,0.12169489546237855
IM2608,7760.6,7959.0,7720.8,46788,7327822.672,55638,-6157.0,7955.6,7935.8,7740.6,2026-08-17,202608.zip,20260817_1.csv,IM,2026-08-21,7968.38,-12.779999999999745,0.0016038391743364855,4,0.14658542410377146
IM2609,7675.0,7875.0,7631.4,153569,23833753.656,233965,2658.0,7875.0,7857.2,7665.0,2026-08-17,202608.zip,20260817_1.csv,IM,2026-09-18,7968.38,-93.38000000000011,0.011718818630637617,32,0.1352527777777774
IM2612,7474.0,7659.4,7423.0,37645,5680487.688,121129,2621.0,7657.8,7640.0,7458.6,2026-08-17,202608.zip,20260817_1.csv,IM,2026-12-18,7968.38,-310.5799999999999,0.03897655483297735,123,0.12035308279118981
IM2703,7275.0,7456.4,7220.6,11681,1715497.552,47075,1937.0,7452.0,7437.4,7259.8,2026-08-17,202608.zip,20260817_1.csv,IM,2027-03-19,7968.38,-516.3800000000001,0.06480363637276332,214,0.11818861899960363
IM2608,7948.0,7968.0,7807.8,42950,6774479.46,48947,-6691.0,7900.8,7893.6,7935.8,2026-08-18,202608.zip,20260818_1.csv,IM,2026-08-21,7945.96,-45.159999999999854,0.005683391308287433,3,0.695431686242733
IM2609,7861.0,7882.8,7725.0,162697,25365631.008,232234,-1731.0,7807.0,7801.0,7857.2,2026-08-18,202608.zip,20260818_1.csv,IM,2026-09-18,7945.96,-138.96000000000004,0.01748813233391555,31,0.2095737076321096
IM2612,7640.0,7663.0,7510.0,40409,6124011.972,121082,-47.0,7586.8,7581.8,7640.0,2026-08-18,202608.zip,20260818_1.csv,IM,2026-12-18,7945.96,-359.15999999999985,0.04520032821710651,122,0.1416323173899102
IM2703,7437.4,7455.0,7315.8,12669,1868713.208,48094,1019.0,7386.2,7382.0,7437.4,2026-08-18,202608.zip,20260818_1.csv,IM,2027-03-19,7945.96,-559.7600000000002,0.07044586179643497,213,0.1298655798028629
IM2608,7793.0,7820.0,7497.6,55695,8506709.9,47114,-1833.0,7536.8,7528.4,7893.6,2026-08-19,202608.zip,20260819_1.csv,IM,2026-08-21,7517.77,19.029999999999745,-0.002531335755150854,2,-0.46080232990127423
IM2609,7711.0,7734.6,7430.0,208054,31443735.94,253524,21290.0,7468.8,7459.2,7801.0,2026-08-19,202608.zip,20260819_1.csv,IM,2026-09-18,7517.77,-48.970000000000255,0.006513899733564643,30,0.0797720740502726
IM2612,7500.0,7520.0,7228.8,54815,8058386.78,130133,9051.0,7265.6,7255.0,7581.8,2026-08-19,202608.zip,20260819_1.csv,IM,2026-12-18,7517.77,-252.17000000000007,0.03354319166454944,121,0.10469584056011232
IM2703,7308.0,7324.0,7043.0,16838,2409676.64,52257,4163.0,7077.6,7066.2,7382.0,2026-08-19,202608.zip,20260819_1.csv,IM,2027-03-19,7517.77,-440.1700000000001,0.05855060742746854,212,0.10707582492519566
IM2608,7600.0,7656.2,7546.0,38088,5788190.812,28961,-18153.0,7585.0,7575.6,7528.4,2026-08-20,202608.zip,20260820_1.csv,IM,2026-08-21,7589.78,-4.779999999999745,0.0006297942759868613,1,0.2300197758734368
IM2609,7550.0,7582.2,7482.8,168401,25360535.244,246313,-7211.0,7516.2,7510.4,7459.2,2026-08-20,202608.zip,20260820_1.csv,IM,2026-09-18,7589.78,-73.57999999999993,0.009694615654208705,29,0.12321294050827082
IM2612,7330.0,7376.0,7280.6,46578,6824507.392,129402,-731.0,7313.4,7307.4,7255.0,2026-08-20,202608.zip,20260820_1.csv,IM,2026-12-18,7589.78,-276.3800000000001,0.03641475774001357,120,0.11494733411728228
IM2703,7120.4,7180.0,7096.8,14511,2071104.796,51666,-591.0,7128.2,7123.0,7066.2,2026-08-20,202608.zip,20260820_1.csv,IM,2027-03-19,7589.78,-461.5799999999999,0.06081599203138954,211,0.1120153436368014
IM2608,7570.0,7642.8,7476.6,21454,3250776.468,0,-28961.0,7585.0,7585.57,7575.6,2026-08-21,202608.zip,20260821_1.csv,IM,2026-08-21,7601.8,-16.800000000000182,0.002210002894051488,0,
IM2609,7500.0,7575.0,7410.0,170783,25657552.68,254020,7707.0,7527.0,7529.6,7510.4,2026-08-21,202608.zip,20260821_1.csv,IM,2026-09-18,7601.8,-74.80000000000018,0.009839774790181277,28,0.12954316840327157
IM2612,7296.6,7371.6,7216.0,49672,7259515.776,134240,4838.0,7314.6,7318.0,7307.4,2026-08-21,202608.zip,20260821_1.csv,IM,2026-12-18,7601.8,-287.1999999999998,0.03778052566497403,119,0.12043140609537238
IM2703,7110.2,7185.0,7030.0,17535,2495558.532,56215,4549.0,7117.0,7116.2,7123.0,2026-08-21,202608.zip,20260821_1.csv,IM,2027-03-19,7601.8,-484.8000000000002,0.06377436922834068,210,0.1183965956763486
IM2609,7534.8,7549.0,7308.8,174420,25844480.448,254533,513.0,7425.8,7385.2,7529.6,2026-08-24,202608.zip,20260824_1.csv,IM,2026-09-18,7491.49,-65.6899999999996,0.00876861612309432,25,0.129154299873413
IM2610,7482.2,7484.0,7241.6,5856,860059.984,5631,5631.0,7361.2,7320.2,7529.6,2026-08-24,202608.zip,20260824_1.csv,IM,2026-10-16,7491.49,-130.28999999999996,0.017391733820641853,53,0.12189319522350293
IM2612,7318.0,7332.8,7104.4,53216,7661137.712,135542,1302.0,7213.0,7175.2,7318.0,2026-08-24,202608.zip,20260824_1.csv,IM,2026-12-18,7491.49,-278.4899999999998,0.0371741803032507,116,0.12148664767158898
IM2703,7120.2,7125.6,6907.0,19275,2697635.256,57680,1465.0,7018.2,6980.2,7116.2,2026-08-24,202608.zip,20260824_1.csv,IM,2027-03-19,7491.49,-473.28999999999996,0.0631770181899729,207,0.11891156836256095
IM2609,7380.0,7509.6,7300.2,181414,26881393.212,255263,730.0,7466.4,7474.8,7385.2,2026-08-25,202608.zip,20260825_1.csv,IM,2026-09-18,7527.5,-61.100000000000364,0.008116904682829662,24,0.12445477963498934
IM2610,7300.0,7443.0,7236.2,8177,1202135.108,7365,1734.0,7401.0,7408.2,7320.2,2026-08-25,202608.zip,20260825_1.csv,IM,2026-10-16,7527.5,-126.5,0.01680504815675854,52,0.1199746915697463
IM2612,7179.8,7296.0,7095.0,54874,7901821.584,137323,1781.0,7252.8,7262.8,7175.2,2026-08-25,202608.zip,20260825_1.csv,IM,2026-12-18,7527.5,-274.6999999999998,0.036492859515111276,115,0.12021204404415935
IM2703,6980.0,7091.8,6898.6,18906,2645669.92,59216,1536.0,7048.0,7056.8,6980.2,2026-08-25,202608.zip,20260825_1.csv,IM,2027-03-19,7527.5,-479.5,0.06369976751909667,206,0.12054476653846592
IM2609,7466.0,7558.0,7395.0,170411,25502943.168,244111,-11152.0,7491.8,7487.2,7474.8,2026-08-26,202608.zip,20260826_1.csv,IM,2026-09-18,7544.67,-52.86999999999989,0.0070075960910152,23,0.11199229998711446
IM2610,7428.0,7493.8,7334.0,8395,1244984.624,10349,2984.0,7425.0,7422.8,7408.2,2026-08-26,202608.zip,20260826_1.csv,IM,2026-10-16,7544.67,-119.67000000000007,0.015861528734855246,51,0.1153483858189743
IM2612,7267.0,7346.6,7189.4,52197,7590028.188,136620,-703.0,7278.6,7276.4,7262.8,2026-08-26,202608.zip,20260826_1.csv,IM,2026-12-18,7544.67,-266.0699999999997,0.03526595596626492,114,0.11704047337038509
IM2703,7056.2,7142.4,6985.0,17355,2453375.852,59766,550.0,7073.4,7072.2,7056.8,2026-08-26,202608.zip,20260826_1.csv,IM,2027-03-19,7544.67,-471.27000000000044,0.06246396462668358,205,0.11862618935800032
IM2609,7511.0,7696.0,7472.0,168494,25607266.152,245325,1214.0,7686.6,7668.8,7487.2,2026-08-27,202608.zip,20260827_1.csv,IM,2026-09-18,7732.95,-46.349999999999454,0.005993831590790033,22,0.10004275445107469
IM2610,7448.0,7631.8,7410.0,7492,1129998.356,11112,763.0,7624.0,7609.4,7422.8,2026-08-27,202608.zip,20260827_1.csv,IM,2026-10-16,7732.95,-108.94999999999982,0.014089060449117063,50,0.10431991080797505
IM2612,7300.0,7484.0,7261.2,51147,7555860.816,137234,614.0,7479.0,7457.8,7276.4,2026-08-27,202608.zip,20260827_1.csv,IM,2026-12-18,7732.95,-253.94999999999982,0.032839989913293066,113,0.10967789456495844
IM2703,7090.0,7280.0,7058.2,19387,2784799.496,60809,1043.0,7273.6,7254.8,7072.2,2026-08-27,202608.zip,20260827_1.csv,IM,2027-03-19,7732.95,-459.34999999999945,0.05940165137496034,204,0.11299442167430072
IM2609,7680.0,7753.8,7652.0,134286,20667451.844,230428,-14897.0,7666.6,7668.4,7668.8,2026-08-28,202608.zip,20260828_1.csv,IM,2026-09-18,7705.03,-38.42999999999938,0.004987650924136444,21,0.08712467064930965
IM2610,7638.0,7688.0,7589.0,7572,1155628.736,12621,1509.0,7605.6,7604.2,7609.4,2026-08-28,202608.zip,20260828_1.csv,IM,2026-10-16,7705.03,-99.42999999999938,0.012904557152924712,49,0.09738246039974796
IM2612,7474.0,7541.8,7442.0,43116,6455216.024,134939,-2295.0,7456.8,7457.6,7457.8,2026-08-28,202608.zip,20260828_1.csv,IM,2026-12-18,7705.03,-248.22999999999956,0.03221661693724742,112,0.10848672879595993
IM2703,7254.0,7338.4,7240.0,16940,2466817.532,60190,-619.0,7258.8,7256.4,7254.8,2026-08-28,202608.zip,20260828_1.csv,IM,2027-03-19,7705.03,-446.22999999999956,0.0579141158438059,203,0.1105326953579159
IM2609,7582.0,7735.0,7552.8,153561,23450420.912,235454,5026.0,7713.6,7712.6,7668.4,2026-08-31,202608.zip,20260831_1.csv,IM,2026-09-18,7770.42,-56.81999999999971,0.007312346050792562,18,0.14937037613219972
IM2610,7586.0,7676.0,7492.2,9611,1456347.876,15372,2751.0,7649.0,7647.0,7604.2,2026-08-31,202608.zip,20260831_1.csv,IM,2026-10-16,7770.42,-121.42000000000007,0.015625924982175965,46,0.1259565046866034
IM2612,7360.0,7522.0,7348.0,51997,7723391.16,140346,5407.0,7501.0,7501.2,7457.6,2026-08-31,202608.zip,20260831_1.csv,IM,2026-12-18,7770.42,-269.4200000000001,0.03467251448441655,109,0.12027546174271561
IM2703,7170.0,7321.6,7152.0,17801,2572678.888,62931,2741.0,7300.6,7301.2,7256.4,2026-08-31,202608.zip,20260831_1.csv,IM,2027-03-19,7770.42,-469.8199999999997,0.06046262621582865,200,0.11744534695778414
IM2609,7713.4,7721.0,7598.4,153015,23411687.88,223987,-11467.0,7645.0,7647.0,7712.6,2026-09-01,202609.zip,20260901_1.csv,IM,2026-09-18,7691.37,-46.36999999999989,0.006028834914976078,17,0.13022775362597797
IM2610,7659.4,7659.4,7535.2,8955,1358786.66,17370,1998.0,7580.0,7580.6,7647.0,2026-09-01,202609.zip,20260901_1.csv,IM,2026-10-16,7691.37,-111.36999999999989,0.0144798650955551,45,0.11917340955731384
IM2612,7501.0,7508.6,7386.0,51037,7589514.608,140113,-233.0,7428.0,7428.2,7501.2,2026-09-01,202609.zip,20260901_1.csv,IM,2026-12-18,7691.37,-263.3699999999999,0.03424227413321679,108,0.11982943666606849
IM2703,7301.4,7306.4,7182.4,16936,2449289.996,63072,141.0,7224.0,7223.8,7301.2,2026-09-01,202609.zip,20260901_1.csv,IM,2027-03-19,7691.37,-467.3699999999999,0.060765507315341694,199,0.11866506536002287
IM2609,7570.0,7575.0,7466.2,158300,23807928.152,224278,291.0,7540.4,7545.6,7647.0,2026-09-02,202609.zip,20260902_1.csv,IM,2026-09-18,7583.76,-43.36000000000058,0.00571748051098675,16,0.13118004349902082
IM2610,7510.4,7510.4,7402.8,8402,1252482.056,18509,1139.0,7474.6,7478.0,7580.6,2026-09-02,202609.zip,20260902_1.csv,IM,2026-10-16,7583.76,-109.15999999999985,0.01439391541926427,44,0.12114786318757158
IM2612,7351.0,7355.2,7248.0,57205,8352515.268,143589,3476.0,7320.4,7324.6,7428.2,2026-09-02,202609.zip,20260902_1.csv,IM,2026-12-18,7583.76,-263.3600000000006,0.03472683734717352,107,0.12272247009636869
IM2703,7169.8,7169.8,7046.0,19097,2711035.244,66364,3292.0,7116.4,7118.8,7223.8,2026-09-02,202609.zip,20260902_1.csv,IM,2027-03-19,7583.76,-467.3600000000006,0.06162642277709218,198,0.12106507148944347
IM2609,7595.0,7618.6,7476.0,163322,24664577.452,222689,-1589.0,7559.4,7580.4,7545.6,2026-09-03,202609.zip,20260903_1.csv,IM,2026-09-18,7600.1,-40.70000000000073,0.005355192694833089,15,0.13101127955481484
IM2610,7539.0,7549.4,7411.8,11107,1662240.284,21391,2882.0,7490.0,7511.2,7478.0,2026-09-03,202609.zip,20260903_1.csv,IM,2026-10-16,7600.1,-110.10000000000036,0.014486651491427804,43,0.12477566988542918
IM2612,7363.4,7393.8,7258.0,59776,8762816.172,146088,2499.0,7335.8,7356.2,7324.6,2026-09-03,202609.zip,20260903_1.csv,IM,2026-12-18,7600.1,-264.3000000000002,0.03477585821239193,106,0.12406140061636209
IM2703,7160.0,7182.0,7051.8,19170,2730894.088,67622,1258.0,7130.0,7146.8,7118.8,2026-09-03,202609.zip,20260903_1.csv,IM,2027-03-19,7600.1,-470.10000000000036,0.061854449283562096,197,0.12215953182734014
IM2609,7626.6,7689.4,7432.0,167832,25436659.284,220708,-1981.0,7468.2,7473.6,7580.4,2026-09-04,202609.zip,20260904_1.csv,IM,2026-09-18,7508.09,-39.89000000000033,0.005312935779938743,14,0.13925568218771586
IM2610,7548.8,7620.2,7366.4,12205,1834258.408,23024,1633.0,7404.0,7406.6,7511.2,2026-09-04,202609.zip,20260904_1.csv,IM,2026-10-16,7508.09,-104.09000000000015,0.013863712342286783,42,0.1221760759949571
IM2612,7390.0,7462.0,7213.8,69950,10286503.548,152933,6845.0,7252.2,7254.0,7356.2,2026-09-04,202609.zip,20260904_1.csv,IM,2026-12-18,7508.09,-255.89000000000033,0.03408190365325936,105,0.12265552259347276
IM2703,7180.0,7245.0,7002.8,24073,3437120.836,70318,2696.0,7044.8,7045.0,7146.8,2026-09-04,202609.zip,20260904_1.csv,IM,2027-03-19,7508.09,-463.28999999999996,0.0617054403982904,196,0.12246755603785904
IM2609,7527.2,7662.2,7512.6,155029,23542925.708,209614,-11094.0,7604.0,7609.6,7473.6,2026-09-07,202609.zip,20260907_1.csv,IM,2026-09-18,7639.36,-35.35999999999967,0.0046286599924600935,11,0.15430156377026383
IM2610,7450.0,7593.6,7439.4,13928,2096542.212,26538,3514.0,7536.4,7540.4,7406.6,2026-09-07,202609.zip,20260907_1.csv,IM,2026-10-16,7639.36,-102.96000000000004,0.013477568801575024,39,0.12785945544291707
IM2612,7299.0,7443.4,7292.4,64391,9495014.552,152122,-811.0,7381.0,7388.8,7254.0,2026-09-07,202609.zip,20260907_1.csv,IM,2026-12-18,7639.36,-258.3599999999997,0.03381958698110832,102,0.1252572184543778
IM2703,7072.8,7231.4,7072.8,19670,2816112.844,69093,-1225.0,7168.4,7177.6,7045.0,2026-09-07,202609.zip,20260907_1.csv,IM,2027-03-19,7639.36,-470.96000000000004,0.06164914338373895,193,0.12425027170196903
