date,symbol,open,close,high,low
2015-01-05,sh000852,6025.75,6049.79,6052.44,5948.27
2015-01-06,sh000852,6021.45,6172.39,6172.64,5986.4
2015-01-07,sh000852,6161.48,6166.77,6171.15,6118.14
2015-01-08,sh000852,6161.55,6164.11,6211.46,6126.97
2015-01-09,sh000852,6148.11,6128.01,6214.29,6128.01
2015-01-12,sh000852,6098.81,6062.28,6102.44,6033.71
2015-01-13,sh000852,6059.38,6167.12,6167.35,6058.6
2015-01-14,sh000852,6167.75,6139.29,6170.91,6114.24
2015-01-15,sh000852,6136.56,6168.66,6177.05,6136.1
2015-01-16,sh000852,6172.96,6252.08,6252.14,6169.05
2015-01-19,sh000852,6133.54,6109.29,6296.61,6033.88
2015-01-20,sh000852,6135.61,6336.63,6336.71,6135.61
2015-01-21,sh000852,6358.02,6465.73,6465.83,6357.68
2015-01-22,sh000852,6472.17,6568.64,6569.9,6466.65
2015-01-23,sh000852,6576.98,6502.07,6577.38,6481.21
2015-01-26,sh000852,6508.73,6642.61,6642.72,6508.09
2015-01-27,sh000852,6652.21,6693.81,6694.82,6582.44
2015-01-28,sh000852,6680.08,6666.26,6725.67,6649.19
2015-01-29,sh000852,6620.23,6625.0,6661.73,6594.44
2015-01-30,sh000852,6629.28,6546.6,6655.6,6546.14
2015-02-02,sh000852,6485.15,6535.9,6567.4,6449.57
2015-02-03,sh000852,6547.75,6654.55,6661.89,6547.62
2015-02-04,sh000852,6665.88,6653.34,6692.31,6645.19
2015-02-05,sh000852,6685.76,6654.08,6729.51,6649.22
2015-02-06,sh000852,6637.54,6526.95,6658.95,6503.59
2015-02-09,sh000852,6508.38,6474.82,6541.72,6458.18
2015-02-10,sh000852,6468.52,6555.82,6556.07,6458.43
2015-02-11,sh000852,6563.87,6645.51,6645.98,6563.73
2015-02-12,sh000852,6652.56,6703.81,6707.65,6652.47
2015-02-13,sh000852,6732.3,6815.85,6824.59,6731.72
2015-02-16,sh000852,6831.26,6965.3,6965.46,6831.08
2015-02-17,sh000852,6987.39,7020.05,7020.2,6948.22
2015-02-25,sh000852,7037.96,7004.67,7060.07,6984.17
2015-02-26,sh000852,7001.18,7045.27,7045.53,6967.94
2015-02-27,sh000852,7045.79,7141.89,7142.26,7042.14
2015-03-02,sh000852,7187.53,7317.68,7317.87,7172.75
2015-03-03,sh000852,7306.44,7282.11,7386.82,7272.46
2015-03-04,sh000852,7277.54,7411.03,7411.27,7277.54
2015-03-05,sh000852,7417.53,7450.91,7451.24,7375.11
2015-03-06,sh000852,7454.92,7338.4,7467.43,7330.45
2015-03-09,sh000852,7314.93,7450.82,7450.82,7284.73
2015-03-10,sh000852,7460.61,7566.48,7577.37,7458.68
2015-03-11,sh000852,7573.26,7566.31,7573.75,7538.49
2015-03-12,sh000852,7566.49,7514.44,7592.53,7455.08
2015-03-13,sh000852,7530.21,7649.35,7649.76,7530.21
2015-03-16,sh000852,7707.4,7903.36,7903.62,7706.95
2015-03-17,sh000852,7946.13,7993.24,8031.47,7896.75
2015-03-18,sh000852,7992.92,8150.95,8150.96,7968.12
2015-03-19,sh000852,8149.48,8216.62,8217.38,8103.79
2015-03-20,sh000852,8216.3,8318.83,8336.83,8213.72
2015-03-23,sh000852,8360.92,8560.44,8560.76,8360.92
2015-03-24,sh000852,8593.78,8655.38,8665.25,8319.36
2015-03-25,sh000852,8662.77,8784.91,8834.25,8604.24
2015-03-26,sh000852,8730.36,8611.86,8786.74,8523.36
2015-03-27,sh000852,8586.403,8710.291,8715.285,8715.285
2015-03-30,sh000852,8721.21,8719.22,8758.75,8663.83
2015-03-31,sh000852,8734.95,8780.74,8859.42,8676.63
2015-04-01,sh000852,8785.12,9008.2,9015.01,8782.13
2015-04-02,sh000852,9061.5,9238.05,9238.35,9061.5
2015-04-03,sh000852,9204.84,9419.2,9422.84,9159.57
2015-04-07,sh000852,9457.74,9600.72,9600.83,9457.65
2015-04-08,sh000852,9625.21,9455.59,9628.23,9264.54
2015-04-09,sh000852,9446.68,9369.66,9446.68,8988.71
2015-04-10,sh000852,9325.42,9600.4,9621.5,9276.95
2015-04-13,sh000852,9652.53,9813.6,9838.88,9616.39
2015-04-14,sh000852,9830.53,9830.06,9926.39,9741.7
2015-04-15,sh000852,9800.64,9441.19,9800.64,9434.62
2015-04-16,sh000852,9319.96,9541.77,9654.16,9209.41
2015-04-17,sh000852,9612.73,9567.7,9663.93,9526.09
2015-04-20,sh000852,9541.26,9353.61,9591.21,9317.3
2015-04-21,sh000852,9364.31,9716.35,9716.61,9362.87
2015-04-22,sh000852,9798.16,9995.26,9995.6,9798.16
2015-04-23,sh000852,10035.43,10105.27,10157.04,9977.37
2015-04-24,sh000852,9990.33,10123.91,10153.96,9909.48
2015-04-27,sh000852,10202.03,10174.9,10297.1,10093.25
2015-04-28,sh000852,10184.26,9847.89,10184.26,9744.38
2015-04-29,sh000852,9817.45,10107.4,10111.91,9792.64
2015-04-30,sh000852,10156.36,10180.49,10298.49,10155.19
2015-05-04,sh000852,10206.21,10270.13,10281.71,10085.33
2015-05-05,sh000852,10273.57,10007.27,10286.56,9950.57
2015-05-06,sh000852,10032.05,9973.99,10264.64,9913.61
2015-05-07,sh000852,9934.93,9806.51,9989.86,9789.18
2015-05-08,sh000852,9913.85,10274.38,10274.58,9913.85
2015-05-11,sh000852,10424.97,10771.62,10772.06,10386.63
2015-05-12,sh000852,10871.48,11051.43,11051.87,10782.2
2015-05-13,sh000852,10969.33,11137.3,11259.27,10834.98
2015-05-14,sh000852,11158.42,11211.1,11272.84,11093.57
2015-05-15,sh000852,11165.97,11217.93,11316.89,11000.63
2015-05-18,sh000852,11234.72,11542.28,11557.17,11222.2
2015-05-19,sh000852,11624.3,11831.36,11837.65,11525.34
2015-05-20,sh000852,11912.38,12132.37,12321.41,11909.24
2015-05-21,sh000852,12214.48,12586.05,12586.64,12213.73
2015-05-22,sh000852,12782.05,12687.29,12848.23,12386.94
2015-05-25,sh000852,12513.18,12877.87,12894.44,12408.1
2015-05-26,sh000852,12962.67,13401.31,13402.18,12960.29
2015-05-27,sh000852,13484.77,13582.55,13642.14,13174.12
2015-05-28,sh000852,13610.78,12818.99,13806.21,12816.46
2015-05-29,sh000852,12775.09,13027.21,13250.95,12237.6
2015-06-01,sh000852,13146.12,13691.17,13691.6,13146.07
2015-06-02,sh000852,13805.72,14276.32,14277.33,13763.64
2015-06-03,sh000852,14381.02,14356.6,14461.29,13928.16
2015-06-04,sh000852,14366.78,14308.65,14424.36,13459.88
2015-06-05,sh000852,14513.11,14465.75,14656.25,14174.18
2015-06-08,sh000852,14445.11,14099.73,14445.11,13967.37
2015-06-09,sh000852,14018.54,14106.23,14217.84,13899.36
2015-06-10,sh000852,14047.11,14461.81,14596.06,13918.59
2015-06-11,sh000852,14486.94,14768.88,14769.59,14478.84
2015-06-12,sh000852,14844.62,15006.34,15086.44,14825.28
2015-06-15,sh000852,15050.58,14707.78,15076.49,14675.21
2015-06-16,sh000852,14514.85,14102.22,14514.85,13981.68
2015-06-17,sh000852,14061.98,14407.31,14446.51,13603.85
2015-06-18,sh000852,14392.32,13934.21,14499.87,13894.26
2015-06-19,sh000852,13564.22,13024.72,13688.94,12999.07
2015-06-23,sh000852,12955.75,13047.02,13131.65,12168.35
2015-06-24,sh000852,13176.06,13313.79,13382.76,12935.57
2015-06-25,sh000852,13357.21,12760.48,13361.77,12585.36
2015-06-26,sh000852,12309.8,11730.75,12311.04,11710.78
2015-06-29,sh000852,11923.42,10906.04,11933.72,10787.16
2015-06-30,sh000852,10543.23,11381.47,11389.19,10110.66
2015-07-01,sh000852,11264.87,10734.01,11641.03,10685.37
2015-07-02,sh000852,10626.73,10002.36,10696.42,9959.56
2015-07-03,sh000852,9545.27,9358.73,10055.57,9282.59
2015-07-06,sh000852,9943.96,8858.91,9943.96,8755.04
2015-07-07,sh000852,8517.29,8356.13,8528.5,8352.94
2015-07-08,sh000852,8057.11,8114.6,8128.54,8056.46
2015-07-09,sh000852,7951.43,8348.88,8349.73,7951.43
2015-07-10,sh000852,8488.35,8620.27,8621.39,8478.26
2015-07-13,sh000852,8930.79,9032.56,9034.35,8879.57
2015-07-14,sh000852,9311.51,9338.17,9501.08,9236.84
2015-07-15,sh000852,9424.22,8942.91,9424.22,8918.93
2015-07-16,sh000852,8615.93,9041.23,9241.73,8470.13
2015-07-17,sh000852,9087.16,9541.26,9588.17,9078.86
2015-07-20,sh000852,9657.62,9839.92,9940.92,9579.16
2015-07-21,sh000852,9762.6,10062.89,10139.15,9652.93
2015-07-22,sh000852,10082.96,10228.86,10270.11,9923.16
2015-07-23,sh000852,10251.56,10553.22,10585.68,10197.66
2015-07-24,sh000852,10579.16,10449.75,10782.59,10351.93
2015-07-27,sh000852,10235.63,9719.55,10556.48,9716.97
2015-07-28,sh000852,9125.96,9284.54,9769.62,9036.62
2015-07-29,sh000852,9435.39,9727.23,9727.53,9019.91
2015-07-30,sh000852,9679.1,9460.73,9910.54,9422.04
2015-07-31,sh000852,9283.38,9223.64,9512.49,9081.72
2015-08-03,sh000852,9076.07,8723.59,9109.28,8656.51
2015-08-04,sh000852,8720.24,9265.22,9265.35,8720.24
2015-08-05,sh000852,9285.29,9240.88,9465.78,9131.8
2015-08-06,sh000852,9025.67,9229.35,9331.65,8996.41
2015-08-07,sh000852,9321.99,9585.14,9585.51,9319.25
2015-08-10,sh000852,9704.08,10077.94,10133.76,9680.44
2015-08-11,sh000852,10093.88,10153.71,10300.82,10050.24
2015-08-12,sh000852,10053.47,10005.93,10227.34,10003.36
2015-08-13,sh000852,9946.41,10308.79,10309.77,9893.16
2015-08-14,sh000852,10400.5,10377.98,10505.92,10295.33
2015-08-17,sh000852,10339.26,10563.13,10563.51,10267.23
2015-08-18,sh000852,10582.23,9806.7,10603.36,9781.75
2015-08-19,sh000852,9442.91,10057.84,10118.27,9224.17
2015-08-20,sh000852,9947.82,9739.92,10149.46,9734.62
2015-08-21,sh000852,9531.92,9208.15,9661.6,9159.43
2015-08-24,sh000852,8782.49,8506.72,8833.71,8505.74
2015-08-25,sh000852,7889.78,7882.11,8073.07,7878.48
2015-08-26,sh000852,7836.28,7543.78,8103.1,7457.89
2015-08-27,sh000852,7666.5,7793.54,7794.85,7370.21
2015-08-28,sh000852,7912.79,8270.96,8271.6,7861.96
2015-08-31,sh000852,8222.53,7950.46,8222.53,7950.1
2015-09-01,sh000852,7848.66,7441.34,7848.66,7433.89
2015-09-02,sh000852,7072.79,7129.97,7619.51,7057.55
2015-09-07,sh000852,7243.44,7291.47,7465.77,7219.47
2015-09-08,sh000852,7247.57,7651.5,7660.61,7204.36
2015-09-09,sh000852,7716.55,7956.73,7980.59,7697.81
2015-09-10,sh000852,7831.5,7843.0,7999.54,7798.75
2015-09-11,sh000852,7826.74,7952.14,7975.51,7808.48
2015-09-14,sh000852,7997.34,7412.3,8022.06,7391.9
2015-09-15,sh000852,7183.33,7034.9,7352.0,7008.99
2015-09-16,sh000852,7062.84,7500.61,7517.62,7049.42
2015-09-17,sh000852,7516.36,7428.64,7771.46,7428.57
2015-09-18,sh000852,7484.28,7556.2,7599.36,7386.12
2015-09-21,sh000852,7453.17,7847.88,7850.81,7430.94
2015-09-22,sh000852,7868.64,7880.84,7974.88,7765.78
2015-09-23,sh000852,7734.28,7824.07,7924.52,7716.13
2015-09-24,sh000852,7856.02,7928.83,7951.79,7814.34
2015-09-25,sh000852,7877.92,7640.17,7934.52,7585.15
2015-09-28,sh000852,7643.16,7839.62,7841.22,7536.82
2015-09-29,sh000852,7702.65,7720.68,7824.23,7658.2
2015-09-30,sh000852,7753.35,7727.51,7794.64,7642.7
2015-10-08,sh000852,7961.0,8056.28,8099.15,7902.55
2015-10-09,sh000852,8045.77,8180.4,8213.56,8028.61
2015-10-12,sh000852,8226.55,8522.63,8590.91,8225.24
2015-10-13,sh000852,8447.74,8651.05,8672.87,8420.64
2015-10-14,sh000852,8610.35,8534.73,8682.82,8515.65
2015-10-15,sh000852,8476.31,8808.46,8808.9,8476.31
2015-10-16,sh000852,8866.79,8943.02,8948.62,8742.43
2015-10-19,sh000852,8961.66,8935.39,9008.61,8806.43
2015-10-20,sh000852,8915.87,9116.54,9117.3,8891.94
2015-10-21,sh000852,9116.48,8541.61,9157.92,8515.13
2015-10-22,sh000852,8531.69,8894.76,8901.22,8525.98
2015-10-23,sh000852,8977.88,9182.55,9220.98,8942.33
2015-10-26,sh000852,9296.19,9262.89,9347.64,9126.58
2015-10-27,sh000852,9183.79,9345.97,9398.74,8882.22
2015-10-28,sh000852,9277.73,9131.87,9406.35,9091.56
2015-10-29,sh000852,9197.47,9214.59,9320.23,9058.94
2015-10-30,sh000852,9183.49,9188.27,9332.91,9031.78
2015-11-02,sh000852,8946.88,8944.68,9236.42,8915.77
2015-11-03,sh000852,8963.77,8924.42,9033.58,8837.32
2015-11-04,sh000852,8973.16,9396.84,9396.99,8973.16
2015-11-05,sh000852,9416.49,9391.45,9525.22,9295.37
2015-11-06,sh000852,9396.09,9629.28,9640.44,9395.73
2015-11-09,sh000852,9560.54,9816.03,9861.11,9473.46
2015-11-10,sh000852,9770.13,9911.24,9958.15,9739.17
2015-11-11,sh000852,9910.12,10100.51,10106.02,9873.24
2015-11-12,sh000852,10137.46,10135.08,10223.71,9990.76
2015-11-13,sh000852,10030.15,9934.77,10102.65,9813.03
2015-11-16,sh000852,9749.11,10194.78,10195.72,9736.48
2015-11-17,sh000852,10308.23,10109.4,10361.3,10088.03
2015-11-18,sh000852,10116.71,9928.66,10203.4,9902.83
2015-11-19,sh000852,9954.66,10235.35,10235.83,9944.38
2015-11-20,sh000852,10272.35,10440.35,10477.22,10265.66
2015-11-23,sh000852,10447.81,10341.42,10546.74,10297.14
2015-11-24,sh000852,10324.04,10459.6,10460.35,10204.42
2015-11-25,sh000852,10470.93,10696.31,10707.77,10468.34
2015-11-26,sh000852,10745.06,10620.83,10772.62,10595.1
2015-11-27,sh000852,10560.39,9933.5,10619.71,9859.02
2015-11-30,sh000852,9935.4,10001.19,10058.66,9406.72
2015-12-01,sh000852,9985.79,9955.21,10101.51,9832.26
2015-12-02,sh000852,9928.27,9822.05,9954.86,9506.1
2015-12-03,sh000852,9833.3,10102.89,10103.48,9832.95
2015-12-04,sh000852,10073.67,10081.57,10199.95,9996.29
2015-12-07,sh000852,10105.79,10238.02,10238.79,10038.58
2015-12-08,sh000852,10189.87,10057.74,10210.75,10022.62
2015-12-09,sh000852,10002.73,10034.19,10111.56,9945.79
2015-12-10,sh000852,10024.19,10035.45,10145.99,10008.74
2015-12-11,sh000852,10003.76,9946.12,10043.54,9915.11
2015-12-14,sh000852,9845.07,10118.9,10119.68,9829.34
2015-12-15,sh000852,10137.46,10278.47,10312.42,10136.87
2015-12-16,sh000852,10319.56,10374.23,10438.45,10314.86
2015-12-17,sh000852,10436.8,10679.96,10680.39,10436.8
2015-12-18,sh000852,10678.37,10629.97,10721.66,10562.68
2015-12-21,sh000852,10596.41,10699.61,10712.04,10579.92
2015-12-22,sh000852,10724.02,10809.24,10809.84,10652.01
2015-12-23,sh000852,10817.28,10638.16,10828.97,10613.43
2015-12-24,sh000852,10600.47,10633.19,10662.43,10413.92
2015-12-25,sh000852,10651.66,10726.99,10760.15,10645.44
2015-12-28,sh000852,10765.91,10515.36,10859.83,10515.36
2015-12-29,sh000852,10499.5,10653.71,10654.42,10406.06
2015-12-30,sh000852,10678.11,10806.7,10813.02,10661.28
2015-12-31,sh000852,10810.35,10614.38,10839.04,10614.38
2016-01-04,sh000852,10598.27,9697.19,10602.65,9695.82
2016-01-05,sh000852,9140.67,9452.04,9680.16,9084.87
2016-01-06,sh000852,9511.73,9709.57,9710.12,9404.07
2016-01-07,sh000852,9511.14,8856.49,9511.14,8850.15
2016-01-08,sh000852,9049.77,8876.25,9141.57,8404.5
2016-01-11,sh000852,8651.33,8205.12,8754.36,8203.43
2016-01-12,sh000852,8164.34,8187.96,8304.14,7968.75
2016-01-13,sh000852,8230.08,7836.12,8311.73,7836.06
2016-01-14,sh000852,7548.03,8157.74,8174.31,7534.04
2016-01-15,sh000852,8092.87,7868.17,8202.34,7813.26
2016-01-18,sh000852,7689.66,8060.88,8158.56,7685.47
2016-01-19,sh000852,8041.86,8388.38,8400.6,8018.64
2016-01-20,sh000852,8328.72,8321.39,8468.79,8244.73
2016-01-21,sh000852,8167.95,7944.57,8410.16,7944.57
2016-01-22,sh000852,8036.32,8074.29,8115.4,7787.62
2016-01-25,sh000852,8153.35,8180.5,8256.16,8076.4
2016-01-26,sh000852,8071.36,7545.54,8093.24,7526.59
2016-01-27,sh000852,7557.46,7466.75,7585.83,7047.79
2016-01-28,sh000852,7344.02,7100.9,7438.69,7067.55
2016-01-29,sh000852,7071.75,7385.76,7459.37,7037.83
2016-02-01,sh000852,7358.75,7292.61,7420.48,7163.91
2016-02-02,sh000852,7296.22,7576.07,7600.08,7295.8
2016-02-03,sh000852,7480.3,7630.46,7665.65,7428.9
2016-02-04,sh000852,7661.65,7807.4,7839.28,7661.65
2016-02-05,sh000852,7828.61,7718.71,7856.73,7716.21
2016-02-15,sh000852,7434.27,7726.37,7772.49,7432.4
2016-02-16,sh000852,7767.03,8069.59,8088.71,7767.03
2016-02-17,sh000852,8060.91,8202.15,8214.94,8010.82
2016-02-18,sh000852,8256.95,8176.14,8282.91,8155.08
2016-02-19,sh000852,8146.06,8239.26,8289.21,8133.5
2016-02-22,sh000852,8350.28,8407.85,8407.88,8303.21
2016-02-23,sh000852,8414.67,8357.36,8437.16,8230.98
2016-02-24,sh000852,8316.83,8364.66,8399.43,8161.0
2016-02-25,sh000852,8340.46,7702.59,8340.59,7673.22
2016-02-26,sh000852,7750.73,7666.82,7799.29,7487.27
2016-02-29,sh000852,7614.16,7183.68,7614.16,7113.07
2016-03-01,sh000852,7183.11,7345.09,7402.31,7038.61
2016-03-02,sh000852,7324.49,7711.89,7724.3,7323.37
2016-03-03,sh000852,7711.3,7727.16,7875.95,7693.9
2016-03-04,sh000852,7684.92,7418.8,7735.55,7321.56
2016-03-07,sh000852,7494.04,7600.44,7670.96,7494.04
2016-03-08,sh000852,7585.86,7670.69,7670.99,7276.67
2016-03-09,sh000852,7486.95,7500.17,7634.0,7430.43
2016-03-10,sh000852,7503.42,7376.7,7568.24,7364.29
2016-03-11,sh000852,7284.95,7349.57,7401.51,7239.56
2016-03-14,sh000852,7441.09,7640.13,7715.64,7441.04
2016-03-15,sh000852,7612.97,7571.82,7668.85,7537.79
2016-03-16,sh000852,7633.75,7484.23,7659.05,7426.95
2016-03-17,sh000852,7514.68,7779.88,7795.71,7514.58
2016-03-18,sh000852,7823.57,8097.2,8118.71,7820.29
2016-03-21,sh000852,8206.53,8325.98,8326.38,8172.85
2016-03-22,sh000852,8248.53,8311.21,8387.55,8203.08
2016-03-23,sh000852,8279.88,8408.64,8408.95,8262.26
2016-03-24,sh000852,8324.85,8279.65,8453.3,8247.29
2016-03-25,sh000852,8252.42,8343.24,8353.02,8211.83
2016-03-28,sh000852,8400.21,8298.78,8482.57,8266.55
2016-03-29,sh000852,8274.09,8119.0,8292.43,8040.76
2016-03-30,sh000852,8187.45,8438.68,8439.09,8187.45
2016-03-31,sh000852,8475.43,8447.18,8541.46,8414.89
2016-04-01,sh000852,8399.18,8389.29,8426.46,8240.87
2016-04-05,sh000852,8401.34,8635.67,8642.98,8380.46
2016-04-06,sh000852,8601.66,8691.23,8699.52,8579.43
2016-04-07,sh000852,8715.01,8549.51,8733.5,8549.51
2016-04-08,sh000852,8465.83,8484.17,8511.87,8359.53
2016-04-11,sh000852,8560.09,8677.41,8719.22,8560.09
2016-04-12,sh000852,8664.28,8608.37,8688.71,8501.04
2016-04-13,sh000852,8655.19,8729.84,8831.59,8655.19
2016-04-14,sh000852,8780.55,8837.02,8837.44,8711.79
2016-04-15,sh000852,8840.53,8841.09,8866.01,8777.97
2016-04-18,sh000852,8780.46,8715.85,8780.46,8646.33
2016-04-19,sh000852,8755.25,8754.5,8784.33,8678.97
2016-04-20,sh000852,8784.65,8312.2,8798.78,8158.82
2016-04-21,sh000852,8268.02,8198.51,8382.27,8185.37
2016-04-22,sh000852,8130.9,8282.42,8282.9,8112.33
2016-04-25,sh000852,8246.03,8232.48,8261.94,8106.07
2016-04-26,sh000852,8218.47,8343.42,8343.71,8202.15
2016-04-27,sh000852,8357.26,8323.46,8426.83,8307.39
2016-04-28,sh000852,8319.22,8303.56,8336.13,8130.93
2016-04-29,sh000852,8253.48,8291.7,8340.58,8239.79
2016-05-03,sh000852,8290.79,8558.58,8558.58,8256.68
2016-05-04,sh000852,8526.31,8565.11,8632.7,8514.49
2016-05-05,sh000852,8549.33,8628.74,8631.98,8522.15
2016-05-06,sh000852,8632.45,8276.03,8663.07,8275.97
2016-05-09,sh000852,8180.63,7918.15,8180.69,7876.17
2016-05-10,sh000852,7898.65,7898.66,7961.58,7855.29
2016-05-11,sh000852,7950.38,7823.98,7973.6,7800.97
2016-05-12,sh000852,7706.13,7821.91,7822.76,7570.92
2016-05-13,sh000852,7794.62,7806.96,7902.0,7758.26
2016-05-16,sh000852,7783.3,7961.15,7961.43,7744.88
2016-05-17,sh000852,7964.51,7961.5,8040.2,7901.18
2016-05-18,sh000852,7886.25,7711.95,7886.5,7614.2
2016-05-19,sh000852,7707.33,7767.32,7868.72,7707.33
2016-05-20,sh000852,7699.07,7860.13,7860.13,7665.86
2016-05-23,sh000852,7876.12,7995.58,7995.99,7876.12
2016-05-24,sh000852,7981.01,7913.68,7981.22,7852.69
2016-05-25,sh000852,7965.75,7889.73,8012.16,7848.52
2016-05-26,sh000852,7864.03,7929.47,7929.67,7703.52
2016-05-27,sh000852,7904.77,7912.86,7976.51,7879.64
2016-05-30,sh000852,7863.31,7867.6,7946.13,7787.46
2016-05-31,sh000852,7872.31,8197.56,8197.64,7872.31
2016-06-01,sh000852,8207.25,8270.52,8324.09,8202.72
2016-06-02,sh000852,8261.6,8369.43,8369.67,8255.96
2016-06-03,sh000852,8370.79,8391.76,8442.9,8336.96
2016-06-06,sh000852,8418.34,8422.47,8443.57,8359.02
2016-06-07,sh000852,8421.61,8434.67,8439.14,8363.41
2016-06-08,sh000852,8417.75,8431.89,8481.65,8340.9
2016-06-13,sh000852,8307.19,8000.82,8387.42,8000.65
2016-06-14,sh000852,7957.93,8038.59,8053.54,7931.23
2016-06-15,sh000852,7948.18,8340.54,8369.94,7936.62
2016-06-16,sh000852,8339.82,8358.03,8421.33,8314.98
2016-06-17,sh000852,8374.07,8414.51,8480.65,8338.73
2016-06-20,sh000852,8417.36,8457.93,8476.47,8330.67
2016-06-21,sh000852,8510.75,8350.76,8552.66,8305.55
2016-06-22,sh000852,8323.88,8513.54,8513.93,8316.1
2016-06-23,sh000852,8510.84,8495.78,8547.39,8424.91
2016-06-24,sh000852,8477.03,8428.82,8547.68,8153.16
2016-06-27,sh000852,8360.52,8646.16,8646.37,8358.34
2016-06-28,sh000852,8616.07,8730.2,8737.82,8599.85
2016-06-29,sh000852,8758.7,8745.82,8784.95,8704.35
2016-06-30,sh000852,8753.85,8741.1,8776.24,8692.26
2016-07-01,sh000852,8747.79,8710.52,8779.63,8680.08
2016-07-04,sh000852,8661.27,8874.07,8882.85,8653.86
2016-07-05,sh000852,8886.51,8914.84,8925.09,8839.94
2016-07-06,sh000852,8885.33,8947.14,8957.58,8862.76
2016-07-07,sh000852,8942.99,8954.28,8988.32,8851.3
2016-07-08,sh000852,8941.49,8939.26,8996.97,8904.59
2016-07-11,sh000852,8953.87,8875.0,9004.75,8865.59
2016-07-12,sh000852,8862.37,8943.06,8943.15,8719.88
2016-07-13,sh000852,8963.44,9023.24,9042.07,8926.76
2016-07-14,sh000852,9011.39,9042.76,9044.02,8976.52
2016-07-15,sh000852,9039.88,8982.89,9048.35,8952.61
2016-07-18,sh000852,8962.96,8937.86,8990.29,8881.5
2016-07-19,sh000852,8928.64,8996.83,8996.96,8883.77
2016-07-20,sh000852,8999.11,8997.89,9044.37,8976.0
2016-07-21,sh000852,8991.33,9007.55,9065.69,8964.62
2016-07-22,sh000852,9002.09,8931.97,9022.06,8925.94
2016-07-25,sh000852,8911.94,8925.34,8969.6,8875.78
2016-07-26,sh000852,8922.75,9035.56,9035.88,8922.75
2016-07-27,sh000852,9037.5,8602.92,9046.08,8488.96
2016-07-28,sh000852,8580.09,8571.56,8636.49,8431.12
2016-07-29,sh000852,8565.25,8501.09,8584.64,8457.97
2016-08-01,sh000852,8462.91,8363.61,8462.91,8263.36
2016-08-02,sh000852,8353.42,8445.78,8446.36,8353.14
2016-08-03,sh000852,8431.52,8482.2,8491.26,8412.78
2016-08-04,sh000852,8474.26,8553.01,8564.84,8447.36
2016-08-05,sh000852,8545.86,8505.36,8571.18,8498.59
2016-08-08,sh000852,8480.79,8607.4,8607.45,8426.64
2016-08-09,sh000852,8601.83,8699.39,8699.69,8596.79
2016-08-10,sh000852,8694.38,8671.78,8725.45,8668.06
2016-08-11,sh000852,8647.12,8531.69,8667.25,8531.69
2016-08-12,sh000852,8515.52,8615.05,8615.2,8507.65
2016-08-15,sh000852,8628.63,8807.83,8821.69,8590.06
2016-08-16,sh000852,8813.21,8877.07,8903.49,8812.6
2016-08-17,sh000852,8867.46,8911.75,8933.03,8846.32
2016-08-18,sh000852,8899.19,8908.32,8942.57,8880.26
2016-08-19,sh000852,8895.3,8923.36,8945.17,8864.07
2016-08-22,sh000852,8921.91,8810.84,8939.7,8809.22
2016-08-23,sh000852,8796.5,8820.21,8847.65,8756.92
2016-08-24,sh000852,8824.72,8850.51,8892.08,8815.47
2016-08-25,sh000852,8799.76,8784.58,8799.76,8681.19
2016-08-26,sh000852,8799.49,8814.46,8883.77,8794.91
2016-08-29,sh000852,8808.73,8836.99,8860.04,8798.06
2016-08-30,sh000852,8842.42,8838.46,8886.01,8822.25
2016-08-31,sh000852,8833.21,8838.38,8844.47,8772.95
2016-09-01,sh000852,8831.6,8770.75,8851.75,8770.75
2016-09-02,sh000852,8750.94,8724.94,8790.0,8675.92
2016-09-05,sh000852,8743.74,8761.96,8804.77,8739.65
2016-09-06,sh000852,8761.42,8906.87,8907.17,8689.65
2016-09-07,sh000852,8908.51,8897.8,8959.99,8886.79
2016-09-08,sh000852,8888.01,8938.43,8939.42,8880.4
2016-09-09,sh000852,8934.27,8872.31,8958.51,8872.31
2016-09-12,sh000852,8705.75,8587.4,8737.99,8585.87
2016-09-13,sh000852,8635.58,8656.68,8664.91,8595.5
2016-09-14,sh000852,8612.7,8618.15,8664.1,8579.35
2016-09-19,sh000852,8630.65,8716.49,8716.98,8630.65
2016-09-20,sh000852,8721.38,8712.28,8724.89,8685.97
2016-09-21,sh000852,8705.25,8732.0,8756.13,8704.93
2016-09-22,sh000852,8779.89,8770.09,8801.57,8760.15
2016-09-23,sh000852,8773.9,8729.61,8781.25,8728.06
2016-09-26,sh000852,8711.88,8544.18,8712.23,8544.18
2016-09-27,sh000852,8521.01,8604.1,8604.55,8477.8
2016-09-28,sh000852,8604.24,8592.13,8613.14,8575.03
2016-09-29,sh000852,8597.29,8618.61,8651.21,8597.25
2016-09-30,sh000852,8607.97,8661.02,8669.15,8606.38
2016-10-10,sh000852,8699.71,8842.82,8843.03,8687.75
2016-10-11,sh000852,8845.23,8903.46,8903.88,8834.12
2016-10-12,sh000852,8879.66,8915.44,8915.91,8862.01
2016-10-13,sh000852,8914.56,8929.51,8952.76,8905.26
2016-10-14,sh000852,8913.74,8913.7,8918.77,8845.37
2016-10-17,sh000852,8922.13,8832.09,8940.04,8802.8
2016-10-18,sh000852,8822.79,8966.69,8966.69,8822.79
2016-10-19,sh000852,8976.85,8954.2,8992.07,8926.89
2016-10-20,sh000852,8957.47,8995.41,9006.84,8953.29
2016-10-21,sh000852,8987.24,8943.01,8991.04,8857.1
2016-10-24,sh000852,8940.54,9000.7,9010.23,8918.21
2016-10-25,sh000852,9003.38,9039.48,9039.95,9001.11
2016-10-26,sh000852,9041.93,9000.76,9042.36,8966.46
2016-10-27,sh000852,8989.7,8997.02,8997.86,8956.63
2016-10-28,sh000852,8988.22,8914.62,9006.22,8913.06
2016-10-31,sh000852,8893.29,8910.51,8920.66,8841.15
2016-11-01,sh000852,8914.68,9006.79,9006.79,8914.58
2016-11-02,sh000852,8990.47,8946.74,9006.79,8939.55
2016-11-03,sh000852,8922.04,9004.85,9055.51,8914.68
2016-11-04,sh000852,9000.49,8979.93,9040.35,8960.58
2016-11-07,sh000852,8981.43,8975.57,9002.58,8946.76
2016-11-08,sh000852,8996.91,9030.73,9042.72,8988.38
2016-11-09,sh000852,9027.95,8967.6,9038.98,8853.89
2016-11-10,sh000852,9028.67,9083.84,9084.76,9028.67
2016-11-11,sh000852,9080.44,9121.51,9121.61,9064.25
2016-11-14,sh000852,9105.93,9152.17,9162.3,9093.46
2016-11-15,sh000852,9152.19,9197.86,9198.24,9123.28
2016-11-16,sh000852,9208.49,9211.95,9236.68,9202.18
2016-11-17,sh000852,9197.92,9174.44,9198.09,9131.9
2016-11-18,sh000852,9176.33,9146.21,9191.47,9132.73
2016-11-21,sh000852,9138.06,9167.49,9181.96,9135.2
2016-11-22,sh000852,9176.55,9244.21,9244.55,9174.56
2016-11-23,sh000852,9250.04,9180.01,9257.17,9161.52
2016-11-24,sh000852,9166.58,9116.57,9185.55,9096.0
2016-11-25,sh000852,9109.17,9134.82,9134.82,8957.16
2016-11-28,sh000852,9148.96,9133.91,9163.65,9121.58
2016-11-29,sh000852,9120.59,9031.29,9132.16,9031.29
2016-11-30,sh000852,9013.15,9014.91,9053.17,8983.7
2016-12-01,sh000852,9021.97,9055.99,9056.24,9021.97
2016-12-02,sh000852,9056.01,8900.41,9060.63,8900.41
2016-12-05,sh000852,8818.61,8851.52,8908.11,8793.09
2016-12-06,sh000852,8865.34,8871.73,8896.55,8853.91
2016-12-07,sh000852,8870.3,8969.14,8969.34,8855.41
2016-12-08,sh000852,8973.1,8914.51,8974.18,8908.31
2016-12-09,sh000852,8903.74,8881.34,8920.31,8864.07
2016-12-12,sh000852,8875.59,8397.48,8879.45,8391.03
2016-12-13,sh000852,8371.37,8433.59,8458.32,8299.28
2016-12-14,sh000852,8416.98,8378.06,8464.95,8339.6
2016-12-15,sh000852,8347.61,8467.71,8516.85,8340.85
2016-12-16,sh000852,8470.54,8559.99,8565.79,8466.35
2016-12-19,sh000852,8554.96,8551.33,8556.44,8521.12
2016-12-20,sh000852,8543.87,8546.19,8561.34,8509.59
2016-12-21,sh000852,8558.28,8609.41,8609.67,8558.28
2016-12-22,sh000852,8602.35,8607.95,8618.37,8560.97
2016-12-23,sh000852,8602.67,8509.36,8609.79,8502.05
2016-12-26,sh000852,8472.45,8547.1,8547.25,8380.69
2016-12-27,sh000852,8541.0,8555.99,8575.38,8534.15
2016-12-28,sh000852,8551.22,8521.38,8568.13,8507.89
2016-12-29,sh000852,8505.46,8488.3,8551.19,8484.44
2016-12-30,sh000852,8487.15,8490.86,8516.61,8466.74
2017-01-03,sh000852,8503.66,8565.14,8565.34,8503.66
2017-01-04,sh000852,8567.23,8669.95,8670.16,8554.13
2017-01-05,sh000852,8665.23,8670.76,8694.44,8657.74
2017-01-06,sh000852,8661.69,8609.9,8666.66,8603.91
2017-01-09,sh000852,8595.91,8653.85,8654.13,8578.99
2017-01-10,sh000852,8646.08,8609.55,8666.9,8604.12
2017-01-11,sh000852,8592.75,8519.84,8619.64,8514.63
2017-01-12,sh000852,8509.53,8443.26,8536.59,8433.78
2017-01-13,sh000852,8434.0,8286.24,8444.98,8277.79
2017-01-16,sh000852,8263.2,7931.96,8263.98,7715.43
2017-01-17,sh000852,7900.93,8028.65,8031.99,7808.21
2017-01-18,sh000852,8009.51,7989.14,8036.38,7972.29
2017-01-19,sh000852,7966.47,7955.39,8000.82,7927.71
2017-01-20,sh000852,7945.19,8087.77,8102.39,7944.39
2017-01-23,sh000852,8100.04,8169.11,8185.73,8100.04
2017-01-24,sh000852,8160.78,8123.59,8163.78,8115.13
2017-01-25,sh000852,8107.67,8150.6,8160.44,8099.99
2017-01-26,sh000852,8157.02,8205.87,8206.01,8157.02
2017-02-03,sh000852,8212.41,8182.28,8217.69,8157.67
2017-02-06,sh000852,8181.91,8280.01,8280.01,8175.46
2017-02-07,sh000852,8271.76,8282.38,8295.99,8233.8
2017-02-08,sh000852,8267.79,8342.43,8342.52,8226.58
2017-02-09,sh000852,8338.0,8410.26,8411.14,8330.8
2017-02-10,sh000852,8404.51,8380.79,8414.18,8374.53
2017-02-13,sh000852,8373.75,8432.96,8433.32,8363.25
2017-02-14,sh000852,8427.7,8423.84,8433.14,8399.06
2017-02-15,sh000852,8415.57,8344.07,8434.52,8331.36
2017-02-16,sh000852,8333.81,8397.56,8401.71,8329.71
2017-02-17,sh000852,8390.12,8324.42,8401.07,8307.23
2017-02-20,sh000852,8318.28,8397.24,8397.43,8312.56
2017-02-21,sh000852,8399.04,8479.61,8479.61,8393.54
2017-02-22,sh000852,8477.75,8510.31,8510.42,8457.63
2017-02-23,sh000852,8507.96,8512.71,8515.45,8460.44
2017-02-24,sh000852,8500.7,8543.45,8544.32,8487.5
2017-02-27,sh000852,8534.72,8476.91,8546.62,8470.75
2017-02-28,sh000852,8470.44,8508.09,8508.35,8460.48
2017-03-01,sh000852,8497.89,8526.47,8548.82,8491.74
2017-03-02,sh000852,8529.58,8471.44,8539.11,8467.39
2017-03-03,sh000852,8450.97,8505.45,8509.88,8425.38
2017-03-06,sh000852,8513.21,8608.15,8608.4,8513.21
2017-03-07,sh000852,8614.85,8624.47,8625.52,8574.29
2017-03-08,sh000852,8622.11,8589.87,8624.44,8563.96
2017-03-09,sh000852,8578.89,8535.56,8579.25,8513.65
2017-03-10,sh000852,8526.54,8537.78,8561.52,8519.67
2017-03-13,sh000852,8529.17,8598.52,8598.52,8477.7
2017-03-14,sh000852,8604.77,8581.71,8618.29,8563.61
2017-03-15,sh000852,8563.47,8574.03,8582.9,8540.1
2017-03-16,sh000852,8582.96,8664.98,8664.98,8582.96
2017-03-17,sh000852,8671.52,8603.87,8704.85,8601.57
2017-03-20,sh000852,8594.71,8634.84,8635.08,8569.83
2017-03-21,sh000852,8629.06,8639.57,8640.1,8607.66
2017-03-22,sh000852,8604.61,8592.51,8625.41,8547.05
2017-03-23,sh000852,8592.34,8590.96,8624.07,8500.52
2017-03-24,sh000852,8583.95,8602.29,8606.61,8552.68
2017-03-27,sh000852,8603.23,8586.91,8611.4,8570.86
2017-03-28,sh000852,8579.05,8558.07,8591.84,8546.12
2017-03-29,sh000852,8555.99,8488.22,8565.86,8484.74
2017-03-30,sh000852,8471.24,8315.04,8473.34,8303.0
2017-03-31,sh000852,8314.08,8339.15,8351.42,8291.69
2017-04-05,sh000852,8369.39,8522.01,8522.01,8369.39
2017-04-06,sh000852,8531.2,8543.66,8557.52,8514.09
2017-04-07,sh000852,8539.14,8544.75,8567.8,8523.3
2017-04-10,sh000852,8522.92,8449.16,8523.4,8439.31
2017-04-11,sh000852,8432.47,8514.44,8514.44,8373.84
2017-04-12,sh000852,8505.7,8444.39,8505.92,8439.44
2017-04-13,sh000852,8429.73,8470.31,8490.86,8423.3
2017-04-14,sh000852,8460.64,8345.65,8463.06,8338.87
2017-04-17,sh000852,8309.78,8220.66,8309.78,8183.07
2017-04-18,sh000852,8216.21,8136.41,8247.05,8133.05
2017-04-19,sh000852,8101.8,8033.5,8101.8,7939.29
2017-04-20,sh000852,8021.06,7987.65,8059.11,7925.3
2017-04-21,sh000852,7984.47,7945.39,8014.83,7938.32
2017-04-24,sh000852,7921.42,7698.28,7921.42,7698.1
2017-04-25,sh000852,7699.98,7724.0,7779.67,7691.32
2017-04-26,sh000852,7721.66,7751.94,7763.07,7718.76
2017-04-27,sh000852,7737.07,7799.12,7810.11,7593.02
2017-04-28,sh000852,7777.75,7842.08,7842.11,7768.05
2017-05-02,sh000852,7831.44,7845.47,7851.41,7811.84
2017-05-03,sh000852,7832.02,7830.64,7860.3,7796.82
2017-05-04,sh000852,7804.78,7804.58,7877.32,7763.84
2017-05-05,sh000852,7780.14,7700.26,7787.57,7700.21
2017-05-08,sh000852,7679.16,7555.28,7691.48,7555.06
2017-05-09,sh000852,7522.22,7602.96,7603.36,7475.41
2017-05-10,sh000852,7597.77,7451.78,7637.64,7451.36
2017-05-11,sh000852,7400.42,7387.15,7408.11,7199.41
2017-05-12,sh000852,7368.07,7371.3,7395.36,7306.38
2017-05-15,sh000852,7386.2,7391.61,7425.32,7386.2
2017-05-16,sh000852,7377.76,7549.77,7549.92,7324.14
2017-05-17,sh000852,7545.21,7570.44,7609.53,7538.67
2017-05-18,sh000852,7509.41,7519.19,7581.83,7490.78
2017-05-19,sh000852,7517.13,7510.11,7540.92,7472.28
2017-05-22,sh000852,7500.51,7372.79,7521.63,7354.07
2017-05-23,sh000852,7352.25,7138.24,7359.78,7132.31
2017-05-24,sh000852,7099.27,7172.14,7172.66,6996.64
2017-05-25,sh000852,7160.16,7232.63,7241.23,7078.55
2017-05-26,sh000852,7224.81,7233.34,7265.15,7221.08
2017-05-31,sh000852,7303.58,7212.7,7327.32,7211.07
2017-06-01,sh000852,7191.69,7016.3,7191.69,7015.87
2017-06-02,sh000852,6989.44,7094.43,7105.03,6927.92
2017-06-05,sh000852,7102.5,7160.53,7172.44,7099.62
2017-06-06,sh000852,7147.17,7197.62,7198.3,7136.46
2017-06-07,sh000852,7194.69,7347.6,7347.6,7192.86
2017-06-08,sh000852,7349.93,7342.48,7374.86,7327.07
2017-06-09,sh000852,7331.5,7348.52,7353.41,7288.32
2017-06-12,sh000852,7314.67,7246.71,7322.47,7241.07
2017-06-13,sh000852,7234.28,7352.98,7358.43,7232.69
2017-06-14,sh000852,7346.52,7362.86,7382.58,7340.7
2017-06-15,sh000852,7350.01,7455.39,7468.21,7348.42
2017-06-16,sh000852,7453.6,7442.95,7463.05,7433.42
2017-06-19,sh000852,7435.25,7489.76,7489.82,7435.24
2017-06-20,sh000852,7496.89,7503.8,7542.13,7495.72
2017-06-21,sh000852,7510.01,7504.19,7521.21,7456.56
2017-06-22,sh000852,7495.92,7371.96,7506.41,7371.96
2017-06-23,sh000852,7355.76,7376.67,7383.93,7262.41
2017-06-26,sh000852,7370.62,7462.1,7462.25,7363.38
2017-06-27,sh000852,7461.4,7474.03,7493.82,7442.85
2017-06-28,sh000852,7457.36,7423.47,7457.71,7411.38
2017-06-29,sh000852,7424.97,7456.67,7480.74,7424.97
2017-06-30,sh000852,7435.7,7465.76,7473.27,7416.45
2017-07-03,sh000852,7468.15,7537.11,7537.33,7460.44
2017-07-04,sh000852,7533.99,7523.7,7540.94,7506.52
2017-07-05,sh000852,7520.86,7588.09,7588.12,7510.53
2017-07-06,sh000852,7583.15,7601.79,7613.26,7543.34
2017-07-07,sh000852,7585.33,7623.38,7623.5,7576.81
2017-07-10,sh000852,7613.31,7577.82,7626.85,7567.1
2017-07-11,sh000852,7566.41,7484.06,7575.47,7484.06
2017-07-12,sh000852,7471.56,7474.33,7494.95,7367.26
2017-07-13,sh000852,7463.28,7474.3,7494.73,7452.13
2017-07-14,sh000852,7460.53,7433.18,7465.54,7415.58
2017-07-17,sh000852,7405.91,7048.54,7405.91,7048.54
2017-07-18,sh000852,7013.31,7109.6,7109.94,6988.52
2017-07-19,sh000852,7097.54,7202.81,7202.95,7081.51
2017-07-20,sh000852,7199.68,7244.9,7273.98,7192.07
2017-07-21,sh000852,7232.81,7252.71,7268.24,7227.96
2017-07-24,sh000852,7235.01,7292.65,7295.28,7228.84
2017-07-25,sh000852,7281.39,7278.84,7297.11,7237.52
2017-07-26,sh000852,7275.88,7289.88,7290.14,7238.27
2017-07-27,sh000852,7274.15,7383.11,7388.29,7252.46
2017-07-28,sh000852,7366.55,7386.21,7400.37,7361.36
2017-07-31,sh000852,7382.96,7444.96,7445.25,7371.04
2017-08-01,sh000852,7444.75,7452.93,7456.41,7416.97
2017-08-02,sh000852,7445.29,7389.51,7453.2,7385.35
2017-08-03,sh000852,7374.47,7424.11,7451.61,7368.53
2017-08-04,sh000852,7417.31,7389.15,7447.36,7389.15
2017-08-07,sh000852,7379.03,7445.18,7445.68,7379.03
2017-08-08,sh000852,7446.23,7470.69,7482.25,7423.21
2017-08-09,sh000852,7469.29,7495.39,7495.8,7455.69
2017-08-10,sh000852,7478.93,7441.24,7499.87,7381.21
2017-08-11,sh000852,7389.74,7328.4,7425.3,7318.48
2017-08-14,sh000852,7331.64,7474.64,7475.2,7331.64
2017-08-15,sh000852,7477.27,7507.29,7507.76,7462.44
2017-08-16,sh000852,7502.57,7544.39,7553.5,7475.2
2017-08-17,sh000852,7547.78,7614.21,7615.75,7545.63
2017-08-18,sh000852,7564.98,7576.05,7595.27,7547.67
2017-08-21,sh000852,7583.08,7631.75,7631.95,7583.05
2017-08-22,sh000852,7622.99,7585.11,7622.99,7567.69
2017-08-23,sh000852,7572.08,7534.46,7581.2,7516.69
2017-08-24,sh000852,7531.84,7486.06,7540.77,7470.35
2017-08-25,sh000852,7483.85,7559.31,7566.03,7483.85
2017-08-28,sh000852,7563.54,7642.65,7656.79,7563.54
2017-08-29,sh000852,7639.01,7623.25,7653.18,7607.19
2017-08-30,sh000852,7618.38,7654.37,7663.33,7618.38
2017-08-31,sh000852,7654.34,7679.87,7680.31,7639.78
2017-09-01,sh000852,7687.84,7739.91,7740.29,7674.2
2017-09-04,sh000852,7739.87,7798.18,7798.51,7730.11
2017-09-05,sh000852,7790.7,7800.54,7803.9,7751.47
2017-09-06,sh000852,7776.99,7858.28,7858.35,7766.04
2017-09-07,sh000852,7859.4,7823.4,7886.92,7819.32
2017-09-08,sh000852,7816.21,7838.8,7861.04,7789.33
2017-09-11,sh000852,7835.82,7920.69,7920.86,7832.68
2017-09-12,sh000852,7926.47,7899.42,7965.69,7883.66
2017-09-13,sh000852,7888.84,7928.75,7928.95,7872.76
2017-09-14,sh000852,7930.83,7916.67,7951.84,7885.68
2017-09-15,sh000852,7902.2,7880.57,7904.36,7846.92
2017-09-18,sh000852,7870.64,7941.68,7941.94,7870.64
2017-09-19,sh000852,7941.07,7905.71,7948.3,7880.96
2017-09-20,sh000852,7896.82,7975.39,7975.61,7883.28
2017-09-21,sh000852,7974.71,7886.52,7981.78,7886.52
2017-09-22,sh000852,7860.86,7849.73,7873.25,7807.83
2017-09-25,sh000852,7835.2,7731.8,7843.28,7725.57
2017-09-26,sh000852,7723.11,7746.24,7751.06,7697.11
2017-09-27,sh000852,7745.59,7810.23,7812.88,7742.47
2017-09-28,sh000852,7800.13,7768.38,7818.99,7766.86
2017-09-29,sh000852,7779.88,7842.59,7842.96,7779.88
2017-10-09,sh000852,7921.73,7941.18,7945.04,7894.3
2017-10-10,sh000852,7934.37,7994.46,7994.74,7925.55
2017-10-11,sh000852,7991.22,7961.11,7997.98,7953.95
2017-10-12,sh000852,7951.67,7940.14,7962.31,7886.24
2017-10-13,sh000852,7934.43,7972.42,7972.67,7926.76
2017-10-16,sh000852,7963.52,7819.59,7964.26,7817.24
2017-10-17,sh000852,7799.78,7805.07,7836.4,7772.89
2017-10-18,sh000852,7806.88,7730.27,7829.99,7729.05
2017-10-19,sh000852,7718.8,7656.06,7734.9,7637.61
2017-10-20,sh000852,7650.08,7751.43,7751.43,7647.06
2017-10-23,sh000852,7753.69,7793.54,7793.81,7746.89
2017-10-24,sh000852,7786.3,7752.92,7786.3,7702.55
2017-10-25,sh000852,7745.32,7799.75,7799.87,7740.49
2017-10-26,sh000852,7791.74,7830.11,7836.7,7783.91
2017-10-27,sh000852,7821.56,7770.71,7831.02,7762.64
2017-10-30,sh000852,7753.68,7574.65,7755.65,7531.29
2017-10-31,sh000852,7563.65,7631.53,7631.92,7560.9
2017-11-01,sh000852,7630.42,7635.44,7659.37,7622.94
2017-11-02,sh000852,7622.84,7542.35,7622.84,7540.89
2017-11-03,sh000852,7534.44,7476.98,7549.83,7436.43
2017-11-06,sh000852,7476.19,7551.35,7551.89,7453.2
2017-11-07,sh000852,7548.38,7596.17,7596.42,7530.04
2017-11-08,sh000852,7585.91,7617.52,7653.42,7578.69
2017-11-09,sh000852,7610.89,7656.67,7657.25,7609.24
2017-11-10,sh000852,7649.47,7669.97,7677.7,7634.65
2017-11-13,sh000852,7673.52,7681.63,7682.06,7649.43
2017-11-14,sh000852,7676.7,7627.49,7683.23,7596.8
2017-11-15,sh000852,7609.72,7556.42,7618.4,7530.81
2017-11-16,sh000852,7543.01,7535.59,7575.51,7523.89
2017-11-17,sh000852,7528.8,7272.66,7529.21,7262.89
2017-11-20,sh000852,7234.33,7292.46,7292.51,7089.63
2017-11-21,sh000852,7283.61,7289.31,7332.98,7246.2
2017-11-22,sh000852,7290.64,7297.39,7330.65,7244.99
2017-11-23,sh000852,7283.75,7129.05,7283.75,7124.03
2017-11-24,sh000852,7102.26,7139.55,7165.41,7093.73
2017-11-27,sh000852,7130.1,7065.84,7148.31,7057.33
2017-11-28,sh000852,7057.53,7176.92,7177.1,7057.36
2017-11-29,sh000852,7176.16,7193.12,7194.78,7110.48
2017-11-30,sh000852,7176.15,7153.57,7199.27,7133.81
2017-12-01,sh000852,7144.48,7215.78,7221.0,7144.07
2017-12-04,sh000852,7209.78,7139.75,7215.28,7135.4
2017-12-05,sh000852,7124.98,6946.56,7139.7,6909.4
2017-12-06,sh000852,6925.46,7016.76,7016.87,6879.24
2017-12-07,sh000852,7002.46,7012.71,7052.21,6992.92
2017-12-08,sh000852,7004.12,7078.0,7091.61,7002.64
2017-12-11,sh000852,7089.95,7160.43,7160.83,7089.92
2017-12-12,sh000852,7157.73,7095.59,7157.73,7095.23
2017-12-13,sh000852,7080.62,7139.72,7140.2,7078.26
2017-12-14,sh000852,7131.27,7146.45,7149.22,7103.92
2017-12-15,sh000852,7137.04,7122.75,7146.71,7092.26
2017-12-18,sh000852,7113.78,7075.87,7120.85,7049.3
2017-12-19,sh000852,7070.22,7115.85,7116.09,7069.88
2017-12-20,sh000852,7106.66,7041.5,7112.59,7029.7
2017-12-21,sh000852,7029.02,7051.34,7064.67,6963.13
2017-12-22,sh000852,7043.39,7037.4,7063.81,7027.2
2017-12-25,sh000852,7031.03,6940.51,7034.2,6927.32
2017-12-26,sh000852,6935.04,6970.75,6970.98,6893.62
2017-12-27,sh000852,6963.06,6942.54,6985.49,6935.88
2017-12-28,sh000852,6929.54,6956.48,6979.08,6925.07
2017-12-29,sh000852,6957.02,7017.35,7018.06,6956.59
2018-01-02,sh000852,7027.63,7092.09,7092.22,7022.23
2018-01-03,sh000852,7090.87,7159.88,7163.86,7083.11
2018-01-04,sh000852,7149.68,7174.87,7175.35,7141.7
2018-01-05,sh000852,7172.0,7176.87,7194.98,7163.04
2018-01-08,sh000852,7172.04,7188.29,7188.54,7132.94
2018-01-09,sh000852,7179.93,7176.74,7183.28,7156.2
2018-01-10,sh000852,7172.73,7138.78,7175.08,7089.66
2018-01-11,sh000852,7121.46,7175.4,7180.33,7093.73
2018-01-12,sh000852,7166.75,7127.83,7174.84,7125.23
2018-01-15,sh000852,7103.61,6929.31,7103.7,6912.71
2018-01-16,sh000852,6916.16,6960.68,6960.73,6915.99
2018-01-17,sh000852,6938.72,6942.86,6948.32,6846.56
2018-01-18,sh000852,6928.09,6955.23,6963.62,6926.59
2018-01-19,sh000852,6953.34,6938.31,6981.81,6928.65
2018-01-22,sh000852,6928.8,7014.55,7014.83,6902.63
2018-01-23,sh000852,7008.97,7019.98,7028.57,6996.64
2018-01-24,sh000852,7008.47,7072.41,7072.87,6972.69
2018-01-25,sh000852,7065.3,7062.64,7110.15,7057.64
2018-01-26,sh000852,7043.27,7056.01,7070.6,7038.0
2018-01-29,sh000852,7052.31,6972.48,7060.12,6956.2
2018-01-30,sh000852,6955.68,6955.24,6977.1,6944.8
2018-01-31,sh000852,6913.35,6791.01,6913.35,6773.99
2018-02-01,sh000852,6775.36,6506.45,6792.99,6505.76
2018-02-02,sh000852,6454.44,6487.87,6493.22,6322.58
2018-02-05,sh000852,6403.08,6461.81,6485.75,6379.83
2018-02-06,sh000852,6353.2,6142.67,6383.18,6142.4
2018-02-07,sh000852,6236.46,6158.26,6270.57,6042.63
2018-02-08,sh000852,6141.78,6238.22,6243.74,6138.17
2018-02-09,sh000852,6100.35,6053.02,6142.31,5983.77
2018-02-12,sh000852,6074.46,6203.75,6216.52,6074.46
2018-02-13,sh000852,6229.38,6216.51,6268.78,6211.63
2018-02-14,sh000852,6216.38,6230.66,6230.73,6182.89
2018-02-22,sh000852,6269.37,6347.08,6347.15,6269.37
2018-02-23,sh000852,6346.82,6365.92,6367.06,6316.54
2018-02-26,sh000852,6396.51,6507.13,6509.62,6382.15
2018-02-27,sh000852,6506.4,6529.38,6540.75,6491.53
2018-02-28,sh000852,6488.25,6563.81,6581.08,6461.37
2018-03-01,sh000852,6530.22,6658.58,6658.94,6517.59
2018-03-02,sh000852,6621.53,6632.37,6672.96,6612.46
2018-03-05,sh000852,6648.26,6674.28,6674.41,6626.42
2018-03-06,sh000852,6679.27,6735.86,6735.96,6679.05
2018-03-07,sh000852,6726.8,6688.54,6740.08,6682.64
2018-03-08,sh000852,6679.04,6725.18,6725.42,6678.68
2018-03-09,sh000852,6725.43,6837.13,6839.72,6722.68
2018-03-12,sh000852,6865.44,6947.46,6947.65,6865.44
2018-03-13,sh000852,6937.12,6911.67,6963.85,6906.65
2018-03-14,sh000852,6886.02,6834.84,6908.11,6831.75
2018-03-15,sh000852,6809.85,6824.05,6838.89,6743.4
2018-03-16,sh000852,6821.23,6805.93,6861.68,6805.93
2018-03-19,sh000852,6796.35,6820.5,6856.09,6773.55
2018-03-20,sh000852,6768.71,6822.25,6826.78,6749.81
2018-03-21,sh000852,6826.22,6771.06,6875.52,6766.94
2018-03-22,sh000852,6767.27,6764.69,6804.24,6729.16
2018-03-23,sh000852,6565.98,6402.89,6625.1,6336.25
2018-03-26,sh000852,6313.9,6515.25,6515.33,6257.96
2018-03-27,sh000852,6570.42,6680.84,6692.97,6570.42
2018-03-28,sh000852,6602.63,6635.87,6684.0,6586.97
2018-03-29,sh000852,6648.89,6684.28,6686.73,6635.82
2018-03-30,sh000852,6699.46,6798.67,6799.02,6699.46
2018-04-02,sh000852,6818.12,6835.87,6875.64,6806.19
2018-04-03,sh000852,6745.21,6769.56,6776.0,6712.5
2018-04-04,sh000852,6783.34,6708.92,6804.04,6704.1
2018-04-09,sh000852,6680.4,6718.65,6747.7,6627.68
2018-04-10,sh000852,6721.91,6720.77,6731.55,6649.89
2018-04-11,sh000852,6736.22,6759.81,6778.18,6731.35
2018-04-12,sh000852,6748.47,6727.64,6772.43,6718.51
2018-04-13,sh000852,6753.35,6721.66,6771.12,6710.71
2018-04-16,sh000852,6704.34,6717.93,6750.18,6657.95
2018-04-17,sh000852,6727.42,6564.69,6739.17,6559.04
2018-04-18,sh000852,6597.33,6661.29,6668.39,6483.09
2018-04-19,sh000852,6649.05,6677.09,6717.53,6642.06
2018-04-20,sh000852,6649.99,6535.96,6670.49,6528.92
2018-04-23,sh000852,6532.72,6466.52,6557.76,6394.42
2018-04-24,sh000852,6459.48,6606.58,6606.58,6459.48
2018-04-25,sh000852,6571.66,6632.02,6641.54,6563.66
2018-04-26,sh000852,6621.46,6510.53,6623.95,6509.51
2018-04-27,sh000852,6528.73,6517.05,6549.29,6462.7
2018-05-02,sh000852,6516.6,6486.81,6551.25,6442.78
2018-05-03,sh000852,6471.17,6545.27,6546.03,6393.12
2018-05-04,sh000852,6524.02,6531.29,6565.72,6511.53
2018-05-07,sh000852,6538.13,6646.58,6646.68,6538.13
2018-05-08,sh000852,6647.34,6678.14,6678.46,6637.65
2018-05-09,sh000852,6666.77,6674.91,6685.69,6642.2
2018-05-10,sh000852,6682.12,6703.21,6703.67,6651.67
2018-05-11,sh000852,6705.31,6636.77,6707.82,6635.55
2018-05-14,sh000852,6625.03,6591.73,6639.84,6573.46
2018-05-15,sh000852,6592.65,6661.13,6661.42,6568.73
2018-05-16,sh000852,6638.67,6622.64,6670.65,6616.74
2018-05-17,sh000852,6616.44,6591.25,6631.07,6576.53
2018-05-18,sh000852,6583.87,6620.77,6621.15,6555.42
2018-05-21,sh000852,6654.05,6697.14,6705.83,6653.98
2018-05-22,sh000852,6691.8,6724.4,6724.74,6675.98
2018-05-23,sh000852,6702.49,6652.29,6707.83,6652.29
2018-05-24,sh000852,6649.01,6628.5,6666.73,6625.54
2018-05-25,sh000852,6622.51,6541.45,6630.02,6536.35
2018-05-28,sh000852,6526.84,6490.4,6543.06,6463.57
2018-05-29,sh000852,6481.82,6436.77,6522.83,6436.31
2018-05-30,sh000852,6345.94,6232.42,6351.51,6222.1
2018-05-31,sh000852,6274.76,6315.17,6315.84,6231.16
2018-06-01,sh000852,6285.05,6243.73,6324.89,6209.11
2018-06-04,sh000852,6252.26,6215.61,6265.58,6192.91
2018-06-05,sh000852,6210.98,6316.42,6316.48,6210.98
2018-06-06,sh000852,6308.79,6320.47,6331.75,6295.9
2018-06-07,sh000852,6334.4,6274.88,6340.68,6268.77
2018-06-08,sh000852,6261.68,6205.96,6261.68,6159.99
2018-06-11,sh000852,6187.62,6151.94,6197.94,6133.47
2018-06-12,sh000852,6152.02,6199.15,6199.32,6086.6
2018-06-13,sh000852,6180.98,6092.34,6180.98,6091.4
2018-06-14,sh000852,6069.26,6060.13,6125.31,6040.09
2018-06-15,sh000852,6054.89,5928.07,6069.75,5900.13
2018-06-19,sh000852,5821.04,5522.53,5829.58,5463.37
2018-06-20,sh000852,5485.06,5588.27,5612.48,5458.53
2018-06-21,sh000852,5578.24,5456.91,5623.96,5454.83
2018-06-22,sh000852,5413.38,5541.37,5545.15,5384.05
2018-06-25,sh000852,5579.44,5512.43,5592.62,5508.64
2018-06-26,sh000852,5434.39,5558.71,5563.36,5411.5
2018-06-27,sh000852,5557.59,5508.92,5583.63,5489.92
2018-06-28,sh000852,5494.95,5443.85,5547.57,5439.87
2018-06-29,sh000852,5441.96,5608.54,5608.54,5435.49
2018-07-02,sh000852,5601.74,5538.09,5625.5,5495.09
2018-07-03,sh000852,5531.58,5601.59,5602.06,5450.21
2018-07-04,sh000852,5574.18,5500.67,5580.17,5478.66
2018-07-05,sh000852,5484.07,5352.66,5507.81,5352.66
2018-07-06,sh000852,5345.88,5374.58,5442.08,5251.5
2018-07-09,sh000852,5378.81,5487.55,5487.8,5378.81
2018-07-10,sh000852,5487.34,5524.8,5525.03,5474.14
2018-07-11,sh000852,5441.24,5396.31,5442.01,5317.7
2018-07-12,sh000852,5385.81,5541.36,5552.72,5385.81
2018-07-13,sh000852,5539.14,5561.69,5570.52,5533.65
2018-07-16,sh000852,5552.22,5566.96,5573.88,5533.13
2018-07-17,sh000852,5557.91,5575.47,5575.79,5507.15
2018-07-18,sh000852,5573.02,5544.52,5612.9,5544.52
2018-07-19,sh000852,5533.12,5480.77,5559.67,5460.47
2018-07-20,sh000852,5469.79,5541.21,5552.16,5438.07
2018-07-23,sh000852,5509.23,5582.31,5582.41,5493.77
2018-07-24,sh000852,5578.72,5672.22,5674.31,5572.98
2018-07-25,sh000852,5669.99,5685.59,5702.28,5662.85
2018-07-26,sh000852,5681.07,5663.18,5695.23,5649.39
2018-07-27,sh000852,5655.31,5630.23,5669.01,5617.91
2018-07-30,sh000852,5618.9,5549.04,5634.45,5523.85
2018-07-31,sh000852,5536.71,5542.54,5562.55,5513.99
2018-08-01,sh000852,5553.76,5456.21,5578.33,5456.21
2018-08-02,sh000852,5431.13,5325.8,5431.13,5207.48
2018-08-03,sh000852,5313.05,5255.63,5335.6,5255.63
2018-08-06,sh000852,5234.67,5144.64,5264.86,5113.34
2018-08-07,sh000852,5149.37,5279.64,5279.86,5108.26
2018-08-08,sh000852,5263.17,5191.79,5278.25,5187.61
2018-08-09,sh000852,5166.38,5307.97,5329.84,5155.06
2018-08-10,sh000852,5299.49,5342.05,5344.72,5296.5
2018-08-13,sh000852,5278.16,5369.18,5369.6,5256.58
2018-08-14,sh000852,5357.72,5351.02,5376.26,5334.93
2018-08-15,sh000852,5347.69,5242.09,5350.61,5237.0
2018-08-16,sh000852,5175.42,5178.24,5244.66,5127.14
2018-08-17,sh000852,5210.23,5084.21,5233.5,5073.4
2018-08-20,sh000852,5071.14,5103.63,5103.63,4994.32
2018-08-21,sh000852,5097.2,5162.03,5171.56,5085.9
2018-08-22,sh000852,5151.44,5102.36,5156.25,5098.61
2018-08-23,sh000852,5095.36,5133.33,5151.31,5087.51
2018-08-24,sh000852,5122.68,5116.14,5147.56,5100.14
2018-08-27,sh000852,5121.19,5229.36,5229.36,5121.19
2018-08-28,sh000852,5229.62,5233.5,5244.15,5212.39
2018-08-29,sh000852,5229.07,5203.71,5229.11,5190.14
2018-08-30,sh000852,5193.69,5114.27,5206.95,5112.18
2018-08-31,sh000852,5096.55,5057.98,5107.69,5047.62
2018-09-03,sh000852,5049.73,5054.1,5055.28,4973.74
2018-09-04,sh000852,5047.81,5113.15,5123.26,5042.82
2018-09-05,sh000852,5100.34,5032.5,5115.72,5032.5
2018-09-06,sh000852,5016.83,5012.51,5071.11,4991.78
2018-09-07,sh000852,5018.23,5022.28,5084.4,4989.04
2018-09-10,sh000852,5016.79,4923.64,5019.47,4921.79
2018-09-11,sh000852,4917.07,4925.3,4950.63,4884.9
2018-09-12,sh000852,4922.35,4919.81,4956.46,4902.41
2018-09-13,sh000852,4955.79,4958.17,4978.36,4888.12
2018-09-14,sh000852,4958.7,4907.93,4965.67,4907.09
2018-09-17,sh000852,4885.23,4831.56,4885.23,4812.93
2018-09-18,sh000852,4815.76,4917.35,4917.39,4813.6
2018-09-19,sh000852,4904.24,4970.01,5001.86,4895.85
2018-09-20,sh000852,4961.66,4951.58,4984.75,4944.65
2018-09-21,sh000852,4957.27,5011.69,5015.24,4931.35
2018-09-25,sh000852,4980.3,4995.7,5014.02,4965.99
2018-09-26,sh000852,4996.35,5017.06,5042.51,4987.91
2018-09-27,sh000852,5012.45,4945.69,5018.4,4945.64
2018-09-28,sh000852,4947.72,4987.27,4987.27,4935.42
2018-10-08,sh000852,4906.1,4817.43,4916.87,4813.09
2018-10-09,sh000852,4826.32,4818.73,4860.92,4790.67
2018-10-10,sh000852,4823.35,4812.43,4842.98,4775.67
2018-10-11,sh000852,4662.96,4456.61,4671.99,4428.6
2018-10-12,sh000852,4415.29,4427.68,4446.95,4251.67
2018-10-15,sh000852,4435.08,4358.87,4468.22,4352.27
2018-10-16,sh000852,4358.06,4261.17,4391.39,4237.51
2018-10-17,sh000852,4311.05,4292.2,4334.63,4192.82
2018-10-18,sh000852,4260.01,4149.44,4260.01,4143.17
2018-10-19,sh000852,4080.12,4241.23,4243.97,4066.27
2018-10-22,sh000852,4279.76,4452.74,4491.31,4279.76
2018-10-23,sh000852,4448.91,4379.06,4469.57,4352.66
2018-10-24,sh000852,4358.87,4377.55,4424.91,4340.66
2018-10-25,sh000852,4245.3,4345.33,4353.78,4223.32
2018-10-26,sh000852,4374.46,4359.47,4412.23,4342.21
2018-10-29,sh000852,4341.91,4296.7,4345.02,4275.72
2018-10-30,sh000852,4284.36,4336.65,4358.47,4226.59
2018-10-31,sh000852,4342.11,4400.61,4424.5,4337.53
2018-11-01,sh000852,4428.86,4428.74,4493.6,4425.15
2018-11-02,sh000852,4490.63,4564.18,4564.18,4483.98
2018-11-05,sh000852,4557.92,4598.2,4620.71,4529.44
2018-11-06,sh000852,4585.58,4603.11,4603.78,4543.71
2018-11-07,sh000852,4604.87,4592.84,4650.36,4589.32
2018-11-08,sh000852,4617.91,4572.38,4628.27,4568.67
2018-11-09,sh000852,4553.21,4561.21,4596.76,4542.58
2018-11-12,sh000852,4560.86,4697.35,4697.35,4556.3
2018-11-13,sh000852,4648.56,4790.45,4816.84,4639.58
2018-11-14,sh000852,4784.86,4791.23,4848.06,4776.79
2018-11-15,sh000852,4790.33,4871.09,4871.09,4788.21
2018-11-16,sh000852,4880.87,4923.99,4946.79,4867.08
2018-11-19,sh000852,4924.29,4942.49,4942.49,4877.95
2018-11-20,sh000852,4899.32,4811.88,4923.64,4808.41
2018-11-21,sh000852,4754.23,4847.04,4848.73,4746.68
2018-11-22,sh000852,4858.48,4850.13,4878.1,4831.09
2018-11-23,sh000852,4840.94,4642.12,4841.4,4624.48
2018-11-26,sh000852,4631.42,4633.73,4677.96,4610.58
2018-11-27,sh000852,4662.33,4671.64,4693.83,4636.96
2018-11-28,sh000852,4669.66,4728.58,4728.58,4607.61
2018-11-29,sh000852,4746.63,4617.35,4758.25,4617.35
2018-11-30,sh000852,4604.27,4648.18,4654.53,4549.44
2018-12-03,sh000852,4762.96,4802.29,4820.21,4742.47
2018-12-04,sh000852,4793.32,4846.17,4846.17,4782.95
2018-12-05,sh000852,4750.55,4816.99,4846.75,4734.98
2018-12-06,sh000852,4796.41,4730.91,4814.71,4724.53
2018-12-07,sh000852,4738.17,4731.9,4755.33,4711.36
2018-12-10,sh000852,4698.55,4676.62,4711.32,4660.73
2018-12-11,sh000852,4691.59,4720.47,4720.47,4685.3
2018-12-12,sh000852,4733.07,4718.82,4740.99,4706.39
2018-12-13,sh000852,4727.46,4763.72,4791.0,4698.37
2018-12-14,sh000852,4755.02,4641.89,4756.21,4638.92
2018-12-17,sh000852,4623.13,4627.23,4634.03,4569.57
2018-12-18,sh000852,4602.4,4596.61,4634.75,4553.36
2018-12-19,sh000852,4601.37,4533.4,4604.94,4525.06
2018-12-20,sh000852,4523.97,4550.6,4560.34,4509.57
2018-12-21,sh000852,4536.57,4517.78,4543.87,4484.56
2018-12-24,sh000852,4511.22,4558.32,4558.35,4501.06
2018-12-25,sh000852,4512.29,4514.62,4522.88,4403.06
2018-12-26,sh000852,4509.32,4494.5,4531.11,4487.79
2018-12-27,sh000852,4553.72,4424.65,4561.92,4424.65
2018-12-28,sh000852,4429.04,4430.02,4454.96,4396.37
2019-01-02,sh000852,4436.75,4408.53,4444.44,4399.59
2019-01-03,sh000852,4404.31,4376.86,4446.03,4375.86
2019-01-04,sh000852,4338.06,4497.89,4497.91,4326.33
2019-01-07,sh000852,4523.23,4594.15,4598.63,4516.0
2019-01-08,sh000852,4586.83,4585.03,4596.8,4567.29
2019-01-09,sh000852,4588.69,4594.74,4654.77,4578.45
2019-01-10,sh000852,4592.74,4582.48,4619.82,4571.09
2019-01-11,sh000852,4585.22,4621.61,4621.61,4575.64
2019-01-14,sh000852,4621.7,4594.19,4625.56,4580.54
2019-01-15,sh000852,4583.55,4644.17,4644.17,4569.14
2019-01-16,sh000852,4644.23,4637.2,4669.63,4632.07
2019-01-17,sh000852,4632.27,4595.49,4639.79,4590.31
2019-01-18,sh000852,4596.25,4626.41,4627.66,4576.77
2019-01-21,sh000852,4629.79,4655.11,4668.48,4624.65
2019-01-22,sh000852,4651.03,4603.2,4651.1,4589.37
2019-01-23,sh000852,4590.69,4609.67,4609.68,4580.62
2019-01-24,sh000852,4613.93,4635.75,4651.02,4591.8
2019-01-25,sh000852,4634.06,4607.94,4651.32,4606.87
2019-01-28,sh000852,4629.43,4570.4,4640.62,4565.79
2019-01-29,sh000852,4557.81,4490.05,4558.05,4419.4
2019-01-30,sh000852,4464.8,4423.14,4492.66,4422.36
2019-01-31,sh000852,4408.11,4355.74,4441.42,4328.92
2019-02-01,sh000852,4369.27,4482.99,4482.99,4369.27
2019-02-11,sh000852,4497.53,4611.83,4611.83,4497.53
2019-02-12,sh000852,4611.85,4675.79,4685.13,4604.1
2019-02-13,sh000852,4679.69,4759.83,4766.18,4672.78
2019-02-14,sh000852,4758.51,4780.04,4801.09,4741.52
2019-02-15,sh000852,4772.98,4773.51,4805.8,4763.76
2019-02-18,sh000852,4805.33,4942.88,4942.88,4805.33
2019-02-19,sh000852,4964.22,4963.75,4988.26,4897.23
2019-02-20,sh000852,4958.89,4967.04,4971.13,4906.63
2019-02-21,sh000852,4957.63,4947.66,5046.62,4930.97
2019-02-22,sh000852,4935.44,5059.51,5059.51,4932.2
2019-02-25,sh000852,5129.47,5324.25,5324.52,5120.47
2019-02-26,sh000852,5335.38,5323.76,5438.88,5273.9
2019-02-27,sh000852,5312.56,5310.27,5391.87,5245.41
2019-02-28,sh000852,5306.2,5330.34,5370.21,5291.98
2019-03-01,sh000852,5344.42,5364.37,5364.37,5286.0
2019-03-04,sh000852,5418.71,5482.3,5562.2,5418.27
2019-03-05,sh000852,5470.7,5654.31,5654.31,5451.29
2019-03-06,sh000852,5694.9,5776.97,5776.98,5625.34
2019-03-07,sh000852,5775.3,5877.3,5928.61,5750.05
2019-03-08,sh000852,5736.93,5633.32,5913.03,5633.29
2019-03-11,sh000852,5682.57,5876.34,5876.34,5645.18
2019-03-12,sh000852,5922.57,6006.18,6046.62,5897.17
2019-03-13,sh000852,6014.51,5866.63,6039.97,5822.57
2019-03-14,sh000852,5810.02,5688.95,5860.93,5622.34
2019-03-15,sh000852,5723.65,5777.11,5816.31,5704.27
2019-03-18,sh000852,5801.32,5916.34,5916.34,5743.6
2019-03-19,sh000852,5916.17,5941.91,5968.34,5895.18
2019-03-20,sh000852,5935.27,5926.17,5948.85,5811.2
2019-03-21,sh000852,5929.75,5990.64,6034.48,5914.67
2019-03-22,sh000852,5981.7,6014.55,6022.07,5889.68
2019-03-25,sh000852,5914.85,5961.44,6039.66,5890.4
2019-03-26,sh000852,5982.36,5788.36,6006.94,5774.74
2019-03-27,sh000852,5822.69,5826.53,5842.07,5696.13
2019-03-28,sh000852,5797.87,5747.86,5872.2,5744.23
2019-03-29,sh000852,5748.92,5911.21,5911.22,5699.69
2019-04-01,sh000852,5961.79,6137.73,6137.73,5961.79
2019-04-02,sh000852,6181.08,6174.94,6234.75,6135.8
2019-04-03,sh000852,6142.37,6237.02,6237.16,6114.6
2019-04-04,sh000852,6262.69,6260.07,6283.29,6198.03
2019-04-08,sh000852,6303.43,6230.21,6322.48,6130.76
2019-04-09,sh000852,6212.73,6245.43,6261.15,6164.97
2019-04-10,sh000852,6203.4,6235.71,6289.93,6159.23
2019-04-11,sh000852,6232.89,6106.95,6249.5,6106.66
2019-04-12,sh000852,6097.07,6101.2,6130.38,6047.83
2019-04-15,sh000852,6178.5,6052.05,6215.38,6049.24
2019-04-16,sh000852,6019.12,6179.8,6179.8,5978.73
2019-04-17,sh000852,6181.76,6234.11,6267.59,6175.58
2019-04-18,sh000852,6229.69,6202.84,6255.79,6188.12
2019-04-19,sh000852,6198.61,6255.25,6255.26,6147.16
2019-04-22,sh000852,6270.37,6192.14,6274.46,6171.31
2019-04-23,sh000852,6175.13,6078.27,6175.82,6061.75
2019-04-24,sh000852,6081.96,6153.39,6153.39,6017.86
2019-04-25,sh000852,6130.01,5899.91,6140.3,5899.65
2019-04-26,sh000852,5861.79,5834.38,5926.04,5830.35
2019-04-29,sh000852,5831.24,5622.48,5849.64,5613.83
2019-04-30,sh000852,5595.81,5682.24,5718.32,5595.81
2019-05-06,sh000852,5480.13,5246.83,5496.84,5212.99
2019-05-07,sh000852,5273.22,5312.5,5353.61,5214.9
2019-05-08,sh000852,5198.84,5292.75,5376.9,5166.4
2019-05-09,sh000852,5243.72,5237.82,5308.02,5229.82
2019-05-10,sh000852,5292.45,5445.53,5445.54,5192.7
2019-05-13,sh000852,5385.76,5405.61,5440.91,5366.78
2019-05-14,sh000852,5333.85,5368.23,5422.62,5328.01
2019-05-15,sh000852,5412.93,5486.39,5491.4,5403.48
2019-05-16,sh000852,5488.27,5527.27,5539.35,5478.07
2019-05-17,sh000852,5527.38,5330.99,5530.9,5306.47
2019-05-20,sh000852,5326.19,5313.15,5330.18,5200.68
2019-05-21,sh000852,5305.44,5418.05,5425.31,5287.31
2019-05-22,sh000852,5418.24,5395.43,5451.11,5351.7
2019-05-23,sh000852,5380.41,5267.83,5380.41,5251.34
2019-05-24,sh000852,5230.9,5200.77,5279.65,5186.87
2019-05-27,sh000852,5204.42,5354.63,5360.0,5179.19
2019-05-28,sh000852,5353.85,5354.53,5414.65,5332.93
2019-05-29,sh000852,5336.84,5376.51,5411.08,5329.91
2019-05-30,sh000852,5357.49,5341.98,5357.49,5270.89
2019-05-31,sh000852,5336.69,5334.25,5384.48,5319.21
2019-06-03,sh000852,5341.27,5255.07,5354.69,5235.52
2019-06-04,sh000852,5244.73,5160.98,5249.53,5131.01
2019-06-05,sh000852,5206.15,5158.47,5222.87,5148.29
2019-06-06,sh000852,5149.38,5030.8,5149.38,5011.76
2019-06-10,sh000852,5043.33,5098.94,5112.43,5022.0
2019-06-11,sh000852,5103.85,5289.62,5289.79,5096.02
2019-06-12,sh000852,5276.7,5264.89,5315.96,5251.05
2019-06-13,sh000852,5256.91,5294.11,5306.98,5237.96
2019-06-14,sh000852,5297.74,5173.07,5307.08,5170.98
2019-06-17,sh000852,5168.35,5160.67,5192.13,5140.27
2019-06-18,sh000852,5160.11,5160.88,5183.02,5125.1
2019-06-19,sh000852,5268.94,5234.28,5292.28,5231.97
2019-06-20,sh000852,5228.49,5317.31,5329.97,5199.87
2019-06-21,sh000852,5350.29,5406.04,5423.19,5350.29
2019-06-24,sh000852,5412.55,5403.8,5427.67,5374.52
2019-06-25,sh000852,5397.06,5351.69,5397.06,5289.84
2019-06-26,sh000852,5323.7,5351.39,5384.06,5303.24
2019-06-27,sh000852,5361.98,5397.57,5415.36,5360.49
2019-06-28,sh000852,5389.98,5321.43,5389.98,5289.43
2019-07-01,sh000852,5418.21,5481.41,5481.41,5392.44
2019-07-02,sh000852,5482.44,5483.52,5501.12,5462.73
2019-07-03,sh000852,5465.95,5428.51,5465.95,5408.58
2019-07-04,sh000852,5435.48,5404.38,5450.29,5381.05
2019-07-05,sh000852,5404.71,5424.25,5433.69,5379.89
2019-07-08,sh000852,5410.2,5244.27,5410.2,5221.95
2019-07-09,sh000852,5239.86,5260.34,5270.46,5203.85
2019-07-10,sh000852,5267.27,5214.64,5271.24,5196.82
2019-07-11,sh000852,5236.66,5206.4,5271.61,5180.96
2019-07-12,sh000852,5209.3,5219.19,5229.84,5173.05
2019-07-15,sh000852,5203.58,5273.81,5289.01,5140.8
2019-07-16,sh000852,5264.65,5285.23,5289.01,5254.62
2019-07-17,sh000852,5282.56,5289.42,5312.71,5269.24
2019-07-18,sh000852,5265.37,5194.6,5265.37,5194.6
2019-07-19,sh000852,5205.73,5220.03,5263.34,5205.7
2019-07-22,sh000852,5222.06,5073.33,5222.34,5067.1
2019-07-23,sh000852,5072.77,5131.1,5131.1,5072.77
2019-07-24,sh000852,5141.94,5194.83,5219.15,5141.9
2019-07-25,sh000852,5193.65,5211.09,5220.12,5181.28
2019-07-26,sh000852,5201.56,5216.6,5222.33,5188.24
2019-07-29,sh000852,5217.93,5218.98,5235.01,5197.02
2019-07-30,sh000852,5217.07,5239.72,5269.31,5216.81
2019-07-31,sh000852,5229.14,5200.09,5229.14,5193.18
2019-08-01,sh000852,5172.08,5173.23,5201.48,5151.39
2019-08-02,sh000852,5074.0,5091.06,5101.14,5047.39
2019-08-05,sh000852,5076.11,5032.64,5124.38,5032.64
2019-08-06,sh000852,4940.87,4899.82,4940.87,4781.88
2019-08-07,sh000852,4928.14,4885.44,4941.96,4884.99
2019-08-08,sh000852,4901.82,4923.33,4936.83,4901.71
2019-08-09,sh000852,4948.52,4869.79,4963.0,4861.12
2019-08-12,sh000852,4873.89,4952.22,4952.22,4859.62
2019-08-13,sh000852,4917.89,4928.46,4935.94,4903.82
2019-08-14,sh000852,4980.39,4961.75,4997.44,4953.98
2019-08-15,sh000852,4848.87,4985.42,4985.54,4829.41
2019-08-16,sh000852,4981.56,5013.58,5044.21,4979.93
2019-08-19,sh000852,5054.48,5173.18,5173.18,5054.48
2019-08-20,sh000852,5183.01,5185.27,5220.68,5168.94
2019-08-21,sh000852,5177.88,5186.62,5203.65,5168.81
2019-08-22,sh000852,5200.06,5208.55,5208.55,5165.61
2019-08-23,sh000852,5210.42,5197.55,5224.57,5179.47
2019-08-26,sh000852,5096.1,5168.68,5186.4,5087.7
2019-08-27,sh000852,5196.14,5266.66,5283.06,5196.14
2019-08-28,sh000852,5261.62,5256.18,5274.68,5236.02
2019-08-29,sh000852,5262.96,5260.95,5286.11,5249.75
2019-08-30,sh000852,5280.51,5182.96,5289.04,5160.45
2019-09-02,sh000852,5187.4,5317.53,5318.4,5187.4
2019-09-03,sh000852,5324.69,5357.06,5357.06,5310.27
2019-09-04,sh000852,5345.94,5394.71,5394.71,5336.57
2019-09-05,sh000852,5423.96,5445.57,5504.94,5418.92
2019-09-06,sh000852,5461.33,5468.46,5479.12,5425.37
2019-09-09,sh000852,5516.53,5602.24,5602.24,5495.16
2019-09-10,sh000852,5608.74,5614.58,5625.92,5573.99
2019-09-11,sh000852,5630.2,5566.41,5634.44,5564.94
2019-09-12,sh000852,5580.6,5592.92,5601.47,5546.25
2019-09-16,sh000852,5613.57,5627.24,5650.67,5600.8
2019-09-17,sh000852,5614.16,5492.22,5614.16,5471.43
2019-09-18,sh000852,5501.84,5485.88,5515.22,5467.91
2019-09-19,sh000852,5497.24,5550.41,5550.41,5468.75
2019-09-20,sh000852,5560.04,5556.48,5576.79,5533.28
2019-09-23,sh000852,5538.73,5501.21,5538.73,5462.27
2019-09-24,sh000852,5504.5,5528.89,5568.22,5495.46
2019-09-25,sh000852,5502.16,5421.62,5502.16,5421.62
2019-09-26,sh000852,5428.61,5244.08,5436.95,5244.08
2019-09-27,sh000852,5241.51,5291.44,5313.08,5241.51
2019-09-30,sh000852,5297.02,5232.39,5315.34,5232.39
2019-10-08,sh000852,5242.02,5237.18,5280.59,5226.26
2019-10-09,sh000852,5220.2,5285.15,5285.15,5191.06
2019-10-10,sh000852,5291.55,5366.93,5367.1,5281.86
2019-10-11,sh000852,5371.4,5370.65,5392.78,5327.79
2019-10-14,sh000852,5411.65,5455.61,5463.54,5402.63
2019-10-15,sh000852,5429.94,5375.53,5429.94,5367.14
2019-10-16,sh000852,5377.75,5353.02,5397.07,5350.15
2019-10-17,sh000852,5354.41,5347.27,5371.67,5331.73
2019-10-18,sh000852,5350.64,5280.53,5374.6,5267.93
2019-10-21,sh000852,5273.64,5247.3,5273.64,5200.93
2019-10-22,sh000852,5252.19,5312.46,5312.46,5249.96
2019-10-23,sh000852,5311.77,5269.72,5314.36,5257.77
2019-10-24,sh000852,5262.92,5259.45,5274.32,5220.55
2019-10-25,sh000852,5254.37,5300.09,5307.75,5227.89
2019-10-28,sh000852,5343.5,5425.75,5425.75,5343.44
2019-10-29,sh000852,5434.31,5366.75,5434.31,5366.75
2019-10-30,sh000852,5349.08,5313.42,5351.86,5301.64
2019-10-31,sh000852,5310.66,5253.88,5329.2,5252.17
2019-11-01,sh000852,5234.75,5303.99,5308.93,5227.11
2019-11-04,sh000852,5316.6,5337.08,5365.59,5316.6
2019-11-05,sh000852,5341.17,5352.06,5362.44,5306.05
2019-11-06,sh000852,5348.45,5304.84,5356.31,5286.44
2019-11-07,sh000852,5300.67,5340.17,5347.66,5294.2
2019-11-08,sh000852,5361.27,5321.78,5375.06,5318.77
2019-11-11,sh000852,5289.63,5183.57,5289.63,5175.62
2019-11-12,sh000852,5183.48,5196.72,5196.72,5123.3
2019-11-13,sh000852,5188.88,5181.49,5200.24,5160.33
2019-11-14,sh000852,5180.31,5216.64,5229.09,5177.11
2019-11-15,sh000852,5208.37,5152.56,5220.06,5152.56
2019-11-18,sh000852,5147.03,5189.35,5192.85,5139.96
2019-11-19,sh000852,5192.68,5286.15,5286.15,5187.77
2019-11-20,sh000852,5281.85,5259.47,5303.93,5251.08
2019-11-21,sh000852,5238.6,5250.67,5274.23,5228.26
2019-11-22,sh000852,5255.43,5181.11,5296.33,5157.55
2019-11-25,sh000852,5179.15,5151.37,5185.45,5107.51
2019-11-26,sh000852,5154.92,5147.73,5170.49,5131.54
2019-11-27,sh000852,5138.06,5145.97,5170.6,5121.32
2019-11-28,sh000852,5142.38,5131.13,5165.65,5120.55
2019-11-29,sh000852,5130.28,5126.61,5137.29,5082.77
2019-12-02,sh000852,5131.89,5137.78,5156.87,5124.55
2019-12-03,sh000852,5119.75,5171.36,5171.36,5097.08
2019-12-04,sh000852,5148.41,5179.69,5188.36,5140.39
2019-12-05,sh000852,5190.08,5238.13,5246.03,5187.91
2019-12-06,sh000852,5241.09,5275.51,5275.51,5226.26
2019-12-09,sh000852,5286.2,5294.28,5302.29,5269.18
2019-12-10,sh000852,5286.04,5326.36,5326.36,5272.2
2019-12-11,sh000852,5323.86,5304.88,5333.32,5291.25
2019-12-12,sh000852,5302.72,5304.42,5334.26,5292.47
2019-12-13,sh000852,5334.58,5375.98,5379.29,5327.12
2019-12-16,sh000852,5391.47,5476.99,5476.99,5387.55
2019-12-17,sh000852,5479.9,5545.62,5555.25,5475.43
2019-12-18,sh000852,5546.28,5543.79,5575.65,5529.82
2019-12-19,sh000852,5544.66,5568.11,5579.82,5534.51
2019-12-20,sh000852,5571.63,5501.16,5580.34,5501.16
2019-12-23,sh000852,5478.57,5377.09,5485.78,5375.02
2019-12-24,sh000852,5388.21,5471.74,5471.74,5386.97
2019-12-25,sh000852,5467.75,5504.42,5517.2,5461.38
2019-12-26,sh000852,5503.29,5543.66,5543.7,5497.9
2019-12-27,sh000852,5548.35,5498.93,5576.26,5494.97
2019-12-30,sh000852,5478.0,5530.0,5530.0,5413.87
2019-12-31,sh000852,5524.43,5567.03,5567.86,5520.01
2020-01-02,sh000852,5603.93,5676.56,5682.64,5586.14
2020-01-03,sh000852,5685.08,5706.04,5717.51,5667.74
2020-01-06,sh000852,5686.16,5764.73,5803.86,5670.34
2020-01-07,sh000852,5772.67,5852.36,5852.36,5772.67
2020-01-08,sh000852,5827.38,5772.47,5858.87,5759.33
2020-01-09,sh000852,5815.74,5864.18,5864.18,5815.74
2020-01-10,sh000852,5879.21,5851.89,5885.33,5824.65
2020-01-13,sh000852,5844.96,5926.72,5926.72,5822.42
2020-01-14,sh000852,5939.9,5914.11,5948.04,5911.69
2020-01-15,sh000852,5903.76,5913.52,5920.08,5859.11
2020-01-16,sh000852,5917.23,5902.13,5934.17,5892.73
2020-01-17,sh000852,5913.79,5879.41,5927.54,5869.17
2020-01-20,sh000852,5880.13,5954.87,5954.89,5862.14
2020-01-21,sh000852,5952.0,5901.86,5952.0,5901.0
2020-01-22,sh000852,5867.22,5919.59,5942.11,5784.68
2020-01-23,sh000852,5852.2,5699.01,5897.9,5643.84
2020-02-03,sh000852,5180.59,5200.16,5227.07,5179.26
2020-02-04,sh000852,4923.19,5212.1,5234.25,4923.19
2020-02-05,sh000852,5242.33,5348.34,5414.76,5242.33
2020-02-06,sh000852,5353.19,5515.64,5538.94,5326.21
2020-02-07,sh000852,5535.13,5583.6,5588.77,5472.87
2020-02-10,sh000852,5586.95,5661.56,5662.42,5567.05
2020-02-11,sh000852,5656.52,5623.26,5666.73,5590.89
2020-02-12,sh000852,5605.93,5754.26,5754.26,5602.3
2020-02-13,sh000852,5758.92,5707.53,5782.57,5690.01
2020-02-14,sh000852,5696.1,5727.83,5783.64,5677.79
2020-02-17,sh000852,5766.55,5936.48,5936.48,5766.55
2020-02-18,sh000852,5948.65,6072.19,6072.19,5940.62
2020-02-19,sh000852,6058.69,6018.05,6113.87,6018.05
2020-02-20,sh000852,6032.4,6134.39,6135.35,5979.05
2020-02-21,sh000852,6141.79,6243.48,6278.48,6136.08
2020-02-24,sh000852,6254.32,6380.41,6399.3,6236.09
2020-02-25,sh000852,6233.52,6407.14,6420.35,6096.15
2020-02-26,sh000852,6315.33,6221.83,6388.06,6200.26
2020-02-27,sh000852,6254.39,6232.09,6321.12,6135.95
2020-02-28,sh000852,5999.21,5870.97,6091.69,5870.91
2020-03-02,sh000852,5946.83,6113.41,6143.73,5931.04
2020-03-03,sh000852,6225.96,6195.89,6322.27,6132.71
2020-03-04,sh000852,6146.77,6226.53,6231.64,6101.05
2020-03-05,sh000852,6312.43,6315.83,6327.54,6248.98
2020-03-06,sh000852,6236.26,6296.74,6344.08,6225.71
2020-03-09,sh000852,6198.2,6049.62,6239.25,6049.62
2020-03-10,sh000852,5965.36,6206.41,6206.41,5902.39
2020-03-11,sh000852,6219.93,6122.91,6268.94,6122.91
2020-03-12,sh000852,6026.06,5999.64,6071.62,5938.93
2020-03-13,sh000852,5681.59,5945.46,5999.77,5681.59
2020-03-16,sh000852,5999.54,5657.77,6007.26,5638.39
2020-03-17,sh000852,5707.42,5642.92,5756.2,5436.6
2020-03-18,sh000852,5702.17,5556.11,5804.3,5556.11
2020-03-19,sh000852,5552.51,5617.19,5641.04,5453.04
2020-03-20,sh000852,5676.97,5670.47,5688.95,5574.62
2020-03-23,sh000852,5514.93,5416.57,5575.53,5398.95
2020-03-24,sh000852,5522.18,5517.26,5535.93,5344.42
2020-03-25,sh000852,5632.41,5646.62,5652.43,5589.96
2020-03-26,sh000852,5606.63,5595.43,5666.13,5582.93
2020-03-27,sh000852,5659.59,5553.61,5665.62,5550.54
2020-03-30,sh000852,5472.15,5415.41,5472.15,5362.8
2020-03-31,sh000852,5465.37,5427.13,5479.02,5414.31
2020-04-01,sh000852,5413.55,5403.3,5491.47,5391.54
2020-04-02,sh000852,5376.66,5538.6,5538.6,5367.57
2020-04-03,sh000852,5525.77,5507.12,5558.38,5482.06
2020-04-07,sh000852,5605.27,5695.17,5697.76,5599.82
2020-04-08,sh000852,5673.34,5718.13,5739.3,5661.95
2020-04-09,sh000852,5750.89,5789.26,5802.65,5740.03
2020-04-10,sh000852,5787.54,5637.53,5787.54,5619.7
2020-04-13,sh000852,5590.32,5578.86,5613.41,5542.57
2020-04-14,sh000852,5605.91,5692.0,5692.0,5599.91
2020-04-15,sh000852,5689.73,5657.95,5720.42,5655.22
2020-04-16,sh000852,5626.84,5700.96,5711.72,5617.05
2020-04-17,sh000852,5735.9,5710.05,5764.79,5702.01
2020-04-20,sh000852,5722.73,5803.4,5803.4,5714.32
2020-04-21,sh000852,5780.86,5773.01,5780.86,5711.17
2020-04-22,sh000852,5721.53,5826.56,5826.58,5710.81
2020-04-23,sh000852,5841.4,5789.48,5846.38,5789.1
2020-04-24,sh000852,5782.29,5675.51,5784.11,5654.22
2020-04-27,sh000852,5675.56,5645.66,5699.77,5617.52
2020-04-28,sh000852,5641.29,5561.2,5644.35,5395.57
2020-04-29,sh000852,5533.0,5547.63,5600.76,5524.87
2020-04-30,sh000852,5572.57,5678.17,5695.21,5572.57
2020-05-06,sh000852,5636.87,5802.42,5802.46,5632.03
2020-05-07,sh000852,5809.54,5795.87,5837.33,5787.61
2020-05-08,sh000852,5825.74,5862.77,5886.0,5822.81
2020-05-11,sh000852,5892.57,5851.8,5902.16,5813.67
2020-05-12,sh000852,5847.7,5869.51,5869.59,5780.09
2020-05-13,sh000852,5849.46,5917.03,5923.26,5835.33
2020-05-14,sh000852,5889.14,5863.24,5915.6,5861.78
2020-05-15,sh000852,5886.78,5889.98,5924.77,5859.9
2020-05-18,sh000852,5905.92,5860.04,5916.71,5841.72
2020-05-19,sh000852,5896.15,5936.6,5936.66,5886.9
2020-05-20,sh000852,5928.47,5865.84,5928.47,5844.58
2020-05-21,sh000852,5878.72,5791.64,5883.78,5780.11
2020-05-22,sh000852,5782.62,5684.0,5782.66,5643.4
2020-05-25,sh000852,5674.3,5671.97,5691.14,5640.28
2020-05-26,sh000852,5690.4,5808.55,5808.55,5690.4
2020-05-27,sh000852,5813.98,5772.08,5817.06,5758.18
2020-05-28,sh000852,5769.79,5758.93,5790.18,5675.49
2020-05-29,sh000852,5744.23,5816.4,5834.62,5732.38
2020-06-01,sh000852,5855.33,5993.79,5996.42,5855.33
2020-06-02,sh000852,6012.57,6002.84,6021.27,5978.77
2020-06-03,sh000852,6010.41,5994.64,6043.1,5987.57
2020-06-04,sh000852,6004.46,6006.76,6016.12,5973.2
2020-06-05,sh000852,6009.88,6015.33,6029.0,5970.15
2020-06-08,sh000852,6039.25,6001.43,6049.86,5993.17
2020-06-09,sh000852,6005.84,6042.34,6042.36,5979.23
2020-06-10,sh000852,6033.49,6049.32,6049.69,6007.98
2020-06-11,sh000852,6050.12,6027.41,6107.34,5999.51
2020-06-12,sh000852,5901.07,6031.17,6058.77,5888.23
2020-06-15,sh000852,6031.09,6028.96,6106.45,6028.94
2020-06-16,sh000852,6076.6,6151.69,6151.69,6064.26
2020-06-17,sh000852,6160.2,6178.14,6178.14,6124.22
2020-06-18,sh000852,6168.05,6149.29,6168.24,6121.07
2020-06-19,sh000852,6147.88,6187.11,6198.05,6140.52
2020-06-22,sh000852,6204.5,6228.02,6246.05,6204.5
2020-06-23,sh000852,6229.65,6238.9,6245.15,6196.69
2020-06-24,sh000852,6242.56,6227.57,6258.83,6210.97
2020-06-29,sh000852,6214.88,6211.38,6233.27,6190.41
2020-06-30,sh000852,6239.61,6319.56,6330.09,6236.64
2020-07-01,sh000852,6341.54,6339.37,6357.1,6267.14
2020-07-02,sh000852,6341.95,6413.95,6416.96,6316.96
2020-07-03,sh000852,6424.09,6478.35,6479.25,6397.51
2020-07-06,sh000852,6516.92,6726.0,6732.62,6516.92
2020-07-07,sh000852,6784.82,6817.87,6917.54,6711.31
2020-07-08,sh000852,6817.83,6974.0,6974.0,6769.21
2020-07-09,sh000852,6976.72,7182.18,7187.76,6972.0
2020-07-10,sh000852,7161.62,7150.42,7238.38,7105.76
2020-07-13,sh000852,7179.97,7403.09,7403.09,7179.97
2020-07-14,sh000852,7412.27,7344.99,7447.51,7201.49
2020-07-15,sh000852,7355.56,7131.46,7368.0,7096.58
2020-07-16,sh000852,7130.04,6758.14,7165.77,6748.5
2020-07-17,sh000852,6759.1,6772.53,6885.85,6690.45
2020-07-20,sh000852,6851.32,7003.67,7003.67,6789.31
2020-07-21,sh000852,7026.98,7058.79,7067.32,6977.47
2020-07-22,sh000852,7050.4,7125.57,7181.19,7020.55
2020-07-23,sh000852,7068.4,7119.67,7130.45,6921.19
2020-07-24,sh000852,7098.51,6784.63,7133.7,6766.51
2020-07-27,sh000852,6807.98,6786.53,6839.83,6717.32
2020-07-28,sh000852,6835.56,6857.94,6886.44,6796.82
2020-07-29,sh000852,6843.84,7060.53,7060.53,6816.31
2020-07-30,sh000852,7082.72,7048.98,7107.48,7029.02
2020-07-31,sh000852,7030.31,7141.59,7143.59,6997.63
2020-08-03,sh000852,7204.17,7373.34,7373.36,7193.07
2020-08-04,sh000852,7398.99,7326.19,7406.26,7296.12
2020-08-05,sh000852,7340.55,7427.19,7442.39,7284.67
2020-08-06,sh000852,7425.55,7432.77,7457.16,7309.36
2020-08-07,sh000852,7407.68,7339.81,7417.09,7209.94
2020-08-10,sh000852,7319.54,7358.86,7414.1,7288.75
2020-08-11,sh000852,7358.73,7213.45,7377.82,7203.79
2020-08-12,sh000852,7176.89,7092.36,7196.28,6932.3
2020-08-13,sh000852,7112.34,7113.93,7158.95,7076.78
2020-08-14,sh000852,7103.07,7183.96,7183.96,7058.54
2020-08-17,sh000852,7206.38,7339.69,7339.69,7194.12
2020-08-18,sh000852,7348.42,7410.24,7422.14,7339.89
2020-08-19,sh000852,7397.88,7256.13,7397.88,7248.89
2020-08-20,sh000852,7196.35,7151.26,7257.01,7126.04
2020-08-21,sh000852,7182.3,7194.27,7244.16,7137.05
2020-08-24,sh000852,7212.53,7253.64,7267.09,7119.94
2020-08-25,sh000852,7258.01,7213.68,7283.28,7188.17
2020-08-26,sh000852,7209.51,7037.98,7211.3,7010.08
2020-08-27,sh000852,7041.52,7113.8,7125.88,6998.03
2020-08-28,sh000852,7102.27,7204.78,7208.41,7083.13
2020-08-31,sh000852,7238.66,7224.05,7308.6,7221.55
2020-09-01,sh000852,7216.65,7258.89,7258.89,7169.4
2020-09-02,sh000852,7270.95,7272.62,7301.27,7197.21
2020-09-03,sh000852,7263.6,7189.86,7265.9,7165.77
2020-09-04,sh000852,7064.28,7182.11,7189.13,7045.55
2020-09-07,sh000852,7189.97,7057.19,7240.05,7027.92
2020-09-08,sh000852,7070.68,7103.09,7108.65,6981.57
2020-09-09,sh000852,7023.3,6877.6,7034.49,6871.77
2020-09-10,sh000852,6921.46,6633.89,6938.08,6615.56
2020-09-11,sh000852,6592.9,6742.06,6746.17,6591.31
2020-09-14,sh000852,6781.7,6848.36,6871.05,6762.24
2020-09-15,sh000852,6861.03,6881.59,6883.02,6818.22
2020-09-16,sh000852,6871.07,6812.91,6871.07,6777.43
2020-09-17,sh000852,6800.35,6825.15,6876.01,6746.22
2020-09-18,sh000852,6822.97,6929.77,6933.66,6811.9
2020-09-21,sh000852,6951.75,6927.19,6975.13,6912.04
2020-09-22,sh000852,6862.34,6815.78,6912.1,6793.68
2020-09-23,sh000852,6839.47,6862.97,6881.48,6805.13
2020-09-24,sh000852,6814.01,6675.15,6814.01,6675.06
2020-09-25,sh000852,6703.62,6634.39,6717.24,6604.67
2020-09-28,sh000852,6649.18,6550.37,6660.18,6550.0
2020-09-29,sh000852,6585.18,6621.03,6651.74,6562.82
2020-09-30,sh000852,6641.38,6617.16,6665.88,6584.89
2020-10-09,sh000852,6737.53,6822.36,6828.98,6727.39
2020-10-12,sh000852,6881.63,7036.28,7036.28,6875.7
2020-10-13,sh000852,7023.44,7053.87,7059.24,6989.67
2020-10-14,sh000852,7036.87,6988.61,7036.87,6975.19
2020-10-15,sh000852,6991.74,6926.85,6992.29,6924.19
2020-10-16,sh000852,6924.81,6906.39,6942.63,6846.17
2020-10-19,sh000852,6943.8,6858.36,6947.95,6843.0
2020-10-20,sh000852,6846.36,6923.38,6923.38,6804.84
2020-10-21,sh000852,6926.53,6815.09,6926.69,6793.49
2020-10-22,sh000852,6788.0,6771.81,6800.04,6714.15
2020-10-23,sh000852,6774.77,6641.33,6811.33,6627.7
2020-10-26,sh000852,6620.19,6648.52,6674.57,6545.79
2020-10-27,sh000852,6630.72,6682.54,6689.03,6620.09
2020-10-28,sh000852,6680.44,6685.43,6700.47,6589.77
2020-10-29,sh000852,6592.89,6674.74,6698.72,6573.7
2020-10-30,sh000852,6685.59,6511.16,6694.52,6502.12
2020-11-02,sh000852,6517.42,6513.79,6537.32,6461.71
2020-11-03,sh000852,6538.28,6647.58,6647.58,6518.66
2020-11-04,sh000852,6652.58,6632.68,6658.58,6585.8
2020-11-05,sh000852,6685.2,6754.95,6756.9,6665.81
2020-11-06,sh000852,6771.18,6688.66,6771.18,6645.57
2020-11-09,sh000852,6723.43,6851.98,6873.44,6723.43
2020-11-10,sh000852,6854.7,6779.49,6854.77,6747.74
2020-11-11,sh000852,6761.35,6663.73,6771.53,6659.28
2020-11-12,sh000852,6680.2,6676.42,6702.3,6647.77
2020-11-13,sh000852,6663.22,6686.39,6700.2,6621.5
2020-11-16,sh000852,6703.18,6747.81,6747.81,6668.42
2020-11-17,sh000852,6743.87,6681.72,6743.87,6637.52
2020-11-18,sh000852,6673.6,6682.12,6723.61,6653.65
2020-11-19,sh000852,6664.83,6718.46,6725.49,6625.09
2020-11-20,sh000852,6713.65,6766.06,6770.06,6701.49
2020-11-23,sh000852,6776.24,6807.72,6833.62,6738.65
2020-11-24,sh000852,6798.83,6808.0,6827.47,6785.25
2020-11-25,sh000852,6816.23,6691.87,6817.76,6691.87
2020-11-26,sh000852,6678.14,6643.18,6693.87,6597.77
2020-11-27,sh000852,6639.6,6641.77,6644.35,6578.72
2020-11-30,sh000852,6642.15,6622.36,6674.26,6591.69
2020-12-01,sh000852,6608.62,6713.23,6717.25,6600.73
2020-12-02,sh000852,6712.89,6735.71,6741.54,6699.75
2020-12-03,sh000852,6726.26,6711.84,6736.42,6679.52
2020-12-04,sh000852,6700.69,6746.63,6755.58,6688.63
2020-12-07,sh000852,6760.1,6733.0,6770.84,6731.68
2020-12-08,sh000852,6735.23,6734.37,6753.7,6720.6
2020-12-09,sh000852,6734.12,6602.52,6736.17,6602.52
2020-12-10,sh000852,6576.06,6605.19,6647.45,6552.11
2020-12-11,sh000852,6610.55,6498.24,6617.44,6441.29
2020-12-14,sh000852,6493.65,6576.82,6578.41,6459.92
2020-12-15,sh000852,6565.5,6596.5,6603.4,6548.79
2020-12-16,sh000852,6597.31,6543.36,6598.93,6538.97
2020-12-17,sh000852,6530.66,6597.86,6599.11,6460.63
2020-12-18,sh000852,6604.03,6573.4,6625.97,6564.18
2020-12-21,sh000852,6576.71,6691.59,6692.38,6571.59
2020-12-22,sh000852,6668.21,6549.97,6684.7,6545.84
2020-12-23,sh000852,6552.27,6601.24,6615.2,6551.07
2020-12-24,sh000852,6591.79,6496.33,6596.59,6484.41
2020-12-25,sh000852,6466.35,6561.27,6570.3,6454.28
2020-12-28,sh000852,6561.77,6519.47,6566.65,6484.44
2020-12-29,sh000852,6514.91,6477.26,6548.71,6473.4
2020-12-30,sh000852,6469.89,6526.88,6549.38,6465.39
2020-12-31,sh000852,6536.86,6646.47,6646.5,6536.86
2021-01-04,sh000852,6671.93,6798.76,6809.43,6662.8
2021-01-05,sh000852,6785.52,6807.45,6827.5,6726.46
2021-01-06,sh000852,6803.69,6724.95,6816.26,6686.13
2021-01-07,sh000852,6708.72,6616.55,6709.07,6557.27
2021-01-08,sh000852,6603.51,6585.36,6638.86,6514.18
2021-01-11,sh000852,6579.64,6475.95,6584.22,6437.03
2021-01-12,sh000852,6453.01,6564.74,6566.14,6433.22
2021-01-13,sh000852,6567.6,6513.64,6567.6,6471.78
2021-01-14,sh000852,6488.75,6506.83,6557.26,6414.74
2021-01-15,sh000852,6496.91,6528.46,6539.17,6435.46
2021-01-18,sh000852,6515.58,6652.1,6655.05,6511.0
2021-01-19,sh000852,6647.95,6614.07,6677.41,6602.78
2021-01-20,sh000852,6606.73,6671.45,6671.45,6584.88
2021-01-21,sh000852,6670.18,6745.11,6770.87,6669.41
2021-01-22,sh000852,6736.01,6721.92,6737.55,6671.29
2021-01-25,sh000852,6710.8,6657.27,6728.45,6631.69
2021-01-26,sh000852,6630.36,6534.1,6645.81,6525.38
2021-01-27,sh000852,6519.45,6537.75,6552.43,6449.37
2021-01-28,sh000852,6466.57,6399.13,6545.72,6395.76
2021-01-29,sh000852,6438.61,6304.12,6459.34,6221.87
2021-02-01,sh000852,6282.03,6345.81,6347.17,6280.37
2021-02-02,sh000852,6351.66,6417.46,6419.03,6307.81
2021-02-03,sh000852,6404.07,6307.39,6404.07,6306.09
2021-02-04,sh000852,6277.97,6167.75,6295.7,6077.28
2021-02-05,sh000852,6179.49,6045.3,6214.28,6044.61
2021-02-08,sh000852,6056.91,6088.82,6122.32,6000.96
2021-02-09,sh000852,6101.68,6254.01,6264.18,6097.09
2021-02-10,sh000852,6265.41,6303.31,6316.79,6236.35
2021-02-18,sh000852,6405.02,6404.59,6441.51,6363.2
2021-02-19,sh000852,6395.58,6527.65,6527.9,6374.58
2021-02-22,sh000852,6553.91,6534.57,6659.41,6534.57
2021-02-23,sh000852,6496.75,6489.96,6545.54,6447.97
2021-02-24,sh000852,6490.38,6437.84,6542.28,6378.67
2021-02-25,sh000852,6480.92,6399.35,6492.42,6390.41
2021-02-26,sh000852,6287.49,6325.4,6381.32,6276.71
2021-03-01,sh000852,6362.94,6495.16,6495.19,6362.94
2021-03-02,sh000852,6518.32,6466.63,6518.99,6423.95
2021-03-03,sh000852,6456.71,6553.6,6553.95,6446.84
2021-03-04,sh000852,6519.04,6434.89,6534.6,6417.89
2021-03-05,sh000852,6369.23,6456.28,6484.3,6366.47
2021-03-08,sh000852,6496.21,6327.65,6529.87,6327.65
2021-03-09,sh000852,6314.35,6126.28,6321.02,6035.91
2021-03-10,sh000852,6192.15,6078.24,6208.77,6069.91
2021-03-11,sh000852,6086.09,6219.66,6219.66,6055.4
2021-03-12,sh000852,6231.69,6220.48,6234.34,6155.7
2021-03-15,sh000852,6204.82,6177.74,6238.2,6130.4
2021-03-16,sh000852,6182.52,6233.46,6233.46,6145.52
2021-03-17,sh000852,6225.52,6277.58,6283.6,6184.06
2021-03-18,sh000852,6276.8,6298.89,6322.46,6268.86
2021-03-19,sh000852,6230.07,6250.81,6307.22,6208.76
2021-03-22,sh000852,6256.52,6359.6,6359.67,6253.62
2021-03-23,sh000852,6364.82,6289.0,6372.66,6259.8
2021-03-24,sh000852,6249.23,6196.27,6286.85,6183.2
2021-03-25,sh000852,6172.4,6190.71,6233.69,6130.25
2021-03-26,sh000852,6198.53,6301.34,6309.59,6198.53
2021-03-29,sh000852,6323.94,6326.61,6364.54,6309.77
2021-03-30,sh000852,6313.48,6301.58,6316.82,6268.25
2021-03-31,sh000852,6289.6,6293.39,6298.79,6252.4
2021-04-01,sh000852,6302.56,6335.79,6341.24,6286.06
2021-04-02,sh000852,6354.71,6361.25,6383.46,6337.98
2021-04-06,sh000852,6376.72,6421.49,6425.39,6374.72
2021-04-07,sh000852,6419.99,6422.76,6422.77,6372.25
2021-04-08,sh000852,6411.03,6404.13,6435.36,6387.91
2021-04-09,sh000852,6399.15,6399.52,6410.53,6378.27
2021-04-12,sh000852,6398.51,6263.4,6402.33,6251.49
2021-04-13,sh000852,6252.71,6231.14,6282.97,6216.19
2021-04-14,sh000852,6227.25,6320.07,6320.57,6225.56
2021-04-15,sh000852,6304.74,6296.61,6304.79,6258.95
2021-04-16,sh000852,6295.53,6368.85,6379.97,6295.53
2021-04-19,sh000852,6368.86,6477.39,6477.41,6357.5
2021-04-20,sh000852,6460.52,6457.63,6506.88,6450.39
2021-04-21,sh000852,6425.34,6457.71,6470.94,6408.04
2021-04-22,sh000852,6470.46,6485.21,6496.44,6463.14
2021-04-23,sh000852,6478.93,6453.3,6478.93,6425.66
2021-04-26,sh000852,6467.88,6431.09,6527.33,6427.76
2021-04-27,sh000852,6423.79,6400.9,6429.86,6338.13
2021-04-28,sh000852,6395.02,6437.25,6437.27,6366.01
2021-04-29,sh000852,6419.04,6405.1,6441.85,6394.37
2021-04-30,sh000852,6389.17,6382.14,6397.27,6348.8
2021-05-06,sh000852,6385.32,6398.44,6420.42,6347.99
2021-05-07,sh000852,6403.98,6320.25,6409.35,6320.07
2021-05-10,sh000852,6330.15,6338.57,6351.42,6300.86
2021-05-11,sh000852,6303.58,6343.86,6354.24,6239.26
2021-05-12,sh000852,6321.98,6420.34,6420.34,6311.91
2021-05-13,sh000852,6365.0,6375.01,6432.63,6354.23
2021-05-14,sh000852,6395.51,6462.48,6462.5,6374.87
2021-05-17,sh000852,6456.92,6457.28,6496.38,6438.87
2021-05-18,sh000852,6451.07,6486.82,6486.92,6431.24
2021-05-19,sh000852,6470.29,6488.95,6500.12,6455.82
2021-05-20,sh000852,6455.72,6482.84,6505.52,6445.97
2021-05-21,sh000852,6492.85,6480.37,6509.37,6468.45
2021-05-24,sh000852,6480.55,6537.86,6537.86,6471.22
2021-05-25,sh000852,6542.68,6615.71,6617.43,6532.9
2021-05-26,sh000852,6618.18,6644.75,6666.21,6609.91
2021-05-27,sh000852,6636.77,6705.05,6706.38,6630.03
2021-05-28,sh000852,6709.89,6694.35,6735.55,6669.92
2021-05-31,sh000852,6712.75,6814.36,6814.36,6712.75
2021-06-01,sh000852,6810.47,6854.73,6854.75,6782.66
2021-06-02,sh000852,6844.85,6759.46,6852.64,6742.03
2021-06-03,sh000852,6754.78,6754.07,6824.98,6729.56
2021-06-04,sh000852,6725.82,6785.8,6803.78,6718.76
2021-06-07,sh000852,6811.04,6861.85,6861.85,6807.93
2021-06-08,sh000852,6865.76,6809.86,6886.94,6779.93
2021-06-09,sh000852,6807.48,6823.41,6834.04,6783.01
2021-06-10,sh000852,6817.59,6898.21,6903.88,6808.66
2021-06-11,sh000852,6907.83,6852.97,6907.95,6852.97
2021-06-15,sh000852,6854.81,6815.12,6866.18,6796.88
2021-06-16,sh000852,6808.63,6673.24,6810.2,6668.04
2021-06-17,sh000852,6669.67,6787.67,6790.71,6669.67
2021-06-18,sh000852,6783.99,6863.72,6869.26,6765.96
2021-06-21,sh000852,6844.34,6968.3,6970.64,6833.36
2021-06-22,sh000852,6987.51,7000.25,7010.62,6947.87
2021-06-23,sh000852,6997.41,7046.17,7060.4,6978.77
2021-06-24,sh000852,7045.05,6974.64,7045.05,6969.55
2021-06-25,sh000852,6975.49,7000.43,7016.08,6947.12
2021-06-28,sh000852,7007.43,7063.47,7081.05,7005.93
2021-06-29,sh000852,7068.4,7004.3,7082.07,6999.75
2021-06-30,sh000852,7011.18,7083.7,7083.99,7004.75
2021-07-01,sh000852,7094.19,6969.53,7099.13,6969.53
2021-07-02,sh000852,6947.45,6908.93,6960.48,6891.47
2021-07-05,sh000852,6930.26,7006.7,7006.72,6930.26
2021-07-06,sh000852,7013.99,6979.06,7045.19,6885.09
2021-07-07,sh000852,6932.94,7089.66,7093.05,6913.5
2021-07-08,sh000852,7102.67,7099.41,7138.76,7082.39
2021-07-09,sh000852,7064.99,7142.9,7165.88,7000.59
2021-07-12,sh000852,7184.09,7284.23,7301.1,7171.04
2021-07-13,sh000852,7285.96,7331.73,7331.73,7263.16
2021-07-14,sh000852,7301.61,7243.82,7338.31,7240.98
2021-07-15,sh000852,7218.34,7241.62,7250.03,7103.97
2021-07-16,sh000852,7230.85,7228.36,7311.45,7214.04
2021-07-19,sh000852,7213.63,7205.27,7259.03,7174.11
2021-07-20,sh000852,7145.54,7253.28,7253.37,7137.89
2021-07-21,sh000852,7285.41,7398.81,7416.47,7285.41
2021-07-22,sh000852,7405.65,7446.48,7447.03,7349.13
2021-07-23,sh000852,7442.62,7379.79,7473.14,7348.32
2021-07-26,sh000852,7368.13,7286.15,7395.27,7140.73
2021-07-27,sh000852,7298.33,7093.87,7373.09,7093.86
2021-07-28,sh000852,7019.05,6945.51,7058.51,6750.59
2021-07-29,sh000852,7057.88,7207.48,7226.5,7057.88
2021-07-30,sh000852,7209.04,7262.38,7279.06,7155.22
2021-08-02,sh000852,7264.37,7402.35,7402.4,7248.89
2021-08-03,sh000852,7375.22,7308.96,7419.34,7284.18
2021-08-04,sh000852,7295.57,7478.21,7478.21,7295.45
2021-08-05,sh000852,7454.28,7447.94,7494.33,7402.38
2021-08-06,sh000852,7462.86,7482.17,7490.98,7419.73
2021-08-09,sh000852,7459.35,7507.08,7509.33,7386.31
2021-08-10,sh000852,7489.16,7549.55,7566.73,7467.06
2021-08-11,sh000852,7538.82,7605.92,7611.65,7498.58
2021-08-12,sh000852,7595.26,7657.53,7677.74,7588.74
2021-08-13,sh000852,7635.49,7641.92,7724.44,7605.86
2021-08-16,sh000852,7628.16,7568.14,7633.66,7546.54
2021-08-17,sh000852,7559.3,7360.03,7578.43,7338.02
2021-08-18,sh000852,7352.97,7405.49,7454.03,7338.82
2021-08-19,sh000852,7387.44,7468.77,7511.19,7330.6
2021-08-20,sh000852,7438.7,7467.36,7505.55,7354.17
2021-08-23,sh000852,7501.41,7652.56,7668.89,7501.41
2021-08-24,sh000852,7654.19,7715.07,7737.6,7614.94
2021-08-25,sh000852,7707.09,7769.63,7769.7,7664.29
2021-08-26,sh000852,7754.68,7669.53,7771.85,7662.38
2021-08-27,sh000852,7634.93,7680.08,7686.34,7584.28
2021-08-30,sh000852,7701.42,7727.75,7792.52,7687.15
2021-08-31,sh000852,7714.17,7728.42,7728.42,7636.77
2021-09-01,sh000852,7738.27,7606.87,7743.18,7495.76
2021-09-02,sh000852,7572.05,7690.86,7703.72,7568.07
2021-09-03,sh000852,7696.46,7630.84,7766.46,7561.23
2021-09-06,sh000852,7625.74,7735.1,7735.55,7552.95
2021-09-07,sh000852,7735.22,7878.35,7881.87,7718.59
2021-09-08,sh000852,7886.27,7894.25,7911.02,7854.89
2021-09-09,sh000852,7888.83,7900.24,7922.41,7835.15
2021-09-10,sh000852,7897.33,7932.65,7954.48,7832.96
2021-09-13,sh000852,7941.21,7947.48,7955.98,7875.0
2021-09-14,sh000852,7927.89,7916.9,8042.52,7895.18
2021-09-15,sh000852,7900.69,7972.23,7988.37,7862.31
2021-09-16,sh000852,7974.08,7754.95,7993.22,7749.66
2021-09-17,sh000852,7740.56,7730.22,7786.19,7575.08
2021-09-22,sh000852,7640.47,7769.06,7774.51,7633.28
2021-09-23,sh000852,7818.73,7806.8,7850.24,7792.59
2021-09-24,sh000852,7799.92,7695.62,7806.81,7685.11
2021-09-27,sh000852,7717.1,7467.82,7733.21,7399.81
2021-09-28,sh000852,7428.41,7468.73,7496.33,7409.37
2021-09-29,sh000852,7409.96,7199.18,7413.8,7199.11
2021-09-30,sh000852,7237.54,7405.46,7411.28,7237.54
2021-10-08,sh000852,7501.24,7425.67,7514.24,7382.02
2021-10-11,sh000852,7441.62,7384.84,7442.35,7346.86
2021-10-12,sh000852,7366.16,7208.47,7376.73,7125.54
2021-10-13,sh000852,7213.01,7289.36,7297.3,7147.01
2021-10-14,sh000852,7276.51,7342.25,7362.46,7256.98
2021-10-15,sh000852,7321.58,7350.41,7374.34,7288.28
2021-10-18,sh000852,7344.57,7429.63,7429.63,7322.7
2021-10-19,sh000852,7420.48,7504.05,7506.09,7408.12
2021-10-20,sh000852,7467.34,7523.56,7560.85,7456.81
2021-10-21,sh000852,7520.93,7503.53,7548.82,7481.44
2021-10-22,sh000852,7506.87,7438.48,7530.58,7436.14
2021-10-25,sh000852,7438.43,7532.37,7532.37,7417.2
2021-10-26,sh000852,7547.75,7508.69,7583.13,7492.39
2021-10-27,sh000852,7490.69,7433.55,7501.54,7408.58
2021-10-28,sh000852,7395.49,7267.85,7422.1,7253.11
2021-10-29,sh000852,7276.51,7385.3,7385.41,7234.5
2021-11-01,sh000852,7374.45,7455.61,7488.48,7357.67
2021-11-02,sh000852,7462.13,7368.6,7501.96,7301.65
2021-11-03,sh000852,7362.12,7385.2,7391.05,7312.25
2021-11-04,sh000852,7402.66,7483.69,7483.69,7402.66
2021-11-05,sh000852,7476.14,7389.59,7488.12,7388.2
2021-11-08,sh000852,7376.71,7422.91,7423.01,7351.5
2021-11-09,sh000852,7443.45,7531.96,7532.25,7435.51
2021-11-10,sh000852,7516.0,7535.23,7535.24,7425.23
2021-11-11,sh000852,7524.16,7593.73,7601.2,7515.71
2021-11-12,sh000852,7593.45,7697.81,7705.05,7593.45
2021-11-15,sh000852,7713.85,7676.48,7727.02,7653.71
2021-11-16,sh000852,7659.02,7589.18,7691.65,7579.68
2021-11-17,sh000852,7603.33,7725.09,7725.09,7603.33
2021-11-18,sh000852,7724.03,7714.8,7765.74,7686.14
2021-11-19,sh000852,7709.31,7803.76,7806.03,7705.84
2021-11-22,sh000852,7822.96,7947.37,7948.02,7822.96
2021-11-23,sh000852,7950.25,7941.56,7974.51,7933.2
2021-11-24,sh000852,7939.59,7938.77,7971.44,7917.68
2021-11-25,sh000852,7937.4,7925.76,7959.84,7919.66
2021-11-26,sh000852,7912.89,7940.79,7954.79,7906.35
2021-11-29,sh000852,7837.39,7999.83,7999.94,7828.92
2021-11-30,sh000852,8037.26,8054.29,8082.9,7991.19
2021-12-01,sh000852,8050.89,8055.82,8068.38,8000.81
2021-12-02,sh000852,8045.73,7968.24,8046.25,7964.74
2021-12-03,sh000852,7973.62,8023.96,8034.69,7952.37
2021-12-06,sh000852,8018.46,7906.76,8029.83,7899.91
2021-12-07,sh000852,7937.23,7781.44,7948.17,7713.92
2021-12-08,sh000852,7806.38,7922.55,7922.55,7803.44
2021-12-09,sh000852,7924.53,7931.76,7948.03,7903.68
2021-12-10,sh000852,7898.64,7949.12,7964.35,7886.13
2021-12-13,sh000852,7963.48,7984.9,8000.11,7936.62
2021-12-14,sh000852,7969.6,7981.83,7997.18,7952.75
2021-12-15,sh000852,7982.1,7955.58,8019.3,7942.94
2021-12-16,sh000852,7966.5,8005.98,8005.98,7959.18
2021-12-17,sh000852,7997.47,7894.1,7997.47,7894.1
2021-12-20,sh000852,7873.67,7751.95,7920.65,7747.36
2021-12-21,sh000852,7749.82,7849.03,7849.03,7749.82
2021-12-22,sh000852,7868.3,7930.81,7943.24,7854.36
2021-12-23,sh000852,7932.1,7932.66,7947.13,7892.89
2021-12-24,sh000852,7940.38,7776.61,7940.43,7771.42
2021-12-27,sh000852,7768.38,7776.43,7833.58,7739.29
2021-12-28,sh000852,7794.03,7863.53,7863.53,7783.1
2021-12-29,sh000852,7858.94,7855.43,7886.71,7838.28
2021-12-30,sh000852,7863.17,7924.53,7949.96,7861.54
2021-12-31,sh000852,7946.94,8010.32,8016.4,7946.94
2022-01-04,sh000852,8045.1,7983.07,8060.99,7948.91
2022-01-05,sh000852,7968.74,7781.68,7968.92,7733.51
2022-01-06,sh000852,7743.86,7844.52,7863.55,7721.78
2022-01-07,sh000852,7841.13,7682.7,7867.49,7681.13
2022-01-10,sh000852,7669.05,7734.19,7756.97,7624.93
2022-01-11,sh000852,7734.54,7646.69,7768.74,7632.07
2022-01-12,sh000852,7691.85,7779.52,7779.52,7682.55
2022-01-13,sh000852,7781.31,7644.79,7781.31,7644.79
2022-01-14,sh000852,7611.29,7675.37,7714.5,7590.19
2022-01-17,sh000852,7687.71,7808.09,7815.66,7683.38
2022-01-18,sh000852,7808.99,7758.6,7827.19,7743.72
2022-01-19,sh000852,7728.16,7665.18,7745.81,7617.06
2022-01-20,sh000852,7664.12,7492.61,7672.76,7488.86
2022-01-21,sh000852,7474.76,7388.74,7493.02,7384.4
2022-01-24,sh000852,7346.39,7425.4,7462.53,7333.0
2022-01-25,sh000852,7398.76,7133.07,7440.55,7133.07
2022-01-26,sh000852,7158.57,7171.03,7226.64,7071.47
2022-01-27,sh000852,7178.54,6960.11,7191.48,6959.46
2022-01-28,sh000852,6996.77,6973.01,7071.32,6861.47
2022-02-07,sh000852,7080.61,7061.62,7102.42,7037.16
2022-02-08,sh000852,7058.25,7080.62,7080.62,6928.9
2022-02-09,sh000852,7083.43,7211.43,7212.75,7056.62
2022-02-10,sh000852,7208.57,7175.62,7222.19,7126.07
2022-02-11,sh000852,7140.93,7033.85,7151.24,7024.79
2022-02-14,sh000852,6991.63,7006.08,7096.55,6961.3
2022-02-15,sh000852,7020.13,7124.85,7125.1,6990.4
2022-02-16,sh000852,7164.23,7183.11,7201.08,7132.08
2022-02-17,sh000852,7169.72,7220.61,7265.03,7146.59
2022-02-18,sh000852,7174.59,7251.79,7252.06,7164.27
2022-02-21,sh000852,7264.44,7334.59,7334.91,7259.76
2022-02-22,sh000852,7310.66,7279.24,7310.66,7212.27
2022-02-23,sh000852,7290.7,7450.4,7450.4,7289.74
2022-02-24,sh000852,7414.47,7285.12,7481.14,7174.78
2022-02-25,sh000852,7346.85,7361.96,7435.4,7344.78
2022-02-28,sh000852,7370.43,7419.83,7419.83,7291.08
2022-03-01,sh000852,7433.75,7429.44,7454.9,7379.82
2022-03-02,sh000852,7400.95,7414.31,7421.64,7341.83
2022-03-03,sh000852,7440.94,7342.61,7446.47,7334.28
2022-03-04,sh000852,7300.0,7241.56,7360.26,7219.64
2022-03-07,sh000852,7230.81,7085.73,7230.81,7050.35
2022-03-08,sh000852,7089.51,6871.22,7118.51,6824.03
2022-03-09,sh000852,6889.51,6796.04,6925.55,6511.91
2022-03-10,sh000852,6946.58,6952.52,7017.28,6914.89
2022-03-11,sh000852,6856.87,6990.78,7001.6,6778.59
2022-03-14,sh000852,6938.22,6800.59,6972.91,6800.59
2022-03-15,sh000852,6745.6,6473.48,6790.24,6473.48
2022-03-16,sh000852,6586.82,6692.97,6704.18,6330.41
2022-03-17,sh000852,6777.74,6818.54,6934.49,6768.61
2022-03-18,sh000852,6792.32,6879.37,6882.66,6773.46
2022-03-21,sh000852,6886.03,6954.41,6983.52,6867.31
2022-03-22,sh000852,6938.97,6923.44,6976.39,6893.65
2022-03-23,sh000852,6938.51,6966.95,6989.72,6910.33
2022-03-24,sh000852,6934.13,6900.81,6950.74,6847.17
2022-03-25,sh000852,6906.68,6819.81,6939.87,6819.55
2022-03-28,sh000852,6772.44,6767.25,6828.4,6692.91
2022-03-29,sh000852,6785.38,6725.68,6808.88,6700.41
2022-03-30,sh000852,6750.0,6864.75,6864.75,6734.07
2022-03-31,sh000852,6846.33,6772.07,6846.33,6760.05
2022-04-01,sh000852,6723.26,6772.6,6790.76,6688.7
2022-04-06,sh000852,6769.74,6764.29,6769.74,6711.3
2022-04-07,sh000852,6736.34,6623.59,6768.45,6623.59
2022-04-08,sh000852,6635.69,6575.28,6644.76,6496.18
2022-04-11,sh000852,6544.29,6328.07,6544.29,6297.39
2022-04-12,sh000852,6314.22,6414.42,6414.5,6259.05
2022-04-13,sh000852,6381.78,6286.25,6388.7,6286.25
2022-04-14,sh000852,6313.1,6359.71,6388.56,6294.37
2022-04-15,sh000852,6328.23,6275.07,6334.48,6229.41
2022-04-18,sh000852,6233.42,6326.02,6339.11,6164.44
2022-04-19,sh000852,6324.42,6345.79,6379.43,6304.25
2022-04-20,sh000852,6347.8,6234.25,6351.64,6208.79
2022-04-21,sh000852,6206.18,5981.38,6236.55,5966.03
2022-04-22,sh000852,5937.39,5891.81,5965.41,5851.23
2022-04-25,sh000852,5776.18,5431.61,5776.18,5431.61
2022-04-26,sh000852,5432.61,5266.55,5483.03,5251.52
2022-04-27,sh000852,5192.5,5540.72,5541.11,5164.75
2022-04-28,sh000852,5501.52,5493.91,5578.62,5425.77
2022-04-29,sh000852,5534.17,5734.49,5753.08,5517.72
2022-05-05,sh000852,5723.18,5836.93,5884.38,5712.06
2022-05-06,sh000852,5690.14,5764.69,5812.48,5665.93
2022-05-09,sh000852,5749.9,5840.89,5857.71,5749.9
2022-05-10,sh000852,5761.85,5950.67,5952.72,5746.72
2022-05-11,sh000852,5959.79,6003.03,6147.86,5959.79
2022-05-12,sh000852,5971.21,6034.57,6061.18,5964.83
2022-05-13,sh000852,6059.0,6071.67,6079.16,6001.91
2022-05-16,sh000852,6110.99,6082.88,6154.7,6057.32
2022-05-17,sh000852,6079.3,6118.46,6120.84,6013.7
2022-05-18,sh000852,6124.38,6127.8,6183.46,6103.63
2022-05-19,sh000852,6032.73,6180.19,6180.19,6020.41
2022-05-20,sh000852,6203.91,6263.44,6263.44,6176.13
2022-05-23,sh000852,6284.6,6343.47,6345.0,6267.83
2022-05-24,sh000852,6343.89,6081.64,6345.12,6081.64
2022-05-25,sh000852,6079.94,6188.27,6188.27,6070.96
2022-05-26,sh000852,6195.21,6227.1,6252.56,6095.75
2022-05-27,sh000852,6252.36,6210.09,6283.72,6157.81
2022-05-30,sh000852,6231.64,6282.36,6282.36,6171.74
2022-05-31,sh000852,6283.16,6353.35,6356.55,6224.61
2022-06-01,sh000852,6332.39,6373.32,6398.35,6316.58
2022-06-02,sh000852,6349.56,6442.93,6449.97,6329.07
2022-06-06,sh000852,6449.55,6604.98,6612.8,6449.24
2022-06-07,sh000852,6613.17,6597.83,6631.32,6539.71
2022-06-08,sh000852,6594.92,6608.89,6660.09,6474.23
2022-06-09,sh000852,6591.92,6490.38,6591.92,6453.65
2022-06-10,sh000852,6446.81,6627.75,6630.26,6438.8
2022-06-13,sh000852,6582.69,6674.8,6683.91,6573.57
2022-06-14,sh000852,6607.12,6665.25,6665.25,6460.43
2022-06-15,sh000852,6671.05,6653.76,6759.38,6653.76
2022-06-16,sh000852,6651.2,6696.76,6755.63,6651.2
2022-06-17,sh000852,6652.54,6774.74,6782.49,6643.1
2022-06-20,sh000852,6787.34,6848.75,6874.38,6783.62
2022-06-21,sh000852,6849.73,6779.14,6854.92,6709.36
2022-06-22,sh000852,6781.87,6691.81,6811.55,6688.39
2022-06-23,sh000852,6694.25,6845.45,6845.45,6649.93
2022-06-24,sh000852,6865.36,6931.65,6954.45,6862.46
2022-06-27,sh000852,6968.13,7002.93,7012.12,6940.52
2022-06-28,sh000852,7001.26,7079.72,7081.28,6956.3
2022-06-29,sh000852,7061.79,6900.99,7075.52,6900.99
2022-06-30,sh000852,6909.74,6995.53,7032.67,6909.74
2022-07-01,sh000852,6999.68,6994.5,7039.85,6967.48
2022-07-04,sh000852,6985.05,7076.32,7076.32,6928.4
2022-07-05,sh000852,7081.9,7036.0,7098.57,6950.24
2022-07-06,sh000852,7014.45,6953.98,7041.87,6890.93
2022-07-07,sh000852,6955.53,7041.87,7053.45,6910.09
2022-07-08,sh000852,7067.03,7000.79,7084.9,6990.74
2022-07-11,sh000852,6976.1,6893.63,6976.1,6830.47
2022-07-12,sh000852,6891.58,6779.56,6911.8,6779.56
2022-07-13,sh000852,6780.61,6834.9,6855.07,6737.88
2022-07-14,sh000852,6823.09,6920.87,6954.91,6809.1
2022-07-15,sh000852,6889.81,6852.82,6966.04,6852.82
2022-07-18,sh000852,6868.3,6953.93,6953.93,6839.13
2022-07-19,sh000852,6956.86,7009.32,7033.25,6932.74
2022-07-20,sh000852,7028.79,7110.1,7110.1,7019.51
2022-07-21,sh000852,7098.27,7075.29,7134.22,7067.15
2022-07-22,sh000852,7081.56,7034.6,7124.3,6969.43
2022-07-25,sh000852,7037.76,6948.91,7068.34,6933.82
2022-07-26,sh000852,6949.19,7027.42,7031.11,6901.93
2022-07-27,sh000852,7018.22,7099.43,7109.54,7005.07
2022-07-28,sh000852,7138.32,7150.2,7196.73,7112.74
2022-07-29,sh000852,7152.33,7117.43,7179.47,7105.33
2022-08-01,sh000852,7100.71,7180.45,7180.45,7055.61
2022-08-02,sh000852,7098.18,6957.98,7098.18,6872.75
2022-08-03,sh000852,6968.29,6916.67,7079.85,6893.52
2022-08-04,sh000852,6953.98,6960.31,6977.39,6853.7
2022-08-05,sh000852,6975.89,7090.0,7096.43,6961.65
2022-08-08,sh000852,7082.54,7176.11,7176.48,7062.37
2022-08-09,sh000852,7168.96,7207.4,7207.4,7131.34
2022-08-10,sh000852,7183.18,7212.08,7231.43,7169.88
2022-08-11,sh000852,7241.73,7294.49,7295.89,7212.4
2022-08-12,sh000852,7287.65,7228.83,7311.89,7228.34
2022-08-15,sh000852,7218.09,7283.5,7296.34,7215.2
2022-08-16,sh000852,7290.24,7324.62,7356.11,7280.92
2022-08-17,sh000852,7330.48,7328.67,7342.7,7280.57
2022-08-18,sh000852,7315.41,7351.44,7358.71,7298.93
2022-08-19,sh000852,7353.43,7234.41,7369.73,7234.41
2022-08-22,sh000852,7214.48,7288.58,7289.31,7170.2
2022-08-23,sh000852,7275.38,7306.02,7310.13,7267.79
2022-08-24,sh000852,7312.55,7039.41,7315.1,7029.88
2022-08-25,sh000852,7065.34,7016.31,7080.73,6930.84
2022-08-26,sh000852,7032.66,6980.18,7103.83,6966.07
2022-08-29,sh000852,6884.73,7021.31,7022.79,6858.43
2022-08-30,sh000852,7018.72,6976.72,7025.46,6943.14
2022-08-31,sh000852,6954.51,6750.74,6966.99,6738.52
2022-09-01,sh000852,6757.01,6717.1,6819.62,6698.84
2022-09-02,sh000852,6731.67,6776.83,6801.35,6695.1
2022-09-05,sh000852,6774.19,6791.09,6831.22,6739.14
2022-09-06,sh000852,6808.87,6919.65,6919.65,6780.44
2022-09-07,sh000852,6894.71,6963.52,6989.75,6882.59
2022-09-08,sh000852,6965.56,6897.1,6975.13,6889.86
2022-09-09,sh000852,6908.71,6913.58,6918.2,6848.27
2022-09-13,sh000852,6935.59,6904.08,6957.35,6886.36
2022-09-14,sh000852,6800.93,6829.56,6851.09,6783.19
2022-09-15,sh000852,6859.25,6619.19,6866.55,6543.2
2022-09-16,sh000852,6599.27,6481.24,6632.56,6480.1
2022-09-19,sh000852,6468.39,6399.8,6504.75,6364.07
2022-09-20,sh000852,6441.1,6482.13,6536.42,6436.76
2022-09-21,sh000852,6461.25,6480.6,6506.06,6378.63
2022-09-22,sh000852,6438.29,6487.27,6554.3,6429.5
2022-09-23,sh000852,6486.79,6363.68,6504.03,6306.96
2022-09-26,sh000852,6318.3,6283.59,6404.01,6274.34
2022-09-27,sh000852,6302.89,6409.78,6409.78,6287.77
2022-09-28,sh000852,6397.84,6211.11,6401.84,6211.11
2022-09-29,sh000852,6270.91,6228.78,6307.78,6192.77
2022-09-30,sh000852,6221.83,6124.86,6241.96,6123.99
2022-10-10,sh000852,6136.71,5984.5,6154.06,5964.62
2022-10-11,sh000852,5994.76,6017.72,6044.28,5939.07
2022-10-12,sh000852,6017.67,6192.65,6192.65,5918.02
2022-10-13,sh000852,6162.71,6252.22,6311.51,6146.4
2022-10-14,sh000852,6296.35,6406.46,6427.47,6286.67
2022-10-17,sh000852,6380.21,6472.45,6476.4,6370.15
2022-10-18,sh000852,6490.6,6508.5,6551.8,6447.78
2022-10-19,sh000852,6492.6,6461.15,6533.57,6460.7
2022-10-20,sh000852,6431.99,6429.7,6525.8,6342.15
2022-10-21,sh000852,6433.33,6432.33,6469.09,6387.77
2022-10-24,sh000852,6448.87,6378.43,6554.37,6335.07
2022-10-25,sh000852,6346.15,6355.78,6411.17,6248.84
2022-10-26,sh000852,6358.06,6491.69,6548.62,6348.99
2022-10-27,sh000852,6497.52,6461.61,6544.42,6459.92
2022-10-28,sh000852,6412.61,6239.93,6446.6,6216.27
2022-10-31,sh000852,6201.75,6292.62,6349.12,6201.28
2022-11-01,sh000852,6299.03,6439.82,6440.92,6277.62
2022-11-02,sh000852,6434.95,6524.51,6557.01,6424.66
2022-11-03,sh000852,6467.23,6566.84,6576.37,6461.3
2022-11-04,sh000852,6569.19,6709.64,6719.51,6568.78
2022-11-07,sh000852,6713.73,6713.64,6749.76,6660.98
2022-11-08,sh000852,6707.01,6694.96,6708.08,6647.44
2022-11-09,sh000852,6694.4,6676.01,6736.67,6664.37
2022-11-10,sh000852,6638.52,6603.31,6663.11,6583.86
2022-11-11,sh000852,6749.07,6643.48,6776.74,6641.76
2022-11-14,sh000852,6639.02,6599.67,6688.01,6570.49
2022-11-15,sh000852,6593.63,6752.51,6752.51,6576.87
2022-11-16,sh000852,6749.96,6702.04,6775.38,6687.32
2022-11-17,sh000852,6685.94,6714.5,6714.5,6629.9
2022-11-18,sh000852,6711.89,6658.4,6752.84,6650.74
2022-11-21,sh000852,6622.6,6689.33,6689.33,6585.28
2022-11-22,sh000852,6682.05,6583.23,6692.24,6556.34
2022-11-23,sh000852,6572.16,6567.99,6592.3,6451.96
2022-11-24,sh000852,6573.47,6586.86,6611.8,6553.96
2022-11-25,sh000852,6573.02,6512.16,6573.02,6508.52
2022-11-28,sh000852,6426.93,6492.71,6494.98,6412.03
2022-11-29,sh000852,6505.9,6594.32,6607.46,6505.9
2022-11-30,sh000852,6591.68,6590.31,6619.27,6561.27
2022-12-01,sh000852,6645.47,6658.43,6691.51,6639.63
2022-12-02,sh000852,6644.44,6680.54,6721.69,6637.16
2022-12-05,sh000852,6710.73,6714.37,6723.57,6675.6
2022-12-06,sh000852,6690.92,6703.55,6731.07,6667.0
2022-12-07,sh000852,6684.61,6705.29,6732.26,6677.52
2022-12-08,sh000852,6694.84,6662.34,6699.3,6648.35
2022-12-09,sh000852,6661.9,6680.38,6684.15,6626.94
2022-12-12,sh000852,6669.17,6655.67,6680.61,6626.87
2022-12-13,sh000852,6654.67,6593.67,6654.75,6586.87
2022-12-14,sh000852,6600.41,6570.02,6626.7,6556.81
2022-12-15,sh000852,6557.9,6597.55,6605.7,6545.0
2022-12-16,sh000852,6569.06,6519.44,6581.93,6504.05
2022-12-19,sh000852,6518.38,6390.77,6537.14,6367.45
2022-12-20,sh000852,6380.22,6341.58,6389.05,6321.14
2022-12-21,sh000852,6341.22,6289.14,6344.66,6255.35
2022-12-22,sh000852,6314.55,6186.93,6319.57,6171.18
2022-12-23,sh000852,6154.66,6160.75,6197.24,6120.94
2022-12-26,sh000852,6161.94,6275.52,6276.11,6161.94
2022-12-27,sh000852,6288.61,6325.63,6328.36,6256.04
2022-12-28,sh000852,6304.59,6268.47,6306.95,6251.3
2022-12-29,sh000852,6253.79,6261.83,6322.25,6245.23
2022-12-30,sh000852,6283.5,6281.62,6296.24,6262.6
2023-01-03,sh000852,6286.81,6423.7,6433.79,6275.69
2023-01-04,sh000852,6423.43,6421.28,6445.62,6385.0
2023-01-05,sh000852,6427.45,6485.47,6489.99,6413.75
2023-01-06,sh000852,6482.88,6500.32,6539.76,6478.63
2023-01-09,sh000852,6523.14,6535.75,6559.46,6517.57
2023-01-10,sh000852,6541.82,6540.2,6546.54,6505.1
2023-01-11,sh000852,6544.57,6486.9,6562.35,6480.95
2023-01-12,sh000852,6495.16,6489.57,6529.81,6469.48
2023-01-13,sh000852,6505.24,6517.51,6517.51,6475.66
2023-01-16,sh000852,6521.45,6591.81,6628.73,6521.45
2023-01-17,sh000852,6600.25,6597.49,6622.32,6573.28
2023-01-18,sh000852,6613.74,6613.01,6635.85,6593.37
2023-01-19,sh000852,6605.45,6676.08,6678.18,6590.42
2023-01-20,sh000852,6690.14,6736.85,6740.13,6690.14
2023-01-30,sh000852,6815.14,6786.45,6839.84,6780.37
2023-01-31,sh000852,6763.4,6805.28,6820.14,6758.9
2023-02-01,sh000852,6815.06,6916.72,6916.73,6812.79
2023-02-02,sh000852,6926.58,6933.23,6969.79,6908.7
2023-02-03,sh000852,6922.79,6925.08,6934.32,6829.4
2023-02-06,sh000852,6902.49,6891.41,6928.28,6853.91
2023-02-07,sh000852,6900.23,6924.32,6924.42,6864.21
2023-02-08,sh000852,6927.33,6877.72,6932.99,6873.6
2023-02-09,sh000852,6864.03,6999.18,6999.18,6850.57
2023-02-10,sh000852,6991.23,6975.39,7015.25,6926.48
2023-02-13,sh000852,6976.33,7052.18,7052.6,6973.41
2023-02-14,sh000852,7064.53,7061.45,7070.33,7028.79
2023-02-15,sh000852,7062.36,7063.6,7076.87,7038.99
2023-02-16,sh000852,7063.93,6925.2,7098.92,6878.35
2023-02-17,sh000852,6931.99,6868.55,6954.85,6861.3
2023-02-20,sh000852,6871.86,6959.36,6959.75,6825.87
2023-02-21,sh000852,6969.35,6990.48,7008.55,6939.59
2023-02-22,sh000852,6961.15,6998.43,7014.56,6947.12
2023-02-23,sh000852,6997.78,6966.79,7008.68,6929.61
2023-02-24,sh000852,6971.65,6944.82,6983.16,6906.69
2023-02-27,sh000852,6928.03,6894.3,6950.88,6876.25
2023-02-28,sh000852,6911.36,6955.57,6955.57,6874.93
2023-03-01,sh000852,6955.48,7002.77,7002.77,6932.76
2023-03-02,sh000852,6999.23,6972.31,7021.11,6963.06
2023-03-03,sh000852,6970.21,6967.94,6997.42,6921.27
2023-03-06,sh000852,6973.52,6997.04,7004.71,6933.99
2023-03-07,sh000852,6991.56,6855.34,6993.18,6855.34
2023-03-08,sh000852,6838.63,6891.46,6894.36,6832.04
2023-03-09,sh000852,6898.24,6892.86,6911.54,6851.91
2023-03-10,sh000852,6854.41,6798.3,6864.94,6795.22
2023-03-13,sh000852,6780.02,6832.62,6832.62,6750.22
2023-03-14,sh000852,6824.25,6769.85,6824.25,6690.09
2023-03-15,sh000852,6797.82,6803.47,6844.97,6794.41
2023-03-16,sh000852,6769.61,6689.78,6777.91,6677.68
2023-03-17,sh000852,6726.96,6736.37,6781.95,6717.14
2023-03-20,sh000852,6745.95,6721.45,6760.91,6694.52
2023-03-21,sh000852,6726.8,6809.39,6810.29,6725.83
2023-03-22,sh000852,6830.19,6840.33,6845.76,6810.76
2023-03-23,sh000852,6827.68,6868.83,6869.18,6809.85
2023-03-24,sh000852,6874.54,6867.95,6880.19,6840.75
2023-03-27,sh000852,6874.39,6886.69,6900.63,6830.95
2023-03-28,sh000852,6881.11,6825.38,6884.54,6816.45
2023-03-29,sh000852,6825.13,6806.28,6839.9,6785.15
2023-03-30,sh000852,6802.07,6807.64,6814.69,6751.69
2023-03-31,sh000852,6806.61,6875.81,6878.32,6801.94
2023-04-03,sh000852,6878.09,6962.2,6966.69,6878.09
2023-04-04,sh000852,6960.91,6953.36,6966.99,6918.13
2023-04-06,sh000852,6926.19,6983.03,6988.37,6921.66
2023-04-07,sh000852,6987.01,7042.89,7043.22,6978.35
2023-04-10,sh000852,7050.24,6968.57,7052.74,6950.77
2023-04-11,sh000852,6967.03,6984.14,6986.44,6937.02
2023-04-12,sh000852,6989.69,7021.02,7027.84,6979.28
2023-04-13,sh000852,7011.66,6966.82,7029.1,6956.68
2023-04-14,sh000852,6978.59,7020.09,7026.12,6942.57
2023-04-17,sh000852,7009.47,7012.77,7030.24,6989.7
2023-04-18,sh000852,7002.26,6997.07,7014.38,6961.51
2023-04-19,sh000852,6988.65,6965.58,7011.93,6955.36
2023-04-20,sh000852,6956.37,6963.9,6963.9,6911.98
2023-04-21,sh000852,6954.1,6773.51,6963.08,6773.51
2023-04-24,sh000852,6766.52,6725.27,6771.65,6692.22
2023-04-25,sh000852,6708.28,6603.24,6711.57,6517.27
2023-04-26,sh000852,6577.36,6624.4,6667.43,6573.88
2023-04-27,sh000852,6597.73,6633.49,6672.22,6593.38
2023-04-28,sh000852,6617.32,6723.3,6724.57,6617.32
2023-05-04,sh000852,6701.49,6733.97,6738.44,6698.64
2023-05-05,sh000852,6723.16,6653.65,6723.98,6612.74
2023-05-08,sh000852,6660.92,6702.5,6714.39,6660.92
2023-05-09,sh000852,6696.67,6611.64,6705.74,6610.57
2023-05-10,sh000852,6599.79,6627.31,6648.04,6576.4
2023-05-11,sh000852,6634.16,6622.52,6653.38,6618.19
2023-05-12,sh000852,6608.83,6535.94,6630.56,6535.11
2023-05-15,sh000852,6537.4,6585.91,6585.91,6466.45
2023-05-16,sh000852,6586.72,6516.29,6586.72,6501.31
2023-05-17,sh000852,6500.44,6554.98,6555.77,6497.38
2023-05-18,sh000852,6557.37,6583.74,6595.49,6554.08
2023-05-19,sh000852,6571.09,6602.32,6621.43,6545.08
2023-05-22,sh000852,6589.35,6595.98,6608.88,6556.74
2023-05-23,sh000852,6591.56,6528.45,6600.8,6528.45
2023-05-24,sh000852,6507.06,6513.18,6564.51,6476.69
2023-05-25,sh000852,6502.23,6501.0,6541.39,6424.45
2023-05-26,sh000852,6495.35,6546.41,6558.11,6451.73
2023-05-29,sh000852,6560.16,6534.12,6579.15,6518.03
2023-05-30,sh000852,6517.71,6564.47,6565.48,6461.09
2023-05-31,sh000852,6556.52,6561.65,6581.93,6523.27
2023-06-01,sh000852,6539.26,6574.76,6616.53,6515.02
2023-06-02,sh000852,6585.73,6626.28,6640.53,6585.73
2023-06-05,sh000852,6631.22,6632.96,6647.2,6609.02
2023-06-06,sh000852,6625.09,6489.81,6625.09,6475.26
2023-06-07,sh000852,6487.2,6488.56,6517.32,6467.3
2023-06-08,sh000852,6477.94,6442.48,6478.32,6399.78
2023-06-09,sh000852,6446.62,6495.56,6500.45,6427.92
2023-06-12,sh000852,6488.2,6530.16,6549.78,6474.86
2023-06-13,sh000852,6525.05,6554.96,6561.02,6519.97
2023-06-14,sh000852,6556.03,6578.12,6591.69,6547.49
2023-06-15,sh000852,6579.46,6613.95,6618.62,6568.61
2023-06-16,sh000852,6613.1,6669.01,6674.62,6602.04
2023-06-19,sh000852,6674.12,6693.3,6707.23,6673.81
2023-06-20,sh000852,6683.92,6693.91,6717.71,6671.99
2023-06-21,sh000852,6679.15,6548.41,6681.57,6548.41
2023-06-26,sh000852,6504.97,6420.97,6535.49,6404.04
2023-06-27,sh000852,6425.84,6507.27,6518.98,6424.33
2023-06-28,sh000852,6504.5,6475.51,6505.47,6367.35
2023-06-29,sh000852,6465.1,6520.04,6542.28,6462.07
2023-06-30,sh000852,6507.5,6602.04,6615.97,6500.86
2023-07-03,sh000852,6617.08,6612.88,6640.34,6571.84
2023-07-04,sh000852,6610.66,6638.45,6639.82,6599.6
2023-07-05,sh000852,6632.37,6584.42,6642.55,6575.73
2023-07-06,sh000852,6573.58,6567.08,6619.29,6558.89
2023-07-07,sh000852,6553.56,6521.43,6558.11,6486.11
2023-07-10,sh000852,6539.08,6526.85,6556.15,6501.75
2023-07-11,sh000852,6531.63,6579.37,6579.37,6514.99
2023-07-12,sh000852,6576.94,6482.99,6576.96,6476.85
2023-07-13,sh000852,6497.81,6548.31,6553.6,6497.76
2023-07-14,sh000852,6554.53,6544.46,6571.14,6538.65
2023-07-17,sh000852,6524.61,6516.56,6525.19,6481.29
2023-07-18,sh000852,6519.76,6510.03,6537.91,6490.06
2023-07-19,sh000852,6508.52,6492.35,6530.54,6459.44
2023-07-20,sh000852,6497.78,6408.76,6512.45,6404.12
2023-07-21,sh000852,6397.15,6401.42,6447.3,6378.2
2023-07-24,sh000852,6397.43,6393.79,6437.99,6370.05
2023-07-25,sh000852,6448.27,6498.27,6499.42,6444.58
2023-07-26,sh000852,6497.59,6457.25,6497.59,6441.56
2023-07-27,sh000852,6458.48,6407.55,6475.83,6397.59
2023-07-28,sh000852,6389.43,6465.38,6471.68,6369.37
2023-07-31,sh000852,6475.83,6515.85,6549.75,6475.83
2023-08-01,sh000852,6513.14,6507.41,6521.97,6482.17
2023-08-02,sh000852,6499.86,6496.02,6515.07,6475.42
2023-08-03,sh000852,6472.11,6499.54,6502.55,6460.28
2023-08-04,sh000852,6514.54,6535.32,6561.74,6505.86
2023-08-07,sh000852,6524.3,6503.98,6532.52,6485.66
2023-08-08,sh000852,6496.59,6471.34,6500.9,6457.25
2023-08-09,sh000852,6452.98,6420.98,6464.36,6411.23
2023-08-10,sh000852,6409.22,6426.81,6438.43,6392.89
2023-08-11,sh000852,6428.88,6304.64,6428.88,6304.64
2023-08-14,sh000852,6251.97,6319.41,6320.95,6213.98
2023-08-15,sh000852,6318.55,6261.73,6325.57,6203.44
2023-08-16,sh000852,6240.71,6186.4,6255.81,6186.4
2023-08-17,sh000852,6167.65,6247.6,6255.05,6128.13
2023-08-18,sh000852,6245.13,6117.11,6259.79,6117.11
2023-08-21,sh000852,6107.92,6057.17,6154.25,6057.17
2023-08-22,sh000852,6082.72,6099.19,6108.21,5984.44
2023-08-23,sh000852,6084.15,5973.67,6084.15,5973.65
2023-08-24,sh000852,5989.43,5987.97,6049.55,5942.57
2023-08-25,sh000852,5960.59,5879.03,5980.24,5855.88
2023-08-28,sh000852,6204.1,5922.16,6204.1,5907.94
2023-08-29,sh000852,5909.46,6108.76,6121.59,5907.96
2023-08-30,sh000852,6117.41,6139.63,6185.27,6102.09
2023-08-31,sh000852,6130.64,6104.3,6130.95,6087.33
2023-09-01,sh000852,6108.13,6107.2,6136.78,6086.27
2023-09-04,sh000852,6129.54,6198.76,6198.76,6109.1
2023-09-05,sh000852,6188.52,6167.64,6206.35,6154.83
2023-09-06,sh000852,6146.39,6195.38,6202.32,6117.81
2023-09-07,sh000852,6185.33,6083.49,6185.33,6083.49
2023-09-08,sh000852,6063.24,6102.49,6128.84,6062.9
2023-09-11,sh000852,6114.07,6182.64,6204.43,6083.39
2023-09-12,sh000852,6175.63,6184.61,6212.26,6169.04
2023-09-13,sh000852,6169.53,6103.14,6177.38,6059.29
2023-09-14,sh000852,6101.77,6068.71,6102.49,6037.72
2023-09-15,sh000852,6082.19,6079.06,6117.82,6046.87
2023-09-18,sh000852,6058.3,6083.97,6106.27,6029.97
2023-09-19,sh000852,6077.4,6031.04,6077.4,6011.91
2023-09-20,sh000852,6020.91,5982.56,6038.75,5982.11
2023-09-21,sh000852,5968.35,5939.66,5999.4,5931.1
2023-09-22,sh000852,5934.27,6054.93,6056.45,5923.24
2023-09-25,sh000852,6051.82,6027.39,6058.47,6014.61
2023-09-26,sh000852,6017.3,5996.11,6034.85,5996.05
2023-09-27,sh000852,5989.8,6034.06,6063.91,5989.16
2023-09-28,sh000852,6048.83,6078.94,6085.53,6048.68
2023-10-09,sh000852,6073.28,6059.97,6075.46,6025.36
2023-10-10,sh000852,6069.91,6043.48,6084.93,6037.47
2023-10-11,sh000852,6056.03,6059.4,6105.42,6040.5
2023-10-12,sh000852,6088.55,6104.46,6106.95,6064.82
2023-10-13,sh000852,6080.33,6081.87,6091.54,6063.56
2023-10-16,sh000852,6089.42,6024.36,6089.48,5996.79
2023-10-17,sh000852,6027.91,6011.37,6028.02,5967.3
2023-10-18,sh000852,5992.51,5908.01,5992.51,5905.84
2023-10-19,sh000852,5879.81,5842.89,5929.58,5842.41
2023-10-20,sh000852,5816.72,5774.32,5855.46,5767.02
2023-10-23,sh000852,5754.18,5638.14,5754.25,5613.73
2023-10-24,sh000852,5654.93,5719.32,5734.55,5625.71
2023-10-25,sh000852,5753.68,5778.9,5811.27,5752.79
2023-10-26,sh000852,5745.53,5811.69,5817.63,5724.0
2023-10-27,sh000852,5792.61,5916.68,5937.54,5774.63
2023-10-30,sh000852,5899.38,6006.56,6017.28,5898.69
2023-10-31,sh000852,6003.37,5969.34,6013.73,5934.2
2023-11-01,sh000852,5969.81,5958.42,5983.87,5943.19
2023-11-02,sh000852,5958.48,5885.25,5983.22,5885.25
2023-11-03,sh000852,5895.6,5973.17,5992.75,5895.6
2023-11-06,sh000852,6007.43,6096.57,6097.04,6007.43
2023-11-07,sh000852,6088.51,6116.76,6132.14,6068.24
2023-11-08,sh000852,6114.99,6138.94,6160.24,6099.29
2023-11-09,sh000852,6135.07,6100.69,6160.98,6087.73
2023-11-10,sh000852,6079.47,6088.56,6097.61,6055.99
2023-11-13,sh000852,6107.27,6144.63,6144.63,6095.27
2023-11-14,sh000852,6143.48,6181.98,6189.5,6133.22
2023-11-15,sh000852,6226.2,6207.27,6234.54,6184.9
2023-11-16,sh000852,6188.83,6145.15,6193.64,6143.82
2023-11-17,sh000852,6135.83,6199.23,6199.23,6131.67
2023-11-20,sh000852,6211.34,6253.28,6254.14,6184.64
2023-11-21,sh000852,6258.74,6212.13,6267.22,6200.69
2023-11-22,sh000852,6193.36,6132.97,6221.87,6132.97
2023-11-23,sh000852,6123.59,6197.53,6199.88,6107.0
2023-11-24,sh000852,6194.02,6115.41,6194.02,6098.96
2023-11-27,sh000852,6107.56,6111.36,6130.4,6076.71
2023-11-28,sh000852,6099.51,6143.3,6143.3,6065.69
2023-11-29,sh000852,6138.76,6113.37,6154.9,6103.98
2023-11-30,sh000852,6104.77,6080.55,6110.41,6031.48
2023-12-01,sh000852,6078.64,6130.05,6142.74,6059.8
2023-12-04,sh000852,6131.59,6114.39,6147.05,6110.25
2023-12-05,sh000852,6098.12,5992.6,6098.12,5992.6
2023-12-06,sh000852,5977.61,6023.8,6066.42,5970.28
2023-12-07,sh000852,6019.96,6020.83,6044.86,5983.25
2023-12-08,sh000852,6021.92,6003.14,6056.06,6003.14
2023-12-11,sh000852,5984.68,6075.08,6080.8,5933.74
2023-12-12,sh000852,6070.88,6078.99,6084.28,6050.73
2023-12-13,sh000852,6067.78,6019.55,6076.36,6019.55
2023-12-14,sh000852,6038.92,5991.86,6072.61,5989.23
2023-12-15,sh000852,6000.26,5951.6,6016.4,5935.32
2023-12-18,sh000852,5939.43,5857.01,5941.9,5845.96
2023-12-19,sh000852,5853.19,5863.54,5887.77,5820.51
2023-12-20,sh000852,5869.56,5761.31,5873.76,5761.31
2023-12-21,sh000852,5739.02,5798.91,5814.04,5685.64
2023-12-22,sh000852,5797.61,5733.91,5819.65,5713.8
2023-12-25,sh000852,5726.56,5735.73,5753.43,5698.32
2023-12-26,sh000852,5734.15,5651.59,5734.56,5632.87
2023-12-27,sh000852,5658.19,5696.16,5703.17,5636.94
2023-12-28,sh000852,5687.75,5805.53,5824.4,5660.13
2023-12-29,sh000852,5797.58,5887.24,5891.63,5795.76
2024-01-02,sh000852,5891.17,5854.75,5891.23,5854.59
2024-01-03,sh000852,5838.55,5824.04,5861.41,5785.25
2024-01-04,sh000852,5814.94,5783.02,5814.94,5753.47
2024-01-05,sh000852,5779.76,5675.81,5796.76,5652.13
2024-01-08,sh000852,5664.45,5543.57,5664.45,5543.57
2024-01-09,sh000852,5553.18,5553.3,5607.22,5513.13
2024-01-10,sh000852,5540.66,5512.07,5580.42,5462.36
2024-01-11,sh000852,5507.8,5611.11,5634.02,5502.29
2024-01-12,sh000852,5601.1,5574.49,5646.27,5574.41
2024-01-15,sh000852,5558.15,5559.38,5607.13,5520.36
2024-01-16,sh000852,5555.0,5539.47,5566.21,5463.29
2024-01-17,sh000852,5529.89,5389.12,5529.89,5389.12
2024-01-18,sh000852,5360.21,5373.42,5375.23,5214.9
2024-01-19,sh000852,5364.81,5306.99,5395.14,5304.96
2024-01-22,sh000852,5298.31,5000.83,5298.31,4970.2
2024-01-23,sh000852,4992.79,5079.63,5102.44,4939.52
2024-01-24,sh000852,5102.82,5143.41,5151.42,4951.9
2024-01-25,sh000852,5143.29,5316.2,5316.26,5112.54
2024-01-26,sh000852,5303.96,5269.76,5352.85,5253.32
2024-01-29,sh000852,5282.82,5131.25,5301.87,5131.25
2024-01-30,sh000852,5099.59,4984.66,5144.29,4978.91
2024-01-31,sh000852,4949.19,4785.03,4986.1,4775.62
2024-02-01,sh000852,4753.64,4750.44,4858.72,4684.47
2024-02-02,sh000852,4753.67,4574.67,4802.62,4431.82
2024-02-05,sh000852,4534.75,4293.07,4534.75,4177.94
2024-02-06,sh000852,4229.79,4592.44,4641.45,4192.97
2024-02-07,sh000852,4604.12,4797.85,4848.24,4599.35
2024-02-08,sh000852,4826.14,4993.1,5067.23,4826.14
2024-02-19,sh000852,5062.68,5029.59,5071.2,4950.33
2024-02-20,sh000852,5004.42,5046.01,5058.22,4950.39
2024-02-21,sh000852,5001.66,5073.48,5208.65,4974.08
2024-02-22,sh000852,5075.43,5151.53,5152.02,5066.0
2024-02-23,sh000852,5169.01,5225.67,5225.67,5114.15
2024-02-26,sh000852,5234.81,5255.4,5325.77,5201.13
2024-02-27,sh000852,5237.11,5394.03,5394.03,5218.59
2024-02-28,sh000852,5403.5,5152.05,5478.09,5152.05
2024-02-29,sh000852,5122.18,5344.61,5344.61,5122.18
2024-03-01,sh000852,5354.73,5401.94,5411.32,5322.09
2024-03-04,sh000852,5412.91,5428.34,5429.8,5332.24
2024-03-05,sh000852,5392.88,5375.13,5417.82,5337.67
2024-03-06,sh000852,5346.08,5381.46,5434.4,5306.46
2024-03-07,sh000852,5389.99,5303.28,5430.39,5303.28
2024-03-08,sh000852,5309.59,5370.37,5386.18,5283.15
2024-03-11,sh000852,5358.84,5466.65,5466.65,5350.29
2024-03-12,sh000852,5477.13,5496.36,5524.5,5443.96
2024-03-13,sh000852,5501.59,5521.78,5561.08,5476.79
2024-03-14,sh000852,5521.72,5486.65,5546.1,5433.21
2024-03-15,sh000852,5472.89,5555.64,5555.64,5459.32
2024-03-18,sh000852,5573.93,5648.01,5648.01,5559.05
2024-03-19,sh000852,5633.5,5607.48,5660.5,5607.26
2024-03-20,sh000852,5600.12,5659.15,5663.74,5600.12
2024-03-21,sh000852,5674.5,5658.28,5690.45,5623.3
2024-03-22,sh000852,5649.08,5595.88,5660.15,5546.78
2024-03-25,sh000852,5581.35,5466.06,5611.69,5466.06
2024-03-26,sh000852,5454.65,5447.75,5495.63,5381.85
2024-03-27,sh000852,5435.97,5266.23,5436.65,5266.23
2024-03-28,sh000852,5262.22,5382.24,5430.77,5262.22
2024-03-29,sh000852,5383.74,5441.26,5441.26,5345.87
2024-04-01,sh000852,5461.59,5559.06,5559.87,5461.59
2024-04-02,sh000852,5556.52,5531.05,5556.52,5490.82
2024-04-03,sh000852,5518.91,5500.93,5525.03,5457.61
2024-04-08,sh000852,5487.63,5399.91,5492.4,5399.91
2024-04-09,sh000852,5392.99,5468.91,5468.91,5384.03
2024-04-10,sh000852,5456.97,5367.05,5456.97,5325.91
2024-04-11,sh000852,5330.68,5379.92,5441.5,5322.84
2024-04-12,sh000852,5379.17,5338.77,5408.52,5330.54
2024-04-15,sh000852,5320.81,5287.51,5364.59,5205.71
2024-04-16,sh000852,5255.21,5066.66,5283.83,5063.94
2024-04-17,sh000852,5109.08,5287.46,5287.46,5109.08
2024-04-18,sh000852,5276.47,5286.72,5345.44,5233.9
2024-04-19,sh000852,5257.01,5264.39,5312.15,5224.32
2024-04-22,sh000852,5231.56,5246.08,5300.79,5187.52
2024-04-23,sh000852,5234.43,5218.43,5260.29,5194.26
2024-04-24,sh000852,5219.26,5305.61,5305.61,5200.6
2024-04-25,sh000852,5285.14,5313.99,5357.44,5273.55
2024-04-26,sh000852,5303.15,5415.94,5420.37,5303.15
2024-04-29,sh000852,5422.41,5545.23,5550.21,5422.41
2024-04-30,sh000852,5530.94,5497.43,5542.19,5482.99
2024-05-06,sh000852,5558.92,5606.84,5611.27,5558.92
2024-05-07,sh000852,5604.27,5625.34,5631.95,5593.01
2024-05-08,sh000852,5605.59,5536.66,5605.59,5529.91
2024-05-09,sh000852,5533.51,5626.83,5638.64,5533.51
2024-05-10,sh000852,5632.76,5574.23,5641.92,5549.61
2024-05-13,sh000852,5537.93,5520.8,5556.71,5479.95
2024-05-14,sh000852,5524.43,5551.68,5574.25,5524.26
2024-05-15,sh000852,5541.81,5497.23,5551.26,5491.52
2024-05-16,sh000852,5508.95,5488.95,5539.92,5474.28
2024-05-17,sh000852,5489.42,5563.23,5564.06,5478.3
2024-05-20,sh000852,5563.65,5596.78,5612.35,5548.9
2024-05-21,sh000852,5586.01,5536.74,5586.01,5517.39
2024-05-22,sh000852,5532.84,5539.66,5553.7,5508.76
2024-05-23,sh000852,5521.18,5412.82,5521.18,5402.0
2024-05-24,sh000852,5401.58,5350.11,5436.81,5350.11
2024-05-27,sh000852,5358.08,5404.62,5404.62,5295.09
2024-05-28,sh000852,5390.4,5348.03,5414.98,5343.83
2024-05-29,sh000852,5336.7,5351.25,5386.78,5324.69
2024-05-30,sh000852,5334.8,5334.3,5371.81,5311.44
2024-05-31,sh000852,5334.1,5355.21,5381.72,5334.1
2024-06-03,sh000852,5350.64,5284.62,5351.25,5246.17
2024-06-04,sh000852,5267.36,5313.71,5319.71,5229.68
2024-06-05,sh000852,5294.3,5244.09,5330.8,5244.09
2024-06-06,sh000852,5249.95,5130.87,5275.89,5113.21
2024-06-07,sh000852,5159.17,5153.59,5190.0,5096.08
2024-06-11,sh000852,5132.22,5198.92,5208.18,5086.86
2024-06-12,sh000852,5188.36,5216.46,5231.47,5186.61
2024-06-13,sh000852,5214.41,5180.24,5219.71,5170.17
2024-06-14,sh000852,5164.87,5180.65,5190.71,5138.36
2024-06-17,sh000852,5158.98,5183.97,5211.39,5151.28
2024-06-18,sh000852,5183.27,5227.25,5237.82,5177.28
2024-06-19,sh000852,5230.49,5159.99,5241.97,5159.99
2024-06-20,sh000852,5150.8,5056.14,5174.87,5052.89
2024-06-21,sh000852,5040.63,5055.33,5090.57,5014.48
2024-06-24,sh000852,5025.52,4887.78,5029.73,4884.5
2024-06-25,sh000852,4885.89,4847.61,4907.96,4814.68
2024-06-26,sh000852,4842.0,4986.38,4988.31,4812.1
2024-06-27,sh000852,4964.66,4864.09,4969.09,4862.63
2024-06-28,sh000852,4855.35,4895.99,4968.27,4851.84
2024-07-01,sh000852,4894.56,4940.25,4954.18,4839.75
2024-07-02,sh000852,4940.7,4905.65,4951.2,4886.7
2024-07-03,sh000852,4900.67,4867.13,4906.51,4857.78
2024-07-04,sh000852,4868.55,4761.87,4883.74,4745.91
2024-07-05,sh000852,4753.73,4810.79,4828.84,4711.87
2024-07-08,sh000852,4801.49,4693.96,4801.49,4679.28
2024-07-09,sh000852,4689.27,4797.06,4810.32,4645.2
2024-07-10,sh000852,4783.17,4777.68,4829.21,4768.12
2024-07-11,sh000852,4846.11,4893.59,4896.15,4821.41
2024-07-12,sh000852,4884.41,4878.02,4897.17,4858.3
2024-07-15,sh000852,4869.0,4827.6,4869.0,4815.41
2024-07-16,sh000852,4815.74,4836.72,4845.35,4786.21
2024-07-17,sh000852,4834.44,4795.62,4842.72,4786.35
2024-07-18,sh000852,4763.3,4812.43,4822.62,4714.6
2024-07-19,sh000852,4788.77,4821.42,4854.71,4778.71
2024-07-22,sh000852,4822.64,4826.87,4848.31,4798.12
2024-07-23,sh000852,4825.75,4694.95,4825.75,4694.95
2024-07-24,sh000852,4682.06,4631.01,4713.07,4625.42
2024-07-25,sh000852,4602.63,4632.57,4678.66,4587.71
2024-07-26,sh000852,4638.31,4702.08,4710.57,4638.31
2024-07-29,sh000852,4707.28,4685.65,4707.28,4670.8
2024-07-30,sh000852,4674.92,4702.49,4716.21,4637.41
2024-07-31,sh000852,4698.73,4889.08,4889.77,4690.0
2024-08-01,sh000852,4894.81,4878.29,4933.06,4850.63
2024-08-02,sh000852,4844.78,4809.89,4902.94,4802.02
2024-08-05,sh000852,4776.18,4678.78,4854.59,4678.74
2024-08-06,sh000852,4731.2,4749.95,4766.27,4695.64
2024-08-07,sh000852,4741.65,4743.41,4772.21,4715.53
2024-08-08,sh000852,4728.33,4739.49,4776.49,4677.43
2024-08-09,sh000852,4760.13,4702.75,4789.17,4702.75
2024-08-12,sh000852,4696.36,4674.1,4707.22,4657.33
2024-08-13,sh000852,4671.2,4697.59,4698.34,4642.67
2024-08-14,sh000852,4698.0,4649.28,4698.15,4649.28
2024-08-15,sh000852,4639.08,4691.85,4743.73,4620.56
2024-08-16,sh000852,4696.72,4655.65,4703.03,4654.46
2024-08-19,sh000852,4651.3,4663.61,4714.06,4644.6
2024-08-20,sh000852,4663.78,4579.3,4665.63,4563.86
2024-08-21,sh000852,4564.38,4548.26,4590.2,4543.88
2024-08-22,sh000852,4549.3,4491.84,4562.98,4484.56
2024-08-23,sh000852,4482.65,4495.34,4510.6,4462.76
2024-08-26,sh000852,4492.71,4512.89,4531.17,4476.24
2024-08-27,sh000852,4500.73,4459.68,4501.08,4449.21
2024-08-28,sh000852,4449.71,4470.55,4506.31,4437.52
2024-08-29,sh000852,4453.43,4542.46,4558.95,4443.9
2024-08-30,sh000852,4539.93,4629.32,4691.01,4534.04
2024-09-02,sh000852,4627.18,4532.51,4635.77,4529.83
2024-09-03,sh000852,4529.94,4572.4,4598.63,4529.94
2024-09-04,sh000852,4542.9,4550.77,4594.44,4529.34
2024-09-05,sh000852,4554.52,4586.78,4614.75,4554.52
2024-09-06,sh000852,4588.93,4508.23,4595.7,4506.39
2024-09-09,sh000852,4490.99,4475.53,4523.37,4459.13
2024-09-10,sh000852,4481.49,4487.58,4507.15,4400.78
2024-09-11,sh000852,4469.01,4486.01,4500.68,4453.2
2024-09-12,sh000852,4490.52,4468.74,4542.28,4468.74
2024-09-13,sh000852,4471.98,4413.19,4478.22,4413.19
2024-09-18,sh000852,4413.9,4399.13,4425.79,4342.21
2024-09-19,sh000852,4418.78,4482.27,4527.61,4385.49
2024-09-20,sh000852,4484.18,4463.36,4487.08,4428.17
2024-09-23,sh000852,4462.72,4469.13,4513.97,4445.99
2024-09-24,sh000852,4489.49,4642.56,4642.56,4466.34
2024-09-25,sh000852,4688.39,4686.26,4799.86,4681.85
2024-09-26,sh000852,4675.94,4874.13,4874.13,4672.87
2024-09-27,sh000852,4950.94,5136.44,5164.54,4944.84
2024-09-30,sh000852,5375.57,5708.83,5732.57,5307.55
2024-10-08,sh000852,6437.11,6201.99,6437.11,5861.32
2024-10-09,sh000852,6052.67,5727.38,6105.03,5706.05
2024-10-10,sh000852,5777.9,5654.53,5881.33,5593.98
2024-10-11,sh000852,5610.95,5416.76,5616.81,5349.32
2024-10-14,sh000852,5451.62,5615.76,5620.42,5346.42
2024-10-15,sh000852,5585.69,5507.18,5704.56,5505.81
2024-10-16,sh000852,5425.43,5524.25,5598.84,5424.39
2024-10-17,sh000852,5563.46,5505.61,5624.79,5504.49
2024-10-18,sh000852,5495.2,5749.43,5880.9,5484.24
2024-10-21,sh000852,5797.0,5860.57,5954.44,5767.79
2024-10-22,sh000852,5866.79,5888.81,5940.37,5814.3
2024-10-23,sh000852,5871.32,5903.58,5991.59,5856.37
2024-10-24,sh000852,5871.29,5861.63,5887.45,5817.93
2024-10-25,sh000852,5876.44,5974.91,6014.11,5876.21
2024-10-28,sh000852,5988.72,6082.09,6082.09,5965.0
2024-10-29,sh000852,6106.19,5983.84,6113.64,5982.53
2024-10-30,sh000852,5960.79,6019.35,6043.59,5945.68
2024-10-31,sh000852,6041.01,6116.66,6161.56,6004.71
2024-11-01,sh000852,6100.79,5930.23,6125.41,5912.53
2024-11-04,sh000852,5912.31,6053.11,6053.11,5912.31
2024-11-05,sh000852,6057.21,6266.54,6279.92,6051.46
2024-11-06,sh000852,6287.29,6293.19,6368.87,6247.15
2024-11-07,sh000852,6238.62,6403.92,6403.92,6229.49
2024-11-08,sh000852,6470.07,6423.12,6526.65,6400.09
2024-11-11,sh000852,6416.17,6579.01,6580.57,6412.58
2024-11-12,sh000852,6593.82,6491.97,6616.16,6429.35
2024-11-13,sh000852,6453.86,6474.39,6512.6,6357.56
2024-11-14,sh000852,6462.01,6272.19,6472.95,6263.31
2024-11-15,sh000852,6246.34,6125.51,6331.87,6124.66
2024-11-18,sh000852,6154.51,5974.56,6180.88,5937.09
2024-11-19,sh000852,5977.84,6130.28,6130.5,5945.46
2024-11-20,sh000852,6116.96,6250.8,6262.08,6105.22
2024-11-21,sh000852,6241.01,6262.16,6292.86,6199.71
2024-11-22,sh000852,6240.09,6030.49,6280.6,6030.37
2024-11-25,sh000852,6047.94,6052.13,6076.19,5937.91
2024-11-26,sh000852,6036.64,5981.57,6093.37,5979.39
2024-11-27,sh000852,5942.53,6118.66,6119.01,5857.0
2024-11-28,sh000852,6121.68,6086.09,6170.13,6077.6
2024-11-29,sh000852,6066.71,6189.13,6246.2,6039.83
2024-12-02,sh000852,6188.8,6313.61,6325.86,6188.8
2024-12-03,sh000852,6318.97,6303.28,6342.36,6239.44
2024-12-04,sh000852,6301.05,6204.94,6303.5,6175.84
2024-12-05,sh000852,6186.12,6285.6,6302.36,6186.12
2024-12-06,sh000852,6291.3,6349.62,6384.66,6229.21
2024-12-09,sh000852,6346.59,6303.27,6371.1,6257.54
2024-12-10,sh000852,6493.54,6362.02,6497.89,6352.76
2024-12-11,sh000852,6343.78,6447.37,6454.97,6343.78
2024-12-12,sh000852,6454.94,6490.15,6493.71,6390.59
2024-12-13,sh000852,6447.2,6354.99,6460.94,6351.3
2024-12-16,sh000852,6355.63,6277.52,6367.81,6248.16
2024-12-17,sh000852,6262.49,6143.94,6269.14,6133.13
2024-12-18,sh000852,6156.69,6195.87,6242.52,6121.05
2024-12-19,sh000852,6127.22,6207.19,6223.8,6108.39
2024-12-20,sh000852,6195.64,6271.75,6320.96,6191.08
2024-12-23,sh000852,6271.76,6096.38,6276.97,6086.91
2024-12-24,sh000852,6110.77,6164.36,6165.2,6066.23
2024-12-25,sh000852,6158.65,6094.69,6159.6,6037.74
2024-12-26,sh000852,6083.89,6160.45,6185.81,6083.89
2024-12-27,sh000852,6164.67,6171.57,6250.2,6135.48
2024-12-30,sh000852,6164.91,6145.93,6192.58,6097.1
2024-12-31,sh000852,6151.03,5957.72,6160.73,5957.72
2025-01-02,sh000852,5948.68,5797.09,5982.55,5743.18
2025-01-03,sh000852,5808.54,5625.21,5826.08,5609.77
2025-01-06,sh000852,5614.03,5608.03,5688.92,5561.9
2025-01-07,sh000852,5610.95,5692.04,5694.0,5580.89
2025-01-08,sh000852,5664.31,5661.78,5706.66,5501.49
2025-01-09,sh000852,5629.9,5672.78,5714.46,5629.82
2025-01-10,sh000852,5662.77,5544.92,5718.21,5544.92
2025-01-13,sh000852,5487.12,5559.47,5599.33,5457.51
2025-01-14,sh000852,5580.88,5811.05,5814.71,5562.18
2025-01-15,sh000852,5805.9,5775.57,5815.15,5755.62
2025-01-16,sh000852,5810.05,5801.31,5906.47,5753.76
2025-01-17,sh000852,5780.61,5841.57,5885.42,5755.91
2025-01-20,sh000852,5877.97,5879.15,5925.07,5856.83
2025-01-21,sh000852,5911.4,5908.02,5917.13,5834.96
2025-01-22,sh000852,5879.84,5855.74,5886.74,5824.03
2025-01-23,sh000852,5911.22,5829.03,5991.85,5829.03
2025-01-24,sh000852,5815.46,5938.13,5943.11,5815.46
2025-01-27,sh000852,5946.73,5846.07,5964.15,5846.07
2025-02-05,sh000852,5900.51,5881.44,5928.88,5851.6
2025-02-06,sh000852,5869.71,6041.83,6042.02,5853.75
2025-02-07,sh000852,6046.36,6134.05,6198.75,6042.26
2025-02-10,sh000852,6155.05,6210.55,6218.07,6126.08
2025-02-11,sh000852,6209.52,6190.17,6220.96,6135.87
2025-02-12,sh000852,6172.39,6284.61,6284.92,6171.06
2025-02-13,sh000852,6290.79,6212.5,6290.79,6202.59
2025-02-14,sh000852,6203.48,6248.83,6257.31,6182.26
2025-02-17,sh000852,6285.04,6281.57,6308.48,6231.87
2025-02-18,sh000852,6264.28,6142.14,6282.4,6112.59
2025-02-19,sh000852,6134.99,6288.53,6290.01,6133.94
2025-02-20,sh000852,6289.13,6334.41,6349.47,6274.03
2025-02-21,sh000852,6347.67,6449.23,6456.92,6317.09
2025-02-24,sh000852,6454.56,6464.02,6504.4,6411.77
2025-02-25,sh000852,6369.28,6435.43,6503.01,6359.84
2025-02-26,sh000852,6451.4,6524.41,6527.85,6423.6
2025-02-27,sh000852,6526.81,6499.53,6550.1,6395.91
2025-02-28,sh000852,6460.9,6270.42,6468.8,6252.01
2025-03-03,sh000852,6291.05,6273.67,6382.05,6240.57
2025-03-04,sh000852,6218.83,6357.63,6364.12,6217.81
2025-03-05,sh000852,6365.43,6398.24,6401.83,6318.29
2025-03-06,sh000852,6438.16,6534.97,6548.85,6435.54
2025-03-07,sh000852,6512.73,6507.76,6577.95,6465.26
2025-03-10,sh000852,6519.03,6520.97,6541.59,6466.9
2025-03-11,sh000852,6438.24,6551.73,6551.73,6432.76
2025-03-12,sh000852,6585.6,6566.97,6632.39,6564.72
2025-03-13,sh000852,6558.42,6466.85,6570.89,6405.73
2025-03-14,sh000852,6463.92,6571.17,6575.82,6428.22
2025-03-17,sh000852,6585.82,6589.57,6609.89,6557.63
2025-03-18,sh000852,6605.04,6611.93,6642.86,6581.96
2025-03-19,sh000852,6590.56,6564.68,6598.51,6536.72
2025-03-20,sh000852,6551.82,6535.06,6596.27,6528.86
2025-03-21,sh000852,6507.95,6405.61,6531.76,6389.62
2025-03-24,sh000852,6403.57,6360.34,6412.52,6244.87
2025-03-25,sh000852,6355.81,6310.76,6382.19,6289.12
2025-03-26,sh000852,6297.33,6334.91,6371.1,6297.33
2025-03-27,sh000852,6315.1,6328.77,6394.21,6254.89
2025-03-28,sh000852,6326.81,6268.32,6356.8,6261.69
2025-03-31,sh000852,6229.56,6226.65,6259.36,6143.65
2025-04-01,sh000852,6242.07,6259.48,6300.67,6240.2
2025-04-02,sh000852,6252.63,6277.25,6316.64,6251.85
2025-04-03,sh000852,6208.29,6203.26,6299.16,6168.54
2025-04-07,sh000852,5811.54,5496.44,5905.57,5437.45
2025-04-08,sh000852,5475.56,5530.02,5632.64,5426.03
2025-04-09,sh000852,5439.18,5652.33,5688.48,5224.97
2025-04-10,sh000852,5766.51,5784.59,5883.46,5766.41
2025-04-11,sh000852,5744.8,5862.19,5923.14,5743.08
2025-04-14,sh000852,5933.99,5938.53,5979.9,5914.25
2025-04-15,sh000852,5938.57,5914.03,5949.86,5872.29
2025-04-16,sh000852,5897.2,5835.35,5903.12,5758.67
2025-04-17,sh000852,5802.29,5839.56,5898.18,5801.12
2025-04-18,sh000852,5833.11,5831.69,5855.69,5793.79
2025-04-21,sh000852,5826.62,5952.64,5952.72,5802.83
2025-04-22,sh000852,5947.15,5949.31,5974.32,5923.59
2025-04-23,sh000852,5971.47,5984.58,6013.28,5954.03
2025-04-24,sh000852,5979.41,5920.48,5984.37,5897.65
2025-04-25,sh000852,5927.32,5939.5,5982.71,5901.08
2025-04-28,sh000852,5933.42,5877.06,5939.96,5868.87
2025-04-29,sh000852,5850.83,5903.38,5921.56,5836.03
2025-04-30,sh000852,5907.19,5950.12,5972.66,5907.19
2025-05-06,sh000852,5993.33,6102.92,6102.92,5993.33
2025-05-07,sh000852,6171.61,6111.49,6195.14,6063.64
2025-05-08,sh000852,6093.56,6158.08,6167.15,6087.37
2025-05-09,sh000852,6153.53,6082.08,6153.53,6054.93
2025-05-12,sh000852,6122.67,6167.46,6167.46,6110.02
2025-05-13,sh000852,6219.45,6151.01,6220.44,6141.68
2025-05-14,sh000852,6144.25,6160.37,6199.3,6111.11
2025-05-15,sh000852,6146.0,6057.04,6146.0,6055.84
2025-05-16,sh000852,6042.22,6068.12,6098.88,6042.22
2025-05-19,sh000852,6073.2,6095.34,6100.8,6009.95
2025-05-20,sh000852,6097.36,6146.02,6154.95,6078.22
2025-05-21,sh000852,6137.1,6132.18,6141.73,6109.92
2025-05-22,sh000852,6113.21,6066.1,6146.2,6062.59
2025-05-23,sh000852,6060.52,5989.68,6099.23,5989.68
2025-05-26,sh000852,5991.86,6028.79,6038.81,5981.84
2025-05-27,sh000852,6019.54,6008.46,6023.14,5971.35
2025-05-28,sh000852,6006.89,5984.46,6023.82,5972.18
2025-05-29,sh000852,5980.86,6089.58,6091.96,5980.86
2025-05-30,sh000852,6075.45,6026.56,6075.45,6016.89
2025-06-03,sh000852,6009.18,6070.04,6086.62,6008.54
2025-06-04,sh000852,6067.83,6123.17,6124.7,6067.83
2025-06-05,sh000852,6125.89,6167.01,6174.85,6101.85
2025-06-06,sh000852,6164.41,6152.84,6169.57,6137.57
2025-06-09,sh000852,6161.14,6218.96,6226.38,6158.9
2025-06-10,sh000852,6220.04,6161.69,6220.04,6098.09
2025-06-11,sh000852,6162.16,6186.51,6221.2,6162.16
2025-06-12,sh000852,6171.56,6192.22,6202.73,6151.04
2025-06-13,sh000852,6174.43,6106.01,6183.71,6088.57
2025-06-16,sh000852,6089.96,6147.46,6151.51,6089.96
2025-06-17,sh000852,6153.15,6141.47,6171.17,6120.57
2025-06-18,sh000852,6126.18,6135.39,6143.21,6086.69
2025-06-19,sh000852,6127.94,6048.22,6146.64,6028.72
2025-06-20,sh000852,6039.99,5999.59,6061.84,5997.59
2025-06-23,sh000852,5966.5,6078.22,6083.53,5965.66
2025-06-24,sh000852,6082.74,6194.67,6194.67,6082.74
2025-06-25,sh000852,6196.15,6276.16,6282.11,6194.15
2025-06-26,sh000852,6272.44,6247.79,6310.54,6244.78
2025-06-27,sh000852,6265.92,6276.94,6319.16,6257.59
2025-06-30,sh000852,6297.08,6356.18,6358.03,6292.51
2025-07-01,sh000852,6358.06,6373.77,6373.77,6308.06
2025-07-02,sh000852,6358.87,6309.48,6358.87,6285.0
2025-07-03,sh000852,6306.75,6342.64,6349.14,6295.23
2025-07-04,sh000852,6338.56,6312.2,6375.07,6292.14
2025-07-07,sh000852,6305.04,6327.14,6333.51,6303.86
2025-07-08,sh000852,6321.55,6407.7,6408.11,6318.52
2025-07-09,sh000852,6412.14,6390.47,6431.09,6375.08
2025-07-10,sh000852,6385.21,6406.57,6427.74,6367.66
2025-07-11,sh000852,6411.31,6461.1,6487.44,6388.4
2025-07-14,sh000852,6465.51,6462.31,6474.93,6443.56
2025-07-15,sh000852,6452.0,6442.83,6472.53,6381.56
2025-07-16,sh000852,6440.52,6462.06,6487.83,6433.51
2025-07-17,sh000852,6458.41,6535.67,6535.67,6451.15
2025-07-18,sh000852,6546.36,6552.07,6563.82,6521.5
2025-07-21,sh000852,6557.25,6612.26,6614.61,6555.04
2025-07-22,sh000852,6607.83,6637.1,6642.24,6597.05
2025-07-23,sh000852,6634.12,6607.22,6667.86,6594.48
2025-07-24,sh000852,6602.17,6701.12,6701.12,6602.17
2025-07-25,sh000852,6708.08,6706.61,6716.7,6674.54
2025-07-28,sh000852,6713.82,6729.98,6736.08,6679.21
2025-07-29,sh000852,6724.32,6773.88,6773.88,6684.16
2025-07-30,sh000852,6758.33,6718.48,6770.88,6662.91
2025-07-31,sh000852,6701.16,6661.19,6750.08,6639.12
2025-08-01,sh000852,6665.64,6670.47,6702.68,6625.93
2025-08-04,sh000852,6637.84,6739.69,6739.73,6631.12
2025-08-05,sh000852,6753.53,6787.48,6787.48,6744.07
2025-08-06,sh000852,6784.17,6861.31,6865.02,6774.03
2025-08-07,sh000852,6864.45,6862.15,6876.5,6813.77
2025-08-08,sh000852,6844.44,6838.13,6865.84,6816.09
2025-08-11,sh000852,6850.57,6943.94,6957.4,6850.57
2025-08-12,sh000852,6943.67,6963.61,6963.8,6894.85
2025-08-13,sh000852,6966.27,7064.33,7070.5,6966.27
2025-08-14,sh000852,7072.9,6976.49,7077.81,6957.4
2025-08-15,sh000852,6956.51,7117.5,7117.51,6956.51
2025-08-18,sh000852,7158.53,7237.6,7267.98,7143.07
2025-08-19,sh000852,7231.93,7242.85,7289.03,7193.59
2025-08-20,sh000852,7212.97,7305.46,7305.46,7166.99
2025-08-21,sh000852,7318.76,7253.34,7343.17,7215.34
2025-08-22,sh000852,7250.19,7362.94,7362.94,7250.19
2025-08-25,sh000852,7418.35,7477.73,7504.01,7405.94
2025-08-26,sh000852,7457.77,7476.47,7526.17,7435.3
2025-08-27,sh000852,7488.93,7336.5,7565.35,7336.5
2025-08-28,sh000852,7331.19,7447.11,7447.11,7216.77
2025-08-29,sh000852,7449.86,7438.68,7477.2,7380.83
2025-09-01,sh000852,7475.0,7501.15,7502.59,7424.34
2025-09-02,sh000852,7498.44,7313.88,7499.6,7258.59
2025-09-03,sh000852,7336.39,7206.88,7361.03,7182.29
2025-09-04,sh000852,7214.72,7041.15,7255.0,6939.66
2025-09-05,sh000852,7046.96,7245.67,7248.58,7017.95
2025-09-08,sh000852,7257.33,7311.03,7321.16,7220.59
2025-09-09,sh000852,7287.4,7226.03,7315.97,7198.32
2025-09-10,sh000852,7214.23,7230.17,7296.0,7179.76
2025-09-11,sh000852,7215.93,7399.89,7399.89,7161.28
2025-09-12,sh000852,7402.42,7422.88,7472.87,7387.59
2025-09-15,sh000852,7445.5,7415.57,7454.3,7404.5
2025-09-16,sh000852,7426.41,7483.63,7487.07,7364.73
2025-09-17,sh000852,7478.41,7554.81,7564.82,7461.41
2025-09-18,sh000852,7552.23,7476.4,7665.97,7393.18
2025-09-19,sh000852,7473.02,7438.19,7520.92,7405.29
2025-09-22,sh000852,7457.89,7489.48,7489.48,7418.46
2025-09-23,sh000852,7500.62,7408.07,7504.23,7261.67
2025-09-24,sh000852,7375.91,7534.22,7534.22,7342.47
2025-09-25,sh000852,7521.32,7506.51,7563.08,7487.12
2025-09-26,sh000852,7476.94,7397.59,7516.11,7396.58
2025-09-29,sh000852,7415.13,7497.83,7517.12,7376.91
2025-09-30,sh000852,7525.62,7574.96,7592.91,7524.92
2025-10-09,sh000852,7623.3,7648.05,7671.17,7590.47
2025-10-10,sh000852,7608.29,7533.82,7621.98,7513.17
2025-10-13,sh000852,7250.58,7519.76,7535.21,7250.58
2025-10-14,sh000852,7580.39,7373.15,7611.83,7342.6
2025-10-15,sh000852,7384.01,7483.45,7484.05,7315.48
2025-10-16,sh000852,7460.76,7401.84,7472.75,7378.3
2025-10-17,sh000852,7395.87,7185.48,7426.21,7176.96
2025-10-20,sh000852,7259.49,7239.18,7301.99,7196.28
2025-10-21,sh000852,7257.11,7344.05,7350.92,7236.63
2025-10-22,sh000852,7304.96,7312.21,7349.8,7278.71
2025-10-23,sh000852,7292.39,7308.1,7319.55,7192.42
2025-10-24,sh000852,7340.67,7419.24,7419.41,7340.67
2025-10-27,sh000852,7483.3,7495.38,7511.41,7430.62
2025-10-28,sh000852,7462.91,7479.22,7534.05,7443.7
2025-10-29,sh000852,7481.24,7569.12,7569.12,7469.07
2025-10-30,sh000852,7560.6,7485.08,7569.16,7476.7
2025-10-31,sh000852,7480.66,7506.67,7583.03,7480.66
2025-11-03,sh000852,7507.37,7538.12,7539.33,7417.27
2025-11-04,sh000852,7523.64,7435.73,7523.64,7387.38
2025-11-05,sh000852,7332.1,7464.86,7490.9,7332.1
2025-11-06,sh000852,7482.91,7551.83,7551.83,7466.75
2025-11-07,sh000852,7519.75,7541.88,7581.56,7492.93
2025-11-10,sh000852,7568.75,7563.25,7592.76,7515.68
2025-11-11,sh000852,7579.91,7540.79,7598.99,7530.14
2025-11-12,sh000852,7520.18,7486.38,7537.76,7421.46
2025-11-13,sh000852,7483.66,7590.58,7604.89,7475.51
2025-11-14,sh000852,7527.83,7502.76,7591.32,7502.76
2025-11-17,sh000852,7514.84,7523.08,7544.72,7487.81
2025-11-18,sh000852,7508.53,7448.1,7521.66,7412.28
2025-11-19,sh000852,7438.14,7387.21,7471.73,7348.04
2025-11-20,sh000852,7429.7,7340.41,7439.04,7332.32
2025-11-21,sh000852,7235.33,7067.7,7274.33,7067.7
2025-11-24,sh000852,7105.64,7156.41,7190.72,7064.6
2025-11-25,sh000852,7195.1,7249.95,7311.73,7194.77
2025-11-26,sh000852,7236.66,7248.45,7307.2,7225.09
2025-11-27,sh000852,7243.71,7257.45,7330.6,7243.71
2025-11-28,sh000852,7257.17,7334.21,7334.21,7239.85
2025-12-01,sh000852,7356.51,7386.68,7388.62,7342.6
2025-12-02,sh000852,7364.2,7313.18,7364.2,7299.27
2025-12-03,sh000852,7312.67,7248.27,7324.21,7220.98
2025-12-04,sh000852,7246.86,7248.66,7269.9,7185.91
2025-12-05,sh000852,7244.28,7342.49,7347.0,7194.66
2025-12-08,sh000852,7359.49,7423.05,7446.19,7359.49
2025-12-09,sh000852,7400.93,7380.58,7439.55,7370.3
2025-12-10,sh000852,7367.49,7408.24,7421.42,7332.05
2025-12-11,sh000852,7421.79,7312.0,7425.44,7312.0
2025-12-12,sh000852,7312.87,7370.94,7384.85,7284.56
2025-12-15,sh000852,7324.48,7309.08,7375.61,7305.83
2025-12-16,sh000852,7302.16,7181.62,7302.16,7143.61
2025-12-17,sh000852,7178.31,7288.74,7303.38,7149.02
2025-12-18,sh000852,7244.64,7272.4,7336.73,7241.86
2025-12-19,sh000852,7295.67,7329.81,7357.04,7279.99
2025-12-22,sh000852,7363.06,7408.35,7433.43,7363.06
2025-12-23,sh000852,7410.22,7392.42,7441.41,7363.93
2025-12-24,sh000852,7391.56,7506.38,7513.25,7386.49
2025-12-25,sh000852,7507.3,7579.38,7591.78,7502.15
2025-12-26,sh000852,7575.93,7605.53,7644.84,7550.01
2025-12-29,sh000852,7606.44,7594.16,7637.91,7574.77
2025-12-30,sh000852,7556.54,7597.3,7636.15,7552.4
2025-12-31,sh000852,7606.65,7595.28,7619.22,7560.72
2026-01-05,sh000852,7639.54,7753.88,7753.96,7623.75
2026-01-06,sh000852,7756.16,7864.9,7864.9,7755.07
2026-01-07,sh000852,7881.84,7906.42,7939.75,7864.14
2026-01-08,sh000852,7886.81,7971.59,7993.63,7886.63
2026-01-09,sh000852,7969.19,8129.18,8131.49,7969.19
2026-01-12,sh000852,8196.08,8357.01,8371.75,8171.11
2026-01-13,sh000852,8381.04,8203.13,8381.04,8177.63
2026-01-14,sh000852,8204.28,8257.17,8415.1,8154.24
2026-01-15,sh000852,8197.06,8240.78,8267.81,8151.11
2026-01-16,sh000852,8276.61,8232.73,8304.4,8180.12
2026-01-19,sh000852,8204.63,8265.65,8298.48,8187.94
2026-01-20,sh000852,8271.78,8182.75,8300.05,8104.92
2026-01-21,sh000852,8138.68,8247.68,8289.13,8136.92
2026-01-22,sh000852,8272.47,8309.35,8314.22,8252.74
2026-01-23,sh000852,8331.77,8470.74,8478.56,8323.35
2026-01-26,sh000852,8513.22,8365.43,8530.42,8302.1
2026-01-27,sh000852,8325.43,8382.15,8406.1,8186.24
2026-01-28,sh000852,8392.75,8399.79,8432.62,8334.68
2026-01-29,sh000852,8380.61,8332.21,8463.12,8308.82
2026-01-30,sh000852,8255.33,8254.86,8313.23,8083.97
2026-02-02,sh000852,8166.74,7975.43,8221.58,7974.6
2026-02-03,sh000852,8058.76,8209.1,8210.05,8023.24
2026-02-04,sh000852,8184.2,8207.12,8216.2,8101.2
2026-02-05,sh000852,8121.51,8068.08,8154.56,8027.62
2026-02-06,sh000852,7980.47,8051.57,8152.32,7950.01
2026-02-09,sh000852,8177.29,8233.78,8235.15,8149.65
2026-02-10,sh000852,8246.22,8250.3,8274.14,8199.51
2026-02-11,sh000852,8239.17,8239.51,8304.13,8236.96
2026-02-12,sh000852,8252.19,8314.83,8337.37,8227.6
2026-02-13,sh000852,8272.88,8204.83,8323.72,8200.15
2026-02-24,sh000852,8319.69,8299.77,8356.91,8236.71
2026-02-25,sh000852,8320.61,8426.33,8449.76,8310.33
2026-02-26,sh000852,8447.78,8490.62,8496.75,8398.07
2026-02-27,sh000852,8434.1,8560.84,8561.3,8433.72
2026-03-02,sh000852,8464.27,8476.97,8535.81,8393.93
2026-03-03,sh000852,8495.95,8142.45,8510.85,8128.3
2026-03-04,sh000852,8039.59,8094.52,8228.9,8039.59
2026-03-05,sh000852,8235.37,8171.12,8243.83,8121.38
2026-03-06,sh000852,8120.49,8248.86,8273.68,8115.48
2026-03-09,sh000852,8131.74,8203.87,8230.66,7983.57
2026-03-10,sh000852,8272.94,8350.09,8351.67,8271.49
2026-03-11,sh000852,8356.09,8363.53,8394.12,8334.33
2026-03-12,sh000852,8357.35,8335.91,8388.63,8267.39
2026-03-13,sh000852,8297.91,8214.29,8350.92,8196.37
2026-03-16,sh000852,8212.27,8211.35,8226.03,8089.49
2026-03-17,sh000852,8219.5,8019.86,8223.99,8019.08
2026-03-18,sh000852,8050.71,8096.59,8105.81,7970.19
2026-03-19,sh000852,7988.87,7909.23,8008.39,7874.26
2026-03-20,sh000852,7943.41,7783.43,7996.16,7781.58
2026-03-23,sh000852,7632.97,7409.11,7712.04,7357.7
2026-03-24,sh000852,7538.7,7600.86,7601.88,7361.79
2026-03-25,sh000852,7654.78,7751.18,7781.2,7654.78
2026-03-26,sh000852,7733.7,7639.38,7775.89,7614.89
2026-03-27,sh000852,7526.59,7746.31,7784.55,7526.59
2026-03-30,sh000852,7664.64,7767.93,7774.85,7618.96
2026-03-31,sh000852,7741.96,7619.85,7789.24,7618.19
2026-04-01,sh000852,7767.88,7764.15,7786.76,7692.01
2026-04-02,sh000852,7733.75,7623.42,7764.03,7581.39
2026-04-03,sh000852,7658.82,7536.6,7664.76,7521.94
2026-04-07,sh000852,7556.28,7606.02,7640.51,7554.41
2026-04-08,sh000852,7765.55,7955.77,7955.77,7765.2
2026-04-09,sh000852,7881.8,7921.45,7959.07,7872.47
2026-04-10,sh000852,7981.62,7998.23,8059.76,7981.62
2026-04-13,sh000852,7947.22,8025.57,8040.03,7947.22
2026-04-14,sh000852,8088.05,8144.76,8144.76,8059.38
2026-04-15,sh000852,8186.07,8106.16,8193.3,8083.27
2026-04-16,sh000852,8120.36,8232.98,8239.01,8100.49
2026-04-17,sh000852,8225.73,8307.44,8333.22,8223.71
2026-04-20,sh000852,8308.06,8357.81,8374.81,8308.06
2026-04-21,sh000852,8331.59,8351.16,8358.12,8270.16
2026-04-22,sh000852,8317.28,8481.24,8482.15,8317.28
2026-04-23,sh000852,8489.0,8362.74,8500.44,8302.85
2026-04-24,sh000852,8318.6,8304.14,8360.79,8254.43
2026-04-27,sh000852,8292.81,8338.73,8366.31,8249.94
2026-04-28,sh000852,8307.69,8226.69,8316.27,8187.24
2026-04-29,sh000852,8163.35,8343.07,8361.49,8163.35
2026-04-30,sh000852,8345.25,8381.95,8402.36,8324.29
2026-05-06,sh000852,8462.02,8574.56,8610.88,8462.02
2026-05-07,sh000852,8602.15,8714.51,8716.86,8573.3
2026-05-08,sh000852,8655.13,8741.15,8760.19,8651.06
2026-05-11,sh000852,8807.91,8866.78,8888.87,8760.71
2026-05-12,sh000852,8880.41,8821.89,8881.9,8749.72
2026-05-13,sh000852,8764.02,8955.45,8958.46,8764.02
2026-05-14,sh000852,8989.49,8778.71,8991.85,8778.71
2026-05-15,sh000852,8786.38,8682.65,8846.52,8616.06
2026-05-18,sh000852,8645.76,8720.21,8766.31,8610.74
2026-05-19,sh000852,8691.38,8808.64,8812.03,8602.05
2026-05-20,sh000852,8769.1,8808.91,8823.68,8697.4
2026-05-21,sh000852,8852.43,8510.5,8896.6,8500.92
2026-05-22,sh000852,8578.9,8692.67,8719.39,8521.7
2026-05-25,sh000852,8756.46,8799.31,8802.95,8670.72
2026-05-26,sh000852,8755.91,8687.25,8756.46,8560.8
2026-05-27,sh000852,8679.54,8546.51,8737.05,8495.72
2026-05-28,sh000852,8527.91,8637.74,8659.61,8459.95
2026-05-29,sh000852,8673.8,8408.74,8680.27,8357.8
2026-06-01,sh000852,8393.52,8345.13,8504.98,8339.35
2026-06-02,sh000852,8360.81,8384.78,8440.23,8219.15
2026-06-03,sh000852,8386.86,8432.68,8549.25,8357.46
2026-06-04,sh000852,8338.85,8420.09,8456.02,8338.85
2026-06-05,sh000852,8380.85,8340.96,8500.1,8305.4
2026-06-08,sh000852,8069.48,8081.26,8260.19,7987.4
2026-06-09,sh000852,8178.82,8318.7,8322.11,8096.58
2026-06-10,sh000852,8232.02,8198.72,8285.29,8103.01
2026-06-11,sh000852,8158.46,8159.45,8223.53,8084.9
2026-06-12,sh000852,8294.9,8202.8,8348.79,8181.42
2026-06-15,sh000852,8269.4,8521.23,8521.23,8269.4
2026-06-16,sh000852,8534.27,8646.4,8684.65,8508.91
2026-06-17,sh000852,8581.65,8704.47,8705.4,8581.65
2026-06-18,sh000852,8666.64,8771.02,8796.48,8664.28
2026-06-22,sh000852,8813.72,8865.68,8865.81,8609.61
2026-06-23,sh000852,8838.76,8680.04,8862.72,8626.1
2026-06-24,sh000852,8650.82,8793.49,8803.5,8581.75
2026-06-25,sh000852,8806.07,8825.92,8872.12,8743.25
2026-06-26,sh000852,8771.6,8601.41,8797.28,8563.7
2026-06-29,sh000852,8616.42,8597.89,8677.63,8413.86
2026-06-30,sh000852,8574.25,8809.79,8815.11,8547.31
2026-07-01,sh000852,8827.47,8876.63,8944.19,8806.65
2026-07-02,sh000852,8688.29,8625.33,8865.97,8598.87
2026-07-03,sh000852,8627.38,8620.79,8740.67,8559.28
2026-07-06,sh000852,8669.12,8472.6,8694.8,8432.9
2026-07-07,sh000852,8436.39,8301.8,8489.48,8261.4
2026-07-08,sh000852,8315.96,8117.86,8328.96,8117.86
2026-07-09,sh000852,8161.86,8300.08,8312.62,7978.81
2026-07-10,sh000852,8312.49,8198.31,8438.19,8198.31
2026-07-13,sh000852,8124.36,7787.85,8171.5,7769.29
2026-07-14,sh000852,7799.81,7925.12,7934.1,7657.67
2026-07-15,sh000852,7959.37,7817.83,7979.08,7783.22
2026-07-16,sh000852,7713.14,7631.76,7836.39,7591.42
2026-07-17,sh000852,7599.39,7168.0,7605.61,7163.31
2026-07-20,sh000852,7256.27,6965.38,7298.12,6824.14
2026-07-21,sh000852,6975.89,7259.86,7264.34,6714.19
2026-07-22,sh000852,7196.86,7158.76,7302.45,7118.66
2026-07-23,sh000852,7169.54,7195.5,7247.14,7113.5
2026-07-24,sh000852,7109.25,6995.69,7174.55,6995.69
2026-07-27,sh000852,6981.16,7228.78,7228.78,6972.28
2026-07-28,sh000852,7135.73,7026.28,7189.18,6992.94
2026-07-29,sh000852,7020.22,7095.19,7132.35,6897.39
2026-07-30,sh000852,7053.09,6900.66,7121.52,6841.75
2026-07-31,sh000852,7082.75,7075.51,7218.06,7071.05
2026-08-03,sh000852,7055.27,7079.78,7118.1,7042.89
2026-08-04,sh000852,7128.49,7279.19,7307.17,7102.46
2026-08-05,sh000852,7253.22,7493.05,7523.5,7253.22
2026-08-06,sh000852,7440.01,7530.43,7564.69,7434.49
2026-08-07,sh000852,7534.24,7679.53,7685.57,7448.46
2026-08-10,sh000852,7723.38,7733.9,7736.1,7621.65
2026-08-11,sh000852,7686.04,7698.05,7789.21,7642.44
2026-08-12,sh000852,7704.96,7793.72,7805.27,7692.44
2026-08-13,sh000852,7847.24,7715.89,7880.22,7714.37
2026-08-14,sh000852,7750.99,7769.82,7784.38,7673.44
2026-08-17,sh000852,7797.18,7968.38,7968.38,7750.43
2026-08-18,sh000852,7969.37,7945.96,7995.5,7842.25
2026-08-19,sh000852,7795.26,7517.77,7821.18,7490.21
2026-08-20,sh000852,7602.5,7589.78,7656.61,7541.48
2026-08-21,sh000852,7555.55,7601.8,7634.08,7472.49
2026-08-24,sh000852,7614.89,7491.49,7633.34,7377.72
2026-08-25,sh000852,7420.77,7527.5,7556.07,7347.95
2026-08-26,sh000852,7536.37,7544.67,7601.84,7467.41
2026-08-27,sh000852,7551.44,7732.95,7734.31,7531.78
2026-08-28,sh000852,7734.19,7705.03,7802.55,7702.18
2026-08-31,sh000852,7607.23,7770.42,7771.55,7604.95
2026-09-01,sh000852,7773.06,7691.37,7773.06,7667.33
2026-09-02,sh000852,7616.23,7583.76,7624.71,7539.08
2026-09-03,sh000852,7629.65,7600.1,7657.75,7531.67
2026-09-04,sh000852,7655.97,7508.09,7717.93,7464.98
2026-09-07,sh000852,7551.02,7639.36,7669.84,7541.14
2015-01-05,sh000905,5338.75,5417.02,5427.23,5314.34
2015-01-06,sh000905,5389.9,5479.86,5482.12,5354.34
2015-01-07,sh000905,5471.4,5488.24,5492.83,5436.92
2015-01-08,sh000905,5482.39,5444.04,5497.74,5418.01
2015-01-09,sh000905,5424.5,5409.06,5497.69,5409.06
2015-01-12,sh000905,5386.58,5332.22,5386.58,5303.73
2015-01-13,sh000905,5333.97,5405.09,5407.63,5333.97
2015-01-14,sh000905,5404.37,5379.74,5417.8,5350.17
2015-01-15,sh000905,5380.45,5449.04,5449.25,5380.34
2015-01-16,sh000905,5459.19,5520.12,5520.79,5454.24
2015-01-19,sh000905,5359.47,5281.9,5475.66,5222.04
2015-01-20,sh000905,5303.18,5472.51,5472.74,5303.18
2015-01-21,sh000905,5490.84,5611.69,5611.98,5490.53
2015-01-22,sh000905,5617.61,5690.16,5690.43,5610.09
2015-01-23,sh000905,5697.84,5633.29,5699.73,5611.07
2015-01-26,sh000905,5644.03,5758.98,5759.37,5636.2
2015-01-27,sh000905,5767.74,5773.82,5783.99,5670.43
2015-01-28,sh000905,5756.68,5739.92,5798.57,5722.49
2015-01-29,sh000905,5692.39,5701.21,5739.49,5670.5
2015-01-30,sh000905,5708.28,5632.73,5735.93,5631.56
2015-02-02,sh000905,5568.44,5609.39,5652.67,5539.52
2015-02-03,sh000905,5627.4,5707.48,5708.28,5627.4
2015-02-04,sh000905,5720.98,5683.52,5734.33,5680.83
2015-02-05,sh000905,5741.19,5654.22,5745.14,5654.22
2015-02-06,sh000905,5640.02,5534.79,5657.66,5510.76
2015-02-09,sh000905,5526.14,5504.97,5551.9,5492.55
2015-02-10,sh000905,5502.73,5580.7,5581.34,5500.54
2015-02-11,sh000905,5587.64,5641.79,5642.3,5587.44
2015-02-12,sh000905,5647.55,5681.34,5689.74,5640.86
2015-02-13,sh000905,5709.16,5769.27,5789.38,5709.16
2015-02-16,sh000905,5786.15,5869.71,5870.08,5786.04
2015-02-17,sh000905,5888.87,5911.1,5914.29,5877.95
2015-02-25,sh000905,5926.23,5906.54,5952.71,5887.37
2015-02-26,sh000905,5903.26,5969.56,5970.06,5897.71
2015-02-27,sh000905,5974.36,6018.46,6025.12,5970.68
2015-03-02,sh000905,6064.82,6139.79,6139.79,6039.25
2015-03-03,sh000905,6124.28,6118.66,6199.5,6099.13
2015-03-04,sh000905,6114.69,6210.42,6211.09,6114.21
2015-03-05,sh000905,6212.66,6208.99,6217.79,6161.38
2015-03-06,sh000905,6214.33,6133.03,6234.11,6129.62
2015-03-09,sh000905,6113.58,6212.24,6212.57,6080.54
2015-03-10,sh000905,6214.52,6276.48,6299.28,6205.92
2015-03-11,sh000905,6275.17,6262.89,6281.19,6236.79
2015-03-12,sh000905,6273.69,6260.14,6288.52,6220.63
2015-03-13,sh000905,6271.82,6329.58,6329.7,6271.82
2015-03-16,sh000905,6369.2,6516.77,6517.03,6369.2
2015-03-17,sh000905,6547.39,6618.05,6635.1,6525.83
2015-03-18,sh000905,6624.39,6728.07,6728.51,6612.46
2015-03-19,sh000905,6733.12,6782.46,6783.14,6687.44
2015-03-20,sh000905,6789.06,6850.9,6862.38,6786.33
2015-03-23,sh000905,6891.92,7017.15,7017.48,6891.92
2015-03-24,sh000905,7042.93,7046.12,7055.1,6801.54
2015-03-25,sh000905,7051.82,7124.87,7170.83,7001.51
2015-03-26,sh000905,7104.04,7074.44,7171.62,6995.65
2015-03-27,sh000905,7076.488,7155.945,7167.37,7167.37
2015-03-30,sh000905,7180.06,7245.5,7259.54,7180.06
2015-03-31,sh000905,7280.15,7253.1,7328.85,7214.48
2015-04-01,sh000905,7258.83,7425.73,7430.94,7258.74
2015-04-02,sh000905,7463.91,7560.65,7561.2,7447.12
2015-04-03,sh000905,7532.15,7679.01,7682.72,7494.36
2015-04-07,sh000905,7728.91,7863.28,7863.6,7728.8
2015-04-08,sh000905,7908.77,7808.0,7920.98,7674.07
2015-04-09,sh000905,7818.2,7746.15,7818.2,7483.28
2015-04-10,sh000905,7727.01,7952.19,7971.62,7683.8
2015-04-13,sh000905,7994.25,8122.89,8143.38,7977.0
2015-04-14,sh000905,8129.73,8119.96,8192.24,8039.95
2015-04-15,sh000905,8093.13,7802.75,8093.13,7786.93
2015-04-16,sh000905,7705.46,7912.09,7976.12,7607.4
2015-04-17,sh000905,7979.35,7980.76,8032.08,7925.74
2015-04-20,sh000905,7967.03,7839.9,8051.47,7801.03
2015-04-21,sh000905,7852.52,8112.69,8113.02,7846.61
2015-04-22,sh000905,8180.12,8323.43,8333.82,8179.3
2015-04-23,sh000905,8371.85,8410.7,8447.92,8275.13
2015-04-24,sh000905,8321.33,8419.09,8453.34,8256.2
2015-04-27,sh000905,8503.57,8513.02,8576.48,8413.23
2015-04-28,sh000905,8533.67,8266.48,8543.33,8187.15
2015-04-29,sh000905,8248.32,8428.25,8449.7,8204.73
2015-04-30,sh000905,8460.39,8469.67,8551.46,8458.6
2015-05-04,sh000905,8493.96,8510.48,8532.65,8381.37
2015-05-05,sh000905,8501.12,8199.34,8501.12,8160.66
2015-05-06,sh000905,8220.6,8083.0,8359.3,8012.48
2015-05-07,sh000905,8043.01,7903.48,8076.23,7886.36
2015-05-08,sh000905,7989.34,8201.29,8201.8,7983.83
2015-05-11,sh000905,8292.62,8558.22,8558.8,8242.1
2015-05-12,sh000905,8595.08,8745.68,8746.21,8564.66
2015-05-13,sh000905,8719.58,8824.93,8909.58,8643.43
2015-05-14,sh000905,8829.83,8813.39,8878.47,8725.3
2015-05-15,sh000905,8790.01,8742.88,8828.12,8626.23
2015-05-18,sh000905,8725.41,8903.59,8929.94,8698.9
2015-05-19,sh000905,8927.39,9124.83,9125.51,8904.19
2015-05-20,sh000905,9176.03,9277.33,9429.22,9173.4
2015-05-21,sh000905,9320.84,9619.22,9620.09,9320.23
2015-05-22,sh000905,9756.53,9778.17,9821.81,9547.42
2015-05-25,sh000905,9717.51,10040.09,10040.71,9659.32
2015-05-26,sh000905,10117.73,10373.58,10373.84,10046.24
2015-05-27,sh000905,10421.3,10497.34,10539.75,10192.18
2015-05-28,sh000905,10501.36,9868.42,10637.91,9860.55
2015-05-29,sh000905,9846.39,9966.84,10140.1,9433.09
2015-06-01,sh000905,10067.53,10488.31,10488.89,10067.53
2015-06-02,sh000905,10592.75,10886.4,10887.88,10541.28
2015-06-03,sh000905,10973.96,10979.99,11055.21,10674.07
2015-06-04,sh000905,10986.42,10965.41,11023.34,10269.04
2015-06-05,sh000905,11117.36,11144.52,11236.15,10887.17
2015-06-08,sh000905,11157.18,11030.92,11157.18,10860.39
2015-06-09,sh000905,11009.88,11013.74,11089.2,10861.58
2015-06-10,sh000905,10947.49,11208.06,11319.9,10830.33
2015-06-11,sh000905,11220.07,11366.29,11367.63,11155.95
2015-06-12,sh000905,11424.33,11545.89,11616.38,11400.65
2015-06-15,sh000905,11589.95,11332.89,11616.35,11304.04
2015-06-16,sh000905,11205.75,10879.84,11205.75,10768.62
2015-06-17,sh000905,10865.39,11100.55,11133.11,10497.69
2015-06-18,sh000905,11093.3,10731.38,11178.32,10714.33
2015-06-19,sh000905,10475.92,9987.41,10601.04,9968.99
2015-06-23,sh000905,9951.78,10046.88,10074.83,9333.91
2015-06-24,sh000905,10136.25,10267.63,10271.23,9950.62
2015-06-25,sh000905,10298.56,9906.1,10343.05,9771.89
2015-06-26,sh000905,9571.55,9078.07,9603.13,9059.36
2015-06-29,sh000905,9267.03,8484.64,9281.17,8339.33
2015-06-30,sh000905,8302.18,8906.02,8912.4,7882.33
2015-07-01,sh000905,8808.51,8411.91,9103.09,8385.43
2015-07-02,sh000905,8369.49,7835.1,8433.52,7787.1
2015-07-03,sh000905,7530.27,7355.49,7930.15,7249.31
2015-07-06,sh000905,7842.43,7236.0,7842.43,6883.61
2015-07-07,sh000905,6977.55,6763.53,7030.98,6763.12
2015-07-08,sh000905,6444.67,6602.37,6702.28,6444.25
2015-07-09,sh000905,6525.12,6896.35,6896.49,6525.12
2015-07-10,sh000905,7101.82,7244.78,7245.33,7081.35
2015-07-13,sh000905,7563.38,7695.63,7695.67,7502.55
2015-07-14,sh000905,7854.0,7859.06,8076.19,7772.39
2015-07-15,sh000905,7836.08,7405.29,7837.84,7391.96
2015-07-16,sh000905,7342.83,7578.76,7729.7,7078.71
2015-07-17,sh000905,7629.78,7994.7,8050.73,7620.16
2015-07-20,sh000905,8025.1,8116.5,8250.4,7931.65
2015-07-21,sh000905,8011.9,8220.46,8291.93,7937.63
2015-07-22,sh000905,8207.17,8320.24,8354.38,8075.6
2015-07-23,sh000905,8330.47,8551.99,8585.8,8288.84
2015-07-24,sh000905,8580.65,8425.07,8706.25,8348.42
2015-07-27,sh000905,8240.68,7794.18,8493.35,7791.6
2015-07-28,sh000905,7514.15,7649.82,7893.94,7261.61
2015-07-29,sh000905,7765.95,8022.8,8024.58,7472.63
2015-07-30,sh000905,7979.57,7800.58,8174.7,7766.46
2015-07-31,sh000905,7692.48,7727.06,7876.65,7634.54
2015-08-03,sh000905,7605.9,7540.21,7658.17,7370.04
2015-08-04,sh000905,7548.03,7942.1,7942.27,7532.83
2015-08-05,sh000905,7933.32,7839.34,8047.7,7773.92
2015-08-06,sh000905,7660.58,7792.03,7891.56,7633.29
2015-08-07,sh000905,7874.42,8013.32,8015.37,7855.68
2015-08-10,sh000905,8106.12,8394.09,8437.92,8079.88
2015-08-11,sh000905,8402.32,8435.33,8551.53,8356.52
2015-08-12,sh000905,8342.61,8336.34,8490.27,8320.05
2015-08-13,sh000905,8287.77,8534.43,8535.37,8237.89
2015-08-14,sh000905,8599.77,8625.24,8717.07,8548.34
2015-08-17,sh000905,8613.29,8820.46,8820.98,8582.83
2015-08-18,sh000905,8842.16,8161.27,8858.33,8140.91
2015-08-19,sh000905,7865.63,8340.98,8404.94,7667.32
2015-08-20,sh000905,8255.93,8049.51,8376.67,8049.51
2015-08-21,sh000905,7884.31,7612.9,8006.29,7583.7
2015-08-24,sh000905,7255.29,7006.19,7292.77,7003.65
2015-08-25,sh000905,6496.11,6481.41,6666.81,6467.81
2015-08-26,sh000905,6470.0,6238.53,6687.53,6165.11
2015-08-27,sh000905,6344.96,6456.06,6457.86,6099.17
2015-08-28,sh000905,6554.75,6842.89,6844.45,6512.7
2015-08-31,sh000905,6791.42,6581.31,6791.42,6578.35
2015-09-01,sh000905,6507.88,6169.21,6507.88,6161.03
2015-09-02,sh000905,5878.21,6122.55,6314.29,5866.66
2015-09-07,sh000905,6187.69,6143.56,6379.2,6094.49
2015-09-08,sh000905,6096.01,6374.85,6387.36,6014.57
2015-09-09,sh000905,6408.67,6551.01,6609.94,6380.25
2015-09-10,sh000905,6434.53,6440.31,6565.16,6407.12
2015-09-11,sh000905,6423.52,6493.32,6523.19,6385.31
2015-09-14,sh000905,6535.26,6049.79,6554.38,6018.44
2015-09-15,sh000905,5886.27,5708.03,5996.22,5689.97
2015-09-16,sh000905,5722.53,6084.84,6107.37,5704.12
2015-09-17,sh000905,6057.87,5965.41,6242.25,5965.41
2015-09-18,sh000905,6007.46,6036.88,6073.55,5934.1
2015-09-21,sh000905,5966.29,6250.44,6251.62,5943.59
2015-09-22,sh000905,6264.06,6295.93,6362.05,6215.57
2015-09-23,sh000905,6192.33,6224.6,6302.64,6162.97
2015-09-24,sh000905,6250.09,6315.11,6324.31,6227.39
2015-09-25,sh000905,6294.2,6108.38,6336.43,6064.72
2015-09-28,sh000905,6118.23,6219.69,6221.01,6020.46
2015-09-29,sh000905,6114.48,6103.61,6183.83,6065.85
2015-09-30,sh000905,6139.14,6123.73,6165.75,6066.83
2015-10-08,sh000905,6322.54,6372.49,6409.74,6281.53
2015-10-09,sh000905,6369.75,6470.05,6495.29,6353.04
2015-10-12,sh000905,6505.91,6718.72,6788.4,6501.76
2015-10-13,sh000905,6672.66,6802.08,6816.78,6650.62
2015-10-14,sh000905,6772.46,6724.5,6842.87,6709.35
2015-10-15,sh000905,6694.07,6929.24,6929.48,6694.07
2015-10-16,sh000905,6979.68,7047.56,7052.14,6883.2
2015-10-19,sh000905,7072.36,7047.37,7113.66,6951.8
2015-10-20,sh000905,7033.21,7162.08,7163.26,6996.56
2015-10-21,sh000905,7159.13,6712.74,7186.54,6689.27
2015-10-22,sh000905,6708.21,6964.3,6970.68,6700.62
2015-10-23,sh000905,7015.62,7138.23,7169.37,6988.55
2015-10-26,sh000905,7223.15,7186.75,7233.36,7088.57
2015-10-27,sh000905,7123.08,7231.44,7266.78,6900.44
2015-10-28,sh000905,7179.99,7048.9,7270.79,7019.61
2015-10-29,sh000905,7097.19,7108.98,7185.21,7011.86
2015-10-30,sh000905,7088.81,7084.97,7185.52,6984.5
2015-11-02,sh000905,6936.37,6936.43,7137.05,6914.15
2015-11-03,sh000905,6956.89,6920.1,6998.05,6860.44
2015-11-04,sh000905,6953.87,7267.99,7268.4,6953.87
2015-11-05,sh000905,7277.1,7276.45,7364.51,7225.65
2015-11-06,sh000905,7284.87,7446.85,7456.24,7284.71
2015-11-09,sh000905,7415.76,7543.8,7593.17,7350.86
2015-11-10,sh000905,7517.41,7575.01,7633.01,7486.85
2015-11-11,sh000905,7589.66,7684.67,7686.3,7556.37
2015-11-12,sh000905,7712.64,7682.45,7739.65,7579.67
2015-11-13,sh000905,7601.15,7567.11,7665.14,7478.41
2015-11-16,sh000905,7438.4,7718.85,7719.7,7431.74
2015-11-17,sh000905,7787.08,7650.38,7820.02,7635.92
2015-11-18,sh000905,7655.33,7526.94,7699.61,7504.99
2015-11-19,sh000905,7553.0,7718.62,7719.52,7538.28
2015-11-20,sh000905,7741.68,7806.27,7844.06,7720.16
2015-11-23,sh000905,7816.85,7744.18,7876.48,7710.05
2015-11-24,sh000905,7739.09,7798.5,7799.01,7635.78
2015-11-25,sh000905,7803.29,7922.38,7925.54,7795.16
2015-11-26,sh000905,7962.17,7874.08,7974.73,7859.63
2015-11-27,sh000905,7839.31,7376.12,7852.0,7317.65
2015-11-30,sh000905,7388.28,7408.4,7467.47,7035.55
2015-12-01,sh000905,7403.94,7443.94,7519.94,7358.37
2015-12-02,sh000905,7423.5,7405.86,7444.22,7201.66
2015-12-03,sh000905,7413.22,7570.51,7571.45,7412.65
2015-12-04,sh000905,7533.61,7511.67,7600.34,7464.28
2015-12-07,sh000905,7526.22,7602.23,7602.77,7476.19
2015-12-08,sh000905,7555.46,7404.14,7555.46,7398.56
2015-12-09,sh000905,7369.11,7374.27,7431.04,7322.87
2015-12-10,sh000905,7374.35,7350.21,7437.71,7332.98
2015-12-11,sh000905,7320.16,7290.7,7347.36,7253.84
2015-12-14,sh000905,7224.81,7441.03,7441.76,7210.41
2015-12-15,sh000905,7448.71,7498.18,7534.22,7447.11
2015-12-16,sh000905,7522.73,7529.4,7574.65,7503.09
2015-12-17,sh000905,7570.67,7716.25,7716.48,7570.67
2015-12-18,sh000905,7708.33,7699.37,7746.51,7650.56
2015-12-21,sh000905,7698.44,7788.56,7798.08,7692.1
2015-12-22,sh000905,7811.0,7856.61,7856.95,7752.7
2015-12-23,sh000905,7859.13,7773.28,7881.29,7756.33
2015-12-24,sh000905,7760.38,7753.04,7778.94,7635.78
2015-12-25,sh000905,7759.84,7792.12,7805.05,7738.87
2015-12-28,sh000905,7815.38,7603.36,7837.63,7603.36
2015-12-29,sh000905,7591.71,7674.39,7675.31,7545.35
2015-12-30,sh000905,7693.02,7741.05,7747.35,7664.28
2015-12-31,sh000905,7745.64,7617.69,7763.3,7617.39
2016-01-04,sh000905,7615.51,6987.73,7624.1,6983.65
2016-01-05,sh000905,6663.73,6889.74,7020.54,6627.64
2016-01-06,sh000905,6916.53,7065.61,7066.08,6878.65
2016-01-07,sh000905,6937.42,6462.24,6937.42,6454.97
2016-01-08,sh000905,6618.08,6570.43,6689.14,6222.59
2016-01-11,sh000905,6435.89,6128.66,6529.88,6128.22
2016-01-12,sh000905,6126.67,6136.66,6205.59,5994.64
2016-01-13,sh000905,6168.99,5924.04,6226.54,5924.04
2016-01-14,sh000905,5734.61,6124.82,6137.51,5726.88
2016-01-15,sh000905,6078.62,5893.68,6135.27,5852.24
2016-01-18,sh000905,5768.76,5978.91,6051.18,5765.15
2016-01-19,sh000905,5965.35,6197.09,6203.4,5956.23
2016-01-20,sh000905,6161.23,6138.5,6244.96,6095.72
2016-01-21,sh000905,6031.17,5886.88,6191.32,5886.88
2016-01-22,sh000905,5954.36,5980.61,6013.97,5799.71
2016-01-25,sh000905,6034.08,6041.33,6093.27,5976.34
2016-01-26,sh000905,5966.71,5589.31,5982.5,5573.83
2016-01-27,sh000905,5604.17,5514.19,5628.19,5240.65
2016-01-28,sh000905,5441.74,5271.23,5511.32,5257.08
2016-01-29,sh000905,5262.46,5469.13,5515.49,5248.21
2016-02-01,sh000905,5458.6,5399.48,5493.98,5319.7
2016-02-02,sh000905,5407.71,5586.63,5594.36,5407.67
2016-02-03,sh000905,5520.64,5610.17,5634.92,5482.22
2016-02-04,sh000905,5631.32,5721.49,5744.02,5631.32
2016-02-05,sh000905,5734.48,5664.2,5747.98,5662.44
2016-02-15,sh000905,5485.72,5668.04,5700.52,5482.8
2016-02-16,sh000905,5694.75,5902.53,5918.59,5694.75
2016-02-17,sh000905,5889.5,5971.41,5979.41,5854.22
2016-02-18,sh000905,6009.75,5957.13,6034.85,5945.2
2016-02-19,sh000905,5939.7,5979.52,6009.72,5919.68
2016-02-22,sh000905,6055.68,6103.72,6111.69,6029.46
2016-02-23,sh000905,6102.51,6070.5,6118.64,5982.21
2016-02-24,sh000905,6041.75,6111.04,6116.25,5975.14
2016-02-25,sh000905,6097.42,5626.05,6097.54,5604.1
2016-02-26,sh000905,5668.33,5648.94,5701.05,5517.63
2016-02-29,sh000905,5618.51,5350.43,5618.51,5286.34
2016-03-01,sh000905,5361.79,5473.63,5504.75,5294.54
2016-03-02,sh000905,5464.73,5753.15,5763.8,5462.74
2016-03-03,sh000905,5757.36,5776.98,5872.92,5745.62
2016-03-04,sh000905,5755.12,5621.56,5805.41,5542.98
2016-03-07,sh000905,5686.69,5752.55,5788.47,5681.85
2016-03-08,sh000905,5751.39,5764.33,5764.33,5538.15
2016-03-09,sh000905,5627.14,5617.04,5709.52,5583.07
2016-03-10,sh000905,5617.42,5521.95,5657.26,5517.02
2016-03-11,sh000905,5460.54,5508.98,5545.34,5433.32
2016-03-14,sh000905,5568.46,5690.59,5748.33,5568.46
2016-03-15,sh000905,5672.75,5639.8,5701.57,5609.0
2016-03-16,sh000905,5662.44,5562.8,5689.28,5531.33
2016-03-17,sh000905,5589.22,5745.98,5759.54,5579.73
2016-03-18,sh000905,5774.3,5949.26,5967.46,5768.91
2016-03-21,sh000905,6016.69,6099.48,6100.03,6001.32
2016-03-22,sh000905,6045.84,6075.49,6130.26,6013.05
2016-03-23,sh000905,6054.22,6118.97,6119.31,6031.27
2016-03-24,sh000905,6062.76,6018.42,6127.51,6008.54
2016-03-25,sh000905,6006.67,6077.43,6081.09,5996.54
2016-03-28,sh000905,6114.77,6037.78,6167.24,6017.49
2016-03-29,sh000905,6029.94,5921.87,6041.38,5875.07
2016-03-30,sh000905,5981.42,6137.5,6137.79,5981.42
2016-03-31,sh000905,6164.28,6155.81,6211.14,6133.6
2016-04-01,sh000905,6129.72,6124.53,6157.74,6022.97
2016-04-05,sh000905,6136.69,6286.58,6293.47,6117.18
2016-04-06,sh000905,6262.6,6323.43,6324.2,6243.11
2016-04-07,sh000905,6344.37,6228.97,6355.33,6228.97
2016-04-08,sh000905,6176.86,6168.74,6199.15,6087.1
2016-04-11,sh000905,6226.38,6304.3,6334.54,6226.38
2016-04-12,sh000905,6299.47,6252.77,6316.25,6182.82
2016-04-13,sh000905,6292.57,6344.23,6421.73,6292.57
2016-04-14,sh000905,6375.49,6401.85,6402.51,6324.46
2016-04-15,sh000905,6403.25,6384.35,6414.79,6345.55
2016-04-18,sh000905,6343.7,6281.2,6343.7,6241.98
2016-04-19,sh000905,6314.58,6308.23,6334.9,6262.61
2016-04-20,sh000905,6331.87,6022.21,6344.78,5923.43
2016-04-21,sh000905,6000.3,5970.68,6085.94,5960.5
2016-04-22,sh000905,5930.53,6011.32,6011.46,5915.31
2016-04-25,sh000905,5997.21,5978.08,5997.22,5897.73
2016-04-26,sh000905,5971.81,6046.77,6047.06,5958.4
2016-04-27,sh000905,6051.44,6016.7,6086.36,6005.16
2016-04-28,sh000905,6014.13,5990.33,6027.2,5888.06
2016-04-29,sh000905,5963.91,5985.59,6018.27,5953.13
2016-05-03,sh000905,5991.83,6167.45,6167.8,5960.94
2016-05-04,sh000905,6144.57,6169.78,6213.19,6136.3
2016-05-05,sh000905,6159.73,6203.82,6206.53,6133.38
2016-05-06,sh000905,6208.44,5961.49,6226.88,5961.46
2016-05-09,sh000905,5910.12,5743.65,5910.12,5714.12
2016-05-10,sh000905,5728.11,5738.9,5766.16,5697.09
2016-05-11,sh000905,5770.35,5723.41,5806.47,5700.1
2016-05-12,sh000905,5647.07,5726.46,5727.58,5559.69
2016-05-13,sh000905,5708.63,5714.31,5779.89,5677.94
2016-05-16,sh000905,5692.6,5812.54,5813.04,5665.21
2016-05-17,sh000905,5814.1,5790.34,5853.61,5763.51
2016-05-18,sh000905,5743.03,5631.19,5743.03,5563.06
2016-05-19,sh000905,5628.73,5666.73,5729.4,5628.65
2016-05-20,sh000905,5619.94,5732.9,5733.25,5600.49
2016-05-23,sh000905,5752.15,5809.48,5811.68,5752.08
2016-05-24,sh000905,5800.0,5743.18,5800.17,5701.66
2016-05-25,sh000905,5780.27,5715.18,5803.98,5691.61
2016-05-26,sh000905,5705.07,5744.39,5744.85,5598.66
2016-05-27,sh000905,5728.9,5739.59,5780.07,5712.48
2016-05-30,sh000905,5706.0,5711.32,5764.76,5655.64
2016-05-31,sh000905,5721.83,5947.32,5947.43,5721.83
2016-06-01,sh000905,5957.18,5973.78,6013.9,5949.64
2016-06-02,sh000905,5961.72,6013.89,6014.61,5955.35
2016-06-03,sh000905,6016.95,6032.6,6062.14,5992.32
2016-06-06,sh000905,6051.95,6051.86,6067.47,6008.93
2016-06-07,sh000905,6048.32,6045.36,6052.05,6010.35
2016-06-08,sh000905,6037.41,6023.88,6058.18,5972.74
2016-06-13,sh000905,5943.73,5746.44,5992.33,5746.0
2016-06-14,sh000905,5723.99,5762.76,5778.85,5700.52
2016-06-15,sh000905,5701.39,5952.85,5972.85,5692.81
2016-06-16,sh000905,5945.49,5930.55,5979.12,5909.69
2016-06-17,sh000905,5937.32,5964.27,6002.62,5918.19
2016-06-20,sh000905,5965.82,5985.57,5995.0,5908.48
2016-06-21,sh000905,6023.92,5916.8,6053.41,5888.36
2016-06-22,sh000905,5901.15,6008.89,6009.06,5895.91
2016-06-23,sh000905,5998.67,5978.17,6015.18,5933.68
2016-06-24,sh000905,5967.52,5903.62,6011.37,5748.84
2016-06-27,sh000905,5864.73,6044.22,6044.32,5864.61
2016-06-28,sh000905,6018.91,6107.51,6111.07,6012.05
2016-06-29,sh000905,6130.58,6120.2,6145.0,6100.08
2016-06-30,sh000905,6127.99,6123.49,6143.23,6090.9
2016-07-01,sh000905,6133.72,6111.54,6163.43,6095.85
2016-07-04,sh000905,6079.58,6231.88,6240.6,6078.63
2016-07-05,sh000905,6244.39,6269.5,6276.82,6226.3
2016-07-06,sh000905,6250.49,6297.4,6299.73,6231.54
2016-07-07,sh000905,6291.06,6319.79,6342.43,6256.27
2016-07-08,sh000905,6308.06,6299.85,6337.07,6276.83
2016-07-11,sh000905,6320.06,6312.5,6387.07,6306.13
2016-07-12,sh000905,6309.82,6395.15,6395.44,6248.93
2016-07-13,sh000905,6413.81,6446.56,6456.77,6392.4
2016-07-14,sh000905,6437.28,6455.58,6458.29,6410.4
2016-07-15,sh000905,6459.63,6441.02,6469.05,6409.8
2016-07-18,sh000905,6426.86,6412.07,6455.46,6379.06
2016-07-19,sh000905,6407.03,6431.94,6431.94,6355.48
2016-07-20,sh000905,6429.69,6417.92,6454.18,6404.15
2016-07-21,sh000905,6414.8,6442.71,6487.02,6405.6
2016-07-22,sh000905,6437.88,6390.93,6448.37,6385.25
2016-07-25,sh000905,6383.56,6408.78,6441.32,6374.26
2016-07-26,sh000905,6410.82,6494.47,6494.74,6410.82
2016-07-27,sh000905,6499.34,6229.29,6515.88,6154.46
2016-07-28,sh000905,6220.92,6243.29,6273.38,6148.86
2016-07-29,sh000905,6239.85,6202.89,6259.2,6183.16
2016-08-01,sh000905,6179.2,6109.28,6179.2,6046.4
2016-08-02,sh000905,6100.75,6168.51,6168.68,6099.25
2016-08-03,sh000905,6154.47,6198.39,6203.61,6140.83
2016-08-04,sh000905,6194.2,6238.23,6245.3,6174.24
2016-08-05,sh000905,6231.53,6203.29,6251.4,6202.86
2016-08-08,sh000905,6191.65,6290.76,6290.9,6152.58
2016-08-09,sh000905,6283.29,6341.55,6341.72,6281.07
2016-08-10,sh000905,6336.54,6318.27,6366.09,6314.51
2016-08-11,sh000905,6304.78,6226.31,6318.98,6226.31
2016-08-12,sh000905,6218.35,6299.09,6299.09,6204.96
2016-08-15,sh000905,6309.41,6442.53,6451.93,6289.72
2016-08-16,sh000905,6449.91,6468.89,6488.7,6446.24
2016-08-17,sh000905,6462.05,6488.36,6502.14,6437.26
2016-08-18,sh000905,6485.93,6490.41,6527.2,6466.4
2016-08-19,sh000905,6485.72,6499.55,6516.98,6451.61
2016-08-22,sh000905,6499.75,6420.35,6508.8,6419.56
2016-08-23,sh000905,6414.98,6428.7,6448.54,6380.92
2016-08-24,sh000905,6432.88,6435.06,6466.63,6415.7
2016-08-25,sh000905,6398.56,6382.57,6398.56,6312.65
2016-08-26,sh000905,6395.77,6410.73,6460.87,6395.73
2016-08-29,sh000905,6409.12,6427.53,6442.4,6398.78
2016-08-30,sh000905,6428.97,6425.75,6459.71,6413.71
2016-08-31,sh000905,6422.8,6434.21,6441.11,6390.7
2016-09-01,sh000905,6434.26,6381.48,6445.43,6380.9
2016-09-02,sh000905,6371.49,6356.95,6403.57,6320.48
2016-09-05,sh000905,6372.62,6391.79,6419.75,6372.62
2016-09-06,sh000905,6392.61,6492.97,6493.35,6345.69
2016-09-07,sh000905,6490.33,6494.32,6529.81,6483.09
2016-09-08,sh000905,6489.62,6517.98,6518.33,6478.65
2016-09-09,sh000905,6518.68,6471.05,6539.35,6470.9
2016-09-12,sh000905,6362.77,6291.64,6383.84,6283.82
2016-09-13,sh000905,6324.74,6320.03,6340.87,6284.04
2016-09-14,sh000905,6286.62,6278.16,6318.27,6260.65
2016-09-19,sh000905,6292.81,6344.18,6344.45,6292.81
2016-09-20,sh000905,6344.71,6342.03,6346.93,6319.76
2016-09-21,sh000905,6342.0,6343.75,6363.0,6335.39
2016-09-22,sh000905,6381.16,6385.64,6410.57,6377.17
2016-09-23,sh000905,6397.33,6370.58,6402.64,6369.22
2016-09-26,sh000905,6363.93,6241.52,6364.21,6239.87
2016-09-27,sh000905,6229.82,6286.91,6287.34,6200.57
2016-09-28,sh000905,6300.85,6281.28,6300.85,6266.75
2016-09-29,sh000905,6288.92,6298.79,6323.42,6288.92
2016-09-30,sh000905,6292.08,6328.09,6338.3,6289.47
2016-10-10,sh000905,6364.52,6447.69,6447.94,6345.33
2016-10-11,sh000905,6451.04,6486.43,6486.65,6443.75
2016-10-12,sh000905,6463.81,6482.74,6484.0,6452.41
2016-10-13,sh000905,6480.93,6484.83,6501.56,6468.13
2016-10-14,sh000905,6476.26,6469.49,6477.85,6423.58
2016-10-17,sh000905,6478.51,6413.15,6487.67,6394.49
2016-10-18,sh000905,6409.74,6509.28,6509.28,6409.74
2016-10-19,sh000905,6518.74,6495.26,6531.16,6476.56
2016-10-20,sh000905,6495.83,6498.24,6506.58,6474.78
2016-10-21,sh000905,6498.99,6475.28,6506.61,6424.44
2016-10-24,sh000905,6479.55,6539.47,6546.79,6472.94
2016-10-25,sh000905,6543.47,6563.35,6563.52,6536.94
2016-10-26,sh000905,6561.16,6530.39,6561.25,6511.66
2016-10-27,sh000905,6522.89,6517.36,6529.47,6488.36
2016-10-28,sh000905,6512.04,6455.83,6536.83,6455.15
2016-10-31,sh000905,6441.43,6452.21,6460.77,6408.27
2016-11-01,sh000905,6457.0,6507.95,6508.36,6450.02
2016-11-02,sh000905,6494.98,6455.13,6506.78,6450.05
2016-11-03,sh000905,6442.35,6483.73,6521.0,6436.91
2016-11-04,sh000905,6482.6,6462.59,6502.74,6449.56
2016-11-07,sh000905,6461.0,6468.82,6487.06,6437.74
2016-11-08,sh000905,6487.65,6503.18,6518.19,6476.44
2016-11-09,sh000905,6504.41,6453.57,6507.86,6380.57
2016-11-10,sh000905,6501.64,6536.97,6538.74,6501.64
2016-11-11,sh000905,6539.36,6583.89,6584.41,6527.45
2016-11-14,sh000905,6568.66,6615.01,6624.21,6566.05
2016-11-15,sh000905,6622.88,6640.46,6641.04,6602.28
2016-11-16,sh000905,6647.53,6644.19,6658.43,6630.12
2016-11-17,sh000905,6633.31,6636.47,6646.31,6596.9
2016-11-18,sh000905,6632.63,6602.33,6643.94,6592.84
2016-11-21,sh000905,6597.17,6611.54,6635.89,6591.98
2016-11-22,sh000905,6619.85,6661.25,6661.54,6617.07
2016-11-23,sh000905,6668.25,6631.17,6676.67,6617.78
2016-11-24,sh000905,6635.22,6623.05,6656.97,6607.03
2016-11-25,sh000905,6620.22,6652.82,6652.92,6531.37
2016-11-28,sh000905,6667.27,6670.8,6692.14,6650.92
2016-11-29,sh000905,6658.35,6620.79,6681.88,6619.04
2016-11-30,sh000905,6605.36,6585.58,6615.92,6568.8
2016-12-01,sh000905,6593.59,6624.47,6624.85,6593.07
2016-12-02,sh000905,6617.87,6520.97,6623.79,6520.97
2016-12-05,sh000905,6462.26,6486.02,6522.6,6451.08
2016-12-06,sh000905,6496.16,6490.89,6514.03,6484.98
2016-12-07,sh000905,6493.0,6558.02,6558.24,6481.92
2016-12-08,sh000905,6561.72,6527.43,6562.66,6522.96
2016-12-09,sh000905,6519.4,6513.92,6534.9,6500.21
2016-12-12,sh000905,6512.96,6249.08,6519.63,6241.61
2016-12-13,sh000905,6235.56,6278.18,6292.8,6190.39
2016-12-14,sh000905,6269.08,6239.5,6299.04,6216.95
2016-12-15,sh000905,6216.14,6280.4,6310.74,6211.27
2016-12-16,sh000905,6279.28,6318.52,6329.19,6273.0
2016-12-19,sh000905,6319.86,6320.73,6330.38,6297.37
2016-12-20,sh000905,6314.61,6300.64,6315.54,6275.31
2016-12-21,sh000905,6311.06,6347.61,6348.38,6311.06
2016-12-22,sh000905,6341.2,6341.79,6350.27,6313.86
2016-12-23,sh000905,6339.35,6282.0,6343.85,6277.66
2016-12-26,sh000905,6260.34,6294.75,6295.24,6194.27
2016-12-27,sh000905,6291.65,6288.86,6311.04,6284.04
2016-12-28,sh000905,6288.73,6270.24,6295.89,6257.1
2016-12-29,sh000905,6261.87,6252.61,6286.74,6242.98
2016-12-30,sh000905,6255.62,6263.63,6275.55,6241.72
2017-01-03,sh000905,6273.82,6320.76,6320.95,6273.75
2017-01-04,sh000905,6321.75,6394.67,6395.0,6314.13
2017-01-05,sh000905,6391.58,6399.28,6412.87,6385.12
2017-01-06,sh000905,6398.86,6371.62,6401.74,6364.89
2017-01-09,sh000905,6365.39,6415.42,6415.47,6357.36
2017-01-10,sh000905,6412.76,6393.93,6428.83,6388.92
2017-01-11,sh000905,6381.7,6331.96,6402.9,6331.51
2017-01-12,sh000905,6325.62,6272.85,6339.32,6269.2
2017-01-13,sh000905,6272.79,6194.66,6282.72,6182.1
2017-01-16,sh000905,6184.13,6031.24,6184.34,5872.4
2017-01-17,sh000905,6006.08,6082.07,6082.2,5957.04
2017-01-18,sh000905,6067.17,6068.59,6098.78,6049.97
2017-01-19,sh000905,6054.73,6043.67,6074.46,6029.64
2017-01-20,sh000905,6037.56,6122.0,6129.58,6034.97
2017-01-23,sh000905,6130.44,6172.17,6189.17,6130.2
2017-01-24,sh000905,6167.84,6165.26,6177.21,6154.07
2017-01-25,sh000905,6156.78,6179.57,6187.43,6152.14
2017-01-26,sh000905,6183.16,6223.71,6224.19,6183.16
2017-02-03,sh000905,6227.46,6207.09,6231.6,6190.83
2017-02-06,sh000905,6206.54,6259.25,6259.41,6195.5
2017-02-07,sh000905,6254.2,6255.93,6269.46,6223.54
2017-02-08,sh000905,6248.47,6291.6,6291.77,6219.02
2017-02-09,sh000905,6288.88,6331.18,6331.33,6285.73
2017-02-10,sh000905,6329.68,6337.11,6350.34,6320.25
2017-02-13,sh000905,6341.73,6369.65,6370.21,6331.96
2017-02-14,sh000905,6366.94,6374.89,6378.06,6346.59
2017-02-15,sh000905,6367.64,6311.7,6379.79,6301.01
2017-02-16,sh000905,6308.32,6359.34,6363.87,6306.51
2017-02-17,sh000905,6356.09,6307.16,6365.7,6300.51
2017-02-20,sh000905,6307.23,6385.06,6385.06,6307.23
2017-02-21,sh000905,6390.51,6434.44,6434.53,6386.9
2017-02-22,sh000905,6432.75,6474.23,6474.49,6431.41
2017-02-23,sh000905,6470.62,6473.99,6482.25,6435.75
2017-02-24,sh000905,6466.18,6476.17,6477.42,6445.07
2017-02-27,sh000905,6476.38,6424.25,6480.19,6417.78
2017-02-28,sh000905,6425.0,6450.97,6451.29,6414.78
2017-03-01,sh000905,6446.44,6467.64,6488.82,6440.81
2017-03-02,sh000905,6476.11,6434.63,6484.12,6431.44
2017-03-03,sh000905,6417.39,6452.84,6457.23,6398.88
2017-03-06,sh000905,6457.59,6517.32,6518.04,6457.59
2017-03-07,sh000905,6517.85,6523.19,6523.36,6491.26
2017-03-08,sh000905,6519.97,6497.09,6525.19,6478.55
2017-03-09,sh000905,6484.58,6439.38,6484.83,6425.0
2017-03-10,sh000905,6436.76,6447.92,6464.6,6436.64
2017-03-13,sh000905,6444.56,6507.9,6508.07,6412.71
2017-03-14,sh000905,6508.37,6493.48,6518.78,6480.08
2017-03-15,sh000905,6486.3,6486.06,6499.54,6471.72
2017-03-16,sh000905,6499.83,6543.34,6543.34,6499.83
2017-03-17,sh000905,6543.56,6483.25,6555.58,6480.29
2017-03-20,sh000905,6484.54,6498.34,6498.57,6451.35
2017-03-21,sh000905,6494.77,6515.95,6516.01,6484.69
2017-03-22,sh000905,6486.3,6499.79,6514.63,6459.98
2017-03-23,sh000905,6502.13,6512.19,6533.65,6445.81
2017-03-24,sh000905,6509.23,6546.62,6552.75,6500.07
2017-03-27,sh000905,6545.45,6516.03,6555.79,6510.44
2017-03-28,sh000905,6509.04,6498.69,6519.09,6483.64
2017-03-29,sh000905,6504.25,6480.54,6522.51,6461.54
2017-03-30,sh000905,6467.06,6375.74,6471.94,6369.12
2017-03-31,sh000905,6374.56,6401.65,6402.22,6365.45
2017-04-05,sh000905,6450.9,6539.97,6539.97,6450.9
2017-04-06,sh000905,6554.75,6559.65,6569.7,6535.04
2017-04-07,sh000905,6554.26,6578.73,6593.95,6544.24
2017-04-10,sh000905,6575.46,6566.54,6595.2,6556.08
2017-04-11,sh000905,6566.84,6629.17,6632.0,6531.53
2017-04-12,sh000905,6625.88,6576.48,6626.76,6571.48
2017-04-13,sh000905,6569.24,6615.7,6627.7,6562.76
2017-04-14,sh000905,6623.45,6528.16,6623.8,6522.79
2017-04-17,sh000905,6500.95,6456.6,6502.04,6426.28
2017-04-18,sh000905,6452.92,6418.21,6491.81,6416.17
2017-04-19,sh000905,6390.33,6350.65,6401.41,6285.99
2017-04-20,sh000905,6349.41,6347.77,6377.8,6299.89
2017-04-21,sh000905,6345.77,6300.71,6364.67,6296.81
2017-04-24,sh000905,6282.33,6138.5,6282.74,6137.92
2017-04-25,sh000905,6139.48,6160.46,6203.68,6131.95
2017-04-26,sh000905,6159.89,6176.4,6195.32,6157.4
2017-04-27,sh000905,6157.52,6192.3,6205.23,6052.88
2017-04-28,sh000905,6174.14,6211.86,6214.16,6166.8
2017-05-02,sh000905,6205.1,6216.12,6216.5,6186.17
2017-05-03,sh000905,6205.68,6197.48,6225.63,6174.69
2017-05-04,sh000905,6180.03,6176.31,6236.89,6151.81
2017-05-05,sh000905,6155.2,6089.68,6164.25,6089.09
2017-05-08,sh000905,6076.46,5975.54,6083.36,5975.22
2017-05-09,sh000905,5953.84,6012.0,6012.44,5919.6
2017-05-10,sh000905,6010.73,5885.84,6038.97,5885.52
2017-05-11,sh000905,5856.41,5872.64,5873.91,5731.48
2017-05-12,sh000905,5859.34,5863.78,5889.93,5820.29
2017-05-15,sh000905,5880.7,5893.51,5912.27,5880.7
2017-05-16,sh000905,5882.33,6014.73,6014.88,5839.22
2017-05-17,sh000905,6006.47,6027.65,6055.92,6001.04
2017-05-18,sh000905,5983.35,5976.3,6030.11,5965.35
2017-05-19,sh000905,5973.77,5974.98,5990.44,5942.61
2017-05-22,sh000905,5962.29,5888.81,5987.31,5873.04
2017-05-23,sh000905,5879.56,5764.88,5893.82,5760.32
2017-05-24,sh000905,5740.44,5799.25,5799.68,5668.72
2017-05-25,sh000905,5788.56,5850.8,5859.5,5740.8
2017-05-26,sh000905,5843.52,5836.93,5871.21,5833.09
2017-05-31,sh000905,5887.94,5824.1,5913.18,5820.21
2017-06-01,sh000905,5810.42,5710.0,5810.6,5709.69
2017-06-02,sh000905,5696.83,5772.52,5780.5,5655.76
2017-06-05,sh000905,5778.19,5815.8,5830.05,5777.95
2017-06-06,sh000905,5808.97,5841.52,5841.88,5793.44
2017-06-07,sh000905,5838.88,5955.02,5955.02,5836.44
2017-06-08,sh000905,5947.98,5958.98,5972.73,5940.72
2017-06-09,sh000905,5952.41,5969.27,5971.52,5922.73
2017-06-12,sh000905,5943.64,5902.85,5950.04,5896.4
2017-06-13,sh000905,5895.47,5980.06,5986.87,5894.23
2017-06-14,sh000905,5976.01,5966.43,5992.78,5958.2
2017-06-15,sh000905,5959.47,6021.17,6024.38,5959.19
2017-06-16,sh000905,6016.97,6013.0,6027.4,6003.26
2017-06-19,sh000905,6010.94,6057.41,6057.41,6009.22
2017-06-20,sh000905,6061.11,6066.9,6089.81,6058.69
2017-06-21,sh000905,6074.61,6078.19,6080.53,6035.27
2017-06-22,sh000905,6074.37,5992.33,6094.55,5992.33
2017-06-23,sh000905,5978.24,6010.31,6010.31,5923.55
2017-06-26,sh000905,6013.48,6111.64,6111.71,6011.86
2017-06-27,sh000905,6109.37,6113.17,6128.38,6089.68
2017-06-28,sh000905,6102.23,6086.21,6110.35,6075.14
2017-06-29,sh000905,6089.92,6116.99,6132.25,6089.92
2017-06-30,sh000905,6101.36,6138.16,6139.07,6090.25
2017-07-03,sh000905,6142.17,6177.4,6177.4,6129.84
2017-07-04,sh000905,6169.03,6146.85,6170.85,6134.88
2017-07-05,sh000905,6135.71,6193.96,6193.96,6127.51
2017-07-06,sh000905,6187.43,6201.65,6211.97,6149.93
2017-07-07,sh000905,6182.45,6226.01,6229.83,6176.74
2017-07-10,sh000905,6221.53,6206.56,6236.29,6189.0
2017-07-11,sh000905,6194.62,6128.99,6202.2,6128.99
2017-07-12,sh000905,6124.96,6132.99,6143.8,6050.65
2017-07-13,sh000905,6134.75,6149.93,6172.68,6124.36
2017-07-14,sh000905,6143.33,6128.74,6143.46,6107.91
2017-07-17,sh000905,6108.45,5876.46,6108.45,5860.78
2017-07-18,sh000905,5854.07,5938.43,5938.43,5842.96
2017-07-19,sh000905,5928.01,6059.36,6059.53,5917.67
2017-07-20,sh000905,6052.51,6099.28,6120.19,6046.41
2017-07-21,sh000905,6089.66,6126.11,6136.97,6080.56
2017-07-24,sh000905,6121.33,6167.13,6171.82,6117.3
2017-07-25,sh000905,6159.41,6153.6,6170.65,6113.56
2017-07-26,sh000905,6151.85,6146.7,6162.88,6111.04
2017-07-27,sh000905,6136.96,6184.02,6192.94,6105.96
2017-07-28,sh000905,6170.66,6215.46,6229.06,6165.99
2017-07-31,sh000905,6214.66,6298.0,6299.8,6208.46
2017-08-01,sh000905,6293.06,6286.54,6299.16,6261.28
2017-08-02,sh000905,6289.25,6251.86,6313.51,6248.36
2017-08-03,sh000905,6240.15,6261.97,6288.44,6236.66
2017-08-04,sh000905,6258.85,6225.12,6297.12,6224.2
2017-08-07,sh000905,6227.52,6303.42,6304.27,6217.29
2017-08-08,sh000905,6302.03,6303.72,6322.47,6281.62
2017-08-09,sh000905,6296.12,6340.02,6340.38,6285.02
2017-08-10,sh000905,6322.83,6289.22,6341.48,6246.66
2017-08-11,sh000905,6242.49,6161.19,6275.89,6153.6
2017-08-14,sh000905,6165.13,6292.64,6293.35,6165.13
2017-08-15,sh000905,6291.18,6314.76,6316.2,6283.54
2017-08-16,sh000905,6307.17,6318.8,6323.56,6268.19
2017-08-17,sh000905,6327.03,6366.03,6366.25,6312.89
2017-08-18,sh000905,6324.9,6347.76,6361.97,6313.15
2017-08-21,sh000905,6354.1,6403.78,6404.05,6354.01
2017-08-22,sh000905,6396.93,6375.98,6398.56,6362.41
2017-08-23,sh000905,6359.78,6322.78,6371.3,6310.01
2017-08-24,sh000905,6322.63,6278.59,6329.03,6267.23
2017-08-25,sh000905,6274.35,6346.53,6358.89,6274.35
2017-08-28,sh000905,6348.87,6424.58,6442.4,6348.87
2017-08-29,sh000905,6420.57,6408.16,6439.08,6393.48
2017-08-30,sh000905,6405.9,6453.46,6462.76,6405.9
2017-08-31,sh000905,6451.52,6470.43,6470.94,6429.74
2017-09-01,sh000905,6472.95,6526.5,6530.9,6466.13
2017-09-04,sh000905,6530.51,6564.68,6566.1,6519.79
2017-09-05,sh000905,6561.67,6571.86,6576.56,6528.11
2017-09-06,sh000905,6550.06,6607.12,6610.75,6540.83
2017-09-07,sh000905,6601.34,6558.6,6614.1,6553.7
2017-09-08,sh000905,6554.6,6574.18,6599.13,6537.04
2017-09-11,sh000905,6579.89,6649.63,6650.12,6566.28
2017-09-12,sh000905,6659.8,6644.01,6715.39,6628.88
2017-09-13,sh000905,6635.17,6684.38,6684.86,6630.5
2017-09-14,sh000905,6683.47,6672.19,6701.69,6643.59
2017-09-15,sh000905,6661.52,6622.04,6663.51,6603.73
2017-09-18,sh000905,6616.13,6669.45,6669.45,6616.13
2017-09-19,sh000905,6670.97,6636.02,6681.25,6611.75
2017-09-20,sh000905,6627.69,6692.47,6692.71,6613.66
2017-09-21,sh000905,6684.65,6612.05,6687.12,6612.05
2017-09-22,sh000905,6591.15,6572.01,6592.88,6547.28
2017-09-25,sh000905,6560.14,6489.84,6568.0,6484.21
2017-09-26,sh000905,6484.34,6520.72,6520.72,6482.29
2017-09-27,sh000905,6523.5,6583.14,6589.74,6522.2
2017-09-28,sh000905,6577.43,6567.79,6599.13,6565.88
2017-09-29,sh000905,6572.45,6603.26,6611.65,6572.45
2017-10-09,sh000905,6682.58,6678.37,6696.67,6657.53
2017-10-10,sh000905,6677.37,6705.48,6705.72,6658.86
2017-10-11,sh000905,6702.69,6666.47,6703.58,6661.09
2017-10-12,sh000905,6658.13,6659.1,6674.38,6611.97
2017-10-13,sh000905,6660.03,6709.82,6711.93,6659.88
2017-10-16,sh000905,6709.87,6619.21,6709.87,6609.62
2017-10-17,sh000905,6604.33,6612.94,6644.75,6589.54
2017-10-18,sh000905,6612.49,6563.44,6630.67,6557.66
2017-10-19,sh000905,6553.87,6501.4,6562.35,6494.73
2017-10-20,sh000905,6489.79,6571.42,6571.44,6485.81
2017-10-23,sh000905,6569.79,6612.76,6613.03,6562.91
2017-10-24,sh000905,6605.52,6603.0,6605.9,6556.34
2017-10-25,sh000905,6596.79,6647.89,6648.39,6593.07
2017-10-26,sh000905,6639.89,6671.93,6686.12,6630.97
2017-10-27,sh000905,6664.43,6630.81,6673.47,6622.12
2017-10-30,sh000905,6621.78,6511.76,6629.3,6460.05
2017-10-31,sh000905,6496.69,6560.21,6560.25,6496.69
2017-11-01,sh000905,6559.52,6552.95,6586.13,6547.85
2017-11-02,sh000905,6541.61,6484.93,6541.61,6476.37
2017-11-03,sh000905,6477.82,6426.98,6491.05,6395.46
2017-11-06,sh000905,6432.07,6511.1,6512.13,6408.36
2017-11-07,sh000905,6508.21,6551.94,6552.26,6498.39
2017-11-08,sh000905,6544.59,6561.69,6601.47,6534.16
2017-11-09,sh000905,6562.36,6611.35,6611.39,6558.49
2017-11-10,sh000905,6599.65,6641.22,6647.23,6593.03
2017-11-13,sh000905,6644.69,6671.21,6671.26,6624.67
2017-11-14,sh000905,6664.61,6614.51,6673.75,6588.25
2017-11-15,sh000905,6592.76,6537.66,6603.51,6505.99
2017-11-16,sh000905,6529.31,6558.31,6570.28,6511.9
2017-11-17,sh000905,6549.22,6361.94,6555.75,6359.52
2017-11-20,sh000905,6330.9,6433.17,6433.78,6239.32
2017-11-21,sh000905,6420.39,6456.35,6473.7,6397.36
2017-11-22,sh000905,6456.32,6439.44,6483.63,6391.46
2017-11-23,sh000905,6427.58,6274.51,6427.58,6274.51
2017-11-24,sh000905,6250.06,6278.03,6307.89,6243.96
2017-11-27,sh000905,6269.23,6194.55,6279.59,6186.03
2017-11-28,sh000905,6188.09,6299.31,6299.31,6188.09
2017-11-29,sh000905,6293.25,6318.37,6329.18,6245.06
2017-11-30,sh000905,6303.92,6263.42,6322.04,6248.18
2017-12-01,sh000905,6259.96,6316.41,6323.84,6256.23
2017-12-04,sh000905,6311.22,6279.62,6334.87,6272.67
2017-12-05,sh000905,6265.79,6132.91,6279.39,6099.41
2017-12-06,sh000905,6116.16,6172.8,6173.35,6053.24
2017-12-07,sh000905,6156.35,6135.47,6182.75,6130.83
2017-12-08,sh000905,6128.12,6203.14,6217.57,6126.38
2017-12-11,sh000905,6214.64,6286.17,6286.5,6214.64
2017-12-12,sh000905,6281.14,6233.21,6290.85,6233.21
2017-12-13,sh000905,6224.78,6277.44,6277.73,6217.79
2017-12-14,sh000905,6273.61,6284.08,6288.5,6247.68
2017-12-15,sh000905,6274.1,6235.76,6278.93,6214.65
2017-12-18,sh000905,6229.74,6199.99,6247.59,6179.03
2017-12-19,sh000905,6200.93,6251.24,6251.49,6200.71
2017-12-20,sh000905,6244.06,6199.36,6246.91,6188.32
2017-12-21,sh000905,6191.78,6238.5,6255.84,6148.82
2017-12-22,sh000905,6236.23,6242.88,6269.31,6235.23
2017-12-25,sh000905,6244.86,6185.59,6257.02,6170.68
2017-12-26,sh000905,6179.56,6220.15,6220.5,6148.1
2017-12-27,sh000905,6213.24,6173.15,6228.88,6168.13
2017-12-28,sh000905,6163.96,6204.27,6219.54,6157.1
2017-12-29,sh000905,6201.46,6250.82,6250.82,6201.46
2018-01-02,sh000905,6263.15,6332.23,6332.61,6258.16
2018-01-03,sh000905,6331.72,6388.25,6391.98,6324.26
2018-01-04,sh000905,6380.27,6417.54,6418.26,6375.51
2018-01-05,sh000905,6414.77,6417.25,6435.85,6397.29
2018-01-08,sh000905,6413.87,6446.18,6446.79,6393.88
2018-01-09,sh000905,6441.68,6445.75,6449.03,6425.03
2018-01-10,sh000905,6443.46,6405.94,6444.31,6361.09
2018-01-11,sh000905,6391.9,6425.94,6432.44,6371.54
2018-01-12,sh000905,6418.83,6399.37,6435.19,6387.78
2018-01-15,sh000905,6391.37,6253.38,6392.52,6236.56
2018-01-16,sh000905,6245.15,6301.13,6301.4,6245.11
2018-01-17,sh000905,6288.02,6267.46,6288.14,6202.31
2018-01-18,sh000905,6253.06,6286.8,6295.78,6253.06
2018-01-19,sh000905,6284.6,6272.38,6317.0,6261.24
2018-01-22,sh000905,6264.75,6347.64,6347.81,6248.31
2018-01-23,sh000905,6342.69,6355.0,6362.58,6330.46
2018-01-24,sh000905,6353.3,6394.3,6395.57,6322.92
2018-01-25,sh000905,6386.8,6382.72,6424.35,6380.84
2018-01-26,sh000905,6374.1,6383.63,6401.48,6368.9
2018-01-29,sh000905,6385.04,6309.88,6398.97,6295.9
2018-01-30,sh000905,6301.35,6313.44,6330.54,6300.46
2018-01-31,sh000905,6277.74,6189.34,6277.74,6170.16
2018-02-01,sh000905,6181.0,5984.74,6196.71,5984.28
2018-02-02,sh000905,5937.62,6004.85,6006.47,5844.46
2018-02-05,sh000905,5927.74,5998.22,6016.16,5907.47
2018-02-06,sh000905,5886.35,5704.26,5920.74,5702.85
2018-02-07,sh000905,5805.96,5711.33,5831.81,5630.09
2018-02-08,sh000905,5695.67,5766.48,5786.79,5691.29
2018-02-09,sh000905,5631.96,5554.9,5663.1,5490.62
2018-02-12,sh000905,5581.71,5699.1,5714.82,5581.71
2018-02-13,sh000905,5731.15,5736.95,5789.7,5727.75
2018-02-14,sh000905,5741.88,5754.83,5761.77,5712.88
2018-02-22,sh000905,5800.95,5875.73,5875.76,5797.91
2018-02-23,sh000905,5877.72,5897.68,5902.94,5848.52
2018-02-26,sh000905,5926.42,6029.68,6032.14,5917.62
2018-02-27,sh000905,6025.88,6010.56,6042.39,6000.88
2018-02-28,sh000905,5967.9,6023.68,6044.07,5939.64
2018-03-01,sh000905,5987.36,6090.22,6091.0,5974.12
2018-03-02,sh000905,6053.48,6056.34,6094.8,6044.26
2018-03-05,sh000905,6066.68,6064.1,6080.97,6031.98
2018-03-06,sh000905,6077.37,6145.58,6145.85,6070.72
2018-03-07,sh000905,6133.95,6086.49,6149.1,6082.58
2018-03-08,sh000905,6073.67,6131.51,6131.7,6073.67
2018-03-09,sh000905,6131.12,6206.98,6211.28,6131.01
2018-03-12,sh000905,6230.81,6295.78,6295.78,6230.39
2018-03-13,sh000905,6285.8,6254.15,6297.43,6251.4
2018-03-14,sh000905,6234.24,6189.32,6253.17,6185.18
2018-03-15,sh000905,6172.85,6180.11,6203.24,6117.6
2018-03-16,sh000905,6181.38,6146.31,6205.87,6146.31
2018-03-19,sh000905,6142.52,6153.83,6186.61,6118.3
2018-03-20,sh000905,6109.6,6173.7,6176.5,6091.5
2018-03-21,sh000905,6182.11,6129.2,6224.56,6125.14
2018-03-22,sh000905,6130.05,6101.23,6161.38,6074.66
2018-03-23,sh000905,5913.37,5787.15,5978.42,5722.77
2018-03-26,sh000905,5715.35,5902.96,5902.96,5675.37
2018-03-27,sh000905,5956.24,6034.77,6043.05,5956.24
2018-03-28,sh000905,5962.56,5973.34,6036.16,5949.1
2018-03-29,sh000905,5993.97,6034.86,6040.86,5967.63
2018-03-30,sh000905,6052.18,6114.74,6115.27,6051.02
2018-04-02,sh000905,6127.23,6121.96,6169.3,6113.34
2018-04-03,sh000905,6039.07,6059.71,6066.44,6008.51
2018-04-04,sh000905,6077.65,6017.69,6098.84,6011.15
2018-04-09,sh000905,5994.35,6025.65,6053.97,5954.54
2018-04-10,sh000905,6032.49,6063.74,6064.39,5993.0
2018-04-11,sh000905,6082.03,6086.61,6110.18,6073.22
2018-04-12,sh000905,6073.77,6051.33,6091.98,6039.56
2018-04-13,sh000905,6073.84,6027.19,6093.35,6018.01
2018-04-16,sh000905,6018.17,6012.41,6053.99,5966.2
2018-04-17,sh000905,6024.55,5890.86,6038.25,5886.02
2018-04-18,sh000905,5925.84,5970.66,5981.34,5826.65
2018-04-19,sh000905,5965.24,6004.73,6041.99,5962.71
2018-04-20,sh000905,5984.06,5880.84,5999.01,5872.5
2018-04-23,sh000905,5885.61,5823.92,5913.57,5761.97
2018-04-24,sh000905,5825.45,5957.19,5957.83,5825.45
2018-04-25,sh000905,5929.4,5959.42,5968.88,5919.52
2018-04-26,sh000905,5951.19,5847.98,5955.26,5846.08
2018-04-27,sh000905,5865.44,5860.98,5886.0,5808.78
2018-05-02,sh000905,5861.84,5855.32,5894.46,5817.39
2018-05-03,sh000905,5843.09,5910.61,5911.09,5779.73
2018-05-04,sh000905,5891.12,5909.29,5939.95,5883.7
2018-05-07,sh000905,5921.31,6019.14,6023.19,5918.38
2018-05-08,sh000905,6023.58,6041.81,6042.07,6012.13
2018-05-09,sh000905,6034.46,6029.23,6042.91,6002.39
2018-05-10,sh000905,6036.01,6040.57,6052.71,5999.95
2018-05-11,sh000905,6044.98,5991.34,6052.54,5989.43
2018-05-14,sh000905,5982.47,5967.55,6008.89,5951.67
2018-05-15,sh000905,5972.16,6020.57,6021.02,5947.46
2018-05-16,sh000905,6002.75,6004.07,6045.03,5991.38
2018-05-17,sh000905,6000.74,5973.78,6010.3,5959.73
2018-05-18,sh000905,5968.56,5995.15,6000.95,5932.13
2018-05-21,sh000905,6034.43,6072.2,6080.82,6034.06
2018-05-22,sh000905,6066.25,6092.91,6092.91,6052.09
2018-05-23,sh000905,6080.73,6013.85,6081.53,6012.42
2018-05-24,sh000905,6014.02,5992.62,6028.5,5986.72
2018-05-25,sh000905,5983.94,5917.8,5992.48,5909.04
2018-05-28,sh000905,5910.48,5891.26,5938.07,5858.27
2018-05-29,sh000905,5884.59,5835.45,5921.72,5832.55
2018-05-30,sh000905,5759.45,5682.59,5778.04,5675.91
2018-05-31,sh000905,5722.95,5754.47,5760.2,5672.18
2018-06-01,sh000905,5729.92,5685.12,5759.5,5654.84
2018-06-04,sh000905,5692.97,5683.15,5707.49,5652.14
2018-06-05,sh000905,5681.22,5779.08,5779.86,5680.49
2018-06-06,sh000905,5770.71,5774.26,5784.61,5748.7
2018-06-07,sh000905,5786.46,5738.02,5798.33,5734.63
2018-06-08,sh000905,5731.84,5669.3,5731.84,5630.66
2018-06-11,sh000905,5657.65,5632.36,5672.63,5612.87
2018-06-12,sh000905,5638.35,5693.35,5693.61,5594.92
2018-06-13,sh000905,5678.81,5607.02,5679.67,5605.55
2018-06-14,sh000905,5590.57,5586.93,5645.19,5570.83
2018-06-15,sh000905,5582.84,5483.94,5593.69,5448.07
2018-06-19,sh000905,5396.68,5141.71,5409.41,5070.22
2018-06-20,sh000905,5114.06,5198.39,5222.88,5090.22
2018-06-21,sh000905,5196.13,5089.25,5244.65,5086.93
2018-06-22,sh000905,5052.44,5160.12,5165.04,5017.51
2018-06-25,sh000905,5196.65,5125.03,5211.76,5121.21
2018-06-26,sh000905,5059.38,5160.28,5170.17,5044.24
2018-06-27,sh000905,5159.62,5109.5,5188.2,5089.71
2018-06-28,sh000905,5097.51,5055.11,5150.65,5050.32
2018-06-29,sh000905,5061.09,5217.76,5218.91,5054.05
2018-07-02,sh000905,5216.85,5138.78,5238.64,5100.87
2018-07-03,sh000905,5138.55,5197.13,5203.36,5054.66
2018-07-04,sh000905,5171.19,5121.34,5180.27,5102.78
2018-07-05,sh000905,5109.14,4982.76,5126.47,4981.78
2018-07-06,sh000905,4981.98,4996.63,5061.04,4897.26
2018-07-09,sh000905,5007.21,5107.55,5107.88,5007.21
2018-07-10,sh000905,5114.12,5136.53,5141.71,5094.29
2018-07-11,sh000905,5060.07,5036.16,5070.49,4973.99
2018-07-12,sh000905,5029.29,5172.5,5184.02,5029.29
2018-07-13,sh000905,5174.51,5204.19,5207.36,5167.16
2018-07-16,sh000905,5201.53,5195.2,5216.56,5170.22
2018-07-17,sh000905,5189.15,5196.2,5196.2,5132.21
2018-07-18,sh000905,5198.89,5156.64,5220.18,5156.64
2018-07-19,sh000905,5153.38,5111.33,5179.73,5088.12
2018-07-20,sh000905,5105.65,5175.25,5184.87,5072.16
2018-07-23,sh000905,5146.62,5214.0,5214.38,5132.38
2018-07-24,sh000905,5213.39,5304.64,5315.67,5211.94
2018-07-25,sh000905,5308.02,5308.66,5332.62,5294.42
2018-07-26,sh000905,5307.3,5273.48,5318.88,5262.31
2018-07-27,sh000905,5270.23,5249.29,5281.35,5230.1
2018-07-30,sh000905,5244.77,5185.15,5255.19,5167.4
2018-07-31,sh000905,5182.83,5188.72,5208.38,5163.66
2018-08-01,sh000905,5198.46,5105.37,5233.5,5105.37
2018-08-02,sh000905,5094.34,4996.01,5094.34,4887.5
2018-08-03,sh000905,4982.89,4929.75,5008.24,4929.75
2018-08-06,sh000905,4919.5,4825.25,4941.18,4798.85
2018-08-07,sh000905,4836.31,4956.87,4956.87,4797.45
2018-08-08,sh000905,4940.78,4880.57,4952.42,4877.66
2018-08-09,sh000905,4862.15,5004.77,5030.16,4856.48
2018-08-10,sh000905,5000.05,5030.51,5037.49,4990.83
2018-08-13,sh000905,4981.34,5055.28,5064.02,4958.89
2018-08-14,sh000905,5043.89,5037.88,5061.41,5016.32
2018-08-15,sh000905,5035.57,4932.81,5038.77,4929.2
2018-08-16,sh000905,4876.69,4888.37,4943.2,4836.05
2018-08-17,sh000905,4923.44,4803.03,4941.1,4793.77
2018-08-20,sh000905,4794.24,4832.65,4832.91,4736.56
2018-08-21,sh000905,4831.21,4891.98,4901.12,4816.85
2018-08-22,sh000905,4877.01,4837.02,4878.82,4829.6
2018-08-23,sh000905,4832.01,4863.67,4885.81,4821.11
2018-08-24,sh000905,4853.86,4852.29,4880.89,4831.89
2018-08-27,sh000905,4859.12,4960.07,4964.45,4859.12
2018-08-28,sh000905,4964.73,4974.21,4983.94,4954.17
2018-08-29,sh000905,4972.08,4941.96,4974.16,4929.46
2018-08-30,sh000905,4937.65,4867.12,4952.61,4861.06
2018-08-31,sh000905,4854.96,4814.82,4862.44,4805.21
2018-09-03,sh000905,4808.38,4838.87,4840.15,4754.81
2018-09-04,sh000905,4833.88,4890.28,4905.02,4828.52
2018-09-05,sh000905,4877.11,4815.03,4886.27,4814.96
2018-09-06,sh000905,4800.94,4793.35,4849.18,4773.88
2018-09-07,sh000905,4796.84,4791.78,4867.53,4759.49
2018-09-10,sh000905,4792.6,4704.88,4794.01,4701.29
2018-09-11,sh000905,4702.83,4702.9,4738.26,4669.42
2018-09-12,sh000905,4700.9,4693.97,4733.58,4681.13
2018-09-13,sh000905,4727.43,4721.21,4752.9,4655.21
2018-09-14,sh000905,4720.78,4670.08,4724.0,4669.94
2018-09-17,sh000905,4649.95,4602.39,4649.95,4586.32
2018-09-18,sh000905,4588.23,4683.51,4684.29,4584.43
2018-09-19,sh000905,4673.95,4736.89,4772.95,4664.13
2018-09-20,sh000905,4734.48,4733.48,4761.41,4723.3
2018-09-21,sh000905,4743.81,4805.22,4813.29,4721.69
2018-09-25,sh000905,4774.79,4792.55,4810.34,4763.21
2018-09-26,sh000905,4794.07,4815.63,4841.7,4782.39
2018-09-27,sh000905,4812.64,4755.38,4817.62,4754.28
2018-09-28,sh000905,4762.33,4800.73,4802.16,4746.18
2018-10-08,sh000905,4722.42,4646.49,4737.29,4639.4
2018-10-09,sh000905,4652.49,4634.89,4685.22,4612.64
2018-10-10,sh000905,4634.64,4629.89,4655.55,4586.89
2018-10-11,sh000905,4483.27,4307.42,4503.2,4274.7
2018-10-12,sh000905,4267.36,4278.04,4300.01,4136.63
2018-10-15,sh000905,4283.36,4199.15,4317.71,4195.83
2018-10-16,sh000905,4193.38,4099.68,4221.34,4076.87
2018-10-17,sh000905,4147.35,4133.38,4167.76,4038.42
2018-10-18,sh000905,4104.33,4018.46,4104.33,4013.65
2018-10-19,sh000905,3958.45,4127.99,4130.93,3948.56
2018-10-22,sh000905,4165.76,4333.14,4375.6,4165.76
2018-10-23,sh000905,4336.45,4253.56,4350.73,4228.33
2018-10-24,sh000905,4233.84,4245.49,4297.37,4207.17
2018-10-25,sh000905,4124.19,4234.42,4240.58,4103.56
2018-10-26,sh000905,4260.91,4233.96,4294.56,4217.79
2018-10-29,sh000905,4220.63,4162.53,4227.64,4144.81
2018-10-30,sh000905,4145.4,4204.54,4233.79,4096.14
2018-10-31,sh000905,4207.76,4272.55,4298.24,4204.36
2018-11-01,sh000905,4299.46,4298.98,4367.73,4294.87
2018-11-02,sh000905,4366.73,4437.95,4437.98,4360.88
2018-11-05,sh000905,4427.63,4440.83,4466.14,4375.04
2018-11-06,sh000905,4427.36,4438.1,4440.11,4385.33
2018-11-07,sh000905,4437.72,4415.14,4479.69,4414.07
2018-11-08,sh000905,4442.66,4382.33,4450.98,4379.88
2018-11-09,sh000905,4363.21,4368.61,4396.39,4348.81
2018-11-12,sh000905,4360.63,4481.69,4481.77,4354.47
2018-11-13,sh000905,4430.95,4563.54,4588.5,4422.95
2018-11-14,sh000905,4551.8,4545.51,4600.13,4534.52
2018-11-15,sh000905,4540.88,4619.81,4619.81,4539.96
2018-11-16,sh000905,4625.0,4659.1,4691.56,4609.83
2018-11-19,sh000905,4660.48,4670.74,4677.97,4612.48
2018-11-20,sh000905,4629.13,4537.45,4645.9,4535.87
2018-11-21,sh000905,4483.38,4554.67,4564.53,4476.42
2018-11-22,sh000905,4562.64,4551.33,4583.37,4528.24
2018-11-23,sh000905,4542.11,4374.76,4547.51,4365.35
2018-11-26,sh000905,4371.42,4367.46,4408.11,4347.75
2018-11-27,sh000905,4393.29,4387.65,4416.36,4361.02
2018-11-28,sh000905,4389.83,4441.86,4441.86,4333.06
2018-11-29,sh000905,4462.79,4345.7,4473.31,4344.9
2018-11-30,sh000905,4334.04,4376.65,4385.0,4291.81
2018-12-03,sh000905,4483.66,4515.17,4536.83,4460.39
2018-12-04,sh000905,4506.25,4536.21,4538.42,4492.06
2018-12-05,sh000905,4456.2,4502.7,4532.28,4445.97
2018-12-06,sh000905,4476.81,4411.09,4483.32,4405.84
2018-12-07,sh000905,4419.61,4410.96,4432.33,4397.42
2018-12-10,sh000905,4381.38,4359.31,4396.4,4350.23
2018-12-11,sh000905,4373.03,4395.57,4398.06,4365.12
2018-12-12,sh000905,4408.91,4393.32,4417.6,4381.32
2018-12-13,sh000905,4405.09,4443.16,4471.26,4378.46
2018-12-14,sh000905,4436.0,4337.1,4439.05,4331.38
2018-12-17,sh000905,4322.59,4330.65,4341.2,4285.21
2018-12-18,sh000905,4308.05,4307.27,4339.4,4266.45
2018-12-19,sh000905,4311.28,4247.9,4315.11,4245.15
2018-12-20,sh000905,4240.37,4259.76,4274.01,4225.13
2018-12-21,sh000905,4246.43,4231.14,4260.29,4204.49
2018-12-24,sh000905,4227.35,4274.72,4276.97,4215.02
2018-12-25,sh000905,4233.54,4225.51,4244.95,4132.76
2018-12-26,sh000905,4218.66,4208.41,4241.35,4194.31
2018-12-27,sh000905,4263.33,4161.27,4272.81,4159.77
2018-12-28,sh000905,4168.94,4168.04,4192.7,4138.93
2019-01-02,sh000905,4176.11,4131.96,4179.72,4125.94
2019-01-03,sh000905,4131.69,4112.81,4182.2,4110.53
2019-01-04,sh000905,4075.62,4210.88,4210.88,4071.69
2019-01-07,sh000905,4235.03,4288.32,4297.02,4223.46
2019-01-08,sh000905,4278.28,4277.3,4289.63,4264.6
2019-01-09,sh000905,4286.23,4288.77,4354.2,4280.66
2019-01-10,sh000905,4289.56,4281.86,4319.49,4274.2
2019-01-11,sh000905,4282.39,4314.88,4316.54,4267.29
2019-01-14,sh000905,4317.52,4286.55,4325.95,4278.76
2019-01-15,sh000905,4282.99,4347.36,4350.93,4271.64
2019-01-16,sh000905,4347.08,4336.88,4364.1,4330.74
2019-01-17,sh000905,4334.63,4303.73,4347.18,4297.67
2019-01-18,sh000905,4307.14,4347.81,4351.44,4297.48
2019-01-21,sh000905,4354.7,4373.63,4395.06,4352.81
2019-01-22,sh000905,4370.86,4308.25,4370.86,4291.96
2019-01-23,sh000905,4298.94,4315.68,4322.89,4292.09
2019-01-24,sh000905,4318.71,4338.17,4363.22,4292.83
2019-01-25,sh000905,4341.41,4318.44,4359.46,4315.95
2019-01-28,sh000905,4341.49,4307.22,4370.9,4297.96
2019-01-29,sh000905,4301.47,4254.29,4301.47,4188.59
2019-01-30,sh000905,4235.27,4211.62,4266.88,4211.19
2019-01-31,sh000905,4203.98,4176.47,4240.72,4151.41
2019-02-01,sh000905,4189.11,4294.27,4295.04,4189.11
2019-02-11,sh000905,4306.2,4402.87,4403.73,4306.2
2019-02-12,sh000905,4398.44,4439.48,4452.5,4394.83
2019-02-13,sh000905,4442.73,4512.41,4526.27,4433.03
2019-02-14,sh000905,4507.84,4532.17,4555.23,4494.55
2019-02-15,sh000905,4523.94,4502.73,4544.39,4497.39
2019-02-18,sh000905,4527.97,4661.0,4661.0,4527.97
2019-02-19,sh000905,4683.33,4667.28,4706.53,4614.28
2019-02-20,sh000905,4667.35,4667.62,4677.98,4619.46
2019-02-21,sh000905,4666.28,4659.14,4750.42,4643.11
2019-02-22,sh000905,4651.54,4777.3,4777.3,4649.22
2019-02-25,sh000905,4840.54,5044.35,5045.08,4835.48
2019-02-26,sh000905,5059.28,5038.54,5149.62,5004.55
2019-02-27,sh000905,5027.39,5017.88,5093.8,4964.62
2019-02-28,sh000905,5017.44,5025.29,5072.67,4994.05
2019-03-01,sh000905,5047.23,5067.23,5067.31,4984.99
2019-03-04,sh000905,5112.95,5158.25,5253.39,5108.28
2019-03-05,sh000905,5146.62,5295.29,5295.29,5125.15
2019-03-06,sh000905,5328.13,5390.03,5395.55,5256.79
2019-03-07,sh000905,5381.23,5458.62,5512.64,5353.57
2019-03-08,sh000905,5340.11,5245.7,5480.17,5245.53
2019-03-11,sh000905,5279.75,5456.38,5456.42,5272.19
2019-03-12,sh000905,5500.94,5551.0,5591.69,5458.76
2019-03-13,sh000905,5557.16,5424.86,5557.16,5388.25
2019-03-14,sh000905,5381.11,5298.5,5432.52,5236.75
2019-03-15,sh000905,5328.81,5359.01,5418.33,5308.06
2019-03-18,sh000905,5387.38,5501.18,5501.18,5333.26
2019-03-19,sh000905,5505.7,5522.18,5555.12,5486.8
2019-03-20,sh000905,5518.31,5515.79,5533.05,5415.75
2019-03-21,sh000905,5525.99,5589.48,5634.66,5513.39
2019-03-22,sh000905,5591.04,5622.14,5625.1,5505.81
2019-03-25,sh000905,5521.25,5549.67,5629.23,5507.36
2019-03-26,sh000905,5571.52,5394.88,5589.41,5380.85
2019-03-27,sh000905,5431.98,5447.88,5447.88,5333.78
2019-03-28,sh000905,5432.94,5370.12,5487.77,5370.12
2019-03-29,sh000905,5370.42,5547.66,5550.76,5346.21
2019-04-01,sh000905,5591.67,5757.84,5763.58,5591.67
2019-04-02,sh000905,5794.79,5775.55,5833.02,5750.33
2019-04-03,sh000905,5744.22,5836.04,5843.47,5724.13
2019-04-04,sh000905,5868.39,5871.56,5894.99,5813.46
2019-04-08,sh000905,5921.21,5847.63,5939.5,5765.91
2019-04-09,sh000905,5834.29,5858.05,5877.84,5798.37
2019-04-10,sh000905,5826.03,5850.76,5906.43,5782.37
2019-04-11,sh000905,5852.64,5727.17,5866.92,5720.55
2019-04-12,sh000905,5720.05,5714.37,5749.34,5673.74
2019-04-15,sh000905,5795.5,5655.98,5815.39,5654.34
2019-04-16,sh000905,5625.12,5777.01,5777.01,5583.61
2019-04-17,sh000905,5776.64,5807.73,5840.62,5758.0
2019-04-18,sh000905,5804.3,5775.17,5826.67,5762.57
2019-04-19,sh000905,5762.5,5810.18,5810.18,5710.8
2019-04-22,sh000905,5821.02,5723.04,5824.52,5704.98
2019-04-23,sh000905,5710.73,5628.06,5710.73,5610.74
2019-04-24,sh000905,5636.4,5679.73,5682.48,5568.41
2019-04-25,sh000905,5652.01,5458.42,5662.79,5457.83
2019-04-26,sh000905,5427.62,5408.03,5496.04,5407.19
2019-04-29,sh000905,5405.16,5265.6,5421.66,5252.05
2019-04-30,sh000905,5244.04,5307.56,5349.94,5244.04
2019-05-06,sh000905,5122.47,4908.8,5125.16,4874.64
2019-05-07,sh000905,4933.04,4973.4,4990.19,4886.06
2019-05-08,sh000905,4865.79,4947.74,5028.53,4842.56
2019-05-09,sh000905,4897.98,4888.41,4955.78,4879.69
2019-05-10,sh000905,4940.48,5064.32,5064.32,4842.61
2019-05-13,sh000905,5009.47,5005.9,5040.5,4985.19
2019-05-14,sh000905,4942.39,4965.61,5018.41,4941.93
2019-05-15,sh000905,5002.6,5076.56,5086.73,4999.34
2019-05-16,sh000905,5071.11,5108.36,5118.44,5059.21
2019-05-17,sh000905,5112.24,4942.58,5116.99,4923.67
2019-05-20,sh000905,4937.18,4923.56,4947.75,4835.81
2019-05-21,sh000905,4917.34,5009.87,5026.28,4904.82
2019-05-22,sh000905,5002.16,4976.39,5018.11,4941.01
2019-05-23,sh000905,4955.25,4872.92,4957.99,4860.19
2019-05-24,sh000905,4848.58,4841.76,4892.46,4831.33
2019-05-27,sh000905,4848.64,4962.95,4974.27,4824.14
2019-05-28,sh000905,4965.59,4955.49,5002.25,4933.9
2019-05-29,sh000905,4943.57,4956.86,4992.99,4930.43
2019-05-30,sh000905,4933.5,4926.4,4933.85,4865.78
2019-05-31,sh000905,4923.92,4912.0,4969.05,4902.74
2019-06-03,sh000905,4921.71,4853.82,4942.07,4838.35
2019-06-04,sh000905,4847.66,4795.41,4853.81,4768.04
2019-06-05,sh000905,4837.9,4783.82,4850.8,4777.98
2019-06-06,sh000905,4776.49,4678.78,4776.69,4668.54
2019-06-10,sh000905,4693.76,4725.26,4750.54,4662.78
2019-06-11,sh000905,4730.81,4901.47,4903.87,4728.48
2019-06-12,sh000905,4889.36,4863.49,4917.09,4852.98
2019-06-13,sh000905,4855.54,4877.65,4892.58,4831.52
2019-06-14,sh000905,4880.23,4795.53,4893.93,4786.19
2019-06-17,sh000905,4796.12,4802.82,4826.6,4779.64
2019-06-18,sh000905,4804.3,4797.15,4825.62,4773.55
2019-06-19,sh000905,4902.96,4858.92,4931.11,4856.9
2019-06-20,sh000905,4853.21,4954.73,4987.6,4837.18
2019-06-21,sh000905,4973.59,5021.31,5045.71,4973.59
2019-06-24,sh000905,5032.37,5024.2,5038.48,4996.17
2019-06-25,sh000905,5020.2,4974.99,5020.2,4910.2
2019-06-26,sh000905,4943.77,4962.59,4991.13,4928.73
2019-06-27,sh000905,4974.99,5007.48,5030.37,4972.67
2019-06-28,sh000905,5005.19,4950.48,5005.19,4920.44
2019-07-01,sh000905,5044.66,5100.26,5100.26,5016.24
2019-07-02,sh000905,5092.84,5084.41,5102.41,5066.25
2019-07-03,sh000905,5074.71,5040.72,5074.71,5021.9
2019-07-04,sh000905,5046.88,5025.02,5068.0,5002.33
2019-07-05,sh000905,5026.33,5042.66,5055.01,5001.52
2019-07-08,sh000905,5028.63,4870.78,5028.63,4855.21
2019-07-09,sh000905,4868.48,4881.62,4892.56,4838.94
2019-07-10,sh000905,4891.91,4843.86,4896.04,4829.28
2019-07-11,sh000905,4867.68,4844.55,4905.16,4821.55
2019-07-12,sh000905,4848.22,4861.57,4874.32,4820.66
2019-07-15,sh000905,4850.89,4925.32,4951.62,4787.91
2019-07-16,sh000905,4917.79,4932.05,4940.23,4909.66
2019-07-17,sh000905,4930.65,4929.08,4953.41,4914.49
2019-07-18,sh000905,4909.72,4844.11,4909.72,4843.51
2019-07-19,sh000905,4861.21,4878.69,4920.41,4861.2
2019-07-22,sh000905,4885.43,4776.57,4886.4,4766.07
2019-07-23,sh000905,4778.05,4823.92,4823.92,4778.05
2019-07-24,sh000905,4837.77,4873.03,4898.81,4837.77
2019-07-25,sh000905,4873.17,4891.64,4899.71,4861.77
2019-07-26,sh000905,4880.72,4898.11,4902.09,4868.2
2019-07-29,sh000905,4897.65,4897.02,4914.48,4872.54
2019-07-30,sh000905,4902.84,4922.92,4961.02,4902.78
2019-07-31,sh000905,4914.04,4903.2,4921.72,4892.56
2019-08-01,sh000905,4877.56,4870.47,4900.09,4850.53
2019-08-02,sh000905,4773.43,4809.92,4816.81,4756.4
2019-08-05,sh000905,4795.91,4751.98,4838.76,4749.94
2019-08-06,sh000905,4665.84,4650.56,4684.52,4558.06
2019-08-07,sh000905,4678.43,4626.36,4686.73,4624.74
2019-08-08,sh000905,4641.87,4656.1,4663.03,4636.24
2019-08-09,sh000905,4677.25,4600.35,4690.65,4593.22
2019-08-12,sh000905,4608.12,4685.04,4685.04,4591.66
2019-08-13,sh000905,4649.35,4658.39,4667.71,4638.03
2019-08-14,sh000905,4713.5,4683.84,4731.86,4677.13
2019-08-15,sh000905,4585.09,4706.55,4709.36,4576.46
2019-08-16,sh000905,4702.14,4722.66,4755.95,4696.92
2019-08-19,sh000905,4765.06,4875.04,4875.04,4765.06
2019-08-20,sh000905,4878.67,4872.61,4912.99,4864.82
2019-08-21,sh000905,4865.72,4882.72,4896.29,4859.33
2019-08-22,sh000905,4894.36,4887.91,4896.58,4851.97
2019-08-23,sh000905,4888.53,4887.9,4902.78,4861.2
2019-08-26,sh000905,4799.48,4855.46,4867.3,4793.84
2019-08-27,sh000905,4878.29,4936.12,4976.58,4878.29
2019-08-28,sh000905,4929.89,4928.19,4948.02,4910.6
2019-08-29,sh000905,4937.59,4934.18,4954.96,4912.22
2019-08-30,sh000905,4963.28,4886.49,4975.97,4862.58
2019-09-02,sh000905,4894.05,5008.3,5020.26,4890.23
2019-09-03,sh000905,5019.4,5044.18,5044.18,4999.89
2019-09-04,sh000905,5036.52,5093.27,5093.27,5027.67
2019-09-05,sh000905,5119.57,5138.41,5209.0,5119.43
2019-09-06,sh000905,5152.19,5154.64,5167.48,5111.73
2019-09-09,sh000905,5202.71,5263.46,5263.46,5171.85
2019-09-10,sh000905,5264.33,5245.31,5264.33,5212.52
2019-09-11,sh000905,5262.49,5217.29,5273.97,5206.97
2019-09-12,sh000905,5230.29,5242.61,5255.79,5197.57
2019-09-16,sh000905,5263.3,5250.34,5279.59,5228.29
2019-09-17,sh000905,5237.56,5140.45,5237.56,5118.21
2019-09-18,sh000905,5148.06,5141.04,5163.81,5119.61
2019-09-19,sh000905,5150.5,5191.67,5191.67,5126.15
2019-09-20,sh000905,5198.73,5204.48,5220.23,5180.08
2019-09-23,sh000905,5192.88,5171.48,5192.88,5124.8
2019-09-24,sh000905,5168.12,5180.74,5237.41,5159.33
2019-09-25,sh000905,5162.15,5087.01,5162.15,5087.01
2019-09-26,sh000905,5099.52,4970.24,5108.8,4970.24
2019-09-27,sh000905,4974.03,5005.63,5033.19,4974.03
2019-09-30,sh000905,5009.14,4940.9,5022.43,4940.9
2019-10-08,sh000905,4955.08,4941.76,4994.44,4937.03
2019-10-09,sh000905,4926.21,4982.95,4985.44,4904.32
2019-10-10,sh000905,4988.14,5046.36,5049.22,4979.19
2019-10-11,sh000905,5057.81,5055.52,5074.9,5012.38
2019-10-14,sh000905,5095.22,5131.13,5151.69,5089.31
2019-10-15,sh000905,5115.25,5061.0,5115.25,5057.28
2019-10-16,sh000905,5064.33,5038.36,5086.97,5036.5
2019-10-17,sh000905,5039.27,5029.85,5049.36,5017.47
2019-10-18,sh000905,5033.82,4961.81,5056.56,4953.15
2019-10-21,sh000905,4956.79,4951.04,4957.24,4906.36
2019-10-22,sh000905,4954.11,5005.55,5011.01,4954.11
2019-10-23,sh000905,5009.36,4967.19,5009.94,4955.06
2019-10-24,sh000905,4961.69,4958.25,4972.76,4921.11
2019-10-25,sh000905,4953.33,4994.57,5001.51,4922.08
2019-10-28,sh000905,5026.06,5084.47,5084.69,5026.06
2019-10-29,sh000905,5080.93,5007.71,5080.93,5007.71
2019-10-30,sh000905,4975.67,4947.9,4984.4,4938.1
2019-10-31,sh000905,4950.03,4917.42,4967.75,4911.38
2019-11-01,sh000905,4908.65,4962.35,4967.05,4896.01
2019-11-04,sh000905,4974.36,4987.84,5016.94,4974.36
2019-11-05,sh000905,4995.46,5025.3,5041.24,4972.72
2019-11-06,sh000905,5022.1,4974.73,5027.79,4955.83
2019-11-07,sh000905,4970.53,5007.07,5020.22,4960.84
2019-11-08,sh000905,5036.66,4988.29,5051.56,4985.95
2019-11-11,sh000905,4961.19,4876.16,4961.19,4868.43
2019-11-12,sh000905,4878.97,4881.61,4887.3,4823.43
2019-11-13,sh000905,4878.97,4875.54,4888.19,4853.59
2019-11-14,sh000905,4875.25,4912.11,4925.44,4871.56
2019-11-15,sh000905,4910.21,4868.44,4936.98,4868.44
2019-11-18,sh000905,4862.28,4892.46,4901.0,4851.39
2019-11-19,sh000905,4892.34,4975.11,4975.11,4890.76
2019-11-20,sh000905,4975.76,4946.28,4991.7,4941.91
2019-11-21,sh000905,4929.85,4945.72,4963.09,4919.59
2019-11-22,sh000905,4954.31,4904.08,5018.06,4876.81
2019-11-25,sh000905,4905.0,4901.5,4915.35,4853.84
2019-11-26,sh000905,4906.43,4882.16,4920.68,4882.16
2019-11-27,sh000905,4881.4,4904.26,4935.63,4872.3
2019-11-28,sh000905,4897.65,4889.26,4916.8,4878.01
2019-11-29,sh000905,4888.35,4894.94,4909.41,4850.59
2019-12-02,sh000905,4897.63,4905.42,4930.59,4889.32
2019-12-03,sh000905,4889.41,4926.45,4926.45,4863.66
2019-12-04,sh000905,4902.49,4920.67,4935.57,4901.04
2019-12-05,sh000905,4927.78,4967.6,4978.99,4923.11
2019-12-06,sh000905,4968.04,5010.51,5010.51,4954.79
2019-12-09,sh000905,5020.22,5024.6,5040.24,5005.84
2019-12-10,sh000905,5012.47,5049.05,5054.31,4998.15
2019-12-11,sh000905,5044.94,5027.28,5052.35,5007.56
2019-12-12,sh000905,5025.49,5012.0,5044.2,5008.37
2019-12-13,sh000905,5047.9,5073.69,5082.76,5029.88
2019-12-16,sh000905,5095.35,5166.04,5166.04,5081.91
2019-12-17,sh000905,5167.23,5236.06,5257.83,5161.15
2019-12-18,sh000905,5235.48,5235.12,5267.41,5221.7
2019-12-19,sh000905,5236.92,5241.74,5255.17,5215.88
2019-12-20,sh000905,5244.21,5184.68,5258.01,5182.06
2019-12-23,sh000905,5161.28,5084.35,5188.85,5079.44
2019-12-24,sh000905,5098.81,5162.07,5165.16,5092.91
2019-12-25,sh000905,5157.37,5183.1,5195.87,5153.51
2019-12-26,sh000905,5181.38,5219.14,5219.14,5171.44
2019-12-27,sh000905,5223.47,5179.19,5252.79,5175.85
2019-12-30,sh000905,5160.31,5241.94,5242.12,5119.86
2019-12-31,sh000905,5239.91,5267.66,5269.87,5228.17
2020-01-02,sh000905,5306.67,5366.14,5374.91,5288.17
2020-01-03,sh000905,5376.03,5380.64,5395.26,5351.8
2020-01-06,sh000905,5365.22,5434.85,5481.55,5355.02
2020-01-07,sh000905,5441.9,5499.84,5499.84,5440.69
2020-01-08,sh000905,5481.98,5423.8,5500.16,5409.57
2020-01-09,sh000905,5465.86,5497.54,5497.54,5457.35
2020-01-10,sh000905,5511.67,5480.23,5516.09,5455.25
2020-01-13,sh000905,5478.32,5559.63,5559.63,5447.73
2020-01-14,sh000905,5576.63,5542.33,5583.72,5539.9
2020-01-15,sh000905,5532.96,5530.03,5545.1,5492.65
2020-01-16,sh000905,5539.42,5527.67,5559.02,5514.69
2020-01-17,sh000905,5539.72,5510.05,5555.41,5499.47
2020-01-20,sh000905,5523.01,5587.54,5587.54,5500.59
2020-01-21,sh000905,5581.01,5523.94,5581.98,5515.19
2020-01-22,sh000905,5502.59,5575.51,5597.99,5440.2
2020-01-23,sh000905,5521.79,5377.74,5558.43,5326.93
2020-02-03,sh000905,4896.89,4910.9,4960.75,4896.89
2020-02-04,sh000905,4736.12,4996.47,5013.77,4736.12
2020-02-05,sh000905,5035.41,5123.96,5178.44,5026.41
2020-02-06,sh000905,5128.19,5282.89,5299.18,5100.48
2020-02-07,sh000905,5287.27,5327.04,5329.36,5226.7
2020-02-10,sh000905,5322.01,5388.44,5389.04,5301.41
2020-02-11,sh000905,5390.53,5361.28,5396.96,5323.76
2020-02-12,sh000905,5345.52,5459.95,5461.67,5340.49
2020-02-13,sh000905,5456.66,5412.84,5482.79,5397.23
2020-02-14,sh000905,5407.47,5420.8,5474.47,5375.93
2020-02-17,sh000905,5454.46,5594.44,5594.44,5454.46
2020-02-18,sh000905,5607.84,5660.81,5660.81,5577.9
2020-02-19,sh000905,5654.18,5603.26,5678.82,5601.39
2020-02-20,sh000905,5619.52,5706.71,5712.18,5580.07
2020-02-21,sh000905,5704.84,5784.03,5822.4,5700.95
2020-02-24,sh000905,5784.58,5865.47,5884.14,5754.68
2020-02-25,sh000905,5745.62,5897.72,5912.27,5643.88
2020-02-26,sh000905,5824.05,5743.39,5885.27,5724.5
2020-02-27,sh000905,5770.22,5753.73,5829.04,5689.54
2020-02-28,sh000905,5558.42,5451.29,5641.77,5438.85
2020-03-02,sh000905,5516.44,5656.42,5683.24,5505.27
2020-03-03,sh000905,5756.79,5710.02,5832.35,5658.12
2020-03-04,sh000905,5670.5,5716.51,5719.18,5603.93
2020-03-05,sh000905,5795.25,5801.12,5811.21,5732.17
2020-03-06,sh000905,5737.1,5763.86,5802.63,5723.73
2020-03-09,sh000905,5668.64,5525.82,5699.92,5525.82
2020-03-10,sh000905,5459.17,5675.11,5675.88,5423.43
2020-03-11,sh000905,5692.72,5589.53,5708.92,5589.53
2020-03-12,sh000905,5507.32,5493.88,5549.35,5446.79
2020-03-13,sh000905,5225.51,5457.2,5507.39,5224.73
2020-03-16,sh000905,5496.89,5200.11,5496.89,5183.34
2020-03-17,sh000905,5245.52,5212.06,5300.56,5052.65
2020-03-18,sh000905,5257.94,5119.47,5333.12,5119.47
2020-03-19,sh000905,5119.94,5157.82,5185.09,5020.44
2020-03-20,sh000905,5217.49,5219.28,5225.03,5129.07
2020-03-23,sh000905,5079.35,4998.91,5129.14,4981.67
2020-03-24,sh000905,5089.15,5096.04,5118.04,4963.29
2020-03-25,sh000905,5200.78,5217.42,5229.22,5160.39
2020-03-26,sh000905,5180.47,5166.11,5227.47,5157.15
2020-03-27,sh000905,5222.85,5137.34,5227.79,5134.49
2020-03-30,sh000905,5073.7,5027.49,5074.62,4974.32
2020-03-31,sh000905,5073.52,5041.45,5090.57,5030.57
2020-04-01,sh000905,5029.58,5019.22,5108.17,5007.71
2020-04-02,sh000905,4998.63,5147.2,5147.2,4998.11
2020-04-03,sh000905,5143.52,5107.04,5161.57,5085.09
2020-04-07,sh000905,5202.55,5267.07,5273.09,5197.58
2020-04-08,sh000905,5243.16,5271.8,5291.42,5232.62
2020-04-09,sh000905,5301.27,5322.46,5336.12,5289.38
2020-04-10,sh000905,5321.79,5208.51,5321.79,5197.98
2020-04-13,sh000905,5176.44,5169.18,5198.37,5140.85
2020-04-14,sh000905,5197.17,5288.59,5288.59,5189.82
2020-04-15,sh000905,5291.97,5268.75,5320.58,5264.01
2020-04-16,sh000905,5245.92,5316.97,5328.12,5238.43
2020-04-17,sh000905,5354.98,5318.45,5377.15,5309.58
2020-04-20,sh000905,5329.87,5381.79,5381.79,5311.2
2020-04-21,sh000905,5358.6,5343.88,5358.6,5287.66
2020-04-22,sh000905,5304.73,5387.62,5388.21,5296.26
2020-04-23,sh000905,5402.65,5357.79,5407.49,5354.94
2020-04-24,sh000905,5350.54,5273.55,5354.76,5258.57
2020-04-27,sh000905,5278.98,5265.72,5314.41,5249.31
2020-04-28,sh000905,5268.13,5227.85,5273.26,5102.06
2020-04-29,sh000905,5203.71,5226.81,5269.73,5201.47
2020-04-30,sh000905,5261.05,5353.86,5368.89,5261.05
2020-05-06,sh000905,5320.94,5451.32,5451.46,5318.44
2020-05-07,sh000905,5454.25,5445.75,5473.77,5425.8
2020-05-08,sh000905,5474.87,5507.7,5527.09,5467.65
2020-05-11,sh000905,5529.11,5496.19,5547.94,5466.62
2020-05-12,sh000905,5494.07,5512.46,5519.29,5441.7
2020-05-13,sh000905,5495.9,5536.28,5546.55,5483.99
2020-05-14,sh000905,5513.08,5487.11,5528.09,5485.02
2020-05-15,sh000905,5510.15,5507.93,5543.93,5486.26
2020-05-18,sh000905,5522.72,5478.82,5528.78,5454.96
2020-05-19,sh000905,5515.03,5547.88,5548.22,5504.23
2020-05-20,sh000905,5545.04,5489.7,5547.17,5473.79
2020-05-21,sh000905,5508.2,5426.17,5511.23,5415.6
2020-05-22,sh000905,5421.73,5328.23,5421.89,5307.3
2020-05-25,sh000905,5323.97,5316.6,5344.28,5293.23
2020-05-26,sh000905,5341.11,5420.21,5421.9,5341.08
2020-05-27,sh000905,5426.56,5369.5,5426.56,5358.47
2020-05-28,sh000905,5367.27,5361.17,5390.14,5290.29
2020-05-29,sh000905,5349.57,5406.34,5416.66,5336.07
2020-06-01,sh000905,5446.29,5569.48,5576.65,5446.29
2020-06-02,sh000905,5595.36,5566.44,5596.44,5544.19
2020-06-03,sh000905,5583.7,5572.31,5618.29,5567.07
2020-06-04,sh000905,5589.34,5576.75,5597.26,5549.36
2020-06-05,sh000905,5585.16,5585.42,5592.35,5542.87
2020-06-08,sh000905,5618.38,5575.3,5627.19,5567.21
2020-06-09,sh000905,5582.14,5610.38,5616.04,5560.14
2020-06-10,sh000905,5611.66,5615.24,5616.61,5581.92
2020-06-11,sh000905,5618.64,5589.1,5673.31,5567.54
2020-06-12,sh000905,5483.78,5591.49,5620.21,5479.27
2020-06-15,sh000905,5605.88,5590.64,5661.97,5590.64
2020-06-16,sh000905,5633.26,5695.3,5695.3,5624.85
2020-06-17,sh000905,5708.69,5735.42,5735.42,5685.62
2020-06-18,sh000905,5738.03,5734.4,5744.45,5705.3
2020-06-19,sh000905,5733.43,5787.15,5796.36,5727.62
2020-06-22,sh000905,5793.79,5784.03,5815.39,5770.81
2020-06-23,sh000905,5783.12,5804.34,5809.28,5755.4
2020-06-24,sh000905,5808.54,5789.09,5824.31,5773.29
2020-06-29,sh000905,5774.46,5762.44,5789.16,5740.26
2020-06-30,sh000905,5790.06,5864.42,5875.33,5788.21
2020-07-01,sh000905,5884.54,5881.89,5885.87,5814.76
2020-07-02,sh000905,5880.88,5975.28,5979.99,5858.57
2020-07-03,sh000905,5990.0,6051.51,6052.52,5968.07
2020-07-06,sh000905,6095.96,6299.86,6318.31,6095.96
2020-07-07,sh000905,6368.31,6380.03,6480.03,6300.24
2020-07-08,sh000905,6378.95,6535.42,6541.44,6352.37
2020-07-09,sh000905,6541.29,6693.75,6712.14,6530.02
2020-07-10,sh000905,6664.33,6676.44,6763.81,6644.36
2020-07-13,sh000905,6710.64,6899.52,6899.62,6710.64
2020-07-14,sh000905,6897.0,6807.73,6897.0,6672.8
2020-07-15,sh000905,6815.62,6638.84,6838.15,6598.52
2020-07-16,sh000905,6642.33,6320.0,6711.0,6305.13
2020-07-17,sh000905,6327.03,6344.59,6447.51,6272.94
2020-07-20,sh000905,6419.08,6526.83,6526.83,6340.65
2020-07-21,sh000905,6546.57,6563.32,6591.01,6500.87
2020-07-22,sh000905,6554.17,6620.69,6699.69,6534.74
2020-07-23,sh000905,6562.05,6620.09,6629.21,6431.26
2020-07-24,sh000905,6584.81,6283.98,6609.29,6265.38
2020-07-27,sh000905,6304.59,6298.74,6337.33,6229.47
2020-07-28,sh000905,6345.68,6359.66,6385.39,6307.79
2020-07-29,sh000905,6341.01,6530.27,6530.27,6324.05
2020-07-30,sh000905,6548.7,6511.44,6564.78,6491.45
2020-07-31,sh000905,6499.39,6579.67,6619.26,6463.42
2020-08-03,sh000905,6635.34,6739.81,6739.81,6614.43
2020-08-04,sh000905,6758.49,6697.71,6764.9,6672.89
2020-08-05,sh000905,6696.69,6772.84,6790.01,6653.28
2020-08-06,sh000905,6780.33,6770.3,6792.28,6656.28
2020-08-07,sh000905,6743.29,6688.88,6755.53,6578.67
2020-08-10,sh000905,6666.56,6725.3,6768.87,6651.74
2020-08-11,sh000905,6727.77,6600.85,6756.85,6594.98
2020-08-12,sh000905,6580.01,6528.4,6599.66,6395.01
2020-08-13,sh000905,6552.37,6552.66,6592.12,6518.42
2020-08-14,sh000905,6542.6,6623.56,6629.51,6506.03
2020-08-17,sh000905,6646.54,6744.55,6752.32,6614.18
2020-08-18,sh000905,6747.61,6789.4,6811.56,6737.53
2020-08-19,sh000905,6782.59,6666.27,6782.59,6661.99
2020-08-20,sh000905,6622.01,6593.79,6672.49,6570.69
2020-08-21,sh000905,6628.9,6643.94,6686.02,6589.2
2020-08-24,sh000905,6667.3,6688.96,6702.75,6589.93
2020-08-25,sh000905,6698.12,6652.55,6734.44,6631.69
2020-08-26,sh000905,6650.45,6525.88,6660.76,6501.24
2020-08-27,sh000905,6538.14,6578.79,6585.72,6486.75
2020-08-28,sh000905,6571.9,6691.21,6695.36,6553.92
2020-08-31,sh000905,6719.29,6668.43,6765.89,6667.68
2020-09-01,sh000905,6667.17,6710.46,6710.46,6637.63
2020-09-02,sh000905,6725.69,6717.56,6742.55,6647.03
2020-09-03,sh000905,6715.1,6662.25,6732.67,6638.45
2020-09-04,sh000905,6545.89,6618.58,6631.03,6538.49
2020-09-07,sh000905,6619.9,6478.81,6669.39,6459.1
2020-09-08,sh000905,6493.77,6525.1,6543.0,6432.95
2020-09-09,sh000905,6455.31,6349.22,6471.48,6319.27
2020-09-10,sh000905,6404.66,6235.57,6414.96,6219.64
2020-09-11,sh000905,6209.79,6311.97,6319.67,6209.79
2020-09-14,sh000905,6350.36,6351.24,6381.18,6297.9
2020-09-15,sh000905,6351.04,6387.88,6388.13,6328.54
2020-09-16,sh000905,6379.52,6353.84,6387.77,6321.57
2020-09-17,sh000905,6345.67,6367.02,6416.01,6291.63
2020-09-18,sh000905,6367.79,6469.47,6473.6,6353.56
2020-09-21,sh000905,6492.22,6445.96,6515.34,6434.32
2020-09-22,sh000905,6392.03,6358.65,6462.98,6341.48
2020-09-23,sh000905,6382.28,6392.03,6411.2,6356.16
2020-09-24,sh000905,6353.69,6244.64,6354.68,6243.28
2020-09-25,sh000905,6271.7,6236.89,6285.47,6206.18
2020-09-28,sh000905,6255.02,6178.47,6261.93,6171.02
2020-09-29,sh000905,6206.99,6228.77,6280.44,6179.88
2020-09-30,sh000905,6245.12,6192.5,6260.12,6155.02
2020-10-09,sh000905,6300.07,6357.97,6373.94,6290.47
2020-10-12,sh000905,6408.08,6541.18,6541.31,6399.68
2020-10-13,sh000905,6538.84,6551.4,6557.86,6486.31
2020-10-14,sh000905,6547.84,6508.37,6547.84,6492.66
2020-10-15,sh000905,6511.07,6460.04,6518.55,6456.77
2020-10-16,sh000905,6456.74,6428.68,6473.63,6388.65
2020-10-19,sh000905,6466.57,6358.32,6483.51,6346.26
2020-10-20,sh000905,6349.64,6423.11,6423.16,6324.39
2020-10-21,sh000905,6426.19,6350.01,6426.51,6323.44
2020-10-22,sh000905,6331.8,6317.14,6334.54,6256.23
2020-10-23,sh000905,6312.01,6213.26,6362.43,6202.53
2020-10-26,sh000905,6195.35,6214.38,6239.72,6127.38
2020-10-27,sh000905,6187.47,6221.34,6227.84,6168.97
2020-10-28,sh000905,6221.74,6246.0,6254.72,6164.24
2020-10-29,sh000905,6168.91,6255.19,6287.65,6159.14
2020-10-30,sh000905,6272.93,6111.48,6274.62,6103.89
2020-11-02,sh000905,6119.45,6143.12,6162.28,6095.8
2020-11-03,sh000905,6175.16,6241.77,6245.56,6155.73
2020-11-04,sh000905,6246.64,6234.16,6256.07,6181.1
2020-11-05,sh000905,6294.61,6351.98,6358.44,6273.31
2020-11-06,sh000905,6366.19,6301.25,6366.19,6254.09
2020-11-09,sh000905,6337.44,6421.65,6452.91,6337.44
2020-11-10,sh000905,6434.43,6373.09,6435.41,6339.29
2020-11-11,sh000905,6356.37,6294.61,6375.24,6292.84
2020-11-12,sh000905,6305.07,6315.49,6341.0,6285.29
2020-11-13,sh000905,6304.46,6306.97,6319.41,6248.36
2020-11-16,sh000905,6319.7,6387.37,6387.42,6294.29
2020-11-17,sh000905,6380.77,6336.94,6380.77,6300.57
2020-11-18,sh000905,6333.45,6341.01,6382.5,6314.31
2020-11-19,sh000905,6328.08,6360.6,6370.18,6293.56
2020-11-20,sh000905,6354.79,6422.99,6429.87,6351.31
2020-11-23,sh000905,6435.92,6472.93,6516.24,6407.06
2020-11-24,sh000905,6472.75,6475.19,6495.14,6454.67
2020-11-25,sh000905,6489.26,6350.37,6489.72,6350.37
2020-11-26,sh000905,6349.86,6334.3,6358.17,6284.97
2020-11-27,sh000905,6337.38,6351.61,6351.81,6276.07
2020-11-30,sh000905,6360.46,6320.94,6397.72,6309.44
2020-12-01,sh000905,6307.85,6426.62,6437.94,6299.41
2020-12-02,sh000905,6437.96,6434.98,6446.81,6392.99
2020-12-03,sh000905,6437.38,6440.88,6461.09,6392.9
2020-12-04,sh000905,6426.03,6464.73,6471.86,6409.68
2020-12-07,sh000905,6465.99,6424.68,6472.85,6417.65
2020-12-08,sh000905,6424.16,6423.65,6448.39,6406.72
2020-12-09,sh000905,6430.48,6307.22,6437.43,6307.22
2020-12-10,sh000905,6295.35,6320.1,6350.92,6267.17
2020-12-11,sh000905,6328.83,6209.43,6340.39,6163.41
2020-12-14,sh000905,6207.83,6259.02,6260.61,6176.54
2020-12-15,sh000905,6250.1,6265.58,6276.58,6228.68
2020-12-16,sh000905,6268.21,6235.44,6271.03,6219.09
2020-12-17,sh000905,6225.08,6308.9,6312.01,6184.54
2020-12-18,sh000905,6310.16,6291.92,6332.53,6269.21
2020-12-21,sh000905,6302.26,6398.6,6401.55,6293.92
2020-12-22,sh000905,6372.88,6250.06,6378.5,6241.56
2020-12-23,sh000905,6255.35,6307.6,6330.6,6242.62
2020-12-24,sh000905,6308.48,6205.22,6308.48,6202.4
2020-12-25,sh000905,6190.99,6278.5,6284.59,6186.03
2020-12-28,sh000905,6283.78,6244.48,6288.24,6219.09
2020-12-29,sh000905,6240.74,6199.85,6280.04,6196.41
2020-12-30,sh000905,6196.45,6269.25,6289.27,6188.59
2020-12-31,sh000905,6282.96,6367.11,6370.57,6281.01
2021-01-04,sh000905,6395.61,6482.79,6501.59,6359.08
2021-01-05,sh000905,6470.25,6539.73,6539.73,6452.52
2021-01-06,sh000905,6549.73,6528.14,6569.2,6472.74
2021-01-07,sh000905,6523.68,6538.12,6567.27,6467.44
2021-01-08,sh000905,6541.56,6557.6,6598.38,6484.4
2021-01-11,sh000905,6557.45,6455.4,6572.85,6419.73
2021-01-12,sh000905,6425.81,6543.23,6543.23,6425.81
2021-01-13,sh000905,6550.03,6496.91,6553.65,6457.88
2021-01-14,sh000905,6471.79,6439.89,6516.27,6402.6
2021-01-15,sh000905,6427.13,6417.5,6447.88,6339.43
2021-01-18,sh000905,6414.83,6514.46,6529.41,6392.07
2021-01-19,sh000905,6510.48,6476.37,6532.65,6456.12
2021-01-20,sh000905,6477.67,6535.42,6535.48,6449.28
2021-01-21,sh000905,6552.03,6622.5,6649.86,6550.88
2021-01-22,sh000905,6619.86,6637.81,6643.67,6573.82
2021-01-25,sh000905,6636.22,6645.31,6711.57,6599.97
2021-01-26,sh000905,6621.15,6532.96,6624.45,6515.26
2021-01-27,sh000905,6527.68,6557.16,6564.29,6481.16
2021-01-28,sh000905,6475.86,6414.38,6529.84,6405.81
2021-01-29,sh000905,6448.67,6346.14,6462.37,6255.7
2021-02-01,sh000905,6338.64,6393.28,6397.01,6328.34
2021-02-02,sh000905,6404.85,6454.79,6459.48,6361.09
2021-02-03,sh000905,6459.66,6399.33,6484.49,6399.33
2021-02-04,sh000905,6375.67,6328.79,6414.3,6249.53
2021-02-05,sh000905,6343.83,6239.87,6382.96,6236.27
2021-02-08,sh000905,6247.92,6323.16,6354.02,6215.73
2021-02-09,sh000905,6334.42,6457.88,6468.43,6330.79
2021-02-10,sh000905,6474.75,6525.17,6542.75,6424.72
2021-02-18,sh000905,6657.31,6614.54,6678.61,6564.31
2021-02-19,sh000905,6600.25,6703.48,6706.39,6542.78
2021-02-22,sh000905,6731.51,6657.06,6810.92,6657.06
2021-02-23,sh000905,6613.6,6631.23,6701.43,6609.08
2021-02-24,sh000905,6633.28,6536.19,6661.43,6477.75
2021-02-25,sh000905,6600.21,6499.15,6609.56,6484.55
2021-02-26,sh000905,6365.74,6364.35,6446.95,6346.13
2021-03-01,sh000905,6407.16,6488.44,6491.94,6404.89
2021-03-02,sh000905,6514.02,6433.33,6514.02,6386.49
2021-03-03,sh000905,6426.04,6524.75,6528.22,6420.21
2021-03-04,sh000905,6482.79,6401.99,6485.16,6371.73
2021-03-05,sh000905,6325.75,6403.5,6442.02,6319.53
2021-03-08,sh000905,6453.78,6256.41,6488.82,6253.7
2021-03-09,sh000905,6235.31,6108.0,6250.94,6033.41
2021-03-10,sh000905,6164.77,6062.26,6179.85,6053.02
2021-03-11,sh000905,6074.33,6213.83,6213.93,6045.55
2021-03-12,sh000905,6231.48,6222.38,6232.5,6137.99
2021-03-15,sh000905,6192.3,6173.87,6229.57,6111.36
2021-03-16,sh000905,6176.07,6195.24,6222.18,6124.78
2021-03-17,sh000905,6180.89,6225.36,6230.56,6124.05
2021-03-18,sh000905,6231.19,6273.86,6300.94,6227.19
2021-03-19,sh000905,6195.25,6206.6,6258.13,6167.51
2021-03-22,sh000905,6208.93,6305.69,6307.55,6206.08
2021-03-23,sh000905,6307.98,6219.17,6307.98,6181.13
2021-03-24,sh000905,6180.31,6142.54,6232.13,6131.82
2021-03-25,sh000905,6118.87,6157.41,6190.94,6108.26
2021-03-26,sh000905,6164.82,6251.79,6264.56,6164.82
2021-03-29,sh000905,6270.0,6254.94,6277.76,6215.8
2021-03-30,sh000905,6239.47,6280.36,6287.87,6217.33
2021-03-31,sh000905,6277.7,6254.07,6277.7,6205.94
2021-04-01,sh000905,6259.41,6311.66,6321.58,6238.31
2021-04-02,sh000905,6316.56,6326.61,6341.65,6291.71
2021-04-06,sh000905,6345.89,6343.1,6367.78,6323.24
2021-04-07,sh000905,6350.38,6348.08,6350.38,6289.07
2021-04-08,sh000905,6332.93,6356.75,6385.2,6309.12
2021-04-09,sh000905,6345.29,6335.24,6360.45,6307.66
2021-04-12,sh000905,6325.26,6226.42,6344.16,6203.57
2021-04-13,sh000905,6210.22,6209.78,6254.9,6193.81
2021-04-14,sh000905,6206.64,6277.21,6287.84,6206.64
2021-04-15,sh000905,6263.63,6276.46,6281.43,6211.66
2021-04-16,sh000905,6283.86,6339.59,6344.95,6276.43
2021-04-19,sh000905,6331.71,6425.26,6431.78,6315.08
2021-04-20,sh000905,6419.73,6428.54,6467.38,6410.28
2021-04-21,sh000905,6396.27,6420.26,6434.63,6369.77
2021-04-22,sh000905,6444.28,6445.47,6472.8,6424.75
2021-04-23,sh000905,6445.52,6462.76,6463.97,6412.99
2021-04-26,sh000905,6480.3,6442.65,6546.64,6437.19
2021-04-27,sh000905,6434.61,6446.28,6466.25,6399.44
2021-04-28,sh000905,6433.1,6489.74,6489.74,6410.32
2021-04-29,sh000905,6495.65,6491.93,6502.43,6453.52
2021-04-30,sh000905,6470.35,6485.71,6503.15,6434.73
2021-05-06,sh000905,6503.6,6489.35,6548.07,6440.33
2021-05-07,sh000905,6505.58,6444.44,6524.18,6439.89
2021-05-10,sh000905,6461.42,6475.99,6493.5,6437.11
2021-05-11,sh000905,6436.29,6456.04,6472.87,6349.79
2021-05-12,sh000905,6434.91,6512.05,6521.49,6419.74
2021-05-13,sh000905,6448.96,6439.03,6497.0,6426.58
2021-05-14,sh000905,6454.68,6525.8,6525.8,6421.21
2021-05-17,sh000905,6521.89,6578.14,6613.89,6521.89
2021-05-18,sh000905,6578.97,6599.6,6604.69,6558.78
2021-05-19,sh000905,6582.1,6584.39,6590.98,6544.84
2021-05-20,sh000905,6541.09,6548.71,6580.44,6506.41
2021-05-21,sh000905,6557.49,6527.86,6570.46,6512.81
2021-05-24,sh000905,6515.83,6544.12,6564.07,6494.62
2021-05-25,sh000905,6549.34,6619.67,6628.69,6524.3
2021-05-26,sh000905,6631.37,6628.21,6642.38,6612.42
2021-05-27,sh000905,6629.24,6685.41,6685.48,6620.72
2021-05-28,sh000905,6699.28,6668.17,6718.09,6643.64
2021-05-31,sh000905,6681.55,6728.99,6729.07,6667.26
2021-06-01,sh000905,6718.64,6739.76,6742.98,6656.66
2021-06-02,sh000905,6740.5,6681.43,6748.15,6662.75
2021-06-03,sh000905,6680.1,6667.73,6744.52,6654.46
2021-06-04,sh000905,6642.06,6693.06,6725.69,6628.01
2021-06-07,sh000905,6705.74,6721.5,6729.85,6689.7
2021-06-08,sh000905,6726.09,6684.56,6752.63,6652.39
2021-06-09,sh000905,6677.14,6692.9,6712.25,6656.05
2021-06-10,sh000905,6688.82,6765.64,6773.46,6683.49
2021-06-11,sh000905,6773.64,6725.92,6775.86,6717.27
2021-06-15,sh000905,6734.1,6663.66,6736.54,6649.2
2021-06-16,sh000905,6659.49,6566.29,6662.78,6554.89
2021-06-17,sh000905,6554.3,6616.17,6618.5,6554.3
2021-06-18,sh000905,6610.27,6657.76,6671.88,6587.03
2021-06-21,sh000905,6652.65,6707.18,6722.98,6638.52
2021-06-22,sh000905,6723.3,6739.79,6748.97,6691.82
2021-06-23,sh000905,6741.58,6789.95,6803.97,6720.58
2021-06-24,sh000905,6791.86,6754.87,6791.86,6743.33
2021-06-25,sh000905,6748.87,6813.41,6824.86,6739.02
2021-06-28,sh000905,6814.32,6828.52,6843.52,6802.86
2021-06-29,sh000905,6833.06,6765.42,6835.05,6756.92
2021-06-30,sh000905,6767.74,6808.18,6812.38,6757.34
2021-07-01,sh000905,6827.7,6716.67,6827.7,6716.67
2021-07-02,sh000905,6701.06,6658.05,6718.51,6651.48
2021-07-05,sh000905,6670.13,6711.01,6716.15,6663.54
2021-07-06,sh000905,6727.97,6709.5,6747.85,6633.61
2021-07-07,sh000905,6661.85,6764.13,6765.43,6642.57
2021-07-08,sh000905,6774.84,6748.65,6797.08,6740.85
2021-07-09,sh000905,6721.61,6804.54,6814.65,6683.79
2021-07-12,sh000905,6852.48,6904.38,6926.76,6840.02
2021-07-13,sh000905,6901.81,6961.85,6961.97,6889.03
2021-07-14,sh000905,6953.82,6898.75,6973.61,6898.75
2021-07-15,sh000905,6874.8,6932.41,6936.58,6828.48
2021-07-16,sh000905,6931.05,6925.12,6992.83,6922.35
2021-07-19,sh000905,6912.1,6889.34,6931.14,6856.65
2021-07-20,sh000905,6831.05,6901.13,6901.13,6825.82
2021-07-21,sh000905,6923.61,6984.54,6998.28,6922.92
2021-07-22,sh000905,6996.26,7026.55,7026.73,6960.3
2021-07-23,sh000905,7036.3,6985.75,7061.67,6968.31
2021-07-26,sh000905,6974.11,6868.21,6986.5,6778.5
2021-07-27,sh000905,6877.44,6719.26,6925.97,6719.26
2021-07-28,sh000905,6650.15,6621.98,6709.23,6534.92
2021-07-29,sh000905,6720.62,6758.89,6773.57,6682.12
2021-07-30,sh000905,6739.75,6767.32,6775.01,6702.51
2021-08-02,sh000905,6756.81,6872.0,6875.42,6731.78
2021-08-03,sh000905,6844.37,6816.01,6879.59,6792.71
2021-08-04,sh000905,6814.08,6931.34,6931.78,6813.23
2021-08-05,sh000905,6920.94,6911.83,6946.34,6880.69
2021-08-06,sh000905,6929.02,6938.87,6947.54,6885.65
2021-08-09,sh000905,6914.32,6979.53,6989.71,6877.2
2021-08-10,sh000905,6970.83,7019.23,7019.69,6958.81
2021-08-11,sh000905,7024.77,7073.52,7076.37,6999.93
2021-08-12,sh000905,7059.47,7095.2,7115.89,7051.01
2021-08-13,sh000905,7070.47,7088.89,7124.92,7050.31
2021-08-16,sh000905,7087.58,7052.49,7102.4,7039.1
2021-08-17,sh000905,7045.75,6894.4,7063.02,6876.5
2021-08-18,sh000905,6883.27,6941.01,6950.88,6865.07
2021-08-19,sh000905,6917.51,6947.06,6978.98,6869.29
2021-08-20,sh000905,6915.02,6920.02,6952.52,6843.0
2021-08-23,sh000905,6949.33,7024.56,7031.88,6949.33
2021-08-24,sh000905,7031.65,7090.78,7098.03,7009.69
2021-08-25,sh000905,7092.15,7153.0,7153.27,7058.57
2021-08-26,sh000905,7151.53,7118.84,7175.51,7115.84
2021-08-27,sh000905,7096.65,7180.11,7185.73,7083.21
2021-08-30,sh000905,7202.63,7226.88,7262.6,7190.61
2021-08-31,sh000905,7202.52,7255.34,7255.34,7159.3
2021-09-01,sh000905,7271.03,7193.1,7278.16,7100.31
2021-09-02,sh000905,7172.4,7307.01,7309.33,7172.4
2021-09-03,sh000905,7335.7,7278.68,7385.24,7227.03
2021-09-06,sh000905,7297.36,7355.4,7359.54,7231.73
2021-09-07,sh000905,7360.38,7498.93,7501.13,7350.7
2021-09-08,sh000905,7496.33,7544.04,7549.45,7483.87
2021-09-09,sh000905,7534.98,7617.45,7617.66,7526.97
2021-09-10,sh000905,7613.6,7607.67,7661.43,7564.26
2021-09-13,sh000905,7613.54,7648.75,7650.88,7566.78
2021-09-14,sh000905,7630.72,7556.62,7688.6,7544.02
2021-09-15,sh000905,7535.25,7592.31,7627.67,7521.88
2021-09-16,sh000905,7616.88,7446.94,7657.23,7445.23
2021-09-17,sh000905,7421.81,7395.56,7471.42,7275.98
2021-09-22,sh000905,7305.08,7453.62,7453.93,7298.03
2021-09-23,sh000905,7512.33,7502.84,7543.66,7467.2
2021-09-24,sh000905,7490.56,7380.38,7490.56,7373.29
2021-09-27,sh000905,7400.0,7170.59,7410.47,7128.51
2021-09-28,sh000905,7158.62,7198.9,7227.46,7155.27
2021-09-29,sh000905,7142.76,7010.22,7161.21,6996.57
2021-09-30,sh000905,7034.69,7103.61,7116.04,7034.69
2021-10-08,sh000905,7191.23,7091.34,7198.96,7058.83
2021-10-11,sh000905,7102.88,7090.47,7123.75,7048.87
2021-10-12,sh000905,7069.35,6952.19,7079.71,6891.84
2021-10-13,sh000905,6957.73,6981.59,6991.24,6887.34
2021-10-14,sh000905,6970.65,7008.33,7033.4,6949.48
2021-10-15,sh000905,6996.12,7024.16,7034.03,6975.24
2021-10-18,sh000905,7027.14,7068.1,7071.87,6983.72
2021-10-19,sh000905,7060.77,7120.38,7127.24,7051.78
2021-10-20,sh000905,7081.99,7118.8,7154.91,7067.13
2021-10-21,sh000905,7127.64,7098.25,7145.58,7069.45
2021-10-22,sh000905,7089.13,7026.07,7110.66,7020.87
2021-10-25,sh000905,7019.02,7103.99,7105.98,7003.78
2021-10-26,sh000905,7120.07,7102.43,7155.63,7085.07
2021-10-27,sh000905,7093.12,7048.6,7097.86,7017.86
2021-10-28,sh000905,7026.29,6950.28,7043.42,6930.54
2021-10-29,sh000905,6955.85,7022.5,7022.75,6920.31
2021-11-01,sh000905,7005.07,7060.76,7087.29,6993.27
2021-11-02,sh000905,7061.0,6985.1,7093.61,6921.85
2021-11-03,sh000905,6975.06,7017.85,7034.09,6962.87
2021-11-04,sh000905,7031.95,7073.85,7073.85,7018.61
2021-11-05,sh000905,7071.08,6991.91,7073.85,6991.15
2021-11-08,sh000905,6986.5,7026.97,7034.14,6984.81
2021-11-09,sh000905,7037.57,7081.75,7087.02,7028.31
2021-11-10,sh000905,7061.64,7062.33,7072.15,6965.86
2021-11-11,sh000905,7048.86,7119.86,7121.92,7033.09
2021-11-12,sh000905,7118.99,7156.61,7165.11,7112.58
2021-11-15,sh000905,7166.04,7098.21,7176.77,7083.78
2021-11-16,sh000905,7083.92,7045.94,7121.74,7040.51
2021-11-17,sh000905,7043.63,7104.53,7106.05,7033.95
2021-11-18,sh000905,7108.78,7084.68,7130.29,7066.49
2021-11-19,sh000905,7083.01,7169.88,7174.25,7073.72
2021-11-22,sh000905,7177.4,7255.07,7259.53,7177.4
2021-11-23,sh000905,7245.95,7261.38,7292.92,7239.0
2021-11-24,sh000905,7260.22,7256.11,7278.4,7229.6
2021-11-25,sh000905,7262.79,7233.54,7262.79,7228.29
2021-11-26,sh000905,7216.64,7219.86,7249.2,7201.2
2021-11-29,sh000905,7129.94,7221.9,7226.34,7125.43
2021-11-30,sh000905,7252.33,7252.76,7281.13,7210.84
2021-12-01,sh000905,7239.13,7272.84,7272.94,7215.67
2021-12-02,sh000905,7256.42,7229.99,7279.95,7221.36
2021-12-03,sh000905,7233.57,7301.92,7310.27,7223.8
2021-12-06,sh000905,7308.99,7240.46,7330.47,7235.45
2021-12-07,sh000905,7274.13,7206.83,7284.64,7148.07
2021-12-08,sh000905,7225.0,7302.99,7302.99,7214.26
2021-12-09,sh000905,7298.8,7320.32,7331.58,7290.27
2021-12-10,sh000905,7285.97,7306.65,7317.27,7276.61
2021-12-13,sh000905,7334.11,7353.03,7371.31,7322.44
2021-12-14,sh000905,7330.24,7324.13,7349.88,7314.43
2021-12-15,sh000905,7319.66,7314.26,7352.38,7302.38
2021-12-16,sh000905,7323.41,7381.0,7381.0,7323.41
2021-12-17,sh000905,7380.72,7314.56,7384.02,7308.72
2021-12-20,sh000905,7290.95,7195.97,7313.48,7191.05
2021-12-21,sh000905,7190.97,7275.47,7285.72,7190.97
2021-12-22,sh000905,7289.91,7302.46,7318.61,7271.82
2021-12-23,sh000905,7306.16,7337.19,7350.0,7290.38
2021-12-24,sh000905,7336.0,7278.76,7339.94,7257.53
2021-12-27,sh000905,7269.37,7272.75,7323.88,7255.72
2021-12-28,sh000905,7281.0,7286.03,7290.54,7240.93
2021-12-29,sh000905,7275.67,7247.77,7290.86,7242.3
2021-12-30,sh000905,7246.03,7310.96,7324.5,7244.22
2021-12-31,sh000905,7320.94,7359.4,7368.13,7317.7
2022-01-04,sh000905,7387.81,7354.46,7392.1,7317.5
2022-01-05,sh000905,7343.9,7222.67,7346.26,7200.73
2022-01-06,sh000905,7187.95,7229.96,7242.77,7167.81
2022-01-07,sh000905,7232.41,7175.68,7262.81,7168.04
2022-01-10,sh000905,7161.44,7191.45,7193.92,7122.09
2022-01-11,sh000905,7187.02,7135.22,7206.92,7118.84
2022-01-12,sh000905,7160.18,7196.93,7196.93,7148.63
2022-01-13,sh000905,7203.24,7097.76,7203.24,7096.33
2022-01-14,sh000905,7063.42,7081.14,7125.09,7052.63
2022-01-17,sh000905,7080.62,7157.86,7169.34,7078.66
2022-01-18,sh000905,7163.13,7163.16,7191.0,7133.2
2022-01-19,sh000905,7144.48,7118.76,7182.06,7078.36
2022-01-20,sh000905,7119.51,7056.79,7135.78,7040.01
2022-01-21,sh000905,7037.94,6976.62,7040.43,6965.33
2022-01-24,sh000905,6942.92,6979.25,7006.7,6925.77
2022-01-25,sh000905,6960.0,6743.96,6979.48,6743.96
2022-01-26,sh000905,6762.35,6782.58,6799.81,6721.9
2022-01-27,sh000905,6781.61,6605.92,6785.73,6605.92
2022-01-28,sh000905,6690.18,6580.53,6690.18,6510.18
2022-02-07,sh000905,6664.57,6676.61,6702.33,6656.13
2022-02-08,sh000905,6678.99,6742.19,6742.4,6599.37
2022-02-09,sh000905,6736.75,6843.03,6848.69,6725.8
2022-02-10,sh000905,6841.16,6840.49,6864.69,6797.01
2022-02-11,sh000905,6811.78,6745.02,6840.72,6735.89
2022-02-14,sh000905,6711.59,6695.7,6765.52,6667.49
2022-02-15,sh000905,6700.82,6760.28,6762.86,6686.95
2022-02-16,sh000905,6779.21,6772.03,6788.36,6751.8
2022-02-17,sh000905,6764.33,6768.79,6797.62,6730.18
2022-02-18,sh000905,6734.52,6835.02,6835.2,6727.82
2022-02-21,sh000905,6843.08,6867.11,6871.99,6822.88
2022-02-22,sh000905,6827.05,6784.76,6827.05,6743.85
2022-02-23,sh000905,6785.1,6887.42,6889.7,6785.1
2022-02-24,sh000905,6861.41,6764.88,6898.41,6688.75
2022-02-25,sh000905,6805.64,6819.43,6895.04,6801.33
2022-02-28,sh000905,6831.49,6853.31,6853.34,6770.05
2022-03-01,sh000905,6868.62,6874.04,6889.33,6837.25
2022-03-02,sh000905,6853.07,6875.24,6878.35,6828.06
2022-03-03,sh000905,6900.98,6859.55,6907.41,6843.99
2022-03-04,sh000905,6823.83,6803.83,6871.09,6779.41
2022-03-07,sh000905,6800.77,6659.39,6800.82,6628.48
2022-03-08,sh000905,6650.58,6429.89,6665.95,6416.8
2022-03-09,sh000905,6443.2,6305.61,6462.48,6066.76
2022-03-10,sh000905,6424.91,6414.94,6475.14,6390.73
2022-03-11,sh000905,6343.19,6474.13,6479.72,6270.02
2022-03-14,sh000905,6419.24,6323.58,6490.61,6323.58
2022-03-15,sh000905,6272.44,5964.98,6278.07,5964.98
2022-03-16,sh000905,6068.9,6156.27,6173.79,5824.33
2022-03-17,sh000905,6233.64,6267.52,6369.89,6225.98
2022-03-18,sh000905,6249.48,6332.22,6338.22,6231.73
2022-03-21,sh000905,6340.56,6358.94,6389.21,6284.85
2022-03-22,sh000905,6343.4,6358.11,6404.83,6313.27
2022-03-23,sh000905,6368.31,6398.1,6420.16,6353.34
2022-03-24,sh000905,6370.97,6344.12,6384.4,6315.14
2022-03-25,sh000905,6346.71,6268.24,6373.47,6268.24
2022-03-28,sh000905,6230.12,6283.28,6322.13,6176.25
2022-03-29,sh000905,6289.48,6253.07,6316.31,6233.28
2022-03-30,sh000905,6272.0,6377.87,6377.87,6261.8
2022-03-31,sh000905,6361.1,6324.96,6383.07,6313.97
2022-04-01,sh000905,6289.39,6364.52,6373.26,6274.0
2022-04-06,sh000905,6363.0,6356.93,6363.0,6279.07
2022-04-07,sh000905,6321.81,6221.59,6364.63,6221.59
2022-04-08,sh000905,6227.2,6224.12,6237.91,6117.01
2022-04-11,sh000905,6202.02,6029.89,6202.02,6001.57
2022-04-12,sh000905,6019.67,6126.91,6135.57,5964.39
2022-04-13,sh000905,6094.68,6044.33,6129.66,6039.92
2022-04-14,sh000905,6074.13,6126.49,6156.5,6060.68
2022-04-15,sh000905,6094.12,6070.75,6122.29,6048.16
2022-04-18,sh000905,6019.53,6074.01,6094.67,5975.45
2022-04-19,sh000905,6067.48,6092.4,6106.93,6052.1
2022-04-20,sh000905,6082.81,5956.92,6093.78,5942.0
2022-04-21,sh000905,5933.79,5759.8,5971.19,5742.42
2022-04-22,sh000905,5728.19,5740.98,5794.34,5667.34
2022-04-25,sh000905,5656.39,5369.72,5656.39,5369.72
2022-04-26,sh000905,5374.25,5234.01,5434.7,5225.21
2022-04-27,sh000905,5179.03,5437.04,5440.07,5158.48
2022-04-28,sh000905,5398.9,5418.76,5472.82,5339.61
2022-04-29,sh000905,5458.91,5627.9,5630.93,5443.67
2022-05-05,sh000905,5612.5,5686.7,5728.62,5606.94
2022-05-06,sh000905,5560.98,5563.77,5629.65,5542.18
2022-05-09,sh000905,5552.48,5608.52,5626.59,5537.98
2022-05-10,sh000905,5532.6,5690.09,5698.51,5519.47
2022-05-11,sh000905,5697.43,5737.82,5856.19,5696.7
2022-05-12,sh000905,5707.56,5743.1,5779.32,5687.18
2022-05-13,sh000905,5765.32,5796.8,5796.8,5731.86
2022-05-16,sh000905,5840.24,5791.08,5855.72,5767.54
2022-05-17,sh000905,5789.92,5816.34,5816.34,5724.44
2022-05-18,sh000905,5815.61,5797.49,5846.84,5785.45
2022-05-19,sh000905,5708.8,5838.41,5838.41,5700.11
2022-05-20,sh000905,5854.01,5929.49,5929.54,5849.76
2022-05-23,sh000905,5941.14,5965.73,5968.85,5908.66
2022-05-24,sh000905,5962.15,5745.68,5967.23,5745.68
2022-05-25,sh000905,5741.23,5844.25,5844.28,5736.14
2022-05-26,sh000905,5848.03,5911.56,5928.71,5780.97
2022-05-27,sh000905,5921.33,5899.92,5952.62,5854.61
2022-05-30,sh000905,5918.24,5942.83,5943.0,5867.19
2022-05-31,sh000905,5940.37,6026.24,6033.47,5902.28
2022-06-01,sh000905,6008.75,6023.64,6042.37,5970.49
2022-06-02,sh000905,6000.62,6078.43,6084.32,5987.64
2022-06-06,sh000905,6079.89,6187.44,6194.43,6070.71
2022-06-07,sh000905,6186.58,6186.57,6199.72,6136.04
2022-06-08,sh000905,6184.96,6217.83,6227.33,6110.06
2022-06-09,sh000905,6207.73,6130.69,6209.11,6088.46
2022-06-10,sh000905,6083.5,6240.1,6250.36,6078.78
2022-06-13,sh000905,6188.77,6233.62,6250.68,6172.91
2022-06-14,sh000905,6161.62,6275.57,6278.97,6061.19
2022-06-15,sh000905,6275.37,6261.06,6398.36,6261.04
2022-06-16,sh000905,6262.29,6264.82,6330.35,6242.33
2022-06-17,sh000905,6220.58,6316.31,6328.36,6181.85
2022-06-20,sh000905,6323.41,6330.39,6359.0,6277.22
2022-06-21,sh000905,6324.84,6277.0,6337.08,6215.29
2022-06-22,sh000905,6281.87,6179.57,6285.65,6176.85
2022-06-23,sh000905,6186.99,6300.47,6300.47,6142.94
2022-06-24,sh000905,6306.83,6368.28,6378.5,6304.08
2022-06-27,sh000905,6398.36,6407.74,6449.34,6390.28
2022-06-28,sh000905,6412.44,6501.35,6506.67,6392.11
2022-06-29,sh000905,6479.17,6374.3,6501.39,6370.02
2022-06-30,sh000905,6385.21,6454.08,6493.09,6385.21
2022-07-01,sh000905,6450.75,6438.54,6481.15,6423.86
2022-07-04,sh000905,6445.07,6523.13,6524.3,6405.38
2022-07-05,sh000905,6535.45,6511.53,6548.3,6435.74
2022-07-06,sh000905,6489.02,6418.55,6496.97,6359.47
2022-07-07,sh000905,6414.41,6452.99,6482.42,6380.17
2022-07-08,sh000905,6478.29,6404.44,6490.15,6404.16
2022-07-11,sh000905,6387.45,6319.14,6387.45,6274.74
2022-07-12,sh000905,6317.88,6241.48,6346.51,6238.56
2022-07-13,sh000905,6238.68,6268.49,6287.64,6207.72
2022-07-14,sh000905,6267.47,6302.43,6339.42,6254.68
2022-07-15,sh000905,6279.68,6196.8,6323.53,6196.8
2022-07-18,sh000905,6216.1,6312.36,6315.66,6200.52
2022-07-19,sh000905,6318.84,6335.71,6347.24,6283.4
2022-07-20,sh000905,6353.0,6410.71,6416.87,6351.82
2022-07-21,sh000905,6400.07,6347.6,6408.46,6347.6
2022-07-22,sh000905,6353.92,6289.53,6371.32,6236.34
2022-07-25,sh000905,6297.1,6231.24,6319.18,6213.47
2022-07-26,sh000905,6239.21,6307.96,6319.25,6213.84
2022-07-27,sh000905,6301.61,6332.23,6344.21,6286.35
2022-07-28,sh000905,6361.27,6348.17,6393.73,6339.55
2022-07-29,sh000905,6356.52,6294.11,6365.26,6285.72
2022-08-01,sh000905,6293.38,6347.22,6350.04,6253.06
2022-08-02,sh000905,6288.61,6170.0,6288.61,6095.06
2022-08-03,sh000905,6171.62,6124.31,6261.91,6111.22
2022-08-04,sh000905,6160.49,6158.73,6177.62,6080.1
2022-08-05,sh000905,6175.48,6270.51,6274.27,6163.51
2022-08-08,sh000905,6266.57,6323.07,6324.34,6249.62
2022-08-09,sh000905,6314.1,6341.48,6344.84,6290.87
2022-08-10,sh000905,6331.41,6322.06,6362.29,6298.86
2022-08-11,sh000905,6349.5,6439.36,6439.36,6341.72
2022-08-12,sh000905,6425.11,6420.85,6463.07,6416.29
2022-08-15,sh000905,6405.72,6442.81,6462.54,6394.22
2022-08-16,sh000905,6446.76,6465.19,6492.54,6440.38
2022-08-17,sh000905,6473.25,6493.5,6501.36,6428.97
2022-08-18,sh000905,6481.37,6468.81,6483.69,6448.75
2022-08-19,sh000905,6468.82,6391.72,6477.31,6390.93
2022-08-22,sh000905,6381.34,6472.68,6472.79,6363.22
2022-08-23,sh000905,6460.17,6466.4,6475.82,6436.08
2022-08-24,sh000905,6470.69,6284.58,6472.68,6277.99
2022-08-25,sh000905,6303.14,6322.7,6327.09,6225.68
2022-08-26,sh000905,6331.08,6298.37,6381.48,6286.52
2022-08-29,sh000905,6213.4,6310.4,6310.99,6205.13
2022-08-30,sh000905,6309.58,6285.93,6319.17,6248.14
2022-08-31,sh000905,6265.59,6155.75,6280.19,6132.23
2022-09-01,sh000905,6153.29,6126.77,6207.24,6118.58
2022-09-02,sh000905,6135.3,6149.43,6176.17,6117.73
2022-09-05,sh000905,6147.71,6182.65,6184.8,6122.62
2022-09-06,sh000905,6198.49,6291.57,6292.53,6187.95
2022-09-07,sh000905,6269.99,6301.56,6314.12,6256.61
2022-09-08,sh000905,6299.91,6272.58,6309.9,6266.52
2022-09-09,sh000905,6275.9,6316.97,6321.82,6254.26
2022-09-13,sh000905,6334.86,6300.42,6343.77,6291.44
2022-09-14,sh000905,6214.91,6249.96,6273.63,6206.92
2022-09-15,sh000905,6280.45,6107.8,6282.69,6053.8
2022-09-16,sh000905,6091.42,5954.5,6102.54,5954.5
2022-09-19,sh000905,5947.86,5913.15,5967.65,5880.49
2022-09-20,sh000905,5949.34,5958.29,6002.79,5940.58
2022-09-21,sh000905,5943.09,5978.58,5998.7,5876.52
2022-09-22,sh000905,5938.1,5965.89,6015.12,5931.73
2022-09-23,sh000905,5961.06,5889.6,5986.82,5839.93
2022-09-26,sh000905,5841.58,5806.32,5922.32,5798.28
2022-09-27,sh000905,5823.55,5920.05,5920.05,5808.25
2022-09-28,sh000905,5910.05,5769.52,5910.05,5769.52
2022-09-29,sh000905,5823.27,5771.88,5856.16,5741.02
2022-09-30,sh000905,5764.15,5714.06,5804.2,5714.06
2022-10-10,sh000905,5729.75,5635.71,5758.04,5618.8
2022-10-11,sh000905,5642.48,5684.51,5703.27,5606.99
2022-10-12,sh000905,5680.36,5820.45,5820.45,5594.3
2022-10-13,sh000905,5789.66,5830.34,5876.48,5780.18
2022-10-14,sh000905,5866.86,5973.44,5996.04,5866.86
2022-10-17,sh000905,5952.38,6015.6,6023.53,5945.43
2022-10-18,sh000905,6031.05,6035.67,6074.37,5996.39
2022-10-19,sh000905,6021.8,5972.72,6037.44,5970.44
2022-10-20,sh000905,5943.48,5948.86,6035.55,5886.4
2022-10-21,sh000905,5959.21,5956.88,5993.88,5928.92
2022-10-24,sh000905,5968.54,5896.9,6061.21,5857.86
2022-10-25,sh000905,5864.02,5869.78,5926.57,5785.41
2022-10-26,sh000905,5871.08,5971.6,6016.92,5871.08
2022-10-27,sh000905,5978.28,5963.0,6020.89,5962.97
2022-10-28,sh000905,5922.82,5781.8,5934.8,5760.05
2022-10-31,sh000905,5745.08,5807.11,5859.6,5743.56
2022-11-01,sh000905,5814.21,5941.15,5942.14,5786.87
2022-11-02,sh000905,5925.65,5997.8,6028.77,5916.06
2022-11-03,sh000905,5944.51,5996.72,6018.42,5937.61
2022-11-04,sh000905,5996.31,6133.46,6157.43,5996.31
2022-11-07,sh000905,6133.24,6141.41,6166.19,6100.61
2022-11-08,sh000905,6139.89,6134.26,6141.02,6095.44
2022-11-09,sh000905,6140.54,6120.83,6182.34,6118.73
2022-11-10,sh000905,6085.28,6089.7,6119.03,6061.81
2022-11-11,sh000905,6223.23,6138.62,6249.35,6134.68
2022-11-14,sh000905,6140.19,6129.51,6189.38,6104.93
2022-11-15,sh000905,6125.11,6236.38,6236.38,6112.62
2022-11-16,sh000905,6238.58,6203.92,6263.16,6190.01
2022-11-17,sh000905,6182.69,6217.21,6217.21,6148.61
2022-11-18,sh000905,6213.09,6191.65,6251.11,6181.55
2022-11-21,sh000905,6147.72,6189.71,6196.65,6116.3
2022-11-22,sh000905,6178.16,6125.4,6196.2,6100.11
2022-11-23,sh000905,6114.27,6115.6,6140.11,6045.02
2022-11-24,sh000905,6126.6,6120.07,6149.96,6099.75
2022-11-25,sh000905,6095.13,6087.86,6107.07,6062.0
2022-11-28,sh000905,5999.85,6055.28,6059.02,5970.09
2022-11-29,sh000905,6071.45,6163.82,6173.85,6071.22
2022-11-30,sh000905,6156.77,6156.15,6175.68,6118.9
2022-12-01,sh000905,6211.29,6186.1,6229.83,6186.1
2022-12-02,sh000905,6177.92,6168.01,6206.99,6154.21
2022-12-05,sh000905,6201.98,6215.12,6227.21,6182.98
2022-12-06,sh000905,6202.52,6211.25,6244.64,6185.49
2022-12-07,sh000905,6198.05,6204.01,6243.9,6183.33
2022-12-08,sh000905,6199.16,6186.28,6206.14,6168.78
2022-12-09,sh000905,6185.79,6192.3,6213.52,6159.5
2022-12-12,sh000905,6181.24,6154.81,6182.08,6146.25
2022-12-13,sh000905,6153.74,6121.66,6154.3,6113.41
2022-12-14,sh000905,6122.43,6096.39,6139.74,6084.08
2022-12-15,sh000905,6090.12,6101.88,6108.96,6078.0
2022-12-16,sh000905,6071.96,6072.86,6087.46,6036.05
2022-12-19,sh000905,6058.89,5936.48,6081.44,5911.88
2022-12-20,sh000905,5919.03,5878.03,5920.99,5857.86
2022-12-21,sh000905,5879.27,5845.84,5892.91,5819.67
2022-12-22,sh000905,5867.72,5779.06,5875.47,5761.98
2022-12-23,sh000905,5751.95,5763.35,5805.51,5732.47
2022-12-26,sh000905,5769.07,5843.26,5850.91,5769.07
2022-12-27,sh000905,5857.75,5885.66,5891.35,5832.27
2022-12-28,sh000905,5869.46,5862.1,5889.32,5848.24
2022-12-29,sh000905,5843.94,5857.4,5895.98,5835.33
2022-12-30,sh000905,5875.28,5864.47,5885.89,5848.95
2023-01-03,sh000905,5861.55,5955.9,5964.82,5848.15
2023-01-04,sh000905,5952.51,5952.45,5970.58,5922.86
2023-01-05,sh000905,5959.44,6010.46,6017.34,5950.09
2023-01-06,sh000905,6004.17,6012.82,6050.89,5998.83
2023-01-09,sh000905,6028.4,6040.02,6070.16,6023.64
2023-01-10,sh000905,6044.64,6048.3,6053.58,6017.15
2023-01-11,sh000905,6049.04,6014.16,6070.45,6004.22
2023-01-12,sh000905,6022.56,6015.29,6048.19,5995.91
2023-01-13,sh000905,6030.93,6057.69,6058.22,6015.22
2023-01-16,sh000905,6068.91,6126.18,6168.74,6068.14
2023-01-17,sh000905,6129.73,6132.64,6138.17,6107.76
2023-01-18,sh000905,6139.69,6151.46,6168.37,6136.97
2023-01-19,sh000905,6145.62,6204.33,6204.33,6130.42
2023-01-20,sh000905,6214.03,6251.43,6253.27,6214.03
2023-01-30,sh000905,6331.88,6283.33,6342.45,6279.45
2023-01-31,sh000905,6266.3,6289.15,6303.91,6259.53
2023-02-01,sh000905,6300.5,6365.91,6368.79,6293.49
2023-02-02,sh000905,6383.3,6370.14,6402.26,6347.73
2023-02-03,sh000905,6354.71,6343.69,6354.71,6267.44
2023-02-06,sh000905,6314.6,6302.33,6330.79,6274.54
2023-02-07,sh000905,6309.22,6317.24,6318.84,6273.6
2023-02-08,sh000905,6319.52,6268.28,6323.85,6263.76
2023-02-09,sh000905,6256.31,6354.56,6354.8,6250.45
2023-02-10,sh000905,6349.0,6334.25,6368.49,6296.55
2023-02-13,sh000905,6333.22,6383.83,6386.72,6331.37
2023-02-14,sh000905,6394.62,6397.21,6408.55,6369.57
2023-02-15,sh000905,6398.87,6384.35,6407.75,6365.31
2023-02-16,sh000905,6384.21,6289.48,6429.05,6244.48
2023-02-17,sh000905,6284.92,6237.41,6308.57,6237.41
2023-02-20,sh000905,6248.26,6346.07,6349.41,6227.35
2023-02-21,sh000905,6349.91,6383.42,6396.74,6337.6
2023-02-22,sh000905,6352.03,6375.07,6397.15,6344.99
2023-02-23,sh000905,6377.29,6360.32,6396.66,6328.64
2023-02-24,sh000905,6367.63,6340.84,6372.49,6308.22
2023-02-27,sh000905,6318.64,6307.21,6349.09,6288.3
2023-02-28,sh000905,6323.84,6357.54,6357.54,6293.18
2023-03-01,sh000905,6356.5,6402.14,6410.52,6340.0
2023-03-02,sh000905,6398.26,6382.23,6410.23,6375.01
2023-03-03,sh000905,6384.06,6390.32,6398.47,6346.96
2023-03-06,sh000905,6398.1,6395.22,6405.82,6362.47
2023-03-07,sh000905,6389.81,6284.3,6396.54,6284.22
2023-03-08,sh000905,6264.43,6301.52,6303.71,6258.32
2023-03-09,sh000905,6311.04,6285.95,6311.34,6258.45
2023-03-10,sh000905,6251.56,6204.9,6261.33,6202.61
2023-03-13,sh000905,6189.98,6245.0,6245.0,6178.67
2023-03-14,sh000905,6237.73,6189.4,6243.42,6127.69
2023-03-15,sh000905,6210.93,6224.64,6254.49,6210.93
2023-03-16,sh000905,6191.3,6140.83,6209.97,6133.83
2023-03-17,sh000905,6174.19,6183.18,6233.75,6169.84
2023-03-20,sh000905,6195.35,6160.35,6201.97,6152.81
2023-03-21,sh000905,6171.89,6234.68,6235.01,6171.28
2023-03-22,sh000905,6244.36,6269.74,6271.52,6242.16
2023-03-23,sh000905,6253.58,6305.76,6305.76,6245.98
2023-03-24,sh000905,6312.43,6310.1,6315.68,6279.54
2023-03-27,sh000905,6304.48,6311.6,6320.66,6265.01
2023-03-28,sh000905,6314.58,6279.92,6331.56,6272.72
2023-03-29,sh000905,6285.95,6260.55,6294.3,6239.94
2023-03-30,sh000905,6257.64,6286.18,6287.44,6213.97
2023-03-31,sh000905,6284.85,6339.82,6343.23,6282.14
2023-04-03,sh000905,6346.69,6413.81,6419.87,6346.69
2023-04-04,sh000905,6414.82,6408.9,6423.31,6377.53
2023-04-06,sh000905,6387.23,6416.85,6428.72,6382.03
2023-04-07,sh000905,6418.26,6464.47,6470.09,6416.68
2023-04-10,sh000905,6474.94,6410.52,6476.22,6395.37
2023-04-11,sh000905,6405.63,6420.88,6421.49,6381.06
2023-04-12,sh000905,6415.7,6443.44,6450.35,6407.2
2023-04-13,sh000905,6438.16,6404.65,6451.79,6396.02
2023-04-14,sh000905,6420.31,6431.07,6444.89,6390.92
2023-04-17,sh000905,6422.87,6459.24,6459.24,6421.39
2023-04-18,sh000905,6448.76,6449.85,6462.25,6422.05
2023-04-19,sh000905,6444.87,6416.97,6456.15,6404.99
2023-04-20,sh000905,6408.81,6411.76,6413.08,6376.35
2023-04-21,sh000905,6411.51,6250.54,6411.51,6250.54
2023-04-24,sh000905,6250.96,6208.78,6260.54,6184.71
2023-04-25,sh000905,6205.62,6118.15,6208.4,6042.64
2023-04-26,sh000905,6095.13,6142.15,6178.17,6093.2
2023-04-27,sh000905,6127.64,6157.94,6190.25,6121.61
2023-04-28,sh000905,6151.64,6241.24,6245.55,6151.64
2023-05-04,sh000905,6223.23,6262.39,6264.52,6218.78
2023-05-05,sh000905,6255.7,6200.58,6256.23,6172.69
2023-05-08,sh000905,6202.68,6248.58,6259.69,6200.15
2023-05-09,sh000905,6242.66,6181.98,6274.9,6177.65
2023-05-10,sh000905,6167.13,6173.81,6199.16,6137.15
2023-05-11,sh000905,6185.67,6154.47,6190.39,6151.07
2023-05-12,sh000905,6138.94,6091.65,6173.91,6088.22
2023-05-15,sh000905,6094.68,6159.39,6159.39,6036.81
2023-05-16,sh000905,6159.17,6110.83,6159.17,6095.69
2023-05-17,sh000905,6097.98,6122.05,6137.02,6090.88
2023-05-18,sh000905,6132.52,6128.18,6153.99,6101.24
2023-05-19,sh000905,6116.84,6117.08,6149.14,6085.04
2023-05-22,sh000905,6111.84,6115.32,6136.86,6086.23
2023-05-23,sh000905,6114.21,6052.43,6117.36,6052.43
2023-05-24,sh000905,6032.69,6005.79,6058.39,5988.03
2023-05-25,sh000905,6000.22,5988.19,6028.64,5926.2
2023-05-26,sh000905,5983.14,6034.98,6045.13,5953.88
2023-05-29,sh000905,6046.54,6025.16,6058.92,6012.4
2023-05-30,sh000905,6008.46,6061.31,6061.31,5960.34
2023-05-31,sh000905,6044.02,6047.8,6063.19,6009.25
2023-06-01,sh000905,6028.8,6051.46,6094.24,6008.27
2023-06-02,sh000905,6061.91,6105.22,6115.07,6061.91
2023-06-05,sh000905,6102.13,6097.11,6107.12,6075.59
2023-06-06,sh000905,6088.66,5983.42,6089.07,5969.29
2023-06-07,sh000905,5982.31,5987.01,6010.03,5969.16
2023-06-08,sh000905,5971.72,5966.15,5992.97,5922.39
2023-06-09,sh000905,5968.7,6009.58,6017.28,5960.11
2023-06-12,sh000905,5999.62,6027.71,6045.66,5987.27
2023-06-13,sh000905,6016.69,6044.04,6047.06,6014.06
2023-06-14,sh000905,6046.44,6044.08,6064.29,6034.47
2023-06-15,sh000905,6049.47,6096.81,6100.23,6046.16
2023-06-16,sh000905,6094.84,6148.01,6154.93,6091.18
2023-06-19,sh000905,6148.85,6131.38,6148.85,6126.39
2023-06-20,sh000905,6122.74,6126.11,6144.01,6100.14
2023-06-21,sh000905,6104.25,5990.85,6104.25,5990.79
2023-06-26,sh000905,5947.57,5887.03,5970.61,5875.94
2023-06-27,sh000905,5897.69,5948.0,5956.18,5884.95
2023-06-28,sh000905,5945.64,5942.31,5951.13,5857.13
2023-06-29,sh000905,5928.71,5940.58,5964.86,5924.28
2023-06-30,sh000905,5931.87,5998.73,6016.45,5927.94
2023-07-03,sh000905,6009.27,6042.31,6056.16,5997.85
2023-07-04,sh000905,6042.72,6055.26,6059.57,6027.29
2023-07-05,sh000905,6050.35,6020.82,6059.38,6011.87
2023-07-06,sh000905,6010.66,5988.55,6042.29,5983.48
2023-07-07,sh000905,5973.98,5961.61,5994.28,5936.23
2023-07-10,sh000905,5980.61,5984.28,6003.4,5958.73
2023-07-11,sh000905,5991.02,6029.23,6029.23,5972.14
2023-07-12,sh000905,6030.64,5962.79,6033.58,5960.43
2023-07-13,sh000905,5986.25,6044.06,6049.06,5986.25
2023-07-14,sh000905,6052.95,6030.52,6055.53,6026.33
2023-07-17,sh000905,6012.76,6012.69,6018.07,5985.44
2023-07-18,sh000905,6015.98,6001.8,6027.61,5984.06
2023-07-19,sh000905,5998.38,5993.41,6017.45,5962.99
2023-07-20,sh000905,5996.84,5925.48,6009.43,5920.15
2023-07-21,sh000905,5914.35,5925.63,5961.05,5904.79
2023-07-24,sh000905,5913.57,5916.71,5954.24,5896.45
2023-07-25,sh000905,5976.97,6016.63,6016.75,5971.73
2023-07-26,sh000905,6014.76,6001.54,6015.58,5984.39
2023-07-27,sh000905,5998.85,5961.18,6017.67,5952.89
2023-07-28,sh000905,5945.91,6043.24,6049.76,5932.06
2023-07-31,sh000905,6059.11,6088.24,6133.72,6059.11
2023-08-01,sh000905,6086.9,6098.88,6113.98,6077.11
2023-08-02,sh000905,6088.14,6077.46,6111.24,6059.87
2023-08-03,sh000905,6062.64,6098.69,6101.81,6047.68
2023-08-04,sh000905,6126.15,6128.56,6164.16,6105.64
2023-08-07,sh000905,6115.84,6090.73,6117.92,6072.54
2023-08-08,sh000905,6077.3,6066.1,6088.1,6044.24
2023-08-09,sh000905,6049.45,6021.75,6062.02,6012.25
2023-08-10,sh000905,6013.35,6031.71,6040.46,5999.56
2023-08-11,sh000905,6030.05,5913.35,6030.05,5913.35
2023-08-14,sh000905,5864.48,5916.8,5919.8,5833.46
2023-08-15,sh000905,5919.77,5879.78,5926.42,5830.97
2023-08-16,sh000905,5858.6,5833.22,5891.81,5833.22
2023-08-17,sh000905,5808.91,5874.36,5882.15,5778.53
2023-08-18,sh000905,5875.11,5777.8,5891.4,5777.8
2023-08-21,sh000905,5764.67,5710.78,5802.51,5710.78
2023-08-22,sh000905,5733.25,5741.06,5754.57,5646.51
2023-08-23,sh000905,5732.39,5629.5,5732.39,5629.5
2023-08-24,sh000905,5650.36,5652.67,5701.32,5619.33
2023-08-25,sh000905,5624.77,5581.21,5648.62,5560.22
2023-08-28,sh000905,5885.88,5644.14,5887.51,5631.69
2023-08-29,sh000905,5631.01,5770.32,5789.96,5626.52
2023-08-30,sh000905,5780.28,5775.15,5817.73,5753.22
2023-08-31,sh000905,5770.95,5739.4,5777.42,5728.47
2023-09-01,sh000905,5746.41,5750.8,5775.18,5732.97
2023-09-04,sh000905,5772.03,5829.78,5829.78,5758.03
2023-09-05,sh000905,5819.97,5788.71,5822.06,5779.37
2023-09-06,sh000905,5771.85,5790.38,5800.96,5748.65
2023-09-07,sh000905,5782.07,5702.7,5782.07,5701.8
2023-09-08,sh000905,5684.66,5708.62,5732.37,5683.4
2023-09-11,sh000905,5723.02,5774.73,5802.21,5704.7
2023-09-12,sh000905,5774.47,5770.93,5793.83,5763.3
2023-09-13,sh000905,5764.82,5715.4,5770.41,5681.5
2023-09-14,sh000905,5714.67,5702.1,5721.21,5679.2
2023-09-15,sh000905,5716.29,5704.66,5741.07,5680.9
2023-09-18,sh000905,5685.85,5719.69,5734.19,5665.58
2023-09-19,sh000905,5713.49,5687.9,5713.6,5670.42
2023-09-20,sh000905,5677.92,5651.01,5689.83,5651.01
2023-09-21,sh000905,5638.44,5611.92,5666.7,5609.21
2023-09-22,sh000905,5606.83,5698.82,5700.32,5603.81
2023-09-25,sh000905,5694.9,5666.66,5699.15,5659.32
2023-09-26,sh000905,5661.03,5646.65,5682.28,5646.65
2023-09-27,sh000905,5642.39,5674.35,5701.51,5641.85
2023-09-28,sh000905,5687.64,5690.77,5704.62,5677.53
2023-10-09,sh000905,5679.64,5658.08,5680.95,5634.35
2023-10-10,sh000905,5665.66,5630.37,5678.46,5627.41
2023-10-11,sh000905,5639.07,5629.79,5674.25,5617.87
2023-10-12,sh000905,5655.61,5671.64,5677.82,5642.49
2023-10-13,sh000905,5645.44,5633.38,5646.07,5616.85
2023-10-16,sh000905,5633.3,5580.67,5636.32,5559.42
2023-10-17,sh000905,5585.14,5595.34,5599.42,5556.57
2023-10-18,sh000905,5586.02,5524.6,5586.02,5519.46
2023-10-19,sh000905,5496.76,5464.03,5529.87,5463.65
2023-10-20,sh000905,5443.46,5423.67,5473.21,5413.02
2023-10-23,sh000905,5400.54,5290.33,5400.79,5269.83
2023-10-24,sh000905,5311.67,5352.01,5363.2,5290.5
2023-10-25,sh000905,5386.43,5376.0,5423.01,5376.0
2023-10-26,sh000905,5351.16,5398.93,5404.99,5337.49
2023-10-27,sh000905,5387.27,5492.03,5514.31,5380.94
2023-10-30,sh000905,5484.62,5546.39,5559.78,5483.16
2023-10-31,sh000905,5547.32,5528.24,5554.19,5505.93
2023-11-01,sh000905,5534.89,5509.97,5534.94,5496.83
2023-11-02,sh000905,5514.52,5459.45,5532.85,5457.75
2023-11-03,sh000905,5462.14,5510.36,5537.73,5462.14
2023-11-06,sh000905,5549.29,5605.06,5609.26,5549.29
2023-11-07,sh000905,5594.47,5611.1,5631.1,5578.51
2023-11-08,sh000905,5602.97,5608.02,5633.97,5577.39
2023-11-09,sh000905,5602.49,5592.06,5638.08,5582.12
2023-11-10,sh000905,5577.34,5573.1,5585.21,5550.82
2023-11-13,sh000905,5589.06,5605.57,5605.57,5565.09
2023-11-14,sh000905,5602.98,5630.55,5639.19,5600.78
2023-11-15,sh000905,5677.55,5664.62,5684.75,5649.72
2023-11-16,sh000905,5647.06,5609.36,5652.4,5609.36
2023-11-17,sh000905,5598.95,5631.42,5632.39,5593.49
2023-11-20,sh000905,5635.59,5659.77,5669.38,5609.27
2023-11-21,sh000905,5669.17,5641.08,5696.09,5634.27
2023-11-22,sh000905,5622.86,5572.9,5639.0,5572.9
2023-11-23,sh000905,5566.73,5622.99,5627.79,5548.97
2023-11-24,sh000905,5619.32,5570.42,5619.32,5556.71
2023-11-27,sh000905,5562.75,5566.51,5579.72,5531.65
2023-11-28,sh000905,5561.58,5591.5,5594.72,5529.54
2023-11-29,sh000905,5588.77,5553.33,5593.37,5547.84
2023-11-30,sh000905,5548.52,5545.05,5560.33,5509.96
2023-12-01,sh000905,5541.23,5566.87,5576.73,5521.06
2023-12-04,sh000905,5578.42,5559.07,5590.84,5559.07
2023-12-05,sh000905,5542.87,5460.41,5542.87,5460.41
2023-12-06,sh000905,5448.46,5481.82,5513.09,5443.07
2023-12-07,sh000905,5475.27,5481.14,5501.48,5443.29
2023-12-08,sh000905,5484.68,5497.99,5522.06,5477.53
2023-12-11,sh000905,5473.65,5564.85,5574.12,5429.44
2023-12-12,sh000905,5560.44,5566.18,5576.01,5545.16
2023-12-13,sh000905,5557.05,5507.51,5558.06,5507.51
2023-12-14,sh000905,5532.99,5489.33,5557.37,5487.75
2023-12-15,sh000905,5499.37,5449.79,5516.22,5438.53
2023-12-18,sh000905,5436.99,5385.27,5448.08,5374.59
2023-12-19,sh000905,5380.73,5379.87,5406.96,5344.03
2023-12-20,sh000905,5386.0,5309.29,5388.46,5308.57
2023-12-21,sh000905,5286.45,5338.76,5352.5,5253.32
2023-12-22,sh000905,5337.38,5311.69,5366.23,5293.22
2023-12-25,sh000905,5301.57,5315.37,5339.66,5288.47
2023-12-26,sh000905,5312.8,5258.28,5313.92,5238.04
2023-12-27,sh000905,5261.57,5285.53,5293.8,5235.46
2023-12-28,sh000905,5280.69,5382.8,5400.24,5275.4
2023-12-29,sh000905,5376.98,5429.23,5437.15,5374.69
2024-01-02,sh000905,5431.48,5409.46,5439.48,5409.46
2024-01-03,sh000905,5398.29,5401.4,5428.52,5373.83
2024-01-04,sh000905,5395.14,5355.32,5395.14,5331.89
2024-01-05,sh000905,5347.07,5281.87,5373.68,5260.59
2024-01-08,sh000905,5268.23,5167.7,5268.98,5167.7
2024-01-09,sh000905,5176.11,5180.65,5220.46,5153.0
2024-01-10,sh000905,5167.73,5158.08,5211.82,5118.43
2024-01-11,sh000905,5152.36,5223.86,5243.14,5146.9
2024-01-12,sh000905,5213.14,5206.18,5262.62,5206.16
2024-01-15,sh000905,5189.53,5193.3,5238.96,5171.24
2024-01-16,sh000905,5188.37,5190.4,5210.08,5124.08
2024-01-17,sh000905,5180.93,5061.54,5180.93,5061.54
2024-01-18,sh000905,5033.1,5066.96,5069.23,4924.68
2024-01-19,sh000905,5056.48,5018.43,5084.29,5014.77
2024-01-22,sh000905,5008.68,4780.97,5008.77,4753.63
2024-01-23,sh000905,4771.5,4865.74,4889.42,4727.88
2024-01-24,sh000905,4886.2,4933.7,4941.44,4766.8
2024-01-25,sh000905,4931.63,5073.18,5074.49,4910.96
2024-01-26,sh000905,5055.29,5027.09,5086.13,5009.97
2024-01-29,sh000905,5032.11,4927.91,5050.11,4927.91
2024-01-30,sh000905,4898.36,4814.99,4939.35,4810.1
2024-01-31,sh000905,4786.81,4696.98,4832.4,4690.94
2024-02-01,sh000905,4667.91,4678.73,4771.05,4629.99
2024-02-02,sh000905,4686.1,4563.22,4724.05,4435.56
2024-02-05,sh000905,4527.71,4460.26,4598.06,4281.24
2024-02-06,sh000905,4411.3,4805.9,4817.12,4405.31
2024-02-07,sh000905,4813.95,5109.57,5110.8,4813.23
2024-02-08,sh000905,5131.8,5150.23,5367.22,5129.78
2024-02-19,sh000905,5225.14,5141.6,5225.14,5074.76
2024-02-20,sh000905,5107.57,5140.96,5151.72,5072.88
2024-02-21,sh000905,5101.41,5139.04,5252.88,5074.82
2024-02-22,sh000905,5133.55,5176.34,5184.62,5117.68
2024-02-23,sh000905,5190.65,5197.71,5197.71,5118.57
2024-02-26,sh000905,5194.74,5195.46,5255.36,5162.95
2024-02-27,sh000905,5174.82,5307.8,5307.8,5160.88
2024-02-28,sh000905,5311.43,5184.05,5383.32,5184.05
2024-02-29,sh000905,5154.15,5346.79,5349.77,5154.15
2024-03-01,sh000905,5350.86,5379.05,5387.78,5321.56
2024-03-04,sh000905,5386.94,5388.82,5400.12,5325.96
2024-03-05,sh000905,5358.22,5351.83,5382.98,5329.97
2024-03-06,sh000905,5332.83,5350.1,5405.49,5293.95
2024-03-07,sh000905,5354.33,5277.3,5384.66,5277.3
2024-03-08,sh000905,5282.41,5349.6,5361.71,5268.53
2024-03-11,sh000905,5342.18,5441.05,5443.04,5339.26
2024-03-12,sh000905,5445.88,5423.72,5473.29,5385.14
2024-03-13,sh000905,5430.04,5415.11,5459.32,5389.53
2024-03-14,sh000905,5415.15,5392.93,5447.54,5352.12
2024-03-15,sh000905,5380.02,5454.15,5456.73,5357.18
2024-03-18,sh000905,5472.31,5528.45,5528.45,5459.55
2024-03-19,sh000905,5514.55,5478.22,5533.64,5477.12
2024-03-20,sh000905,5469.61,5493.41,5499.24,5455.76
2024-03-21,sh000905,5505.7,5465.83,5517.46,5454.23
2024-03-22,sh000905,5454.41,5384.57,5463.54,5356.11
2024-03-25,sh000905,5369.78,5294.75,5401.6,5292.64
2024-03-26,sh000905,5291.52,5284.42,5318.88,5237.9
2024-03-27,sh000905,5280.73,5156.68,5282.7,5156.68
2024-03-28,sh000905,5156.48,5223.81,5276.64,5156.48
2024-03-29,sh000905,5220.55,5286.16,5287.04,5211.19
2024-04-01,sh000905,5309.83,5401.22,5401.78,5309.83
2024-04-02,sh000905,5395.48,5381.23,5402.16,5353.31
2024-04-03,sh000905,5373.5,5374.6,5386.34,5350.16
2024-04-08,sh000905,5358.96,5298.59,5383.66,5297.56
2024-04-09,sh000905,5294.47,5342.9,5342.9,5284.96
2024-04-10,sh000905,5335.73,5275.47,5335.73,5242.86
2024-04-11,sh000905,5244.05,5301.81,5353.81,5240.51
2024-04-12,sh000905,5307.72,5277.22,5336.45,5270.46
2024-04-15,sh000905,5270.04,5339.72,5376.05,5219.43
2024-04-16,sh000905,5309.1,5191.55,5346.76,5184.65
2024-04-17,sh000905,5211.25,5339.75,5339.75,5211.25
2024-04-18,sh000905,5317.8,5349.84,5410.7,5299.23
2024-04-19,sh000905,5322.36,5314.87,5369.95,5292.02
2024-04-22,sh000905,5289.41,5267.58,5340.63,5264.19
2024-04-23,sh000905,5257.77,5208.27,5280.06,5196.96
2024-04-24,sh000905,5210.18,5263.04,5263.04,5183.7
2024-04-25,sh000905,5240.48,5259.34,5297.16,5229.82
2024-04-26,sh000905,5258.38,5372.12,5379.67,5258.38
2024-04-29,sh000905,5371.21,5478.49,5488.28,5371.21
2024-04-30,sh000905,5471.17,5441.14,5478.04,5436.58
2024-05-06,sh000905,5498.44,5528.6,5535.95,5496.91
2024-05-07,sh000905,5532.32,5527.08,5543.13,5507.5
2024-05-08,sh000905,5516.45,5458.76,5516.45,5454.87
2024-05-09,sh000905,5461.36,5556.77,5568.73,5461.36
2024-05-10,sh000905,5562.19,5535.4,5570.57,5497.5
2024-05-13,sh000905,5503.13,5505.26,5527.2,5462.51
2024-05-14,sh000905,5508.47,5500.74,5538.74,5484.96
2024-05-15,sh000905,5495.56,5446.66,5497.08,5441.35
2024-05-16,sh000905,5461.11,5424.67,5475.37,5408.13
2024-05-17,sh000905,5418.66,5491.89,5493.2,5409.7
2024-05-20,sh000905,5496.79,5523.5,5536.66,5484.36
2024-05-21,sh000905,5511.48,5478.91,5513.42,5460.98
2024-05-22,sh000905,5472.01,5468.61,5486.3,5455.08
2024-05-23,sh000905,5448.94,5362.31,5448.94,5352.39
2024-05-24,sh000905,5348.51,5313.45,5400.16,5311.49
2024-05-27,sh000905,5325.85,5371.37,5373.11,5284.51
2024-05-28,sh000905,5363.33,5316.13,5365.47,5310.32
2024-05-29,sh000905,5308.59,5328.31,5361.74,5305.96
2024-05-30,sh000905,5316.4,5308.66,5349.69,5296.49
2024-05-31,sh000905,5310.72,5308.54,5357.02,5308.54
2024-06-03,sh000905,5300.79,5274.07,5316.34,5232.69
2024-06-04,sh000905,5263.23,5341.95,5352.28,5247.58
2024-06-05,sh000905,5328.87,5277.94,5347.43,5277.94
2024-06-06,sh000905,5291.52,5228.8,5305.88,5213.66
2024-06-07,sh000905,5247.15,5208.98,5258.82,5172.05
2024-06-11,sh000905,5182.41,5217.47,5232.85,5159.33
2024-06-12,sh000905,5209.13,5232.95,5245.99,5205.57
2024-06-13,sh000905,5231.91,5194.59,5233.8,5182.74
2024-06-14,sh000905,5180.29,5213.09,5235.88,5163.38
2024-06-17,sh000905,5189.28,5207.13,5223.59,5184.6
2024-06-18,sh000905,5207.98,5230.89,5243.59,5204.97
2024-06-19,sh000905,5235.48,5168.82,5236.3,5168.82
2024-06-20,sh000905,5162.16,5094.57,5184.75,5092.29
2024-06-21,sh000905,5079.92,5102.33,5128.14,5071.65
2024-06-24,sh000905,5072.8,4992.91,5078.96,4986.77
2024-06-25,sh000905,4989.07,4948.63,5007.34,4918.04
2024-06-26,sh000905,4942.17,5020.43,5024.77,4915.66
2024-06-27,sh000905,4998.99,4928.05,5000.18,4925.16
2024-06-28,sh000905,4914.67,4942.78,5003.41,4914.55
2024-07-01,sh000905,4943.79,5003.16,5017.61,4929.09
2024-07-02,sh000905,5000.58,4949.48,5002.74,4934.12
2024-07-03,sh000905,4945.4,4910.92,4950.51,4905.39
2024-07-04,sh000905,4917.44,4834.5,4935.61,4827.34
2024-07-05,sh000905,4828.86,4866.26,4877.93,4794.13
2024-07-08,sh000905,4857.02,4783.62,4857.27,4768.56
2024-07-09,sh000905,4775.31,4876.9,4888.48,4745.32
2024-07-10,sh000905,4857.48,4844.16,4891.37,4836.17
2024-07-11,sh000905,4902.81,4939.73,4941.7,4871.17
2024-07-12,sh000905,4926.98,4919.36,4937.35,4905.8
2024-07-15,sh000905,4903.52,4883.9,4903.52,4868.74
2024-07-16,sh000905,4877.6,4898.36,4907.83,4850.43
2024-07-17,sh000905,4893.41,4856.58,4900.36,4853.6
2024-07-18,sh000905,4822.13,4877.69,4879.69,4793.43
2024-07-19,sh000905,4853.04,4872.05,4900.38,4842.93
2024-07-22,sh000905,4872.64,4865.98,4885.36,4839.11
2024-07-23,sh000905,4862.97,4722.8,4862.97,4722.8
2024-07-24,sh000905,4712.29,4668.06,4738.76,4661.83
2024-07-25,sh000905,4644.42,4665.45,4710.46,4635.24
2024-07-26,sh000905,4670.45,4736.38,4744.45,4670.45
2024-07-29,sh000905,4740.5,4708.84,4742.15,4702.98
2024-07-30,sh000905,4694.52,4699.28,4712.04,4650.56
2024-07-31,sh000905,4694.73,4886.41,4887.92,4687.05
2024-08-01,sh000905,4893.87,4852.97,4928.24,4834.65
2024-08-02,sh000905,4816.94,4788.62,4874.71,4783.12
2024-08-05,sh000905,4756.08,4693.85,4846.54,4693.82
2024-08-06,sh000905,4740.45,4750.78,4774.93,4699.18
2024-08-07,sh000905,4747.98,4751.94,4783.42,4719.94
2024-08-08,sh000905,4737.09,4755.81,4791.66,4701.79
2024-08-09,sh000905,4778.26,4720.31,4805.1,4720.31
2024-08-12,sh000905,4716.96,4714.16,4737.19,4696.05
2024-08-13,sh000905,4713.96,4731.84,4731.84,4680.59
2024-08-14,sh000905,4729.81,4667.07,4730.24,4667.07
2024-08-15,sh000905,4656.7,4698.38,4746.41,4647.79
2024-08-16,sh000905,4703.6,4670.38,4708.02,4662.11
2024-08-19,sh000905,4666.33,4682.96,4729.87,4666.26
2024-08-20,sh000905,4684.29,4602.01,4686.36,4590.39
2024-08-21,sh000905,4589.09,4587.12,4610.87,4582.27
2024-08-22,sh000905,4589.5,4533.37,4595.05,4526.25
2024-08-23,sh000905,4523.99,4537.09,4549.3,4513.2
2024-08-26,sh000905,4542.86,4544.36,4558.59,4523.73
2024-08-27,sh000905,4532.49,4495.29,4532.49,4487.09
2024-08-28,sh000905,4486.43,4500.01,4527.77,4482.03
2024-08-29,sh000905,4483.55,4557.9,4577.79,4475.22
2024-08-30,sh000905,4557.5,4639.11,4704.34,4548.38
2024-09-02,sh000905,4631.9,4546.88,4632.31,4546.84
2024-09-03,sh000905,4543.22,4596.48,4612.28,4543.22
2024-09-04,sh000905,4567.69,4582.08,4623.38,4552.3
2024-09-05,sh000905,4585.17,4601.09,4630.64,4582.05
2024-09-06,sh000905,4609.34,4537.45,4613.31,4535.35
2024-09-09,sh000905,4517.57,4507.19,4541.79,4487.84
2024-09-10,sh000905,4509.32,4507.71,4528.67,4432.91
2024-09-11,sh000905,4490.19,4514.92,4529.35,4479.03
2024-09-12,sh000905,4518.99,4496.59,4568.75,4496.59
2024-09-13,sh000905,4500.39,4450.96,4509.07,4450.96
2024-09-18,sh000905,4450.09,4462.87,4474.72,4397.16
2024-09-19,sh000905,4481.46,4520.39,4565.39,4437.54
2024-09-20,sh000905,4514.96,4498.39,4515.81,4471.94
2024-09-23,sh000905,4495.78,4494.69,4545.54,4483.13
2024-09-24,sh000905,4524.22,4689.6,4690.57,4503.12
2024-09-25,sh000905,4743.63,4731.48,4847.2,4724.43
2024-09-26,sh000905,4726.0,4938.18,4938.18,4719.35
2024-09-27,sh000905,5027.26,5201.67,5227.96,5021.51
2024-09-30,sh000905,5449.79,5743.22,5757.92,5387.34
2024-10-08,sh000905,6417.81,6155.58,6417.81,5868.85
2024-10-09,sh000905,6013.7,5735.64,6088.08,5704.48
2024-10-10,sh000905,5768.61,5690.88,5875.94,5597.48
2024-10-11,sh000905,5650.05,5470.81,5652.85,5408.87
2024-10-14,sh000905,5503.65,5608.15,5623.97,5408.39
2024-10-15,sh000905,5578.26,5472.56,5661.07,5471.88
2024-10-16,sh000905,5393.67,5461.09,5546.18,5393.67
2024-10-17,sh000905,5499.77,5418.99,5541.03,5417.88
2024-10-18,sh000905,5416.03,5640.02,5774.14,5404.2
2024-10-21,sh000905,5680.56,5704.23,5797.88,5631.23
2024-10-22,sh000905,5703.32,5753.85,5779.3,5673.79
2024-10-23,sh000905,5745.11,5776.38,5853.46,5727.77
2024-10-24,sh000905,5747.56,5726.7,5759.87,5694.78
2024-10-25,sh000905,5735.29,5809.69,5855.26,5729.44
2024-10-28,sh000905,5816.33,5883.72,5883.72,5787.48
2024-10-29,sh000905,5903.31,5812.53,5917.21,5807.29
2024-10-30,sh000905,5793.83,5837.93,5869.11,5777.43
2024-10-31,sh000905,5839.98,5901.29,5935.18,5812.03
2024-11-01,sh000905,5893.32,5831.82,5934.2,5795.08
2024-11-04,sh000905,5835.39,5928.91,5928.91,5835.39
2024-11-05,sh000905,5925.87,6111.97,6119.25,5910.89
2024-11-06,sh000905,6134.92,6125.79,6204.53,6081.81
2024-11-07,sh000905,6061.73,6239.56,6240.76,6049.59
2024-11-08,sh000905,6306.8,6222.45,6333.68,6206.29
2024-11-11,sh000905,6211.03,6330.62,6330.8,6199.06
2024-11-12,sh000905,6349.23,6263.88,6382.98,6205.1
2024-11-13,sh000905,6234.16,6259.84,6282.28,6162.9
2024-11-14,sh000905,6240.61,6078.31,6240.61,6068.66
2024-11-15,sh000905,6055.54,5924.48,6093.42,5924.35
2024-11-18,sh000905,5940.49,5833.04,5977.49,5799.91
2024-11-19,sh000905,5836.61,5936.6,5936.93,5776.2
2024-11-20,sh000905,5920.32,5992.39,6015.23,5909.11
2024-11-21,sh000905,5973.15,5985.31,6009.63,5937.81
2024-11-22,sh000905,5969.08,5750.25,5983.34,5750.25
2024-11-25,sh000905,5754.55,5735.65,5774.82,5662.09
2024-11-26,sh000905,5727.37,5690.48,5773.36,5688.58
2024-11-27,sh000905,5669.55,5804.94,5805.64,5604.0
2024-11-28,sh000905,5802.8,5757.6,5826.49,5749.29
2024-11-29,sh000905,5748.17,5851.94,5899.87,5736.41
2024-12-02,sh000905,5853.71,5943.62,5956.6,5848.42
2024-12-03,sh000905,5946.74,5932.12,5954.66,5877.8
2024-12-04,sh000905,5929.48,5879.27,5940.85,5850.91
2024-12-05,sh000905,5855.74,5901.99,5923.62,5853.53
2024-12-06,sh000905,5903.5,5979.2,6011.77,5877.04
2024-12-09,sh000905,5983.33,5947.11,6004.23,5911.36
2024-12-10,sh000905,6132.29,5992.09,6141.07,5982.58
2024-12-11,sh000905,5973.33,6047.11,6051.47,5972.27
2024-12-12,sh000905,6048.78,6100.39,6107.71,6023.23
2024-12-13,sh000905,6065.95,5988.29,6065.95,5988.29
2024-12-16,sh000905,5983.16,5912.6,5991.58,5888.04
2024-12-17,sh000905,5896.97,5848.16,5924.62,5837.25
2024-12-18,sh000905,5861.26,5888.62,5921.98,5853.16
2024-12-19,sh000905,5829.26,5901.92,5918.49,5816.47
2024-12-20,sh000905,5889.95,5917.18,5962.42,5889.95
2024-12-23,sh000905,5917.69,5818.55,5935.15,5815.34
2024-12-24,sh000905,5827.16,5895.26,5897.19,5827.16
2024-12-25,sh000905,5896.43,5840.29,5897.51,5796.65
2024-12-26,sh000905,5830.72,5887.06,5897.48,5830.72
2024-12-27,sh000905,5892.69,5899.17,5975.79,5881.72
2024-12-30,sh000905,5890.46,5898.88,5928.57,5867.85
2024-12-31,sh000905,5902.03,5725.73,5905.46,5725.73
2025-01-02,sh000905,5717.92,5545.82,5722.11,5498.82
2025-01-03,sh000905,5552.75,5427.8,5581.4,5419.74
2025-01-06,sh000905,5421.07,5427.1,5482.63,5384.33
2025-01-07,sh000905,5429.17,5484.68,5485.58,5405.13
2025-01-08,sh000905,5462.32,5461.59,5501.66,5326.93
2025-01-09,sh000905,5437.81,5456.59,5493.68,5436.7
2025-01-10,sh000905,5449.0,5369.28,5496.38,5369.28
2025-01-13,sh000905,5319.7,5381.7,5422.01,5319.27
2025-01-14,sh000905,5393.76,5572.27,5582.84,5378.59
2025-01-15,sh000905,5559.58,5522.46,5569.19,5509.58
2025-01-16,sh000905,5546.7,5545.63,5633.85,5508.91
2025-01-17,sh000905,5524.21,5587.29,5621.94,5519.41
2025-01-20,sh000905,5621.92,5614.33,5665.18,5598.16
2025-01-21,sh000905,5639.6,5633.92,5642.92,5573.5
2025-01-22,sh000905,5606.85,5607.06,5618.58,5567.78
2025-01-23,sh000905,5659.37,5584.25,5717.69,5584.25
2025-01-24,sh000905,5570.48,5649.95,5660.43,5570.48
2025-01-27,sh000905,5660.48,5589.34,5676.03,5589.34
2025-02-05,sh000905,5643.17,5614.39,5646.04,5588.56
2025-02-06,sh000905,5606.87,5747.9,5749.02,5597.32
2025-02-07,sh000905,5750.29,5833.99,5889.43,5741.73
2025-02-10,sh000905,5858.24,5888.55,5895.41,5836.17
2025-02-11,sh000905,5890.37,5858.28,5890.37,5827.38
2025-02-12,sh000905,5841.36,5940.53,5940.54,5841.32
2025-02-13,sh000905,5938.2,5898.26,5957.58,5889.7
2025-02-14,sh000905,5893.93,5947.8,5954.48,5886.95
2025-02-17,sh000905,5979.84,5948.72,5985.36,5906.27
2025-02-18,sh000905,5935.5,5840.71,5947.93,5816.05
2025-02-19,sh000905,5834.95,5943.88,5945.35,5831.48
2025-02-20,sh000905,5941.6,5957.55,5977.73,5920.57
2025-02-21,sh000905,5969.65,6057.06,6061.82,5943.19
2025-02-24,sh000905,6057.38,6044.97,6079.02,6007.18
2025-02-25,sh000905,5967.04,5979.97,6044.76,5956.18
2025-02-26,sh000905,5990.29,6051.74,6055.87,5973.86
2025-02-27,sh000905,6050.19,6028.99,6064.49,5940.34
2025-02-28,sh000905,5997.92,5859.87,6007.47,5847.15
2025-03-03,sh000905,5875.95,5885.77,5964.27,5851.56
2025-03-04,sh000905,5845.47,5937.63,5943.08,5843.46
2025-03-05,sh000905,5937.11,5950.7,5955.9,5892.53
2025-03-06,sh000905,5980.38,6047.77,6062.54,5972.6
2025-03-07,sh000905,6029.38,6013.77,6067.35,5989.32
2025-03-10,sh000905,6022.68,6013.62,6041.52,5971.81
2025-03-11,sh000905,5944.42,6044.97,6044.97,5942.91
2025-03-12,sh000905,6068.38,6040.5,6098.24,6038.82
2025-03-13,sh000905,6032.85,5993.97,6050.18,5947.78
2025-03-14,sh000905,5993.97,6099.98,6099.98,5978.53
2025-03-17,sh000905,6119.61,6108.02,6129.85,6098.51
2025-03-18,sh000905,6126.04,6133.3,6161.23,6114.21
2025-03-19,sh000905,6117.42,6101.44,6128.23,6076.56
2025-03-20,sh000905,6094.84,6059.49,6109.18,6055.38
2025-03-21,sh000905,6038.99,5971.93,6071.08,5951.8
2025-03-24,sh000905,5973.05,5969.08,5987.06,5882.88
2025-03-25,sh000905,5969.42,5946.95,5993.93,5929.67
2025-03-26,sh000905,5935.85,5948.5,5983.47,5935.85
2025-03-27,sh000905,5932.52,5957.6,6000.66,5891.77
2025-03-28,sh000905,5954.73,5916.03,5973.8,5904.92
2025-03-31,sh000905,5886.96,5857.77,5908.3,5802.42
2025-04-01,sh000905,5870.94,5892.85,5931.5,5867.85
2025-04-02,sh000905,5884.89,5899.09,5936.65,5884.11
2025-04-03,sh000905,5842.62,5845.5,5906.71,5817.97
2025-04-07,sh000905,5523.96,5287.03,5587.85,5212.68
2025-04-08,sh000905,5279.76,5326.91,5371.18,5249.23
2025-04-09,sh000905,5249.68,5439.77,5465.14,5135.97
2025-04-10,sh000905,5534.56,5544.06,5610.19,5513.95
2025-04-11,sh000905,5514.19,5581.32,5631.6,5510.89
2025-04-14,sh000905,5633.78,5627.14,5661.8,5608.73
2025-04-15,sh000905,5625.0,5602.53,5626.68,5567.03
2025-04-16,sh000905,5589.78,5556.86,5592.67,5492.65
2025-04-17,sh000905,5527.59,5557.01,5604.62,5526.89
2025-04-18,sh000905,5546.97,5560.72,5579.48,5525.4
2025-04-21,sh000905,5556.51,5642.38,5646.22,5535.7
2025-04-22,sh000905,5634.89,5624.21,5651.55,5617.88
2025-04-23,sh000905,5647.91,5634.95,5670.26,5614.77
2025-04-24,sh000905,5633.02,5605.88,5651.53,5583.43
2025-04-25,sh000905,5613.14,5627.18,5661.59,5596.53
2025-04-28,sh000905,5624.42,5598.3,5628.08,5587.79
2025-04-29,sh000905,5583.72,5604.91,5622.02,5571.24
2025-04-30,sh000905,5604.65,5631.82,5647.78,5603.17
2025-05-06,sh000905,5668.88,5740.33,5740.33,5666.47
2025-05-07,sh000905,5805.66,5750.29,5819.24,5713.27
2025-05-08,sh000905,5731.72,5773.81,5783.79,5724.95
2025-05-09,sh000905,5770.44,5721.72,5770.44,5705.17
2025-05-12,sh000905,5751.44,5793.67,5794.52,5737.46
2025-05-13,sh000905,5838.03,5781.67,5838.03,5772.07
2025-05-14,sh000905,5778.08,5799.12,5835.49,5750.54
2025-05-15,sh000905,5786.78,5715.3,5786.78,5715.29
2025-05-16,sh000905,5703.74,5715.85,5735.01,5703.74
2025-05-19,sh000905,5719.44,5720.79,5729.07,5669.72
2025-05-20,sh000905,5723.51,5747.37,5759.46,5707.81
2025-05-21,sh000905,5741.69,5757.92,5763.08,5733.83
2025-05-22,sh000905,5739.19,5703.28,5757.79,5701.16
2025-05-23,sh000905,5697.14,5653.04,5738.08,5653.04
2025-05-26,sh000905,5653.21,5669.46,5693.63,5644.58
2025-05-27,sh000905,5666.3,5652.15,5667.87,5629.13
2025-05-28,sh000905,5651.88,5637.24,5660.47,5628.42
2025-05-29,sh000905,5637.06,5719.91,5724.52,5637.06
2025-05-30,sh000905,5704.77,5671.07,5704.77,5665.52
2025-06-03,sh000905,5653.67,5694.84,5710.42,5653.3
2025-06-04,sh000905,5696.57,5739.01,5744.45,5696.57
2025-06-05,sh000905,5741.03,5769.97,5778.1,5719.55
2025-06-06,sh000905,5768.4,5762.08,5771.76,5750.66
2025-06-09,sh000905,5772.78,5805.65,5823.9,5765.35
2025-06-10,sh000905,5809.83,5757.99,5810.92,5715.97
2025-06-11,sh000905,5758.53,5792.95,5818.57,5758.53
2025-06-12,sh000905,5780.97,5799.93,5808.8,5766.52
2025-06-13,sh000905,5783.16,5740.24,5794.67,5728.21
2025-06-16,sh000905,5725.0,5767.81,5775.95,5725.0
2025-06-17,sh000905,5772.3,5750.91,5776.63,5734.83
2025-06-18,sh000905,5740.16,5745.87,5753.71,5709.8
2025-06-19,sh000905,5733.81,5676.83,5750.46,5660.05
2025-06-20,sh000905,5669.09,5639.51,5688.74,5636.78
2025-06-23,sh000905,5613.28,5674.17,5684.4,5613.28
2025-06-24,sh000905,5683.46,5765.84,5766.02,5683.46
2025-06-25,sh000905,5777.74,5862.55,5866.52,5776.12
2025-06-26,sh000905,5868.29,5838.25,5885.25,5835.34
2025-06-27,sh000905,5850.43,5863.73,5905.7,5839.58
2025-06-30,sh000905,5877.67,5915.39,5918.31,5872.23
2025-07-01,sh000905,5915.8,5934.67,5936.92,5890.11
2025-07-02,sh000905,5922.54,5892.95,5922.54,5873.89
2025-07-03,sh000905,5896.24,5922.66,5929.73,5885.94
2025-07-04,sh000905,5917.75,5911.44,5969.3,5889.73
2025-07-07,sh000905,5901.4,5900.41,5910.8,5889.6
2025-07-08,sh000905,5903.1,5977.74,5979.63,5903.1
2025-07-09,sh000905,5980.65,5953.49,5992.13,5940.18
2025-07-10,sh000905,5950.97,5983.05,6000.69,5942.29
2025-07-11,sh000905,5985.82,6027.08,6057.62,5963.26
2025-07-14,sh000905,6033.18,6020.86,6042.89,6011.69
2025-07-15,sh000905,6018.63,6018.76,6049.79,5973.8
2025-07-16,sh000905,6019.58,6017.19,6061.2,5997.16
2025-07-17,sh000905,6013.71,6082.46,6082.46,6013.04
2025-07-18,sh000905,6092.23,6099.61,6112.11,6073.64
2025-07-21,sh000905,6115.03,6161.31,6162.44,6110.99
2025-07-22,sh000905,6166.62,6213.41,6215.41,6152.81
2025-07-23,sh000905,6218.21,6196.76,6256.15,6187.01
2025-07-24,sh000905,6197.85,6293.6,6293.6,6197.85
2025-07-25,sh000905,6297.63,6299.59,6311.17,6276.42
2025-07-28,sh000905,6305.22,6323.42,6329.03,6271.93
2025-07-29,sh000905,6308.12,6356.13,6356.15,6272.31
2025-07-30,sh000905,6345.37,6314.69,6368.27,6269.51
2025-07-31,sh000905,6297.91,6226.34,6322.07,6206.19
2025-08-01,sh000905,6221.05,6213.2,6253.66,6177.48
2025-08-04,sh000905,6190.34,6261.73,6261.96,6187.62
2025-08-05,sh000905,6277.01,6303.24,6303.24,6272.51
2025-08-06,sh000905,6298.93,6357.38,6357.59,6293.22
2025-08-07,sh000905,6356.33,6337.54,6366.21,6299.49
2025-08-08,sh000905,6324.17,6323.5,6351.33,6308.15
2025-08-11,sh000905,6335.43,6391.76,6404.83,6335.43
2025-08-12,sh000905,6392.4,6418.16,6418.16,6360.11
2025-08-13,sh000905,6422.79,6508.1,6514.46,6422.21
2025-08-14,sh000905,6509.21,6429.85,6519.79,6411.92
2025-08-15,sh000905,6417.39,6568.57,6570.5,6417.39
2025-08-18,sh000905,6612.99,6668.17,6709.78,6580.44
2025-08-19,sh000905,6663.16,6655.31,6707.11,6631.12
2025-08-20,sh000905,6623.61,6728.07,6728.07,6598.55
2025-08-21,sh000905,6739.69,6704.17,6767.32,6673.06
2025-08-22,sh000905,6704.03,6822.85,6823.36,6704.03
2025-08-25,sh000905,6886.27,6951.9,6967.8,6863.93
2025-08-26,sh000905,6928.29,6964.07,7008.96,6910.41
2025-08-27,sh000905,6964.77,6862.56,7074.63,6862.56
2025-08-28,sh000905,6858.5,7011.16,7011.16,6798.93
2025-08-29,sh000905,7030.27,7043.94,7078.92,6990.75
2025-09-01,sh000905,7087.73,7110.29,7110.69,7038.34
2025-09-02,sh000905,7108.94,6961.69,7108.94,6909.72
2025-09-03,sh000905,6988.02,6868.46,7003.27,6846.18
2025-09-04,sh000905,6884.36,6698.45,6906.69,6607.98
2025-09-05,sh000905,6709.15,6913.95,6919.34,6678.6
2025-09-08,sh000905,6927.41,6992.12,6995.72,6896.66
2025-09-09,sh000905,6959.94,6928.97,6999.73,6895.51
2025-09-10,sh000905,6911.11,6932.11,6977.77,6870.4
2025-09-11,sh000905,6924.3,7122.71,7123.05,6889.59
2025-09-12,sh000905,7115.61,7147.75,7200.16,7112.42
2025-09-15,sh000905,7170.41,7137.36,7174.89,7126.83
2025-09-16,sh000905,7152.19,7190.99,7195.42,7080.43
2025-09-17,sh000905,7184.26,7260.04,7265.39,7159.67
2025-09-18,sh000905,7248.28,7199.88,7350.98,7115.63
2025-09-19,sh000905,7200.69,7170.35,7232.0,7142.06
2025-09-22,sh000905,7182.89,7225.13,7225.86,7143.08
2025-09-23,sh000905,7240.85,7180.71,7250.82,7045.56
2025-09-24,sh000905,7140.31,7323.71,7327.02,7133.43
2025-09-25,sh000905,7325.66,7341.32,7379.61,7312.35
2025-09-26,sh000905,7311.84,7240.91,7351.79,7237.05
2025-09-29,sh000905,7251.52,7350.56,7377.22,7216.74
2025-09-30,sh000905,7372.52,7412.37,7428.03,7372.06
2025-10-09,sh000905,7470.05,7548.92,7559.09,7437.32
2025-10-10,sh000905,7499.39,7398.22,7509.12,7373.98
2025-10-13,sh000905,7135.1,7376.56,7391.82,7135.1
2025-10-14,sh000905,7434.11,7194.85,7459.02,7166.08
2025-10-15,sh000905,7205.74,7294.0,7294.0,7153.42
2025-10-16,sh000905,7269.26,7231.53,7305.95,7206.44
2025-10-17,sh000905,7226.42,7016.07,7254.58,7009.89
2025-10-20,sh000905,7092.88,7069.64,7129.99,7033.38
2025-10-21,sh000905,7095.62,7185.62,7193.73,7082.3
2025-10-22,sh000905,7135.21,7128.48,7166.56,7101.83
2025-10-23,sh000905,7108.85,7142.95,7153.66,7022.29
2025-10-24,sh000905,7175.92,7258.53,7258.53,7174.35
2025-10-27,sh000905,7336.2,7379.39,7391.21,7302.02
2025-10-28,sh000905,7344.45,7341.03,7404.76,7308.27
2025-10-29,sh000905,7350.76,7480.97,7480.97,7350.76
2025-10-30,sh000905,7462.43,7385.71,7463.65,7375.24
2025-10-31,sh000905,7385.74,7331.0,7430.86,7331.0
2025-11-03,sh000905,7327.12,7333.6,7336.51,7214.83
2025-11-04,sh000905,7315.19,7210.83,7323.7,7167.35
2025-11-05,sh000905,7098.96,7229.34,7257.84,7098.96
2025-11-06,sh000905,7243.2,7345.72,7352.18,7243.2
2025-11-07,sh000905,7307.3,7327.91,7371.44,7285.82
2025-11-10,sh000905,7357.34,7343.8,7384.79,7289.77
2025-11-11,sh000905,7364.93,7291.61,7379.81,7281.97
2025-11-12,sh000905,7264.79,7243.25,7305.86,7187.87
2025-11-13,sh000905,7243.64,7355.29,7366.41,7243.64
2025-11-14,sh000905,7283.7,7235.46,7329.6,7235.46
2025-11-17,sh000905,7248.92,7235.35,7262.33,7202.59
2025-11-18,sh000905,7215.03,7151.02,7230.54,7118.41
2025-11-19,sh000905,7141.26,7122.75,7178.15,7086.12
2025-11-20,sh000905,7174.1,7061.95,7180.73,7056.9
2025-11-21,sh000905,6955.75,6817.41,6986.78,6817.41
2025-11-24,sh000905,6856.75,6868.97,6905.92,6797.5
2025-11-25,sh000905,6915.12,6954.6,7018.47,6912.32
2025-11-26,sh000905,6946.08,6965.05,7024.88,6936.88
2025-11-27,sh000905,6970.73,6951.28,7045.84,6943.44
2025-11-28,sh000905,6947.24,7031.55,7031.71,6941.48
2025-12-01,sh000905,7053.85,7101.83,7101.83,7040.8
2025-12-02,sh000905,7084.8,7040.3,7085.3,7022.61
2025-12-03,sh000905,7044.86,6996.36,7064.16,6975.09
2025-12-04,sh000905,7001.64,7012.81,7039.72,6958.63
2025-12-05,sh000905,7008.65,7097.84,7104.02,6965.81
2025-12-08,sh000905,7119.05,7172.37,7193.72,7114.32
2025-12-09,sh000905,7150.97,7121.33,7185.11,7103.83
2025-12-10,sh000905,7111.57,7155.99,7171.97,7070.48
2025-12-11,sh000905,7171.21,7082.89,7179.42,7082.89
2025-12-12,sh000905,7088.1,7169.79,7187.1,7063.84
2025-12-15,sh000905,7121.38,7113.96,7177.15,7110.68
2025-12-16,sh000905,7101.67,7001.32,7102.77,6962.65
2025-12-17,sh000905,7002.51,7137.83,7160.78,6988.87
2025-12-18,sh000905,7096.98,7100.84,7172.96,7094.54
2025-12-19,sh000905,7124.4,7169.55,7197.07,7117.16
2025-12-22,sh000905,7205.49,7255.66,7277.39,7205.49
2025-12-23,sh000905,7257.91,7256.79,7297.7,7228.72
2025-12-24,sh000905,7257.62,7352.04,7362.57,7247.41
2025-12-25,sh000905,7341.92,7410.71,7426.14,7334.34
2025-12-26,sh000905,7422.6,7458.84,7484.92,7397.43
2025-12-29,sh000905,7467.5,7430.61,7491.69,7411.45
2025-12-30,sh000905,7390.14,7458.94,7495.06,7389.87
2025-12-31,sh000905,7473.75,7465.57,7488.07,7435.07
2026-01-05,sh000905,7523.88,7651.2,7651.24,7523.25
2026-01-06,sh000905,7663.94,7814.14,7814.65,7663.66
2026-01-07,sh000905,7838.91,7875.08,7909.66,7828.39
2026-01-08,sh000905,7853.21,7894.54,7938.59,7849.07
2026-01-09,sh000905,7907.85,8056.69,8064.76,7907.85
2026-01-12,sh000905,8141.63,8249.13,8261.35,8103.24
2026-01-13,sh000905,8270.42,8143.28,8270.42,8106.61
2026-01-14,sh000905,8165.35,8227.7,8368.22,8123.4
2026-01-15,sh000905,8170.35,8223.27,8249.03,8148.79
2026-01-16,sh000905,8241.69,8232.67,8292.74,8204.53
2026-01-19,sh000905,8199.5,8287.95,8318.37,8195.09
2026-01-20,sh000905,8307.64,8247.8,8342.87,8142.14
2026-01-21,sh000905,8196.56,8340.11,8351.45,8196.56
2026-01-22,sh000905,8355.68,8387.59,8396.13,8337.2
2026-01-23,sh000905,8422.36,8590.17,8590.17,8417.75
2026-01-26,sh000905,8624.89,8506.69,8671.35,8453.48
2026-01-27,sh000905,8464.65,8548.93,8581.1,8368.18
2026-01-28,sh000905,8565.34,8601.16,8633.15,8526.53
2026-01-29,sh000905,8584.68,8517.84,8658.94,8503.09
2026-01-30,sh000905,8439.65,8370.52,8496.34,8194.58
2026-02-02,sh000905,8279.72,8037.05,8324.43,8032.35
2026-02-03,sh000905,8135.87,8286.7,8286.7,8075.37
2026-02-04,sh000905,8270.84,8299.06,8309.86,8179.35
2026-02-05,sh000905,8203.06,8146.11,8224.78,8081.43
2026-02-06,sh000905,8054.22,8146.41,8247.3,8014.66
2026-02-09,sh000905,8280.11,8311.28,8313.47,8229.0
2026-02-10,sh000905,8318.53,8306.44,8331.99,8258.15
2026-02-11,sh000905,8295.33,8325.81,8373.5,8295.12
2026-02-12,sh000905,8342.37,8423.57,8437.42,8341.77
2026-02-13,sh000905,8366.33,8299.58,8419.76,8290.84
2026-02-24,sh000905,8403.31,8392.91,8444.13,8328.57
2026-02-25,sh000905,8412.08,8527.56,8551.53,8401.6
2026-02-26,sh000905,8542.83,8557.22,8582.76,8490.92
2026-02-27,sh000905,8499.8,8658.45,8658.45,8499.8
2026-03-02,sh000905,8585.85,8658.33,8683.98,8551.46
2026-03-03,sh000905,8651.06,8281.61,8654.57,8267.11
2026-03-04,sh000905,8167.98,8248.95,8377.17,8167.98
2026-03-05,sh000905,8383.55,8309.17,8391.04,8251.11
2026-03-06,sh000905,8273.18,8360.33,8394.33,8258.64
2026-03-09,sh000905,8234.19,8279.48,8305.92,8066.14
2026-03-10,sh000905,8341.14,8410.3,8412.93,8330.93
2026-03-11,sh000905,8419.31,8403.33,8439.62,8379.03
2026-03-12,sh000905,8396.72,8359.47,8433.04,8290.59
2026-03-13,sh000905,8317.78,8239.8,8371.72,8217.97
2026-03-16,sh000905,8227.69,8185.15,8233.66,8060.78
2026-03-17,sh000905,8199.99,8016.03,8207.46,8016.0
2026-03-18,sh000905,8044.92,8096.43,8105.96,7958.45
2026-03-19,sh000905,7975.85,7877.09,8000.43,7844.15
2026-03-20,sh000905,7913.49,7760.04,7941.59,7757.83
2026-03-23,sh000905,7623.24,7440.75,7708.43,7399.04
2026-03-24,sh000905,7555.08,7597.37,7597.37,7379.86
2026-03-25,sh000905,7660.4,7767.67,7806.91,7660.4
2026-03-26,sh000905,7757.02,7642.13,7777.29,7620.78
2026-03-27,sh000905,7539.2,7737.61,7785.38,7539.2
2026-03-30,sh000905,7655.15,7753.72,7766.11,7610.55
2026-03-31,sh000905,7740.58,7617.33,7788.89,7617.33
2026-04-01,sh000905,7764.34,7750.09,7778.99,7689.59
2026-04-02,sh000905,7726.45,7605.29,7740.1,7562.21
2026-04-03,sh000905,7636.66,7534.94,7640.84,7518.35
2026-04-07,sh000905,7562.14,7571.11,7630.14,7529.4
2026-04-08,sh000905,7741.63,7945.15,7945.15,7741.63
2026-04-09,sh000905,7865.21,7898.63,7947.68,7845.96
2026-04-10,sh000905,7958.81,7969.36,8070.65,7953.5
2026-04-13,sh000905,7917.92,7967.7,7990.98,7917.92
2026-04-14,sh000905,8039.07,8088.57,8088.57,8002.65
2026-04-15,sh000905,8144.81,8044.08,8150.62,8020.87
2026-04-16,sh000905,8068.15,8180.08,8189.18,8056.78
2026-04-17,sh000905,8155.4,8214.19,8230.11,8149.94
2026-04-20,sh000905,8223.58,8290.02,8310.94,8214.26
2026-04-21,sh000905,8263.38,8270.33,8281.32,8189.76
2026-04-22,sh000905,8226.85,8376.18,8377.34,8226.85
2026-04-23,sh000905,8387.76,8295.21,8401.5,8220.95
2026-04-24,sh000905,8244.78,8247.88,8299.88,8165.8
2026-04-27,sh000905,8236.43,8299.05,8326.15,8219.94
2026-04-28,sh000905,8274.63,8203.96,8275.33,8173.44
2026-04-29,sh000905,8157.35,8342.42,8356.72,8157.35
2026-04-30,sh000905,8331.44,8349.51,8375.19,8300.5
2026-05-06,sh000905,8441.34,8588.44,8621.35,8441.34
2026-05-07,sh000905,8637.84,8696.8,8700.34,8598.71
2026-05-08,sh000905,8638.84,8694.17,8706.33,8616.22
2026-05-11,sh000905,8771.18,8839.74,8863.77,8716.45
2026-05-12,sh000905,8856.18,8785.98,8856.18,8736.42
2026-05-13,sh000905,8730.91,8918.24,8925.88,8730.91
2026-05-14,sh000905,8952.95,8670.16,8956.66,8670.16
2026-05-15,sh000905,8676.62,8536.34,8717.09,8473.04
2026-05-18,sh000905,8493.02,8554.24,8606.41,8472.42
2026-05-19,sh000905,8524.15,8627.95,8633.06,8416.52
2026-05-20,sh000905,8581.39,8656.31,8681.72,8552.43
2026-05-21,sh000905,8703.17,8419.84,8790.38,8406.29
2026-05-22,sh000905,8473.61,8576.94,8591.15,8414.94
2026-05-25,sh000905,8631.21,8703.89,8705.2,8543.89
2026-05-26,sh000905,8665.44,8658.62,8673.21,8529.67
2026-05-27,sh000905,8659.22,8530.98,8722.58,8491.32
2026-05-28,sh000905,8503.67,8563.22,8596.45,8424.45
2026-05-29,sh000905,8589.82,8359.56,8597.98,8296.24
2026-06-01,sh000905,8358.49,8274.21,8442.53,8259.6
2026-06-02,sh000905,8290.83,8321.43,8378.43,8142.51
2026-06-03,sh000905,8317.0,8362.16,8462.67,8294.29
2026-06-04,sh000905,8279.86,8356.74,8391.05,8279.86
2026-06-05,sh000905,8317.64,8251.14,8399.41,8218.14
2026-06-08,sh000905,7978.66,7963.45,8142.34,7889.4
2026-06-09,sh000905,8059.34,8176.18,8181.13,7965.49
2026-06-10,sh000905,8094.14,8063.86,8148.26,7973.55
2026-06-11,sh000905,8025.61,8035.78,8091.68,7965.02
2026-06-12,sh000905,8189.21,8106.2,8258.91,8098.78
2026-06-15,sh000905,8175.05,8406.75,8406.78,8174.59
2026-06-16,sh000905,8430.92,8507.98,8538.19,8413.51
2026-06-17,sh000905,8451.63,8627.09,8630.52,8451.63
2026-06-18,sh000905,8590.5,8673.09,8716.34,8587.98
2026-06-22,sh000905,8709.66,8868.78,8870.49,8605.22
2026-06-23,sh000905,8831.59,8688.59,8895.34,8629.01
2026-06-24,sh000905,8638.66,8842.94,8850.79,8613.08
2026-06-25,sh000905,8844.85,8938.01,8940.96,8803.6
2026-06-26,sh000905,8891.03,8703.57,8926.75,8647.77
2026-06-29,sh000905,8731.58,8821.09,8837.03,8587.88
2026-06-30,sh000905,8815.11,9031.38,9040.13,8771.66
2026-07-01,sh000905,9052.04,9028.93,9147.56,8956.18
2026-07-02,sh000905,8829.62,8694.18,8932.65,8667.42
2026-07-03,sh000905,8702.33,8745.26,8860.42,8636.15
2026-07-06,sh000905,8790.97,8651.13,8823.05,8570.89
2026-07-07,sh000905,8604.08,8508.79,8663.67,8457.58
2026-07-08,sh000905,8539.02,8390.02,8571.52,8343.92
2026-07-09,sh000905,8437.15,8652.79,8659.65,8281.95
2026-07-10,sh000905,8672.36,8503.97,8783.25,8503.24
2026-07-13,sh000905,8409.14,8138.14,8457.69,8106.27
2026-07-14,sh000905,8135.05,8275.94,8275.96,7955.31
2026-07-15,sh000905,8294.14,8147.58,8305.27,8117.46
2026-07-16,sh000905,8006.45,7955.66,8148.04,7907.1
2026-07-17,sh000905,7900.1,7513.76,7908.74,7474.15
2026-07-20,sh000905,7597.77,7411.31,7626.49,7253.52
2026-07-21,sh000905,7437.45,7800.61,7802.75,7270.95
2026-07-22,sh000905,7741.91,7751.66,7889.45,7701.22
2026-07-23,sh000905,7750.85,7734.31,7795.35,7659.0
2026-07-24,sh000905,7625.2,7532.7,7703.6,7532.67
2026-07-27,sh000905,7512.4,7720.6,7721.4,7466.54
2026-07-28,sh000905,7589.76,7443.43,7646.02,7412.63
2026-07-29,sh000905,7444.8,7524.51,7572.81,7325.36
2026-07-30,sh000905,7477.31,7309.58,7536.49,7221.95
2026-07-31,sh000905,7537.85,7493.99,7638.78,7487.43
2026-08-03,sh000905,7457.12,7414.52,7499.58,7397.94
2026-08-04,sh000905,7467.08,7607.49,7645.48,7450.32
2026-08-05,sh000905,7567.96,7809.21,7845.39,7567.96
2026-08-06,sh000905,7737.59,7829.36,7868.85,7722.57
2026-08-07,sh000905,7828.79,7980.12,7983.17,7763.53
2026-08-10,sh000905,8003.92,8030.95,8031.16,7910.84
2026-08-11,sh000905,7979.28,7967.54,8078.36,7947.67
2026-08-12,sh000905,7978.04,8045.31,8067.53,7961.83
2026-08-13,sh000905,8096.85,7968.38,8142.33,7966.87
2026-08-14,sh000905,7989.65,7990.33,8005.15,7897.24
2026-08-17,sh000905,8007.87,8184.64,8184.64,7992.36
2026-08-18,sh000905,8178.84,8177.18,8211.31,8069.82
2026-08-19,sh000905,8029.52,7783.46,8050.08,7762.29
2026-08-20,sh000905,7864.68,7850.4,7923.91,7796.28
2026-08-21,sh000905,7812.26,7854.33,7877.34,7756.28
2026-08-24,sh000905,7861.05,7717.09,7865.54,7615.45
2026-08-25,sh000905,7644.2,7710.94,7755.72,7572.86
2026-08-26,sh000905,7714.84,7770.53,7833.6,7699.42
2026-08-27,sh000905,7786.69,7946.33,7951.05,7763.98
2026-08-28,sh000905,7939.45,7895.45,7986.43,7892.51
2026-08-31,sh000905,7797.23,7952.1,7953.93,7764.98
2026-09-01,sh000905,7944.29,7858.52,7955.57,7852.87
2026-09-02,sh000905,7781.29,7729.23,7783.05,7692.15
2026-09-03,sh000905,7776.82,7755.36,7799.63,7686.44
2026-09-04,sh000905,7806.61,7652.69,7850.4,7610.58
2026-09-07,sh000905,7687.47,7759.37,7791.79,7672.99
